permit_id,city,permit_date,units,permit_type,work_kind,is_residential,status,lng,lat,address,source_url
BP-2019-06027,pittsburgh,2020-01-08,0,BUILDING,NEW CONSTRUCTION,true,Completed,-79.9767019405,40.427119177,"124 S 21ST ST, Pittsburgh, 15203-",https://data.wprdc.org/dataset/pli-permits
MP-2023-21367,pittsburgh,2024-01-22,0,MECHANICAL,NEW CONSTRUCTION,true,Completed,-79.9033232022,40.4576720199,"6920 BENNETT ST #201, Pittsburgh, PA 15208-",https://data.wprdc.org/dataset/pli-permits
FAS-2020-20146,pittsburgh,2021-04-08,0,Fire Alarm Permit,NEW SYSTEM,false,Completed,-80.0553715872,40.455351479,"3021 LANDIS ST, Pittsburgh, PA 15204-",https://data.wprdc.org/dataset/pli-permits
FAS-2024-10385,pittsburgh,2024-10-10,0,Fire Alarm Permit,NEW SYSTEM,false,Completed,-79.990107428,40.4583803129,"1146 GOETTMAN ST #3, Pittsburgh, PA 15212-",https://data.wprdc.org/dataset/pli-permits
SSP-2020-01534,pittsburgh,2020-06-05,0,Suppression System Permit,NEW SYSTEM,false,Completed,-79.9962833318,40.4510221241,"234 VOEGHTLY ST, Pittsburgh, PA 15212-",https://data.wprdc.org/dataset/pli-permits
FAS-2022-15355,pittsburgh,2022-10-21,0,Fire Alarm Permit,NEW SYSTEM,false,Issued,-79.961461068,40.4698007077,"4101 BUTLER ST, Pittsburgh, 15201-",https://data.wprdc.org/dataset/pli-permits
EP-2024-09609,pittsburgh,2024-06-24,0,ELECTRICAL,NEW CONSTRUCTION,true,Revoked,-80.0414442066,40.4129278975,"1329 KIRSOPP AVE, Pittsburgh, PA 15220-",https://data.wprdc.org/dataset/pli-permits
BP-2020-01455,pittsburgh,2020-08-19,0,BUILDING,NEW CONSTRUCTION,false,Completed,-79.9903585214,40.4486022823,"1447 SMALLMAN ST, Pittsburgh, PA 15222-",https://data.wprdc.org/dataset/pli-permits
MP-2023-15316,pittsburgh,2023-09-14,0,MECHANICAL,NEW CONSTRUCTION,true,Completed,-80.0794308566,40.4498994083,"104 CEDARWOOD PL, Pittsburgh, PA 15205-",https://data.wprdc.org/dataset/pli-permits
EP-2023-05927,pittsburgh,2023-09-05,0,ELECTRICAL,NEW CONSTRUCTION,true,Completed,-80.0197014994,40.460932068,"902 MORRISON ST, Pittsburgh, PA 15212-",https://data.wprdc.org/dataset/pli-permits
SSP-2019-09999,pittsburgh,2020-06-17,0,Suppression System Permit,NEW SYSTEM,false,Completed,-79.966989898,40.456858644,"3105 BRERETON ST, Pittsburgh, PA 15219-",https://data.wprdc.org/dataset/pli-permits
BP-2020-04645,pittsburgh,2020-12-11,0,BUILDING,NEW CONSTRUCTION,false,Completed,-79.9328580186,40.4200304837,"705 HAZELWOOD AVE, Pittsburgh, PA 15217-",https://data.wprdc.org/dataset/pli-permits
MP-2021-01090,pittsburgh,2021-09-23,0,MECHANICAL,NEW CONSTRUCTION,false,Completed,-79.9946266331,40.4353091287,"700 2ND AVE #533, Pittsburgh, PA 15219-",https://data.wprdc.org/dataset/pli-permits
EP-2022-16577,pittsburgh,2023-03-01,0,ELECTRICAL,NEW CONSTRUCTION,false,Completed,-79.9275565313,40.4621549752,"5818 PENN AVE, Pittsburgh, PA 15206-",https://data.wprdc.org/dataset/pli-permits
BP-2024-01665,pittsburgh,2024-04-25,0,BUILDING,NEW CONSTRUCTION,false,Completed,-79.9639972173,40.4685327573,"3913 BUTLER ST, Pittsburgh, PA 15201-",https://data.wprdc.org/dataset/pli-permits
MP-2020-08971,pittsburgh,2020-12-17,0,MECHANICAL,NEW CONSTRUCTION,true,Issued,-79.9871161227,40.4512735711,"1726 WATERFRONT PL, Pittsburgh, PA 15222-",https://data.wprdc.org/dataset/pli-permits
BP-2022-01601,pittsburgh,2023-01-20,0,BUILDING,NEW CONSTRUCTION,true,Completed,-79.9353850843,40.4661276679,"5400 KINCAID ST, Pittsburgh, PA 15206-",https://data.wprdc.org/dataset/pli-permits
FAS-2022-09376,pittsburgh,2022-09-26,0,Fire Alarm Permit,NEW SYSTEM,false,Completed,-79.9967302585,40.4435397614,"937 LIBERTY AVE, Pittsburgh, 15222-",https://data.wprdc.org/dataset/pli-permits
EP-2021-01369,pittsburgh,2021-03-12,0,ELECTRICAL,NEW CONSTRUCTION,true,Completed,-79.9784182121,40.4298755577,"1912 FOX Way, Pittsburgh, PA 15203-",https://data.wprdc.org/dataset/pli-permits
EP-2022-12618,pittsburgh,2022-12-15,0,ELECTRICAL,NEW CONSTRUCTION,true,Completed,-79.9879335135,40.445388572,"1547 CLIFF ST, Pittsburgh, PA 15219-",https://data.wprdc.org/dataset/pli-permits
MP-2020-14367,pittsburgh,2021-01-15,0,MECHANICAL,NEW CONSTRUCTION,false,Completed,-79.9705667215,40.4429998145,"22 STRAYHORN Way, Pittsburgh, PA 15213-",https://data.wprdc.org/dataset/pli-permits
SSP-2023-04334,pittsburgh,2023-05-01,0,Suppression System Permit,NEW SYSTEM,false,Completed,-79.9585219413,40.4413543266,"3612 5TH AVE #303, Pittsburgh, PA 15213-",https://data.wprdc.org/dataset/pli-permits
BP-2024-05014,pittsburgh,2024-08-08,0,BUILDING,NEW CONSTRUCTION,false,Completed,-79.9455790183,40.4651130984,"4842 PENN AVE #303, Pittsburgh, PA 15224-",https://data.wprdc.org/dataset/pli-permits
MP-2022-18548,pittsburgh,2023-06-30,0,MECHANICAL,NEW CONSTRUCTION,false,Completed,-79.9211060768,40.4587972853,"163 SHADY AVE #114, Pittsburgh, PA 15206-",https://data.wprdc.org/dataset/pli-permits
MP-2021-07742,pittsburgh,2021-07-06,0,MECHANICAL,NEW CONSTRUCTION,true,Completed,-79.9667617022,40.4391144437,"134 BURROWS ST, Pittsburgh, PA 15213-",https://data.wprdc.org/dataset/pli-permits
OLP-2022-11818,pittsburgh,2022-08-05,0,Occupant Load Placard Permit,NEW,false,Completed,-80.005125866,40.4386640696,"20 STANWIX ST #2000, Pittsburgh, PA 15222-",https://data.wprdc.org/dataset/pli-permits
SP-2020-06781,pittsburgh,2020-06-25,0,Sign Permit,NEW,false,Completed,-80.0399340529,40.4045335337,"2858 BANKSVILLE RD, Pittsburgh, PA 15216-",https://data.wprdc.org/dataset/pli-permits
MP-2021-12497,pittsburgh,2021-08-09,0,MECHANICAL,NEW CONSTRUCTION,true,Completed,-80.0131692102,40.4644839126,"2022 DRUM ST, Pittsburgh, 15214-",https://data.wprdc.org/dataset/pli-permits
MP-2024-06651,pittsburgh,2024-05-03,0,MECHANICAL,NEW CONSTRUCTION,true,Completed,-79.9819997078,40.4398191177,"1738 REED ST #424, Pittsburgh, PA 15219-",https://data.wprdc.org/dataset/pli-permits
SP-2021-01683,pittsburgh,2021-02-12,0,Sign Permit,NEW,false,Completed,-80.0106423909,40.4457886059,"353 NORTH SHORE DR, Pittsburgh, PA 15212",https://data.wprdc.org/dataset/pli-permits
SP-2024-12216,pittsburgh,2024-10-29,0,Sign Permit,NEW,false,Completed,-80.0530772325,40.4285314217,"2251 NOBLESTOWN RD, Pittsburgh, PA 15205-",https://data.wprdc.org/dataset/pli-permits
SP-2024-12790,pittsburgh,2024-10-21,0,Sign Permit,NEW,false,Issued,-79.9485233329,40.4446808469,"417 S CRAIG ST, Pittsburgh, PA 15213-",https://data.wprdc.org/dataset/pli-permits
EP-2020-05583,pittsburgh,2020-05-14,0,ELECTRICAL,NEW CONSTRUCTION,true,Completed,-79.9635398255,40.467214096,"208 39TH ST, Pittsburgh, PA 15201-",https://data.wprdc.org/dataset/pli-permits
SP-2022-07208,pittsburgh,2022-08-24,0,Sign Permit,NEW,false,Issued,-80.0294061465,40.3977177859,"2676 WEST LIBERTY AVE, Pittsburgh, PA 15216-",https://data.wprdc.org/dataset/pli-permits
EP-2021-16593,pittsburgh,2021-10-12,0,ELECTRICAL,NEW CONSTRUCTION,true,Completed,-79.9272692725,40.4649651114,"300 N SAINT CLAIR ST, Pittsburgh, PA 15206-",https://data.wprdc.org/dataset/pli-permits
OLP-2021-06583,pittsburgh,2021-05-18,0,Occupant Load Placard Permit,NEW,false,Completed,-79.9148003067,40.4566645641,"136 BAKERY SQUARE BLVD, Pittsburgh, 15206-",https://data.wprdc.org/dataset/pli-permits
OLP-2020-20364,pittsburgh,2020-12-28,0,Occupant Load Placard Permit,NEW,false,Completed,-80.0220131787,40.4471260635,"757 CASINO DR, Pittsburgh, PA 15212-",https://data.wprdc.org/dataset/pli-permits
MP-2021-13366,pittsburgh,2021-08-12,0,MECHANICAL,NEW CONSTRUCTION,true,Completed,-79.8915499672,40.4518101343,"520 N BRADDOCK AVE, Pittsburgh, PA 15208-",https://data.wprdc.org/dataset/pli-permits
SP-2023-01464,pittsburgh,2023-01-31,0,Sign Permit,NEW,false,Completed,-79.9231444019,40.4351891868,"1926 MURRAY AVE, Pittsburgh, PA 15217-",https://data.wprdc.org/dataset/pli-permits
FAS-2024-02843,pittsburgh,2024-04-10,0,Fire Alarm Permit,NEW SYSTEM,false,Completed,-79.9275565313,40.4621549752,"5818 PENN AVE, Pittsburgh, PA 15206-",https://data.wprdc.org/dataset/pli-permits
MP-2022-13667,pittsburgh,2023-01-04,0,MECHANICAL,NEW CONSTRUCTION,true,Completed,-80.0148955897,40.4520146239,"823 WESTERN AVE, Pittsburgh, PA 15233-",https://data.wprdc.org/dataset/pli-permits
MP-2021-06775,pittsburgh,2021-12-10,0,MECHANICAL,NEW CONSTRUCTION,true,Completed,-80.0228369611,40.4342454815,"454 SWEETBRIAR ST, Pittsburgh, PA 15211-",https://data.wprdc.org/dataset/pli-permits
BDA-2024-06509,pittsburgh,2024-12-12,0,Building & Development Application,New Construction,false,Completed,-79.9903585214,40.4486022823,"1447 SMALLMAN ST, Pittsburgh, PA 15222-",https://data.wprdc.org/dataset/pli-permits
SP-2022-13280,pittsburgh,2023-03-07,0,Sign Permit,NEW,false,Completed,-79.9903585214,40.4486022823,"1447 SMALLMAN ST, Pittsburgh, PA 15222-",https://data.wprdc.org/dataset/pli-permits
FAS-2022-00643,pittsburgh,2024-12-05,0,Fire Alarm Permit,NEW SYSTEM,false,Completed,-79.9974299804,40.3907430675,"2140 SAW MILL RUN BLVD, Pittsburgh, 15210-",https://data.wprdc.org/dataset/pli-permits
SP-2020-00823,pittsburgh,2020-07-27,0,Sign Permit,NEW,false,Completed,-80.0161155067,40.4600065159,"1805 BUENA VISTA ST, Pittsburgh, PA 15212-",https://data.wprdc.org/dataset/pli-permits
OLP-2021-09152,pittsburgh,2021-06-17,0,Occupant Load Placard Permit,NEW,false,Completed,-79.895407612,40.4488368125,"7514 THOMAS BLVD, Pittsburgh, PA 15208-",https://data.wprdc.org/dataset/pli-permits
SSP-2024-05745,pittsburgh,2024-04-23,0,Suppression System Permit,NEW SYSTEM,false,Completed,-79.9814716979,40.4403107392,"1800 REED ST #616, Pittsburgh, PA 15219-",https://data.wprdc.org/dataset/pli-permits
SP-2021-11625,pittsburgh,2021-08-02,0,Sign Permit,NEW,false,Completed,-80.0177995755,40.4077223063,"1701 WEST LIBERTY AVE, Pittsburgh, 15226-",https://data.wprdc.org/dataset/pli-permits
SP-2022-00730,pittsburgh,2022-01-24,0,Sign Permit,NEW,false,Completed,-79.9614108377,40.4416931682,"203 LOTHROP ST, Pittsburgh, PA 15213-",https://data.wprdc.org/dataset/pli-permits
BP-2022-15429,pittsburgh,2023-08-23,0,BUILDING,NEW CONSTRUCTION,true,Issued,-80.0082267008,40.4588610488,"10 ALPINE AVE, Pittsburgh, PA 15212-",https://data.wprdc.org/dataset/pli-permits
SP-2022-16543,pittsburgh,2023-01-05,0,Sign Permit,NEW,false,Completed,-79.9602108519,40.4367623558,"300 HALKET ST, Pittsburgh, PA 15213-",https://data.wprdc.org/dataset/pli-permits
SSP-2023-11360,pittsburgh,2023-07-20,0,Suppression System Permit,NEW SYSTEM,false,Completed,-80.0809420052,40.4498763913,"1862 BROADHEAD FORDING RD, Pittsburgh, PA 15205-",https://data.wprdc.org/dataset/pli-permits
EP-2022-08606,pittsburgh,2022-08-02,0,ELECTRICAL,NEW CONSTRUCTION,false,Issued,-80.0062008801,40.4405489603,"300 LIBERTY AVE #110, Pittsburgh, PA 15222-",https://data.wprdc.org/dataset/pli-permits
FAS-2021-18860,pittsburgh,2022-05-09,0,Fire Alarm Permit,NEW SYSTEM,false,Completed,-79.9874931934,40.4380318427,"118 STEVENSON ST, Pittsburgh, PA 15219-",https://data.wprdc.org/dataset/pli-permits
SSP-2024-06220,pittsburgh,2024-05-30,0,Suppression System Permit,NEW SYSTEM,false,Completed,-80.0507005096,40.4312273014,"100 GUYLAND ST, Pittsburgh, 15205-",https://data.wprdc.org/dataset/pli-permits
SSP-2021-06604,pittsburgh,2021-05-07,0,Suppression System Permit,NEW SYSTEM,false,Completed,-79.952951594,40.4829181033,"5301 BUTLER ST #300, Pittsburgh, PA 15201-",https://data.wprdc.org/dataset/pli-permits
EP-2021-18792,pittsburgh,2022-04-04,0,ELECTRICAL,NEW CONSTRUCTION,false,Completed,-80.080342908,40.4450218346,"2260 ROSWELL DR #115, Pittsburgh, PA 15205-",https://data.wprdc.org/dataset/pli-permits
MP-2023-11793,pittsburgh,2023-09-18,0,MECHANICAL,NEW CONSTRUCTION,true,Completed,-80.0794308566,40.4498994083,"104 CEDARWOOD PL, Pittsburgh, PA 15205-",https://data.wprdc.org/dataset/pli-permits
SSP-2021-10252,pittsburgh,2021-09-08,0,Suppression System Permit,NEW SYSTEM,false,Completed,-79.9653667311,40.4580430951,"3211 DOBSON ST, Pittsburgh, PA 15219-",https://data.wprdc.org/dataset/pli-permits
BP-2021-14239,pittsburgh,2021-12-13,0,BUILDING,NEW CONSTRUCTION,false,Completed,-79.9491343074,40.4171431368,"4339 LYTLE ST, Pittsburgh, PA 15207-",https://data.wprdc.org/dataset/pli-permits
EP-2020-16837,pittsburgh,2021-02-23,0,ELECTRICAL,NEW CONSTRUCTION,false,Completed,-79.964597393,40.4668584018,"3725 BUTLER ST, Pittsburgh, PA 15201",https://data.wprdc.org/dataset/pli-permits
EP-2024-02675,pittsburgh,2024-06-04,0,ELECTRICAL,NEW CONSTRUCTION,false,Issued,-80.0262781848,40.4581942993,"1807 FULTON ST, Pittsburgh, PA 15233-",https://data.wprdc.org/dataset/pli-permits
SP-2023-18958,pittsburgh,2023-12-01,0,Sign Permit,NEW,false,Completed,-79.9567760891,40.4798175783,"125 51ST ST, Pittsburgh, PA 15201-",https://data.wprdc.org/dataset/pli-permits
EP-2024-12936,pittsburgh,2024-10-18,0,ELECTRICAL,NEW CONSTRUCTION,true,Completed,-79.9950334736,40.4229180369,"719 EXCELSIOR ST, Pittsburgh, PA 15210-",https://data.wprdc.org/dataset/pli-permits
SSP-2022-08599,pittsburgh,2022-08-23,0,Suppression System Permit,NEW SYSTEM,false,Completed,-79.9903585214,40.4486022823,"1447 SMALLMAN ST, Pittsburgh, PA 15222-",https://data.wprdc.org/dataset/pli-permits
EP-2020-05764,pittsburgh,2020-05-11,0,ELECTRICAL,NEW CONSTRUCTION,true,Completed,-79.9796124505,40.4303463551,"1818 WHARTON ST, Pittsburgh, 15203-",https://data.wprdc.org/dataset/pli-permits
MP-2020-09023,pittsburgh,2020-07-02,0,MECHANICAL,NEW CONSTRUCTION,true,Completed,-79.9502160297,40.484030221,"143 55TH ST, Pittsburgh, PA 15201-",https://data.wprdc.org/dataset/pli-permits
SSP-2022-08500,pittsburgh,2022-08-09,0,Suppression System Permit,NEW SYSTEM,false,Completed,-79.9373961933,40.4481567579,"5131 5TH AVE, Pittsburgh, PA 15232-",https://data.wprdc.org/dataset/pli-permits
MP-2020-19583,pittsburgh,2020-12-17,0,MECHANICAL,NEW CONSTRUCTION,true,Completed,-79.9878333698,40.4506348221,No primary address specified,https://data.wprdc.org/dataset/pli-permits
EP-2021-06263,pittsburgh,2021-04-21,0,ELECTRICAL,NEW CONSTRUCTION,true,Completed,-79.9260783769,40.4678613675,"513 N SAINT CLAIR ST, Pittsburgh, PA 15206-",https://data.wprdc.org/dataset/pli-permits
BP-2023-18473,pittsburgh,2024-04-01,0,BUILDING,NEW CONSTRUCTION,false,Issued,-80.0184547241,40.4603235851,"1901 BRIGHTON RD, Pittsburgh, 15212-",https://data.wprdc.org/dataset/pli-permits
BP-2024-01797,pittsburgh,2024-05-10,0,BUILDING,NEW CONSTRUCTION,false,Completed,-79.9914618561,40.4415602968,"626 WASHINGTON PL #2501, Pittsburgh, PA 15219-",https://data.wprdc.org/dataset/pli-permits
BP-2022-13563,pittsburgh,2022-11-04,0,BUILDING,NEW CONSTRUCTION,true,Completed,-80.0236691753,40.4349457666,"440 WYOLA ST, Pittsburgh, PA 15211-",https://data.wprdc.org/dataset/pli-permits
SSP-2023-11439,pittsburgh,2024-05-15,0,Suppression System Permit,NEW SYSTEM,false,Completed,-80.0047899978,40.4429946157,"625 STANWIX ST, Pittsburgh, 15222-",https://data.wprdc.org/dataset/pli-permits
SP-2022-18688,pittsburgh,2022-12-16,0,Sign Permit,NEW,false,Completed,-79.8952514739,40.4477341308,"141 N BRADDOCK AVE, Pittsburgh, PA 15208-",https://data.wprdc.org/dataset/pli-permits
BP-2019-06098,pittsburgh,2020-11-04,0,BUILDING,NEW CONSTRUCTION,true,Completed,-80.0151314895,40.4580994714,"1601 BUENA VISTA ST, Pittsburgh, PA 15212-",https://data.wprdc.org/dataset/pli-permits
BP-2021-07429,pittsburgh,2021-07-21,0,BUILDING,NEW CONSTRUCTION,false,Completed,-79.9133217409,40.4652844329,"116 WINSLOW ST, Pittsburgh, PA 15206-",https://data.wprdc.org/dataset/pli-permits
SP-2022-00742,pittsburgh,2022-02-03,0,Sign Permit,NEW,false,Completed,-79.9598453087,40.4424544322,"200 LOTHROP ST, Pittsburgh, PA 15213-",https://data.wprdc.org/dataset/pli-permits
OLP-2020-10318,pittsburgh,2020-07-17,0,Occupant Load Placard Permit,NEW,false,Completed,-79.9645088098,40.4655987346,"221 36TH ST, Pittsburgh, PA 15201-",https://data.wprdc.org/dataset/pli-permits
MP-2023-15218,pittsburgh,2023-09-14,0,MECHANICAL,NEW CONSTRUCTION,true,Completed,-80.0794308566,40.4498994083,"104 CEDARWOOD PL, Pittsburgh, PA 15205-",https://data.wprdc.org/dataset/pli-permits
SSP-2021-14645,pittsburgh,2021-09-13,0,Suppression System Permit,NEW SYSTEM,false,Completed,-79.9809615427,40.4290789354,"1733 E CARSON ST, Pittsburgh, PA 15203-",https://data.wprdc.org/dataset/pli-permits
EP-2023-12221,pittsburgh,2023-07-24,0,ELECTRICAL,NEW CONSTRUCTION,true,Completed,-80.0246087361,40.4395173164,"219 SEWARD ST, Pittsburgh, PA 15211-",https://data.wprdc.org/dataset/pli-permits
SSP-2021-03921,pittsburgh,2021-04-16,0,Suppression System Permit,NEW SYSTEM,false,Completed,-79.9776779877,40.455798496,"2635 PENN AVE #508, Pittsburgh, PA 15222-",https://data.wprdc.org/dataset/pli-permits
SP-2022-05987,pittsburgh,2022-05-02,0,Sign Permit,NEW,false,Completed,-80.0017605409,40.441442142,"510 MARKET ST, Pittsburgh, PA 15222-",https://data.wprdc.org/dataset/pli-permits
SP-2022-18127,pittsburgh,2022-12-15,0,Sign Permit,NEW,false,Issued,-79.9983361881,40.4396403468,"440 SMITHFIELD ST, Pittsburgh, PA 15222-",https://data.wprdc.org/dataset/pli-permits
EP-2020-07223,pittsburgh,2020-06-03,0,ELECTRICAL,NEW CONSTRUCTION,true,Completed,-79.9502855649,40.4841255515,"135 55TH ST, Pittsburgh, PA 15201-",https://data.wprdc.org/dataset/pli-permits
MP-2021-18858,pittsburgh,2022-05-06,0,MECHANICAL,NEW CONSTRUCTION,false,Completed,-79.9874931934,40.4380318427,"118 STEVENSON ST, Pittsburgh, PA 15219-",https://data.wprdc.org/dataset/pli-permits
EP-2022-00048,pittsburgh,2022-01-20,0,ELECTRICAL,NEW CONSTRUCTION,true,Completed,-79.8724946044,40.4579960168,"168 EYMARD ST, Pittsburgh, 15221-",https://data.wprdc.org/dataset/pli-permits
EP-2020-00624,pittsburgh,2020-01-21,0,ELECTRICAL,NEW CONSTRUCTION,false,Completed,-79.9488564386,40.480164103,"5314 DUNCAN ST, Pittsburgh, 15201-",https://data.wprdc.org/dataset/pli-permits
BP-2022-05312,pittsburgh,2022-07-26,0,BUILDING,NEW CONSTRUCTION,true,Issued,-79.9747073957,40.4305683074,"2132 MERRIMAN Way, Pittsburgh, PA 15203-",https://data.wprdc.org/dataset/pli-permits
FAS-2022-07014,pittsburgh,2022-07-06,0,Fire Alarm Permit,NEW SYSTEM,false,Completed,-79.9870652587,40.4307740741,"1101 MURIEL ST, Pittsburgh, 15203-",https://data.wprdc.org/dataset/pli-permits
BP-2021-18698,pittsburgh,2022-11-28,0,BUILDING,NEW CONSTRUCTION,true,Completed,-79.9869088388,40.4459379217,"1703 CLIFF ST, Pittsburgh, PA 15219-",https://data.wprdc.org/dataset/pli-permits
SP-2020-12873,pittsburgh,2020-09-14,0,Sign Permit,NEW,false,Completed,-80.0144646671,40.4464973616,"120 ART ROONEY AVE, Pittsburgh, PA 15212-",https://data.wprdc.org/dataset/pli-permits
MP-2022-07122,pittsburgh,2022-05-13,0,MECHANICAL,NEW CONSTRUCTION,true,Issued,-79.9272692725,40.4649651114,"300 N SAINT CLAIR ST, Pittsburgh, PA 15206-",https://data.wprdc.org/dataset/pli-permits
EP-2022-06311,pittsburgh,2022-04-27,0,ELECTRICAL,NEW CONSTRUCTION,true,Completed,-79.9700068204,40.428526109,"2419 WRIGHTS Way, Pittsburgh, 15203-",https://data.wprdc.org/dataset/pli-permits
EP-2024-00355,pittsburgh,2024-02-14,0,ELECTRICAL,NEW CONSTRUCTION,false,Completed,-79.9518450536,40.4401082078,"371 YARROW Way #2, Pittsburgh, PA 15213-",https://data.wprdc.org/dataset/pli-permits
MP-2023-17302,pittsburgh,2024-06-05,0,MECHANICAL,NEW CONSTRUCTION,false,Completed,-79.9527528068,40.4546339386,"419 MELWOOD AVE #1025, Pittsburgh, PA 15213-",https://data.wprdc.org/dataset/pli-permits
SP-2021-00493,pittsburgh,2021-01-27,0,Sign Permit,NEW,false,Completed,-80.0028789729,40.441415782,"100 5TH AVE #200, Pittsburgh, PA 15222-",https://data.wprdc.org/dataset/pli-permits
BP-2022-08439,pittsburgh,2023-01-31,0,BUILDING,NEW CONSTRUCTION,false,Completed,-79.9114649997,40.4661519408,"624 LARIMER AVE, Pittsburgh, PA 15206-",https://data.wprdc.org/dataset/pli-permits
BP-2021-11434,pittsburgh,2024-07-09,0,BUILDING,NEW CONSTRUCTION,false,Completed,-79.9863619454,40.4492489145,"1636 PENN AVE, Pittsburgh, PA 15222-",https://data.wprdc.org/dataset/pli-permits
SSP-2022-13452,pittsburgh,2022-09-13,0,Suppression System Permit,NEW SYSTEM,false,Completed,-79.9343355065,40.4507361279,"5428 WALNUT ST, Pittsburgh, 15232-",https://data.wprdc.org/dataset/pli-permits
SP-2020-00842,pittsburgh,2020-05-21,0,Sign Permit,NEW,false,Expired,-79.9957663816,40.4357534604,"615 1ST AVE #345, Pittsburgh, PA 15219-",https://data.wprdc.org/dataset/pli-permits
OLP-2019-01072,pittsburgh,2020-07-01,0,Occupant Load Placard Permit,NEW,false,Completed,-79.9469244864,40.4851652898,"5645 BUTLER ST, Pittsburgh, PA 15201-",https://data.wprdc.org/dataset/pli-permits
EP-2021-08801,pittsburgh,2021-07-26,0,ELECTRICAL,NEW CONSTRUCTION,false,Completed,-79.999742107,40.4437901909,"731 PENN AVE #1113, Pittsburgh, PA 15222-",https://data.wprdc.org/dataset/pli-permits
EP-2020-19623,pittsburgh,2020-12-04,0,ELECTRICAL,NEW CONSTRUCTION,true,Completed,-79.9654270987,40.4580140628,"3209 DOBSON ST, Pittsburgh, PA 15219-",https://data.wprdc.org/dataset/pli-permits
OLP-2020-14162,pittsburgh,2020-09-08,0,Occupant Load Placard Permit,NEW,false,Completed,-79.9838714065,40.438263794,"1600 5TH AVE, Pittsburgh, PA 15219-",https://data.wprdc.org/dataset/pli-permits
EP-2019-08990,pittsburgh,2020-07-06,0,ELECTRICAL,NEW CONSTRUCTION,false,Completed,-79.9796122559,40.4549553695,"2552 SMALLMAN ST, Pittsburgh, PA 15222-",https://data.wprdc.org/dataset/pli-permits
BP-2023-17986,pittsburgh,2024-01-03,0,BUILDING,NEW CONSTRUCTION,true,Completed,-79.9950334736,40.4229180369,"719 EXCELSIOR ST, Pittsburgh, PA 15210-",https://data.wprdc.org/dataset/pli-permits
FP-2023-08423,pittsburgh,2023-10-26,0,Floodplain Permit,New Construction,false,Issued,-79.9842097179,40.4530446649,"2128 RAILROAD ST, Pittsburgh, PA 15222-",https://data.wprdc.org/dataset/pli-permits
EP-2023-10287,pittsburgh,2023-06-21,0,ELECTRICAL,NEW CONSTRUCTION,true,Revoked,-79.9358706306,40.4660957477,"215 N AIKEN AVE, Pittsburgh, 15206-",https://data.wprdc.org/dataset/pli-permits
MP-2020-01344,pittsburgh,2020-07-14,0,MECHANICAL,NEW CONSTRUCTION,false,Completed,-79.9458306973,40.4476132808,"4735 5TH AVE, Pittsburgh, PA 15213-",https://data.wprdc.org/dataset/pli-permits
BP-2019-05951,pittsburgh,2020-01-14,0,BUILDING,NEW CONSTRUCTION,true,Completed,-79.9250820463,40.4676003867,"525 N EUCLID AVE, Pittsburgh, 15206-",https://data.wprdc.org/dataset/pli-permits
FAS-2024-08115,pittsburgh,2024-05-28,0,Fire Alarm Permit,NEW SYSTEM,false,Completed,-79.9593808315,40.4714385891,"4402 BUTLER ST #203, Pittsburgh, PA 15201-",https://data.wprdc.org/dataset/pli-permits
MP-2023-14022,pittsburgh,2023-08-18,0,MECHANICAL,NEW CONSTRUCTION,true,Completed,-80.0264338422,40.4577429756,"1313 COLUMBUS AVE, Pittsburgh, 15233-",https://data.wprdc.org/dataset/pli-permits
SSP-2020-01473,pittsburgh,2020-02-24,0,Suppression System Permit,NEW SYSTEM,false,Completed,-79.9148997702,40.4316587536,"2435 BEECHWOOD BLVD, Pittsburgh, 15217-",https://data.wprdc.org/dataset/pli-permits
BP-2020-01571,pittsburgh,2020-07-27,0,BUILDING,NEW CONSTRUCTION,false,Completed,-79.9296214621,40.4623681682,"141 S SAINT CLAIR ST #601, Pittsburgh, PA 15206-",https://data.wprdc.org/dataset/pli-permits
EP-2020-08872,pittsburgh,2020-08-05,0,ELECTRICAL,NEW CONSTRUCTION,false,Completed,-80.0859878913,40.4426931777,"463 NAPOR BLVD #121, Pittsburgh, PA 15205-",https://data.wprdc.org/dataset/pli-permits
MP-2023-15208,pittsburgh,2023-09-14,0,MECHANICAL,NEW CONSTRUCTION,true,Completed,-80.0794308566,40.4498994083,"104 CEDARWOOD PL, Pittsburgh, PA 15205-",https://data.wprdc.org/dataset/pli-permits
MP-2021-16243,pittsburgh,2021-10-04,0,MECHANICAL,NEW CONSTRUCTION,true,Completed,-80.0100896517,40.4582041459,"211 ALPINE AVE, Pittsburgh, PA 15212-",https://data.wprdc.org/dataset/pli-permits
EP-2021-14729,pittsburgh,2021-09-16,0,ELECTRICAL,NEW CONSTRUCTION,true,Completed,-79.9497171833,40.4636788855,"4636 ROSINA Way, Pittsburgh, PA 15224-",https://data.wprdc.org/dataset/pli-permits
EP-2021-09294,pittsburgh,2022-08-04,0,ELECTRICAL,NEW CONSTRUCTION,false,Completed,-79.9373961933,40.4481567579,"5131 5TH AVE, Pittsburgh, PA 15232-",https://data.wprdc.org/dataset/pli-permits
SSP-2020-01350,pittsburgh,2020-03-13,0,Suppression System Permit,NEW SYSTEM,false,Completed,-80.0014605142,40.4531384975,"401 E OHIO ST, Pittsburgh, PA 15212-",https://data.wprdc.org/dataset/pli-permits
OLP-2021-09485,pittsburgh,2021-09-24,0,Occupant Load Placard Permit,NEW,false,Completed,-80.0220131787,40.4471260635,"757 CASINO DR, Pittsburgh, PA 15212-",https://data.wprdc.org/dataset/pli-permits
EP-2024-08354,pittsburgh,2024-09-17,0,ELECTRICAL,NEW CONSTRUCTION,false,Completed,-79.9740815055,40.4588292868,"2930 SMALLMAN ST #408, Pittsburgh, PA 15201-",https://data.wprdc.org/dataset/pli-permits
SP-2020-16593,pittsburgh,2020-12-11,0,Sign Permit,NEW,false,Completed,-79.9649018541,40.4715772592,"105 40TH ST, Pittsburgh, 15201-",https://data.wprdc.org/dataset/pli-permits
MP-2021-13897,pittsburgh,2021-08-30,0,MECHANICAL,NEW CONSTRUCTION,true,Completed,-79.98555309,40.4248040059,"100 BROSVILLE ST, Pittsburgh, 15203-",https://data.wprdc.org/dataset/pli-permits
FAS-2019-07620,pittsburgh,2020-01-28,0,Fire Alarm Permit,NEW SYSTEM,false,Completed,-79.9420027182,40.4636893273,"148 URSULINE DR, Pittsburgh, PA 15224-",https://data.wprdc.org/dataset/pli-permits
MP-2023-06894,pittsburgh,2023-04-24,0,MECHANICAL,NEW CONSTRUCTION,true,Completed,-79.9165749057,40.4651236861,"37 MAYFLOWER ST, Pittsburgh, PA 15206-",https://data.wprdc.org/dataset/pli-permits
MP-2023-15297,pittsburgh,2023-09-14,0,MECHANICAL,NEW CONSTRUCTION,true,Completed,-80.0794308566,40.4498994083,"104 CEDARWOOD PL, Pittsburgh, PA 15205-",https://data.wprdc.org/dataset/pli-permits
BP-2020-04511,pittsburgh,2020-10-19,0,BUILDING,NEW CONSTRUCTION,false,Completed,-79.9776779877,40.455798496,"2635 PENN AVE #508, Pittsburgh, PA 15222-",https://data.wprdc.org/dataset/pli-permits
BP-2022-09500,pittsburgh,2022-12-14,0,BUILDING,NEW CONSTRUCTION,true,Completed,-80.0794308566,40.4498994083,"104 CEDARWOOD PL, Pittsburgh, PA 15205-",https://data.wprdc.org/dataset/pli-permits
FAS-2022-09051,pittsburgh,2022-07-19,0,Fire Alarm Permit,NEW SYSTEM,false,Completed,-80.0051038566,40.4318527902,"115 W CARSON ST, Pittsburgh, PA 15219-",https://data.wprdc.org/dataset/pli-permits
SP-2020-04485,pittsburgh,2020-05-06,0,Sign Permit,NEW,false,Completed,-79.9809919641,40.4360826975,"1811 BLVD OF THE ALLIES #200, Pittsburgh, PA 15219-",https://data.wprdc.org/dataset/pli-permits
MP-2020-08977,pittsburgh,2020-12-17,0,MECHANICAL,NEW CONSTRUCTION,true,Completed,-79.9871657339,40.4512335798,"1724 WATERFRONT PL, Pittsburgh, PA 15222-",https://data.wprdc.org/dataset/pli-permits
OLP-2023-13965,pittsburgh,2023-08-24,0,Occupant Load Placard Permit,NEW,false,Completed,-79.9448572294,40.4542668193,"288 MOREWOOD AVE, Pittsburgh, 15213-",https://data.wprdc.org/dataset/pli-permits
FAS-2020-07636,pittsburgh,2020-07-09,0,Fire Alarm Permit,NEW SYSTEM,false,Completed,-79.9311578202,40.4633715048,"5576 PENN AVE, Pittsburgh, PA 15206-",https://data.wprdc.org/dataset/pli-permits
MP-2020-08629,pittsburgh,2020-12-17,0,MECHANICAL,NEW CONSTRUCTION,true,Completed,-79.9870537311,40.4513219111,"1730 WATERFRONT PL, Pittsburgh, PA 15222-",https://data.wprdc.org/dataset/pli-permits
FP-2023-08593,pittsburgh,2023-06-23,0,Floodplain Permit,New Construction,false,Completed,-80.0430510996,40.4748309616,"3300 PREBLE AVE #420, Pittsburgh, PA 15233-",https://data.wprdc.org/dataset/pli-permits
SSP-2020-14100,pittsburgh,2021-02-05,0,Suppression System Permit,NEW SYSTEM,false,Completed,-79.9903585214,40.4486022823,"1447 SMALLMAN ST, Pittsburgh, PA 15222-",https://data.wprdc.org/dataset/pli-permits
EP-2021-00509,pittsburgh,2021-03-23,0,ELECTRICAL,NEW CONSTRUCTION,false,Completed,-79.8881285993,40.4507517898,"7745 TIOGA ST, Pittsburgh, PA 15208-",https://data.wprdc.org/dataset/pli-permits
OOP-2021-18467,pittsburgh,2022-03-07,0,Occupancy Only Permit,NEW USE,false,Expired,-79.9985778899,40.4438928087,"186 9TH ST, Pittsburgh, PA 15222-",https://data.wprdc.org/dataset/pli-permits
BP-2020-04936,pittsburgh,2020-10-28,0,BUILDING,NEW CONSTRUCTION,true,Issued,-79.9651612234,40.4626501233,"3439 DENNY ST, Pittsburgh, 15201-",https://data.wprdc.org/dataset/pli-permits
FP-2023-08429,pittsburgh,2023-11-06,0,Floodplain Permit,New Construction,false,Issued,-79.9842097179,40.4530446649,"2128 RAILROAD ST, Pittsburgh, PA 15222-",https://data.wprdc.org/dataset/pli-permits
EP-2023-12863,pittsburgh,2024-08-01,0,ELECTRICAL,NEW CONSTRUCTION,false,Issued,-79.9955584715,40.4136150067,"408 MATHEWS AVE, Pittsburgh, PA 15210-",https://data.wprdc.org/dataset/pli-permits
SP-2022-01824,pittsburgh,2022-04-29,0,Sign Permit,NEW,false,Completed,-79.9862609713,40.4510376461,"1655 SMALLMAN ST, Pittsburgh, PA 15222-",https://data.wprdc.org/dataset/pli-permits
MP-2022-01722,pittsburgh,2022-02-14,0,MECHANICAL,NEW CONSTRUCTION,true,Issued,-79.9600685724,40.4629544182,"3824 HOWLEY ST, Pittsburgh, 15201-",https://data.wprdc.org/dataset/pli-permits
EP-2020-09204,pittsburgh,2020-06-23,0,ELECTRICAL,NEW CONSTRUCTION,true,Completed,-79.9497763645,40.4842305764,"5529 BERLIN Way, Pittsburgh, PA 15201-",https://data.wprdc.org/dataset/pli-permits
BP-2021-10090,pittsburgh,2021-08-17,0,BUILDING,NEW CONSTRUCTION,true,Completed,-79.9270724042,40.4651991175,"312 N SAINT CLAIR ST, Pittsburgh, PA 15206-",https://data.wprdc.org/dataset/pli-permits
FAS-2020-20541,pittsburgh,2021-04-30,0,Fire Alarm Permit,NEW SYSTEM,false,Issued,-80.0271039173,40.4526405943,"1429 SHEFFIELD ST #6, Pittsburgh, PA 15233-",https://data.wprdc.org/dataset/pli-permits
EP-2020-02901,pittsburgh,2020-05-20,0,ELECTRICAL,NEW CONSTRUCTION,false,Completed,-79.9490340492,40.4800615577,"5308 DUNCAN ST, Pittsburgh, 15201-",https://data.wprdc.org/dataset/pli-permits
SSP-2022-14917,pittsburgh,2022-11-30,0,Suppression System Permit,NEW SYSTEM,false,Completed,-79.980643832,40.4531028523,"2330 PENN AVE #801, Pittsburgh, PA 15222-",https://data.wprdc.org/dataset/pli-permits
BDA-2024-05765,pittsburgh,2024-12-03,0,Building & Development Application,New Construction,false,Completed,-79.9903585214,40.4486022823,"1447 SMALLMAN ST, Pittsburgh, PA 15222-",https://data.wprdc.org/dataset/pli-permits
EP-2023-10295,pittsburgh,2023-07-05,0,ELECTRICAL,NEW CONSTRUCTION,true,Revoked,-79.9345821032,40.4682224942,"429 N AIKEN AVE, Pittsburgh, PA 15206-",https://data.wprdc.org/dataset/pli-permits
EP-2024-09818,pittsburgh,2024-06-27,0,ELECTRICAL,NEW CONSTRUCTION,true,Completed,-79.981645253,40.4410720618,"1829 REED ST, Pittsburgh, PA 15219-",https://data.wprdc.org/dataset/pli-permits
MP-2021-11469,pittsburgh,2021-08-06,0,MECHANICAL,NEW CONSTRUCTION,true,Completed,-79.945003571,40.4645946415,"207 S MILLVALE AVE, Pittsburgh, 15224-",https://data.wprdc.org/dataset/pli-permits
SSP-2020-11385,pittsburgh,2020-09-14,0,Suppression System Permit,NEW SYSTEM,false,Completed,-80.0047899978,40.4429946157,"625 STANWIX ST, Pittsburgh, 15222-",https://data.wprdc.org/dataset/pli-permits
OLP-2024-08681,pittsburgh,2024-05-30,0,Occupant Load Placard Permit,NEW,false,Completed,-79.99411151,40.4445352842,"1001 LIBERTY AVE #200, Pittsburgh, PA 15222-",https://data.wprdc.org/dataset/pli-permits
FAS-2020-02754,pittsburgh,2021-02-05,0,Fire Alarm Permit,NEW SYSTEM,false,Completed,-79.9617216464,40.4310612357,"350 TECHNOLOGY DR #611, Pittsburgh, PA 15219-",https://data.wprdc.org/dataset/pli-permits
MP-2021-18350,pittsburgh,2021-11-10,0,MECHANICAL,NEW CONSTRUCTION,true,Issued,-80.0326854277,40.481683198,"1157 DAVIS AVE, Pittsburgh, 15212-",https://data.wprdc.org/dataset/pli-permits
EP-2020-20339,pittsburgh,2021-03-12,0,ELECTRICAL,NEW CONSTRUCTION,false,Completed,-79.9617216464,40.4310612357,"350 TECHNOLOGY DR #611, Pittsburgh, PA 15219-",https://data.wprdc.org/dataset/pli-permits
FAS-2023-09382,pittsburgh,2023-08-18,0,Fire Alarm Permit,NEW SYSTEM,false,Completed,-79.9587958431,40.4732784945,"4609 BUTLER ST, Pittsburgh, 15201-",https://data.wprdc.org/dataset/pli-permits
SP-2023-08696,pittsburgh,2023-08-15,0,Sign Permit,NEW,false,Completed,-79.9275565313,40.4621549752,"5818 PENN AVE, Pittsburgh, PA 15206-",https://data.wprdc.org/dataset/pli-permits
BP-2024-00998,pittsburgh,2024-02-22,0,BUILDING,NEW CONSTRUCTION,true,Completed,-79.9398303192,40.4797870204,"1149 MCCABE ST, Pittsburgh, 15201-",https://data.wprdc.org/dataset/pli-permits
EP-2020-19628,pittsburgh,2020-12-04,0,ELECTRICAL,NEW CONSTRUCTION,true,Completed,-79.9653667311,40.4580430951,"3211 DOBSON ST, Pittsburgh, PA 15219-",https://data.wprdc.org/dataset/pli-permits
FAS-2021-06605,pittsburgh,2021-06-04,0,Fire Alarm Permit,NEW SYSTEM,false,Completed,-79.9880606189,40.4307185843,"1001 MURIEL ST, Pittsburgh, 15203-",https://data.wprdc.org/dataset/pli-permits
FP-2022-15955,pittsburgh,2022-11-07,0,Floodplain Permit,New Construction,false,Completed,-79.9903585214,40.4486022823,"1447 SMALLMAN ST, Pittsburgh, PA 15222-",https://data.wprdc.org/dataset/pli-permits
SP-2022-10142,pittsburgh,2022-12-23,0,Sign Permit,NEW,false,Completed,-79.9648273521,40.4276700429,"425 CINEMA DR #201, Pittsburgh, PA 15203-",https://data.wprdc.org/dataset/pli-permits
BP-2023-02043,pittsburgh,2023-06-20,0,BUILDING,NEW CONSTRUCTION,false,Completed,-79.9821031662,40.4386324646,"1709 5TH AVE #101, Pittsburgh, PA 15219-",https://data.wprdc.org/dataset/pli-permits
MP-2020-01760,pittsburgh,2020-03-18,0,MECHANICAL,NEW CONSTRUCTION,true,Completed,-80.0006113532,40.4235754144,"404 EUREKA ST, Pittsburgh, 15211-",https://data.wprdc.org/dataset/pli-permits
BP-2020-04349,pittsburgh,2021-07-26,0,BUILDING,NEW CONSTRUCTION,false,Completed,-79.9229964275,40.4293998406,"5808 FORWARD AVE, Pittsburgh, PA 15217-",https://data.wprdc.org/dataset/pli-permits
OLP-2020-06671,pittsburgh,2020-06-30,0,Occupant Load Placard Permit,NEW,false,Completed,-79.9617216464,40.4310612357,"350 TECHNOLOGY DR #611, Pittsburgh, PA 15219-",https://data.wprdc.org/dataset/pli-permits
FAS-2021-01786,pittsburgh,2021-05-07,0,Fire Alarm Permit,NEW SYSTEM,false,Completed,-79.99411151,40.4445352842,"1001 LIBERTY AVE #200, Pittsburgh, PA 15222-",https://data.wprdc.org/dataset/pli-permits
BP-2024-02437,pittsburgh,2024-10-18,0,BUILDING,NEW CONSTRUCTION,true,Issued,-79.9838913071,40.4277801237,"1403 SARAH ST #2, Pittsburgh, PA 15203-",https://data.wprdc.org/dataset/pli-permits
MP-2023-16372,pittsburgh,2023-12-15,0,MECHANICAL,NEW CONSTRUCTION,false,Completed,-79.9607398273,40.4705089046,"4203 BUTLER ST, Pittsburgh, PA 15201-",https://data.wprdc.org/dataset/pli-permits
FAS-2021-00629,pittsburgh,2021-04-27,0,Fire Alarm Permit,NEW SYSTEM,false,Issued,-79.9560588835,40.4447480326,"4101 5TH AVE, Pittsburgh, PA 15213-",https://data.wprdc.org/dataset/pli-permits
SSP-2023-17117,pittsburgh,2023-12-05,0,Suppression System Permit,NEW SYSTEM,false,Completed,-79.9586741342,40.4396582241,"3510 FORBES AVE, Pittsburgh, PA 15213-",https://data.wprdc.org/dataset/pli-permits
FP-2024-10379,pittsburgh,2024-08-30,0,Floodplain Permit,New Construction,false,Issued,-79.9179362353,40.4849621069,"201 SHELTER HOUSE RD, Pittsburgh, PA 15206-",https://data.wprdc.org/dataset/pli-permits
FAS-2024-03177,pittsburgh,2024-07-17,0,Fire Alarm Permit,NEW SYSTEM,false,Completed,-79.9493131384,40.4632755987,"210 PEARL ST, Pittsburgh, PA 15224-",https://data.wprdc.org/dataset/pli-permits
BDA-2024-03769,pittsburgh,2024-10-24,0,Building & Development Application,New Construction,true,Completed,-79.9490820575,40.4794298656,"726 53RD ST, Pittsburgh, PA 15201-",https://data.wprdc.org/dataset/pli-permits
FAS-2023-10420,pittsburgh,2023-12-04,0,Fire Alarm Permit,NEW SYSTEM,false,Completed,-79.9795225041,40.4544873822,"2517 PENN AVE, Pittsburgh, PA 15222-",https://data.wprdc.org/dataset/pli-permits
EP-2021-20691,pittsburgh,2022-05-03,0,ELECTRICAL,NEW CONSTRUCTION,false,Completed,-79.980643832,40.4531028523,"2330 PENN AVE #801, Pittsburgh, PA 15222-",https://data.wprdc.org/dataset/pli-permits
SP-2023-01314,pittsburgh,2023-01-30,0,Sign Permit,NEW,false,Completed,-79.9602108519,40.4367623558,"300 HALKET ST, Pittsburgh, PA 15213-",https://data.wprdc.org/dataset/pli-permits
EP-2020-19785,pittsburgh,2020-12-23,0,ELECTRICAL,NEW CONSTRUCTION,false,Completed,-79.9491574688,40.4845647185,"5573 BERLIN Way, Pittsburgh, PA 15201-",https://data.wprdc.org/dataset/pli-permits
EP-2023-03857,pittsburgh,2023-03-14,0,ELECTRICAL,NEW CONSTRUCTION,true,Completed,-80.0794308566,40.4498994083,"104 CEDARWOOD PL, Pittsburgh, PA 15205-",https://data.wprdc.org/dataset/pli-permits
SP-2020-12438,pittsburgh,2020-09-03,0,Sign Permit,NEW,false,Expired,-79.9303391653,40.4567510234,"5823 ELLSWORTH AVE, Pittsburgh, 15232-",https://data.wprdc.org/dataset/pli-permits
EP-2022-02467,pittsburgh,2022-03-11,0,ELECTRICAL,NEW CONSTRUCTION,true,Completed,-79.9668934587,40.4396528501,"112 BURROWS ST, Pittsburgh, PA 15213-",https://data.wprdc.org/dataset/pli-permits
OLP-2023-12893,pittsburgh,2024-01-08,0,Occupant Load Placard Permit,NEW,false,Completed,-79.9767390417,40.4273826271,"2024 SARAH ST, Pittsburgh, PA 15203-",https://data.wprdc.org/dataset/pli-permits
BP-2023-11566,pittsburgh,2024-02-09,0,BUILDING,NEW CONSTRUCTION,true,Completed,-79.9541101144,40.477738225,"5111 KEYSTONE ST, Pittsburgh, 15201-",https://data.wprdc.org/dataset/pli-permits
MP-2021-19901,pittsburgh,2021-12-22,0,MECHANICAL,NEW CONSTRUCTION,true,Completed,-80.0251424345,40.4602459896,"1246 KUNKLE AVE, Pittsburgh, PA 15212-",https://data.wprdc.org/dataset/pli-permits
SP-2019-01346,pittsburgh,2020-03-04,0,Sign Permit,NEW,false,Issued,-79.999742107,40.4437901909,"731 PENN AVE #1113, Pittsburgh, PA 15222-",https://data.wprdc.org/dataset/pli-permits
SP-2022-19512,pittsburgh,2023-05-11,0,Sign Permit,NEW,false,Issued,-79.8922008885,40.4884285327,"980 FREEPORT RD, Pittsburgh, PA 15238",https://data.wprdc.org/dataset/pli-permits
OLP-2024-04587,pittsburgh,2024-04-17,0,Occupant Load Placard Permit,NEW,false,Completed,-79.9939993802,40.4394880147,"500 ROSS ST, Pittsburgh, PA 15219",https://data.wprdc.org/dataset/pli-permits
SSP-2023-17115,pittsburgh,2023-11-13,0,Suppression System Permit,NEW SYSTEM,false,Completed,-79.9587958431,40.4732784945,"4609 BUTLER ST, Pittsburgh, 15201-",https://data.wprdc.org/dataset/pli-permits
EP-2022-04614,pittsburgh,2022-03-31,0,ELECTRICAL,NEW CONSTRUCTION,true,Completed,-80.0198520096,40.4334079873,"306 MERIDAN ST, Pittsburgh, 15211-",https://data.wprdc.org/dataset/pli-permits
SSP-2023-05461,pittsburgh,2023-04-05,0,Suppression System Permit,NEW SYSTEM,false,Completed,-79.9473786824,40.4487848208,"569 N NEVILLE ST, Pittsburgh, PA 15213-",https://data.wprdc.org/dataset/pli-permits
SSP-2021-02067,pittsburgh,2021-04-09,0,Suppression System Permit,NEW SYSTEM,false,Completed,-79.9437005898,40.4584414826,"5104 LIBERTY AVE, Pittsburgh, 15224-",https://data.wprdc.org/dataset/pli-permits
SSP-2021-09673,pittsburgh,2021-07-14,0,Suppression System Permit,NEW SYSTEM,false,Completed,-79.9810839492,40.4539430799,"2400 SMALLMAN ST, Pittsburgh, 15222-",https://data.wprdc.org/dataset/pli-permits
SP-2020-19415,pittsburgh,2021-03-24,0,Sign Permit,NEW,false,Completed,-79.967178151,40.4632209194,"3433 BUTLER ST #404, Pittsburgh, PA 15201-",https://data.wprdc.org/dataset/pli-permits
OOP-2020-06993,pittsburgh,2020-06-15,0,Occupancy Only Permit,NEW USE,false,Completed,-79.9808223284,40.4551322509,"2501 SMALLMAN ST, Pittsburgh, 15222-",https://data.wprdc.org/dataset/pli-permits
BP-2022-11495,pittsburgh,2022-10-06,0,BUILDING,NEW CONSTRUCTION,true,Completed,-80.0148955897,40.4520146239,"823 WESTERN AVE, Pittsburgh, PA 15233-",https://data.wprdc.org/dataset/pli-permits
EP-2021-18734,pittsburgh,2021-11-16,0,ELECTRICAL,NEW CONSTRUCTION,true,Completed,-79.9667001092,40.4660724388,"3600 SMALLMAN ST, Pittsburgh, PA 15201-",https://data.wprdc.org/dataset/pli-permits
BP-2021-14643,pittsburgh,2023-03-06,0,BUILDING,NEW CONSTRUCTION,true,Completed,-79.9346183118,40.4681649562,"425 N AIKEN AVE, Pittsburgh, PA 15206-",https://data.wprdc.org/dataset/pli-permits
FAS-2022-12112,pittsburgh,2022-09-08,0,Fire Alarm Permit,NEW SYSTEM,false,Completed,-80.0000370291,40.4015217717,"1521 SAW MILL RUN BLVD, Pittsburgh, 15210-",https://data.wprdc.org/dataset/pli-permits
MP-2020-14040,pittsburgh,2020-10-08,0,MECHANICAL,NEW CONSTRUCTION,true,Completed,-79.949535867,40.4842766237,"5545 BERLIN Way, Pittsburgh, PA 15201-",https://data.wprdc.org/dataset/pli-permits
MP-2020-01640,pittsburgh,2020-06-26,0,MECHANICAL,NEW CONSTRUCTION,false,Revoked,-79.9922845395,40.4210543372,"1226 ARLINGTON AVE, Pittsburgh, PA 15210-",https://data.wprdc.org/dataset/pli-permits
EP-2022-15031,pittsburgh,2022-09-22,0,ELECTRICAL,NEW CONSTRUCTION,true,Completed,-79.9052928704,40.4665354085,"6522 DEARY ST, Pittsburgh, 15206-",https://data.wprdc.org/dataset/pli-permits
OLP-2020-20785,pittsburgh,2021-01-06,0,Occupant Load Placard Permit,NEW,false,Expired,-79.9261975894,40.4641197705,"5809 HARVARD ST #303, Pittsburgh, PA 15206-",https://data.wprdc.org/dataset/pli-permits
SP-2021-12405,pittsburgh,2022-01-03,0,Sign Permit,NEW,false,Completed,-79.9256642278,40.4593635997,"5990 CENTRE AVE, Pittsburgh, PA 15206-",https://data.wprdc.org/dataset/pli-permits
MP-2022-13796,pittsburgh,2022-09-09,0,MECHANICAL,NEW CONSTRUCTION,true,Completed,-79.9685227809,40.4559842152,"3011 1/2 PAULOWNA ST, Pittsburgh, PA 15219-",https://data.wprdc.org/dataset/pli-permits
OLP-2023-18609,pittsburgh,2023-11-27,0,Occupant Load Placard Permit,NEW,false,Revoked,-80.002483007,40.4412188557,"484 GRAEME ST, Pittsburgh, 15222-",https://data.wprdc.org/dataset/pli-permits
SP-2021-05159,pittsburgh,2021-05-27,0,Sign Permit,NEW,false,Completed,-79.9157299194,40.4570395031,"177 BAKERY SQUARE BLVD, Pittsburgh, PA 15206-",https://data.wprdc.org/dataset/pli-permits
OLP-2022-04847,pittsburgh,2022-04-01,0,Occupant Load Placard Permit,NEW,false,Completed,-80.00473559,40.4331090422,"195 W STATION SQUARE DR, Pittsburgh, PA 15219-",https://data.wprdc.org/dataset/pli-permits
BP-2020-02808,pittsburgh,2020-09-04,0,BUILDING,NEW CONSTRUCTION,false,Completed,-79.9838559973,40.4544393982,"2239 RAILROAD ST, Pittsburgh, 15222-",https://data.wprdc.org/dataset/pli-permits
MP-2021-10809,pittsburgh,2022-11-08,0,MECHANICAL,NEW CONSTRUCTION,false,Completed,-79.9373961933,40.4481567579,"5131 5TH AVE, Pittsburgh, PA 15232-",https://data.wprdc.org/dataset/pli-permits
SSP-2022-02335,pittsburgh,2022-04-01,0,Suppression System Permit,NEW SYSTEM,false,Completed,-79.9296214621,40.4623681682,"141 S SAINT CLAIR ST #601, Pittsburgh, PA 15206-",https://data.wprdc.org/dataset/pli-permits
MP-2020-04290,pittsburgh,2021-01-12,0,MECHANICAL,NEW CONSTRUCTION,false,Completed,-80.0080661064,40.4468565587,"220 NORTH SHORE DR #628, Pittsburgh, PA 15212-",https://data.wprdc.org/dataset/pli-permits
EP-2022-16193,pittsburgh,2022-12-30,0,ELECTRICAL,NEW CONSTRUCTION,false,Completed,-79.9835922908,40.436106554,"1622 LOCUST ST, Pittsburgh, PA 15219-",https://data.wprdc.org/dataset/pli-permits
OLP-2023-21015,pittsburgh,2024-10-18,0,Occupant Load Placard Permit,NEW,false,Completed,-79.9822782625,40.4541072222,"2358 RAILROAD ST, Pittsburgh, PA 15222-",https://data.wprdc.org/dataset/pli-permits
EP-2023-14194,pittsburgh,2023-08-23,0,ELECTRICAL,NEW CONSTRUCTION,true,Completed,-80.0282887132,40.4568787321,"1426 JUNIATA ST, Pittsburgh, PA 15233-",https://data.wprdc.org/dataset/pli-permits
EP-2022-09947,pittsburgh,2023-04-25,0,ELECTRICAL,NEW CONSTRUCTION,false,Completed,-80.0066868595,40.4496846931,"111 S COMMONS, Pittsburgh, PA 15212-",https://data.wprdc.org/dataset/pli-permits
MP-2021-10709,pittsburgh,2021-11-10,0,MECHANICAL,NEW CONSTRUCTION,false,Completed,-79.9639972173,40.4685327573,"3913 BUTLER ST, Pittsburgh, PA 15201-",https://data.wprdc.org/dataset/pli-permits
MP-2021-01350,pittsburgh,2021-04-27,0,MECHANICAL,NEW CONSTRUCTION,true,Completed,-79.9486467266,40.4846708367,"146 56TH ST, Pittsburgh, PA 15201-",https://data.wprdc.org/dataset/pli-permits
BP-2023-12518,pittsburgh,2024-01-19,0,BUILDING,NEW CONSTRUCTION,true,Completed,-79.996796732,40.4230047853,"615 EXCELSIOR ST, Pittsburgh, 15210-",https://data.wprdc.org/dataset/pli-permits
SP-2022-08907,pittsburgh,2022-07-06,0,Sign Permit,NEW,false,Completed,-80.0096368756,40.447846977,"684 W GENERAL ROBINSON ST, Pittsburgh, PA 15212-",https://data.wprdc.org/dataset/pli-permits
SP-2021-17520,pittsburgh,2021-11-02,0,Sign Permit,NEW,false,Issued,-80.0019776101,40.4411624206,"440 MARKET ST, Pittsburgh, PA 15222-",https://data.wprdc.org/dataset/pli-permits
EP-2023-03945,pittsburgh,2023-03-14,0,ELECTRICAL,NEW CONSTRUCTION,true,Completed,-80.0794308566,40.4498994083,"104 CEDARWOOD PL, Pittsburgh, PA 15205-",https://data.wprdc.org/dataset/pli-permits
OLP-2020-04132,pittsburgh,2020-05-21,0,Occupant Load Placard Permit,NEW,false,Completed,-79.9649018541,40.4715772592,"105 40TH ST, Pittsburgh, 15201-",https://data.wprdc.org/dataset/pli-permits
OLP-2023-12942,pittsburgh,2024-03-13,0,Occupant Load Placard Permit,NEW,false,Completed,-79.9892990452,40.4380964887,"1045 FORBES AVE #1125, Pittsburgh, PA 15219-",https://data.wprdc.org/dataset/pli-permits
MP-2020-01632,pittsburgh,2020-02-11,0,MECHANICAL,NEW CONSTRUCTION,true,Completed,-79.958430797,40.4601935184,"3711 MELWOOD AVE, Pittsburgh, PA 15213-",https://data.wprdc.org/dataset/pli-permits
BP-2020-17592,pittsburgh,2021-06-02,0,BUILDING,NEW CONSTRUCTION,true,Application Finalization,-79.9263195595,40.4664423176,"418 N SAINT CLAIR ST, Pittsburgh, PA 15206-",https://data.wprdc.org/dataset/pli-permits
SP-2023-11726,pittsburgh,2023-07-31,0,Sign Permit,NEW,false,Completed,-79.9157299194,40.4570395031,"177 BAKERY SQUARE BLVD, Pittsburgh, PA 15206-",https://data.wprdc.org/dataset/pli-permits
FAS-2021-01910,pittsburgh,2022-01-13,0,Fire Alarm Permit,NEW SYSTEM,false,Completed,-80.0430510996,40.4748309616,"3300 PREBLE AVE #420, Pittsburgh, PA 15233-",https://data.wprdc.org/dataset/pli-permits
OLP-2021-12708,pittsburgh,2021-08-06,0,Occupant Load Placard Permit,NEW,false,Completed,-79.9890695088,40.4395909213,"1027 5TH AVE, Pittsburgh, PA 15219-",https://data.wprdc.org/dataset/pli-permits
MP-2022-01787,pittsburgh,2022-03-15,0,MECHANICAL,NEW CONSTRUCTION,true,Completed,-79.9789471939,40.4233218362,"2 CROSMAN ST, Pittsburgh, PA 15203-",https://data.wprdc.org/dataset/pli-permits
BP-2023-20548,pittsburgh,2024-12-24,0,BUILDING,NEW CONSTRUCTION,false,Issued,-80.0238978764,40.4405090678,"1621 GRANDVIEW AVE, Pittsburgh, PA 15211-",https://data.wprdc.org/dataset/pli-permits
BP-2021-14515,pittsburgh,2023-03-06,0,BUILDING,NEW CONSTRUCTION,true,Completed,-79.9367170648,40.4677857498,"5322 HILLCREST ST, Pittsburgh, PA 15224-",https://data.wprdc.org/dataset/pli-permits
FAS-2022-05752,pittsburgh,2022-08-05,0,Fire Alarm Permit,NEW SYSTEM,false,Completed,-79.9912748545,40.441712114,"626 WASHINGTON PL #2501, Pittsburgh, PA 15219-",https://data.wprdc.org/dataset/pli-permits
OOP-2021-08500,pittsburgh,2021-07-12,0,Occupancy Only Permit,NEW USE,false,Completed,-80.0301134107,40.4054060892,"2102 BROADWAY AVE, Pittsburgh, PA 15216-",https://data.wprdc.org/dataset/pli-permits
MP-2023-15332,pittsburgh,2023-09-14,0,MECHANICAL,NEW CONSTRUCTION,true,Completed,-80.0794308566,40.4498994083,"104 CEDARWOOD PL, Pittsburgh, PA 15205-",https://data.wprdc.org/dataset/pli-permits
SP-2021-03737,pittsburgh,2021-05-18,0,Sign Permit,NEW,false,Completed,-79.9262614578,40.4853619795,"1739 CHISLETT ST, Pittsburgh, PA 15206-",https://data.wprdc.org/dataset/pli-permits
FAS-2021-01098,pittsburgh,2021-03-10,0,Fire Alarm Permit,NEW SYSTEM,false,Completed,-79.978328611,40.4559038309,"211 26TH ST #201, Pittsburgh, PA 15222-",https://data.wprdc.org/dataset/pli-permits
SP-2023-03703,pittsburgh,2023-03-22,0,Sign Permit,NEW,false,Issued,-80.0071609396,40.4556645012,"6 W NORTH AVE #212, Pittsburgh, PA 15212-",https://data.wprdc.org/dataset/pli-permits
MP-2021-13365,pittsburgh,2021-08-12,0,MECHANICAL,NEW CONSTRUCTION,true,Completed,-79.8916190217,40.4517119688,"518 N BRADDOCK AVE, Pittsburgh, PA 15208-",https://data.wprdc.org/dataset/pli-permits
OLP-2022-12913,pittsburgh,2022-09-07,0,Occupant Load Placard Permit,NEW,false,Completed,-79.975989476,40.4260597401,"2121 MARY ST, Pittsburgh, PA 15203-",https://data.wprdc.org/dataset/pli-permits
MP-2023-14002,pittsburgh,2024-06-05,0,MECHANICAL,NEW CONSTRUCTION,false,Completed,-79.9634913273,40.4370578855,"FORBES AVE, Pittsburgh, PA 15213-",https://data.wprdc.org/dataset/pli-permits
MP-2021-07741,pittsburgh,2021-07-06,0,MECHANICAL,NEW CONSTRUCTION,true,Completed,-79.9667501992,40.4390658883,"136 BURROWS ST, Pittsburgh, PA 15213-",https://data.wprdc.org/dataset/pli-permits
BP-2023-07821,pittsburgh,2023-12-28,0,BUILDING,NEW CONSTRUCTION,false,Issued,-80.0771180046,40.4548751564,"1659 SUMMERDALE ST, Pittsburgh, PA 15204-",https://data.wprdc.org/dataset/pli-permits
BP-2020-02853,pittsburgh,2021-04-15,0,BUILDING,NEW CONSTRUCTION,true,Completed,-79.8916881643,40.4516137041,"516 N BRADDOCK AVE, Pittsburgh, PA 15208-",https://data.wprdc.org/dataset/pli-permits
SSP-2024-05951,pittsburgh,2024-07-19,0,Suppression System Permit,NEW SYSTEM,false,Completed,-79.9231934238,40.460015708,"6226 PENN AVE, Pittsburgh, PA 15206-",https://data.wprdc.org/dataset/pli-permits
MP-2022-02800,pittsburgh,2022-03-10,0,MECHANICAL,NEW CONSTRUCTION,true,Completed,-79.9133217409,40.4652844329,"116 WINSLOW ST, Pittsburgh, PA 15206-",https://data.wprdc.org/dataset/pli-permits
MP-2022-07267,pittsburgh,2022-07-26,0,MECHANICAL,NEW CONSTRUCTION,true,Completed,-79.9333235965,40.4676491677,"402 N GRAHAM ST, Pittsburgh, PA 15206-",https://data.wprdc.org/dataset/pli-permits
EP-2020-01027,pittsburgh,2020-01-21,0,ELECTRICAL,NEW CONSTRUCTION,true,Completed,-79.9271681715,40.4554476305,"360 LAMONT PL, Pittsburgh, 15232-",https://data.wprdc.org/dataset/pli-permits
EP-2022-03078,pittsburgh,2022-03-11,0,ELECTRICAL,NEW CONSTRUCTION,true,Completed,-79.966859087,40.4395077604,"118 BURROWS ST, Pittsburgh, PA 15213-",https://data.wprdc.org/dataset/pli-permits
EP-2020-05208,pittsburgh,2020-07-15,0,ELECTRICAL,NEW CONSTRUCTION,true,Completed,-80.0154680326,40.4331997715,"242 BIGHAM ST, Pittsburgh, 15211-",https://data.wprdc.org/dataset/pli-permits
OLP-2023-06455,pittsburgh,2023-05-12,0,Occupant Load Placard Permit,NEW,false,Completed,-79.9480487037,40.446701187,"4630 5TH AVE #35, Pittsburgh, PA 15213-",https://data.wprdc.org/dataset/pli-permits
SSP-2020-17046,pittsburgh,2020-11-23,0,Suppression System Permit,NEW SYSTEM,false,Completed,-79.9424354286,40.4437333149,"5135 MARGARET MORRISON ST, Pittsburgh, PA 15213-",https://data.wprdc.org/dataset/pli-permits
SP-2022-16848,pittsburgh,2022-12-21,0,Sign Permit,NEW,false,Completed,-79.9811319292,40.4290903988,"1719 E CARSON ST, Pittsburgh, PA 15203-",https://data.wprdc.org/dataset/pli-permits
OLP-2021-19785,pittsburgh,2021-12-08,0,Occupant Load Placard Permit,NEW,false,Completed,-79.960508573,40.4697495839,"4112 BUTLER ST #10, Pittsburgh, PA 15201-",https://data.wprdc.org/dataset/pli-permits
EP-2023-00218,pittsburgh,2023-04-28,0,ELECTRICAL,NEW CONSTRUCTION,false,Completed,-79.9470039009,40.4541811589,"4828 BAUM BLVD, Pittsburgh, PA 15213-",https://data.wprdc.org/dataset/pli-permits
MP-2023-11787,pittsburgh,2023-09-15,0,MECHANICAL,NEW CONSTRUCTION,true,Completed,-80.0794308566,40.4498994083,"104 CEDARWOOD PL, Pittsburgh, PA 15205-",https://data.wprdc.org/dataset/pli-permits
MP-2021-20389,pittsburgh,2022-02-15,0,MECHANICAL,NEW CONSTRUCTION,true,Completed,-80.0147808111,40.42848785,"488 GRACE ST, Pittsburgh, PA 15211-",https://data.wprdc.org/dataset/pli-permits
SSP-2023-03110,pittsburgh,2023-04-25,0,Suppression System Permit,NEW SYSTEM,false,Completed,-79.9872332654,40.3953684594,"1918 BROWNSVILLE RD, Pittsburgh, PA 15210-",https://data.wprdc.org/dataset/pli-permits
MP-2023-05462,pittsburgh,2023-04-05,0,MECHANICAL,NEW CONSTRUCTION,true,Completed,-79.9270159573,40.4652513791,"314 N SAINT CLAIR ST, Pittsburgh, PA 15206-",https://data.wprdc.org/dataset/pli-permits
BP-2023-10842,pittsburgh,2023-10-24,0,BUILDING,NEW CONSTRUCTION,false,Completed,-79.9764731199,40.4581127332,"115 28TH ST, Pittsburgh, PA 15222-",https://data.wprdc.org/dataset/pli-permits
EP-2023-15471,pittsburgh,2023-12-21,0,ELECTRICAL,NEW CONSTRUCTION,false,Completed,-80.0186210041,40.3923769577,"924 BROOKLINE BLVD, Pittsburgh, PA 15226-",https://data.wprdc.org/dataset/pli-permits
SSP-2020-05237,pittsburgh,2020-09-02,0,Suppression System Permit,NEW SYSTEM,false,Completed,-79.9613273305,40.4711397932,"172 43RD ST, Pittsburgh, PA 15201-",https://data.wprdc.org/dataset/pli-permits
BP-2020-06956,pittsburgh,2020-12-10,0,BUILDING,NEW CONSTRUCTION,true,Completed,-79.9965010989,40.4253581805,"247 ZUZU CIR, Pittsburgh, 15210-",https://data.wprdc.org/dataset/pli-permits
MP-2021-13086,pittsburgh,2021-08-10,0,MECHANICAL,NEW CONSTRUCTION,true,Issued,-79.8939405804,40.4444507332,"7718 BRASHEAR ST #2, Pittsburgh, PA 15221-",https://data.wprdc.org/dataset/pli-permits
OLP-2023-16104,pittsburgh,2024-02-23,0,Occupant Load Placard Permit,NEW,false,Completed,-80.0111939187,40.4456889412,"381 NORTH SHORE DR, Pittsburgh, PA 15212-",https://data.wprdc.org/dataset/pli-permits
FAS-2020-11636,pittsburgh,2020-09-23,0,Fire Alarm Permit,NEW SYSTEM,false,Completed,-79.9705667215,40.4429998145,"22 STRAYHORN Way, Pittsburgh, PA 15213-",https://data.wprdc.org/dataset/pli-permits
SP-2023-10273,pittsburgh,2023-08-04,0,Sign Permit,NEW,false,Issued,-79.9505761768,40.4520676007,"4634 CENTRE AVE, Pittsburgh, PA 15213-",https://data.wprdc.org/dataset/pli-permits
BP-2021-14848,pittsburgh,2021-12-13,0,BUILDING,NEW CONSTRUCTION,true,Completed,-79.9192907696,40.4666621746,"611 COLLINS AVE, Pittsburgh, PA 15206-",https://data.wprdc.org/dataset/pli-permits
BP-2022-09533,pittsburgh,2022-12-14,0,BUILDING,NEW CONSTRUCTION,true,Completed,-80.0794308566,40.4498994083,"104 CEDARWOOD PL, Pittsburgh, PA 15205-",https://data.wprdc.org/dataset/pli-permits
SSP-2020-11300,pittsburgh,2020-12-02,0,Suppression System Permit,NEW SYSTEM,false,Completed,-79.9630574631,40.4636539446,"3649 MINTWOOD ST, Pittsburgh, PA 15201-",https://data.wprdc.org/dataset/pli-permits
SP-2022-10873,pittsburgh,2022-08-11,0,Sign Permit,NEW,false,Completed,-79.9432366952,40.4080105314,"107 TIPTON ST, Pittsburgh, 15207-",https://data.wprdc.org/dataset/pli-permits
OLP-2020-20134,pittsburgh,2022-08-29,0,Occupant Load Placard Permit,NEW,false,Completed,-79.8982789845,40.4581020318,"7101 FRANKSTOWN AVE, Pittsburgh, PA 15208-",https://data.wprdc.org/dataset/pli-permits
SSP-2021-04306,pittsburgh,2021-07-16,0,Suppression System Permit,NEW SYSTEM,false,Completed,-79.8881285993,40.4507517898,"7745 TIOGA ST, Pittsburgh, PA 15208-",https://data.wprdc.org/dataset/pli-permits
BP-2022-03216,pittsburgh,2022-09-16,0,BUILDING,NEW CONSTRUCTION,true,Issued,-79.9495848222,40.4792633209,"5255 WICKLIFF ST, Pittsburgh, PA 15201-",https://data.wprdc.org/dataset/pli-permits
BP-2020-02295,pittsburgh,2020-05-21,0,BUILDING,NEW CONSTRUCTION,true,Completed,-79.9576410454,40.4771973279,"4837 BLACKBERRY Way, Pittsburgh, PA 15201-",https://data.wprdc.org/dataset/pli-permits
OLP-2024-10864,pittsburgh,2024-08-09,0,Occupant Load Placard Permit,NEW,false,Issued,-79.9757860593,40.4548944551,"2600 -2760 LIBERTY AVE, Pittsburgh, PA 15222-",https://data.wprdc.org/dataset/pli-permits
MP-2024-00293,pittsburgh,2024-01-10,0,MECHANICAL,NEW CONSTRUCTION,true,Issued,-79.9558073665,40.4532423648,"3510 IOWA ST, Pittsburgh, 15219-",https://data.wprdc.org/dataset/pli-permits
MP-2020-04152,pittsburgh,2020-06-01,0,MECHANICAL,NEW CONSTRUCTION,false,Completed,-79.9642041712,40.4664907425,"3714 BUTLER ST, Pittsburgh, PA 15201-",https://data.wprdc.org/dataset/pli-permits
SP-2022-08841,pittsburgh,2022-06-28,0,Sign Permit,NEW,false,Completed,-79.99411151,40.4445352842,"1001 LIBERTY AVE #200, Pittsburgh, PA 15222-",https://data.wprdc.org/dataset/pli-permits
BP-2023-14164,pittsburgh,2023-12-19,0,BUILDING,NEW CONSTRUCTION,false,Completed,-79.9465743822,40.4135183581,"4601 Composite ST, Pittsburgh, PA 15207-",https://data.wprdc.org/dataset/pli-permits
SP-2021-09561,pittsburgh,2021-08-09,0,Sign Permit,NEW,false,Completed,-79.9220171766,40.4377520786,"5822 FORBES AVE, Pittsburgh, 15217-",https://data.wprdc.org/dataset/pli-permits
MP-2023-15420,pittsburgh,2024-01-10,0,MECHANICAL,NEW CONSTRUCTION,false,Completed,-79.9287894046,40.4621581093,"141 S SAINT CLAIR ST #601, Pittsburgh, PA 15206-",https://data.wprdc.org/dataset/pli-permits
SSP-2020-14479,pittsburgh,2020-11-09,0,Suppression System Permit,NEW SYSTEM,false,Completed,-79.9772398962,40.458771362,"75 HOPPER PL #301, Pittsburgh, PA 15222-",https://data.wprdc.org/dataset/pli-permits
OLP-2021-12955,pittsburgh,2021-08-05,0,Occupant Load Placard Permit,NEW,false,Completed,-79.9964759922,40.4304363882,"68 S 4TH ST #11, Pittsburgh, PA 15219-",https://data.wprdc.org/dataset/pli-permits
SP-2021-03180,pittsburgh,2021-05-04,0,Sign Permit,NEW,false,Issued,-79.9617216464,40.4310612357,"350 TECHNOLOGY DR #611, Pittsburgh, PA 15219-",https://data.wprdc.org/dataset/pli-permits
FP-2023-08379,pittsburgh,2023-12-06,0,Floodplain Permit,New Construction,false,Issued,-79.9842097179,40.4530446649,"2128 RAILROAD ST, Pittsburgh, PA 15222-",https://data.wprdc.org/dataset/pli-permits
OLP-2024-00193,pittsburgh,2024-01-04,0,Occupant Load Placard Permit,NEW,false,Completed,-79.9744889146,40.4592203327,"SMALLMAN ST, Pittsburgh, PA 15201-",https://data.wprdc.org/dataset/pli-permits
MP-2021-02412,pittsburgh,2021-05-05,0,MECHANICAL,NEW CONSTRUCTION,false,Completed,-79.9852679271,40.4383260739,"1450 5TH AVE, Pittsburgh, 15219-",https://data.wprdc.org/dataset/pli-permits
SSP-2022-07808,pittsburgh,2022-06-15,0,Suppression System Permit,NEW SYSTEM,false,Completed,-79.9248997311,40.4349273785,"5685 BEACON ST, Pittsburgh, PA 15217-",https://data.wprdc.org/dataset/pli-permits
OOP-2022-03758,pittsburgh,2022-05-11,0,Occupancy Only Permit,NEW USE,false,Expired,-79.9179362353,40.4849621069,"201 SHELTER HOUSE RD, Pittsburgh, PA 15206-",https://data.wprdc.org/dataset/pli-permits
BP-2022-16091,pittsburgh,2024-09-19,0,BUILDING,NEW CONSTRUCTION,true,Completed,-79.9620891512,40.4705138001,"166 BANNER Way, Pittsburgh, PA 15201-",https://data.wprdc.org/dataset/pli-permits
MP-2024-08597,pittsburgh,2024-09-17,0,MECHANICAL,NEW CONSTRUCTION,true,Completed,-79.938829449,40.4692769622,"5205 COLUMBO ST, Pittsburgh, PA 15224-",https://data.wprdc.org/dataset/pli-permits
EP-2021-00618,pittsburgh,2021-01-26,0,ELECTRICAL,NEW CONSTRUCTION,true,Completed,-80.009621655,40.4594665188,"132 E JEFFERSON ST, Pittsburgh, PA 15212-",https://data.wprdc.org/dataset/pli-permits
EP-2021-20733,pittsburgh,2021-12-29,0,ELECTRICAL,NEW CONSTRUCTION,true,Completed,-80.0215163848,40.3973990162,"537 ROSSMORE AVE, Pittsburgh, 15226-",https://data.wprdc.org/dataset/pli-permits
MP-2020-06091,pittsburgh,2020-07-29,0,MECHANICAL,NEW CONSTRUCTION,false,Completed,-79.9635398255,40.467214096,"208 39TH ST, Pittsburgh, PA 15201-",https://data.wprdc.org/dataset/pli-permits
SP-2021-09075,pittsburgh,2021-06-22,0,Sign Permit,NEW,false,Completed,-79.9812618033,40.4561914637,"2545 RAILROAD ST #301, Pittsburgh, PA 15222-",https://data.wprdc.org/dataset/pli-permits
SSP-2023-18378,pittsburgh,2024-04-17,0,Suppression System Permit,NEW SYSTEM,false,Completed,-79.9619586674,40.4693844971,"4017 BUTLER ST, Pittsburgh, PA 15201-",https://data.wprdc.org/dataset/pli-permits
EP-2020-20040,pittsburgh,2020-12-23,0,ELECTRICAL,NEW CONSTRUCTION,false,Completed,-79.9487431378,40.4848100068,"134 56TH ST, Pittsburgh, PA 15201-",https://data.wprdc.org/dataset/pli-permits
SSP-2024-13024,pittsburgh,2024-11-05,0,Suppression System Permit,NEW SYSTEM,false,Completed,-79.974992254,40.4378382184,"2120 5TH AVE #414, Pittsburgh, PA 15219-",https://data.wprdc.org/dataset/pli-permits
SSP-2022-04748,pittsburgh,2023-07-07,0,Suppression System Permit,NEW SYSTEM,false,Completed,-79.9436280184,40.425642106,"403 GREENFIELD AVE, Pittsburgh, PA 15207-",https://data.wprdc.org/dataset/pli-permits
SP-2021-08848,pittsburgh,2021-07-13,0,Sign Permit,NEW,false,Issued,-79.9198994824,40.4382629399,"5883 FORBES AVE, Pittsburgh, PA 15217-",https://data.wprdc.org/dataset/pli-permits
BP-2021-16571,pittsburgh,2021-12-30,0,BUILDING,NEW CONSTRUCTION,false,Issued,-79.9711202193,40.4274972341,"2403 SARAH ST, Pittsburgh, PA 15203-",https://data.wprdc.org/dataset/pli-permits
FAS-2019-11230,pittsburgh,2021-06-01,0,Fire Alarm Permit,NEW SYSTEM,false,Completed,-79.9653329962,40.4695679428,"129 39TH ST, Pittsburgh, PA 15201-",https://data.wprdc.org/dataset/pli-permits
SSP-2019-09922,pittsburgh,2020-01-23,0,Suppression System Permit,NEW SYSTEM,false,Completed,-79.9744385881,40.4585898175,"2916 SMALLMAN ST #320, Pittsburgh, PA 15201-",https://data.wprdc.org/dataset/pli-permits
BP-2021-19645,pittsburgh,2022-11-02,0,BUILDING,NEW CONSTRUCTION,true,Completed,-79.9772230928,40.4440019202,"2121 ROSE ST, Pittsburgh, PA 15219-",https://data.wprdc.org/dataset/pli-permits
SP-2022-19914,pittsburgh,2023-01-12,0,Sign Permit,NEW,false,Completed,-80.0017605409,40.441442142,"510 MARKET ST, Pittsburgh, PA 15222-",https://data.wprdc.org/dataset/pli-permits
FAS-2020-01226,pittsburgh,2020-06-12,0,Fire Alarm Permit,NEW SYSTEM,false,Issued,-80.0194093569,40.4905942527,"3933 PERRYSVILLE AVE, Pittsburgh, PA 15214-",https://data.wprdc.org/dataset/pli-permits
BP-2019-11431,pittsburgh,2020-09-16,0,BUILDING,NEW CONSTRUCTION,false,Completed,-79.9821031662,40.4386324646,"1709 5TH AVE #101, Pittsburgh, PA 15219-",https://data.wprdc.org/dataset/pli-permits
EP-2020-07193,pittsburgh,2020-08-19,0,ELECTRICAL,NEW CONSTRUCTION,true,Completed,-79.9312044652,40.4698168029,"5454 BLACK ST, Pittsburgh, PA 15206-",https://data.wprdc.org/dataset/pli-permits
SSP-2023-05933,pittsburgh,2023-08-07,0,Suppression System Permit,NEW SYSTEM,false,Completed,-79.9527528068,40.4546339386,"419 MELWOOD AVE #1025, Pittsburgh, PA 15213-",https://data.wprdc.org/dataset/pli-permits
BP-2022-09536,pittsburgh,2022-12-14,0,BUILDING,NEW CONSTRUCTION,true,Completed,-80.0794308566,40.4498994083,"104 CEDARWOOD PL, Pittsburgh, PA 15205-",https://data.wprdc.org/dataset/pli-permits
BP-2023-13920,pittsburgh,2024-01-03,0,BUILDING,NEW CONSTRUCTION,true,Completed,-79.9927927689,40.4226550864,"828 EXCELSIOR ST, Pittsburgh, PA 15210-",https://data.wprdc.org/dataset/pli-permits
EP-2024-12538,pittsburgh,2024-10-07,0,ELECTRICAL,NEW CONSTRUCTION,true,Completed,-79.9833621168,40.4469378987,"843 LEDLIE ST, Pittsburgh, PA 15219-",https://data.wprdc.org/dataset/pli-permits
SP-2023-08172,pittsburgh,2023-06-02,0,Sign Permit,NEW,false,Completed,-79.9585219413,40.4413543266,"3612 5TH AVE #303, Pittsburgh, PA 15213-",https://data.wprdc.org/dataset/pli-permits
BP-2022-09504,pittsburgh,2022-12-14,0,BUILDING,NEW CONSTRUCTION,true,Completed,-80.0794308566,40.4498994083,"104 CEDARWOOD PL, Pittsburgh, PA 15205-",https://data.wprdc.org/dataset/pli-permits
SP-2020-00294,pittsburgh,2020-05-07,0,Sign Permit,NEW,false,Completed,-79.980655978,40.4526794859,"2323 LIBERTY AVE, Pittsburgh, 15222-",https://data.wprdc.org/dataset/pli-permits
MP-2022-10933,pittsburgh,2022-08-02,0,MECHANICAL,NEW CONSTRUCTION,true,Completed,-79.9201679188,40.4756955256,"5816 BRYANT ST, Pittsburgh, PA 15206-",https://data.wprdc.org/dataset/pli-permits
SSP-2021-08937,pittsburgh,2021-07-09,0,Suppression System Permit,NEW SYSTEM,false,Completed,-79.9587027532,40.4406685606,"122 MEYRAN AVE, Pittsburgh, PA 15213-",https://data.wprdc.org/dataset/pli-permits
MP-2020-04196,pittsburgh,2020-06-02,0,MECHANICAL,NEW CONSTRUCTION,false,Completed,-79.9668667715,40.4625965737,"207 34TH ST #314, Pittsburgh, PA 15201-",https://data.wprdc.org/dataset/pli-permits
EP-2022-04597,pittsburgh,2022-04-01,0,ELECTRICAL,NEW CONSTRUCTION,true,Completed,-79.9909916982,40.4597267596,"1212 VOSKAMP ST, Pittsburgh, 15212-",https://data.wprdc.org/dataset/pli-permits
EP-2020-09199,pittsburgh,2020-06-23,0,ELECTRICAL,NEW CONSTRUCTION,true,Completed,-79.9500063171,40.4841232787,"5517 BERLIN Way, Pittsburgh, PA 15201-",https://data.wprdc.org/dataset/pli-permits
EP-2022-01968,pittsburgh,2022-02-15,0,ELECTRICAL,NEW CONSTRUCTION,true,Completed,-79.8980071635,40.4299505382,"1135 RICHMOND ST, Pittsburgh, PA 15218-",https://data.wprdc.org/dataset/pli-permits
EP-2023-03844,pittsburgh,2023-03-14,0,ELECTRICAL,NEW CONSTRUCTION,true,Completed,-80.0794308566,40.4498994083,"104 CEDARWOOD PL, Pittsburgh, PA 15205-",https://data.wprdc.org/dataset/pli-permits
BP-2022-07592,pittsburgh,2023-07-28,0,BUILDING,NEW CONSTRUCTION,true,Completed,-79.9435713854,40.4105593678,"4838 CHATSWORTH AVE, Pittsburgh, PA 15207-",https://data.wprdc.org/dataset/pli-permits
MP-2021-20386,pittsburgh,2022-02-15,0,MECHANICAL,NEW CONSTRUCTION,true,Completed,-80.0148695725,40.4283459054,"496 GRACE ST, Pittsburgh, PA 15211-",https://data.wprdc.org/dataset/pli-permits
EP-2023-03833,pittsburgh,2023-03-14,0,ELECTRICAL,NEW CONSTRUCTION,true,Completed,-80.0794308566,40.4498994083,"104 CEDARWOOD PL, Pittsburgh, PA 15205-",https://data.wprdc.org/dataset/pli-permits
MP-2023-06130,pittsburgh,2023-06-01,0,MECHANICAL,NEW CONSTRUCTION,false,Completed,-79.8928229029,40.4871226119,"843 FREEPORT RD, Pittsburgh, 15238-",https://data.wprdc.org/dataset/pli-permits
SSP-2021-20426,pittsburgh,2022-02-04,0,Suppression System Permit,NEW SYSTEM,false,Completed,-79.9515419391,40.4626676746,"4512 LIBERTY AVE, Pittsburgh, PA 15224-",https://data.wprdc.org/dataset/pli-permits
BP-2022-09545,pittsburgh,2022-12-08,0,BUILDING,NEW CONSTRUCTION,true,Completed,-80.0794308566,40.4498994083,"104 CEDARWOOD PL, Pittsburgh, PA 15205-",https://data.wprdc.org/dataset/pli-permits
SSP-2019-09892,pittsburgh,2020-01-30,0,Suppression System Permit,NEW SYSTEM,false,Completed,-80.0074730443,40.4563361907,"1205 FEDERAL ST, Pittsburgh, 15212-",https://data.wprdc.org/dataset/pli-permits
FAS-2020-10858,pittsburgh,2020-09-04,0,Fire Alarm Permit,NEW SYSTEM,false,Completed,-79.9393353302,40.4546013544,"5230 CENTRE AVE, Pittsburgh, PA 15232-",https://data.wprdc.org/dataset/pli-permits
EP-2022-12432,pittsburgh,2022-08-09,0,ELECTRICAL,NEW CONSTRUCTION,true,Completed,-79.9486742225,40.4646654826,"4631 TORLEY ST, Pittsburgh, 15224-",https://data.wprdc.org/dataset/pli-permits
FAS-2024-12188,pittsburgh,2024-11-07,0,Fire Alarm Permit,NEW SYSTEM,false,Completed,-79.9481728234,40.4833627562,"450 56TH ST #150, Pittsburgh, PA 15201-",https://data.wprdc.org/dataset/pli-permits
OLP-2022-00823,pittsburgh,2022-01-27,0,Occupant Load Placard Permit,NEW,false,Completed,-80.0106423909,40.4457886059,"353 NORTH SHORE DR, Pittsburgh, PA 15212",https://data.wprdc.org/dataset/pli-permits
EP-2023-13902,pittsburgh,2024-09-05,0,ELECTRICAL,NEW CONSTRUCTION,false,Completed,-79.9634913273,40.4370578855,"FORBES AVE, Pittsburgh, PA 15213-",https://data.wprdc.org/dataset/pli-permits
MP-2023-11890,pittsburgh,2023-09-14,0,MECHANICAL,NEW CONSTRUCTION,true,Completed,-80.0794308566,40.4498994083,"104 CEDARWOOD PL, Pittsburgh, PA 15205-",https://data.wprdc.org/dataset/pli-permits
EP-2022-00723,pittsburgh,2022-04-29,0,ELECTRICAL,NEW CONSTRUCTION,false,Completed,-79.9765905494,40.459215123,"2865 RAILROAD ST #301, Pittsburgh, PA 15222-",https://data.wprdc.org/dataset/pli-permits
EP-2019-09710,pittsburgh,2020-06-05,0,ELECTRICAL,NEW CONSTRUCTION,false,Completed,-79.9791040631,40.4565751415,"114 27TH ST, Pittsburgh, PA 15222-",https://data.wprdc.org/dataset/pli-permits
EP-2023-20328,pittsburgh,2023-12-12,0,ELECTRICAL,NEW CONSTRUCTION,true,Completed,-79.977054418,40.4440734281,"2127 ROSE ST, Pittsburgh, PA 15219-",https://data.wprdc.org/dataset/pli-permits
BP-2023-02235,pittsburgh,2023-08-25,0,BUILDING,NEW CONSTRUCTION,false,Completed,-79.9231934238,40.460015708,"6226 PENN AVE, Pittsburgh, PA 15206-",https://data.wprdc.org/dataset/pli-permits
MP-2021-05463,pittsburgh,2022-01-12,0,MECHANICAL,NEW CONSTRUCTION,false,Completed,-79.9698760428,40.4611691528,"3205 PENN AVE #634, Pittsburgh, PA 15201-",https://data.wprdc.org/dataset/pli-permits
FAS-2024-12623,pittsburgh,2024-11-21,0,Fire Alarm Permit,NEW SYSTEM,false,Completed,-79.9744889146,40.4592203327,"SMALLMAN ST, Pittsburgh, PA 15201-",https://data.wprdc.org/dataset/pli-permits
EP-2020-04701,pittsburgh,2020-10-15,0,ELECTRICAL,NEW CONSTRUCTION,false,Completed,-79.9296214621,40.4623681682,"141 S SAINT CLAIR ST #601, Pittsburgh, PA 15206-",https://data.wprdc.org/dataset/pli-permits
SP-2023-02371,pittsburgh,2023-04-04,0,Sign Permit,NEW,false,Completed,-79.9348496876,40.4506400808,"5414 WALNUT ST, Pittsburgh, 15232-",https://data.wprdc.org/dataset/pli-permits
BP-2021-19771,pittsburgh,2022-10-20,0,BUILDING,NEW CONSTRUCTION,true,Completed,-79.9871443337,40.4267782079,"1107 FREYBURG ST, Pittsburgh, PA 15203-",https://data.wprdc.org/dataset/pli-permits
OLP-2022-10307,pittsburgh,2023-02-16,0,Occupant Load Placard Permit,NEW,false,Completed,-79.9997831661,40.437253574,"412 BLVD OF THE ALLIES #431, Pittsburgh, PA 15219-",https://data.wprdc.org/dataset/pli-permits
FAS-2021-06740,pittsburgh,2021-06-09,0,Fire Alarm Permit,NEW SYSTEM,false,Completed,-79.9603895986,40.4767268012,"113 47TH ST, Pittsburgh, PA 15201-",https://data.wprdc.org/dataset/pli-permits
SSP-2021-12724,pittsburgh,2021-10-27,0,Suppression System Permit,NEW SYSTEM,false,Completed,-79.9314571941,40.4583462957,"5819 CENTRE AVE #101, Pittsburgh, PA 15206-",https://data.wprdc.org/dataset/pli-permits
EP-2020-07921,pittsburgh,2020-06-09,0,ELECTRICAL,NEW CONSTRUCTION,true,Completed,-80.0249156457,40.4398673457,"214 SEWARD ST, Pittsburgh, PA 15211-",https://data.wprdc.org/dataset/pli-permits
SP-2019-11134,pittsburgh,2020-02-03,0,Sign Permit,NEW,false,Completed,-79.9963278776,40.4546657302,"820 E OHIO ST, Pittsburgh, PA 15212-",https://data.wprdc.org/dataset/pli-permits
SP-2022-11289,pittsburgh,2023-05-17,0,Sign Permit,NEW,false,Issued,-79.9970380752,40.4399382103,"455 5TH AVE, Pittsburgh, PA 15219-",https://data.wprdc.org/dataset/pli-permits
FP-2023-08438,pittsburgh,2023-11-13,0,Floodplain Permit,New Construction,false,Issued,-79.9842097179,40.4530446649,"2128 RAILROAD ST, Pittsburgh, PA 15222-",https://data.wprdc.org/dataset/pli-permits
MP-2020-08662,pittsburgh,2020-08-13,0,MECHANICAL,NEW CONSTRUCTION,false,Completed,-79.9796122559,40.4549553695,"2552 SMALLMAN ST, Pittsburgh, PA 15222-",https://data.wprdc.org/dataset/pli-permits
EP-2020-04289,pittsburgh,2021-03-22,0,ELECTRICAL,NEW CONSTRUCTION,false,Completed,-80.0080661064,40.4468565587,"220 NORTH SHORE DR #628, Pittsburgh, PA 15212-",https://data.wprdc.org/dataset/pli-permits
SP-2022-05704,pittsburgh,2022-06-01,0,Sign Permit,NEW,false,Completed,-79.8927680515,40.4719434053,"7157 MARY PECK BOND PL, Pittsburgh, PA 15206-",https://data.wprdc.org/dataset/pli-permits
BP-2020-17970,pittsburgh,2021-10-14,0,BUILDING,NEW CONSTRUCTION,true,Completed,-79.9560906736,40.4712980904,"4606 DAVISON ST, Pittsburgh, PA 15201-",https://data.wprdc.org/dataset/pli-permits
BP-2022-01100,pittsburgh,2022-06-06,0,BUILDING,NEW CONSTRUCTION,false,Completed,-79.9590168681,40.4704397556,"233 43RD ST, Pittsburgh, PA 15201-",https://data.wprdc.org/dataset/pli-permits
EP-2022-14866,pittsburgh,2023-01-04,0,ELECTRICAL,NEW CONSTRUCTION,true,Completed,-79.9101576813,40.450311939,"6847 JUNIATA PL, Pittsburgh, 15208-",https://data.wprdc.org/dataset/pli-permits
BP-2019-08662,pittsburgh,2020-03-13,0,BUILDING,NEW CONSTRUCTION,true,Completed,-79.9668816349,40.4396046569,"114 BURROWS ST, Pittsburgh, PA 15213-",https://data.wprdc.org/dataset/pli-permits
EP-2024-00759,pittsburgh,2024-01-17,0,ELECTRICAL,NEW CONSTRUCTION,true,Completed,-79.9930921456,40.4270853995,"622 WINDOM ST, Pittsburgh, 15203-",https://data.wprdc.org/dataset/pli-permits
SP-2023-08986,pittsburgh,2023-06-13,0,Sign Permit,NEW,false,Completed,-79.966442558,40.4271731068,"2746 SIDNEY ST, Pittsburgh, PA 15203-",https://data.wprdc.org/dataset/pli-permits
BP-2021-16420,pittsburgh,2021-10-20,0,BUILDING,NEW CONSTRUCTION,true,Completed,-79.9137271043,40.4642496869,"6274 MEADOW ST, Pittsburgh, PA 15206-",https://data.wprdc.org/dataset/pli-permits
FAS-2024-10932,pittsburgh,2024-10-22,0,Fire Alarm Permit,NEW SYSTEM,false,Completed,-79.9740815055,40.4588292868,"2930 SMALLMAN ST #408, Pittsburgh, PA 15201-",https://data.wprdc.org/dataset/pli-permits
SP-2022-00374,pittsburgh,2022-04-28,0,Sign Permit,NEW,false,Issued,-80.0809484036,40.4402577232,"290 W STEUBEN ST, Pittsburgh, PA 15205-",https://data.wprdc.org/dataset/pli-permits
EP-2023-04116,pittsburgh,2023-03-08,0,ELECTRICAL,NEW CONSTRUCTION,true,Completed,-79.9637301025,40.4661404165,"226 38TH ST, Pittsburgh, PA 15201-",https://data.wprdc.org/dataset/pli-permits
OLP-2023-00142,pittsburgh,2023-02-02,0,Occupant Load Placard Permit,NEW,false,Completed,-79.994859348,40.4413703466,"600 GRANT ST #5382, Pittsburgh, PA 15219-",https://data.wprdc.org/dataset/pli-permits
BP-2023-13217,pittsburgh,2023-10-16,0,BUILDING,NEW CONSTRUCTION,true,Completed,-79.9354333058,40.466798998,"236 ELORA Way, Pittsburgh, PA 15224-",https://data.wprdc.org/dataset/pli-permits
EP-2024-13216,pittsburgh,2024-10-31,0,ELECTRICAL,NEW CONSTRUCTION,true,Completed,-79.9935776072,40.4229757725,"803 EXCELSIOR ST, Pittsburgh, 15210-",https://data.wprdc.org/dataset/pli-permits
OLP-2021-18583,pittsburgh,2021-11-18,0,Occupant Load Placard Permit,NEW,false,Completed,-79.9202465691,40.4761730175,"28 AZIMUTH CT, Pittsburgh, 15206-",https://data.wprdc.org/dataset/pli-permits
MP-2021-13255,pittsburgh,2021-08-11,0,MECHANICAL,NEW CONSTRUCTION,true,Completed,-80.0046889086,40.4607625302,"1612 MEADVILLE ST, Pittsburgh, PA 15214-",https://data.wprdc.org/dataset/pli-permits
EP-2024-09840,pittsburgh,2024-07-01,0,ELECTRICAL,NEW CONSTRUCTION,true,Completed,-79.981645253,40.4410720618,"1829 REED ST, Pittsburgh, PA 15219-",https://data.wprdc.org/dataset/pli-permits
EP-2023-09498,pittsburgh,2023-06-12,0,ELECTRICAL,NEW CONSTRUCTION,true,Completed,-79.9082578545,40.4612536812,"546 LINCOLN AVE, Pittsburgh, PA 15206-",https://data.wprdc.org/dataset/pli-permits
SP-2022-05509,pittsburgh,2024-02-26,0,Sign Permit,NEW,false,Application Finalization,-79.9859353763,40.4285875687,"1210 E CARSON ST, Pittsburgh, 15203-",https://data.wprdc.org/dataset/pli-permits
FAS-2021-19247,pittsburgh,2022-01-31,0,Fire Alarm Permit,NEW SYSTEM,false,Completed,-79.9778517878,40.4569425432,"2701 SMALLMAN ST, Pittsburgh, 15222-",https://data.wprdc.org/dataset/pli-permits
EP-2024-04960,pittsburgh,2024-04-04,0,ELECTRICAL,NEW CONSTRUCTION,true,Completed,-79.9819997078,40.4398191177,"1738 REED ST #424, Pittsburgh, PA 15219-",https://data.wprdc.org/dataset/pli-permits
BP-2022-07768,pittsburgh,2022-07-22,0,BUILDING,NEW CONSTRUCTION,false,Issued,-79.9040210189,40.4320140141,"6579 ENGLISH LN, Pittsburgh, PA 15217-",https://data.wprdc.org/dataset/pli-permits
SSP-2019-09633,pittsburgh,2020-06-12,0,Suppression System Permit,NEW SYSTEM,false,Completed,-79.966989898,40.456858644,"3105 BRERETON ST, Pittsburgh, PA 15219-",https://data.wprdc.org/dataset/pli-permits
MP-2024-12313,pittsburgh,2024-10-14,0,MECHANICAL,NEW CONSTRUCTION,true,Completed,-79.9949754744,40.4238791418,"719 EUREKA ST, Pittsburgh, PA 15210-",https://data.wprdc.org/dataset/pli-permits
EP-2023-20561,pittsburgh,2023-12-11,0,ELECTRICAL,NEW CONSTRUCTION,true,Completed,-80.0182830687,40.4380468692,"1204 GRANDVIEW AVE, Pittsburgh, PA 15211-",https://data.wprdc.org/dataset/pli-permits
SSP-2020-16212,pittsburgh,2020-10-09,0,Suppression System Permit,NEW SYSTEM,false,Completed,-79.9972117486,40.4417265917,"620 SMITHFIELD ST, Pittsburgh, PA 15222-",https://data.wprdc.org/dataset/pli-permits
EP-2023-20318,pittsburgh,2023-12-12,0,ELECTRICAL,NEW CONSTRUCTION,true,Completed,-79.9772230928,40.4440019202,"2121 ROSE ST, Pittsburgh, PA 15219-",https://data.wprdc.org/dataset/pli-permits
SSP-2021-20124,pittsburgh,2022-01-31,0,Suppression System Permit,NEW SYSTEM,false,Completed,-80.0106423909,40.4457886059,"353 NORTH SHORE DR, Pittsburgh, PA 15212",https://data.wprdc.org/dataset/pli-permits
BP-2023-16160,pittsburgh,2024-01-29,0,BUILDING,NEW CONSTRUCTION,false,Issued,-79.9914618561,40.4415602968,"626 WASHINGTON PL #2501, Pittsburgh, PA 15219-",https://data.wprdc.org/dataset/pli-permits
SP-2021-12338,pittsburgh,2021-08-16,0,Sign Permit,NEW,false,Issued,-79.9603895986,40.4767268012,"113 47TH ST, Pittsburgh, PA 15201-",https://data.wprdc.org/dataset/pli-permits
BP-2019-06102,pittsburgh,2020-11-04,0,BUILDING,NEW CONSTRUCTION,true,Completed,-80.0152029649,40.4583185894,"1609 BUENA VISTA ST, Pittsburgh, PA 15212-",https://data.wprdc.org/dataset/pli-permits
SP-2021-13737,pittsburgh,2021-10-21,0,Sign Permit,NEW,false,Issued,-80.0227901832,40.3953903847,"536 BROOKLINE BLVD, Pittsburgh, 15226-",https://data.wprdc.org/dataset/pli-permits
OLP-2019-11569,pittsburgh,2020-01-24,0,Occupant Load Placard Permit,NEW,false,Completed,-79.8972022597,40.439417449,"607 S BRADDOCK AVE, Pittsburgh, 15221-",https://data.wprdc.org/dataset/pli-permits
MP-2020-07586,pittsburgh,2020-07-09,0,MECHANICAL,NEW CONSTRUCTION,false,Completed,-79.9958002419,40.4431837962,"980 LIBERTY AVE, Pittsburgh, PA 15222-",https://data.wprdc.org/dataset/pli-permits
BP-2021-14646,pittsburgh,2023-03-06,0,BUILDING,NEW CONSTRUCTION,true,Completed,-79.9345333647,40.4683048775,"433 N AIKEN AVE, Pittsburgh, PA 15206-",https://data.wprdc.org/dataset/pli-permits
EP-2023-08158,pittsburgh,2023-05-16,0,ELECTRICAL,NEW CONSTRUCTION,true,Completed,-79.9149359684,40.4625415637,"163 AUBURN ST, Pittsburgh, PA 15206-",https://data.wprdc.org/dataset/pli-permits
SP-2023-11139,pittsburgh,2023-12-27,0,Sign Permit,NEW,false,Issued,-79.9874931934,40.4380318427,"118 STEVENSON ST, Pittsburgh, PA 15219-",https://data.wprdc.org/dataset/pli-permits
OLP-2023-06524,pittsburgh,2023-04-15,0,Occupant Load Placard Permit,NEW,false,Completed,-80.0542478506,40.428796909,"2250 NOBLESTOWN RD, Pittsburgh, 15205-",https://data.wprdc.org/dataset/pli-permits
EP-2023-12224,pittsburgh,2023-07-24,0,ELECTRICAL,NEW CONSTRUCTION,true,Completed,-80.0246664002,40.4394603597,"221 SEWARD ST, Pittsburgh, PA 15211-",https://data.wprdc.org/dataset/pli-permits
BP-2021-14644,pittsburgh,2023-06-12,0,BUILDING,NEW CONSTRUCTION,true,Completed,-79.9345821032,40.4682224942,"429 N AIKEN AVE, Pittsburgh, PA 15206-",https://data.wprdc.org/dataset/pli-permits
MP-2024-09862,pittsburgh,2024-07-08,0,MECHANICAL,NEW CONSTRUCTION,true,Completed,-79.9404495748,40.4495984306,"720 AMBERSON AVE, Pittsburgh, 15232-",https://data.wprdc.org/dataset/pli-permits
SSP-2022-09380,pittsburgh,2022-07-18,0,Suppression System Permit,NEW SYSTEM,false,Completed,-80.0192805949,40.3936087749,"815 BROOKLINE BLVD, Pittsburgh, PA 15226-",https://data.wprdc.org/dataset/pli-permits
OLP-2020-02351,pittsburgh,2020-02-24,0,Occupant Load Placard Permit,NEW,false,Completed,-79.9812618033,40.4561914637,"2545 RAILROAD ST #301, Pittsburgh, PA 15222-",https://data.wprdc.org/dataset/pli-permits
SP-2023-13346,pittsburgh,2023-09-28,0,Sign Permit,NEW,false,Completed,-79.9970190935,40.4296427641,"305 E CARSON ST, Pittsburgh, PA 15219-",https://data.wprdc.org/dataset/pli-permits
MP-2023-03995,pittsburgh,2023-03-21,0,MECHANICAL,NEW CONSTRUCTION,true,Completed,-80.0391745251,40.4385344355,"529 WESTON Way, Pittsburgh, PA 15220-",https://data.wprdc.org/dataset/pli-permits
EP-2023-15421,pittsburgh,2023-09-15,0,ELECTRICAL,NEW CONSTRUCTION,true,Completed,-80.0041077907,40.4279429241,"424 WILLIAM ST, Pittsburgh, PA 15211-",https://data.wprdc.org/dataset/pli-permits
OLP-2023-01117,pittsburgh,2023-07-18,0,Occupant Load Placard Permit,NEW,false,Completed,-79.8927680515,40.4719434053,"7157 MARY PECK BOND PL, Pittsburgh, PA 15206-",https://data.wprdc.org/dataset/pli-permits
FAS-2020-07657,pittsburgh,2020-09-09,0,Fire Alarm Permit,NEW SYSTEM,false,Completed,-79.9838559973,40.4544393982,"2239 RAILROAD ST, Pittsburgh, 15222-",https://data.wprdc.org/dataset/pli-permits
SP-2023-00311,pittsburgh,2023-01-30,0,Sign Permit,NEW,false,Issued,-80.0582658549,40.4275150068,"2440 NOBLESTOWN RD, Pittsburgh, PA 15205-",https://data.wprdc.org/dataset/pli-permits
BP-2022-16430,pittsburgh,2023-07-20,0,BUILDING,NEW CONSTRUCTION,true,Completed,-80.0014429418,40.4536090119,"706 CEDAR AVE, Pittsburgh, PA 15212-",https://data.wprdc.org/dataset/pli-permits
SP-2024-11399,pittsburgh,2024-10-09,0,Sign Permit,NEW,false,Issued,-79.9609890327,40.4548438293,"3401 MILWAUKEE ST, Pittsburgh, 15219-",https://data.wprdc.org/dataset/pli-permits
OOP-2020-18881,pittsburgh,2021-01-07,0,Occupancy Only Permit,NEW USE,true,Completed,-80.0198748064,40.4914538629,"4010 PERRYSVILLE AVE, Pittsburgh, PA 15214-",https://data.wprdc.org/dataset/pli-permits
SP-2023-12096,pittsburgh,2023-12-28,0,Sign Permit,NEW,false,Completed,-79.9553099309,40.4783982214,"5102 BUTLER ST, Pittsburgh, 15201-",https://data.wprdc.org/dataset/pli-permits
OLP-2021-16952,pittsburgh,2021-10-12,0,Occupant Load Placard Permit,NEW,false,Completed,-79.9865822593,40.4693404627,"1926 SPRING GARDEN AVE, Pittsburgh, PA 15212-",https://data.wprdc.org/dataset/pli-permits
SSP-2021-07735,pittsburgh,2021-08-16,0,Suppression System Permit,NEW SYSTEM,false,Completed,-79.9388345506,40.4644404087,"5228 PENN AVE #301, Pittsburgh, PA 15224-",https://data.wprdc.org/dataset/pli-permits
FAS-2020-01352,pittsburgh,2020-05-29,0,Fire Alarm Permit,NEW SYSTEM,false,Completed,-79.9791040631,40.4565751415,"114 27TH ST, Pittsburgh, PA 15222-",https://data.wprdc.org/dataset/pli-permits
MP-2023-00021,pittsburgh,2023-01-03,0,MECHANICAL,NEW CONSTRUCTION,true,Completed,-79.9491438561,40.481566796,"513 54TH ST, Pittsburgh, PA 15201-",https://data.wprdc.org/dataset/pli-permits
EP-2024-09809,pittsburgh,2024-06-27,0,ELECTRICAL,NEW CONSTRUCTION,true,Completed,-79.9819997078,40.4398191177,"1738 REED ST #424, Pittsburgh, PA 15219-",https://data.wprdc.org/dataset/pli-permits
EP-2022-15532,pittsburgh,2022-11-14,0,ELECTRICAL,NEW CONSTRUCTION,false,Completed,-79.9590168681,40.4704397556,"233 43RD ST, Pittsburgh, PA 15201-",https://data.wprdc.org/dataset/pli-permits
MP-2020-12625,pittsburgh,2020-09-09,0,MECHANICAL,NEW CONSTRUCTION,true,Completed,-80.0253322331,40.4361976811,"415 CLARENCE ST, Pittsburgh, PA 15211-",https://data.wprdc.org/dataset/pli-permits
SP-2022-08762,pittsburgh,2022-06-21,0,Sign Permit,NEW,false,Issued,-79.9610412562,40.470172252,"4123 BUTLER ST, Pittsburgh, 15201-",https://data.wprdc.org/dataset/pli-permits
MP-2022-00073,pittsburgh,2022-08-10,0,MECHANICAL,NEW CONSTRUCTION,false,Completed,-79.9586741342,40.4396582241,"3510 FORBES AVE, Pittsburgh, PA 15213-",https://data.wprdc.org/dataset/pli-permits
BP-2024-08788,pittsburgh,2024-09-16,0,BUILDING,NEW CONSTRUCTION,false,Application Finalization,-79.9590168681,40.4704397556,"233 43RD ST, Pittsburgh, PA 15201-",https://data.wprdc.org/dataset/pli-permits
BP-2023-17991,pittsburgh,2024-01-31,0,BUILDING,NEW CONSTRUCTION,true,Completed,-79.9935776072,40.4229757725,"803 EXCELSIOR ST, Pittsburgh, 15210-",https://data.wprdc.org/dataset/pli-permits
BP-2024-08790,pittsburgh,2024-11-01,0,BUILDING,NEW CONSTRUCTION,false,Application Finalization,-79.9583187082,40.4701916967,"256 44TH ST, Pittsburgh, PA 15201-",https://data.wprdc.org/dataset/pli-permits
EP-2021-02666,pittsburgh,2021-03-01,0,ELECTRICAL,NEW CONSTRUCTION,true,Completed,-79.9583000535,40.4602185683,"3721 MELWOOD AVE, Pittsburgh, PA 15213-",https://data.wprdc.org/dataset/pli-permits
BP-2021-03058,pittsburgh,2021-05-11,0,BUILDING,NEW CONSTRUCTION,false,Completed,-79.9603895986,40.4767268012,"113 47TH ST, Pittsburgh, PA 15201-",https://data.wprdc.org/dataset/pli-permits
MP-2020-09448,pittsburgh,2021-02-02,0,MECHANICAL,NEW CONSTRUCTION,true,Expired,-79.9138067525,40.4217028861,"1237 FAIRSTEAD LN, Pittsburgh, 15217-",https://data.wprdc.org/dataset/pli-permits
SP-2022-11200,pittsburgh,2022-08-31,0,Sign Permit,NEW,false,Issued,-80.0562347943,40.4633590636,"351 STANHOPE ST, Pittsburgh, 15204-",https://data.wprdc.org/dataset/pli-permits
EP-2020-17002,pittsburgh,2020-10-29,0,ELECTRICAL,NEW CONSTRUCTION,true,Completed,-79.9359894569,40.441497261,"5261 FORBES AVE, Pittsburgh, 15217-",https://data.wprdc.org/dataset/pli-permits
OLP-2024-09624,pittsburgh,2024-10-24,0,Occupant Load Placard Permit,NEW,false,Completed,-80.0391830421,40.4676674232,"2839 NEW BEAVER AVE, Pittsburgh, PA 15233-",https://data.wprdc.org/dataset/pli-permits
MP-2023-21028,pittsburgh,2024-02-08,0,MECHANICAL,NEW CONSTRUCTION,true,Completed,-79.8978447446,40.4297068332,"1201 RICHMOND ST, Pittsburgh, PA 15218-",https://data.wprdc.org/dataset/pli-permits
SP-2020-15140,pittsburgh,2021-04-14,0,Sign Permit,NEW,false,Expired,-79.9671843915,40.4284089821,No primary address specified,https://data.wprdc.org/dataset/pli-permits
SSP-2022-07129,pittsburgh,2022-06-21,0,Suppression System Permit,NEW SYSTEM,false,Completed,-79.94390358,40.4417684612,"4927 MARGARET MORRISON ST, Pittsburgh, PA 15213-",https://data.wprdc.org/dataset/pli-permits
MP-2023-11887,pittsburgh,2023-09-14,0,MECHANICAL,NEW CONSTRUCTION,true,Completed,-80.0794308566,40.4498994083,"104 CEDARWOOD PL, Pittsburgh, PA 15205-",https://data.wprdc.org/dataset/pli-permits
BP-2022-08225,pittsburgh,2022-12-14,0,BUILDING,NEW CONSTRUCTION,false,Completed,-80.0809420052,40.4498763913,"1862 BROADHEAD FORDING RD, Pittsburgh, PA 15205-",https://data.wprdc.org/dataset/pli-permits
EP-2022-05179,pittsburgh,2022-05-19,0,ELECTRICAL,NEW CONSTRUCTION,false,Completed,-79.9140697385,40.4561543526,"6515 PENN AVE, Pittsburgh, PA 15206-",https://data.wprdc.org/dataset/pli-permits
MP-2021-16921,pittsburgh,2021-11-22,0,MECHANICAL,NEW CONSTRUCTION,false,Completed,-79.9589277056,40.4223563803,"3381 E CARSON ST, Pittsburgh, PA 15203-",https://data.wprdc.org/dataset/pli-permits
EP-2023-03875,pittsburgh,2023-03-14,0,ELECTRICAL,NEW CONSTRUCTION,true,Completed,-80.0794308566,40.4498994083,"104 CEDARWOOD PL, Pittsburgh, PA 15205-",https://data.wprdc.org/dataset/pli-permits
SSP-2023-04335,pittsburgh,2023-05-04,0,Suppression System Permit,NEW SYSTEM,false,Completed,-80.0093046886,40.4460312776,"271 NORTH SHORE DR #700, Pittsburgh, PA 15212-",https://data.wprdc.org/dataset/pli-permits
MP-2022-11250,pittsburgh,2023-02-16,0,MECHANICAL,NEW CONSTRUCTION,false,Completed,-79.9835922908,40.436106554,"1622 LOCUST ST, Pittsburgh, PA 15219-",https://data.wprdc.org/dataset/pli-permits
OLP-2024-04012,pittsburgh,2024-05-10,0,Occupant Load Placard Permit,NEW,false,Completed,-79.9914618561,40.4415602968,"626 WASHINGTON PL #2501, Pittsburgh, PA 15219-",https://data.wprdc.org/dataset/pli-permits
MP-2021-07745,pittsburgh,2021-10-04,0,MECHANICAL,NEW CONSTRUCTION,true,Completed,-79.9667989847,40.4392650574,"128 BURROWS ST, Pittsburgh, PA 15213-",https://data.wprdc.org/dataset/pli-permits
BP-2023-18429,pittsburgh,2024-01-03,0,BUILDING,NEW CONSTRUCTION,true,Completed,-79.9947664643,40.4234944527,"726 EUREKA ST, Pittsburgh, PA 15210-",https://data.wprdc.org/dataset/pli-permits
SP-2024-01795,pittsburgh,2024-03-04,0,Sign Permit,NEW,false,Completed,-79.9085709893,40.457435176,"6916 5TH AVE, Pittsburgh, PA 15208-",https://data.wprdc.org/dataset/pli-permits
MP-2022-03040,pittsburgh,2022-08-19,0,MECHANICAL,NEW CONSTRUCTION,false,Completed,-79.9903585214,40.4486022823,"1447 SMALLMAN ST, Pittsburgh, PA 15222-",https://data.wprdc.org/dataset/pli-permits
FAS-2023-15709,pittsburgh,2023-10-27,0,Fire Alarm Permit,NEW SYSTEM,false,Completed,-79.9847862153,40.4502405128,"1736 PENN AVE, Pittsburgh, 15222-",https://data.wprdc.org/dataset/pli-permits
FAS-2021-07760,pittsburgh,2021-08-25,0,Fire Alarm Permit,NEW SYSTEM,false,Completed,-79.9559065591,40.4400058209,"255 ATWOOD ST, Pittsburgh, 15213-",https://data.wprdc.org/dataset/pli-permits
EP-2020-19328,pittsburgh,2020-12-03,0,ELECTRICAL,NEW CONSTRUCTION,true,Completed,-79.91433997,40.3967017909,"4315 Bench Way, Pittsburgh, PA 15120-",https://data.wprdc.org/dataset/pli-permits
OLP-2022-18097,pittsburgh,2022-11-21,0,Occupant Load Placard Permit,NEW,false,Completed,-79.9213446573,40.4642440763,"342 N SHERIDAN AVE, Pittsburgh, PA 15206-",https://data.wprdc.org/dataset/pli-permits
EP-2023-03944,pittsburgh,2023-03-14,0,ELECTRICAL,NEW CONSTRUCTION,true,Completed,-80.0794308566,40.4498994083,"104 CEDARWOOD PL, Pittsburgh, PA 15205-",https://data.wprdc.org/dataset/pli-permits
SP-2019-11792,pittsburgh,2020-02-11,0,Sign Permit,NEW,false,Completed,-79.9765905494,40.459215123,"2865 RAILROAD ST #301, Pittsburgh, PA 15222-",https://data.wprdc.org/dataset/pli-permits
SP-2021-05530,pittsburgh,2021-08-25,0,Sign Permit,NEW,false,Completed,-80.0200611402,40.450284711,"1016 N LINCOLN AVE, Pittsburgh, 15233-",https://data.wprdc.org/dataset/pli-permits
BP-2022-09529,pittsburgh,2022-12-14,0,BUILDING,NEW CONSTRUCTION,true,Completed,-80.0794308566,40.4498994083,"104 CEDARWOOD PL, Pittsburgh, PA 15205-",https://data.wprdc.org/dataset/pli-permits
MP-2021-14219,pittsburgh,2021-10-06,0,MECHANICAL,NEW CONSTRUCTION,true,Issued,-79.9541697915,40.4312214231,"3 DAWSON CT, Pittsburgh, 15213-",https://data.wprdc.org/dataset/pli-permits
FAS-2023-08100,pittsburgh,2023-07-10,0,Fire Alarm Permit,NEW SYSTEM,false,Completed,-79.9670121915,40.4344006154,"3000 TECHNOLOGY DR, Pittsburgh, PA 15219-",https://data.wprdc.org/dataset/pli-permits
FAS-2024-01816,pittsburgh,2024-03-12,0,Fire Alarm Permit,NEW SYSTEM,false,Completed,-80.0430510996,40.4748309616,"3300 PREBLE AVE #420, Pittsburgh, PA 15233-",https://data.wprdc.org/dataset/pli-permits
SSP-2020-21066,pittsburgh,2021-02-10,0,Suppression System Permit,NEW SYSTEM,false,Completed,-79.9171324253,40.4568753451,"6425 LIVING PL #400, Pittsburgh, PA 15206-",https://data.wprdc.org/dataset/pli-permits
BP-2021-14663,pittsburgh,2023-03-09,0,BUILDING,NEW CONSTRUCTION,true,Completed,-79.9350314977,40.4665592327,"234 N AIKEN AVE, Pittsburgh, 15206-",https://data.wprdc.org/dataset/pli-permits
BP-2023-14172,pittsburgh,2024-03-25,0,BUILDING,NEW CONSTRUCTION,true,Completed,-79.9819997078,40.4398191177,"1738 REED ST #424, Pittsburgh, PA 15219-",https://data.wprdc.org/dataset/pli-permits
SP-2020-07104,pittsburgh,2020-06-04,0,Sign Permit,NEW,false,Completed,-80.0047064017,40.4408226171,"444 LIBERTY AVE, Pittsburgh, PA 15222-",https://data.wprdc.org/dataset/pli-permits
EP-2020-01432,pittsburgh,2020-11-18,0,ELECTRICAL,NEW CONSTRUCTION,false,Completed,-79.9458306973,40.4476132808,"4735 5TH AVE, Pittsburgh, PA 15213-",https://data.wprdc.org/dataset/pli-permits
SP-2022-07843,pittsburgh,2022-05-26,0,Sign Permit,NEW,false,Completed,-79.9606644314,40.4404717087,"3471 5TH AVE, Pittsburgh, 15213-",https://data.wprdc.org/dataset/pli-permits
MP-2024-02441,pittsburgh,2024-03-19,0,MECHANICAL,NEW CONSTRUCTION,true,Issued,-79.9651612234,40.4626501233,"3439 DENNY ST, Pittsburgh, 15201-",https://data.wprdc.org/dataset/pli-permits
BP-2020-09352,pittsburgh,2020-10-26,0,BUILDING,NEW CONSTRUCTION,true,Completed,-80.0238402579,40.434652209,"450 WYOLA ST, Pittsburgh, PA 15211-",https://data.wprdc.org/dataset/pli-permits
SSP-2020-03103,pittsburgh,2020-07-22,0,Suppression System Permit,NEW SYSTEM,false,Completed,-79.9962833318,40.4510221241,"234 VOEGHTLY ST, Pittsburgh, PA 15212-",https://data.wprdc.org/dataset/pli-permits
SSP-2024-10600,pittsburgh,2024-07-31,0,Suppression System Permit,NEW SYSTEM,false,Completed,-79.9500144549,40.4474044438,"125 N CRAIG ST, Pittsburgh, 15213-",https://data.wprdc.org/dataset/pli-permits
MP-2021-10624,pittsburgh,2021-08-02,0,MECHANICAL,NEW CONSTRUCTION,false,Completed,-79.9401755564,40.4573786627,"5259 LIBERTY AVE, Pittsburgh, PA 15224-",https://data.wprdc.org/dataset/pli-permits
OLP-2023-10272,pittsburgh,2023-11-21,0,Occupant Load Placard Permit,NEW,false,Completed,-79.9222085703,40.4885747474,"7227 BUTLER ST, Pittsburgh, PA 15206-",https://data.wprdc.org/dataset/pli-permits
BP-2022-13306,pittsburgh,2022-10-20,0,BUILDING,NEW CONSTRUCTION,false,Completed,-79.9401755564,40.4573786627,"5259 LIBERTY AVE, Pittsburgh, PA 15224-",https://data.wprdc.org/dataset/pli-permits
MP-2023-12293,pittsburgh,2023-08-01,0,MECHANICAL,NEW CONSTRUCTION,true,Completed,-79.9360459491,40.4665608842,"5347 KINCAID ST, Pittsburgh, 15224-",https://data.wprdc.org/dataset/pli-permits
OLP-2022-11874,pittsburgh,2022-10-11,0,Occupant Load Placard Permit,NEW,false,Completed,-79.9903585214,40.4486022823,"1447 SMALLMAN ST, Pittsburgh, PA 15222-",https://data.wprdc.org/dataset/pli-permits
MP-2022-03970,pittsburgh,2023-04-18,0,MECHANICAL,NEW CONSTRUCTION,false,Completed,-80.0346435645,40.4875020859,"1020 BENTON AVE, Pittsburgh, PA 15212-",https://data.wprdc.org/dataset/pli-permits
SSP-2023-20242,pittsburgh,2024-05-17,0,Suppression System Permit,NEW SYSTEM,false,Completed,-79.9211060768,40.4587972853,"163 SHADY AVE #114, Pittsburgh, PA 15206-",https://data.wprdc.org/dataset/pli-permits
SSP-2022-04120,pittsburgh,2022-03-30,0,Suppression System Permit,NEW SYSTEM,false,Completed,-79.9678780585,40.4600244522,"3220 SASSAFRAS Way #414, Pittsburgh, PA 15201-",https://data.wprdc.org/dataset/pli-permits
SSP-2023-12237,pittsburgh,2023-10-05,0,Suppression System Permit,NEW SYSTEM,false,Completed,-79.9976696727,40.439440784,"456 5TH AVE, Pittsburgh, PA 15219-",https://data.wprdc.org/dataset/pli-permits
MP-2022-17317,pittsburgh,2023-04-18,0,MECHANICAL,NEW CONSTRUCTION,false,Completed,-79.9470039009,40.4541811589,"4828 BAUM BLVD, Pittsburgh, PA 15213-",https://data.wprdc.org/dataset/pli-permits
OLP-2022-03060,pittsburgh,2022-03-22,0,Occupant Load Placard Permit,NEW,false,Completed,-79.9872587236,40.4496848497,"1644 SMALLMAN ST, Pittsburgh, PA 15222-",https://data.wprdc.org/dataset/pli-permits
BP-2023-03865,pittsburgh,2023-04-13,0,BUILDING,NEW CONSTRUCTION,true,Issued,-80.0084936439,40.4568149117,"1236 BUTTERFIELD Way, Pittsburgh, PA 15212-",https://data.wprdc.org/dataset/pli-permits
BP-2019-01219,pittsburgh,2020-02-07,0,BUILDING,NEW CONSTRUCTION,false,Completed,-79.9835922908,40.436106554,"1622 LOCUST ST, Pittsburgh, PA 15219-",https://data.wprdc.org/dataset/pli-permits
MP-2019-08276,pittsburgh,2020-01-13,0,MECHANICAL,NEW CONSTRUCTION,false,Completed,-79.94390358,40.4417684612,"4927 MARGARET MORRISON ST, Pittsburgh, PA 15213-",https://data.wprdc.org/dataset/pli-permits
FAS-2023-11121,pittsburgh,2023-08-03,0,Fire Alarm Permit,NEW SYSTEM,false,Completed,-80.0809420052,40.4498763913,"1862 BROADHEAD FORDING RD, Pittsburgh, PA 15205-",https://data.wprdc.org/dataset/pli-permits
BP-2023-05410,pittsburgh,2023-08-14,0,BUILDING,NEW CONSTRUCTION,true,Issued,-79.885373944,40.4482633666,"1435 PITT ST, Pittsburgh, 15221-",https://data.wprdc.org/dataset/pli-permits
SP-2023-03262,pittsburgh,2023-07-19,0,Sign Permit,NEW,false,Issued,-79.9765226046,40.4282622405,"2026 E CARSON ST, Pittsburgh, 15203-",https://data.wprdc.org/dataset/pli-permits
EP-2021-04016,pittsburgh,2021-04-23,0,ELECTRICAL,NEW CONSTRUCTION,true,Issued,-79.9604993778,40.4743073732,"143 46TH ST, Pittsburgh, PA 15201-",https://data.wprdc.org/dataset/pli-permits
MP-2021-19891,pittsburgh,2021-12-22,0,MECHANICAL,NEW CONSTRUCTION,true,Completed,-80.024996781,40.4602721806,"1236 KUNKLE AVE, Pittsburgh, PA 15212-",https://data.wprdc.org/dataset/pli-permits
MP-2021-07749,pittsburgh,2021-10-04,0,MECHANICAL,NEW CONSTRUCTION,true,Completed,-79.9668234657,40.4393620089,"124 BURROWS ST, Pittsburgh, PA 15213-",https://data.wprdc.org/dataset/pli-permits
BP-2022-09543,pittsburgh,2022-12-14,0,BUILDING,NEW CONSTRUCTION,true,Completed,-80.0794308566,40.4498994083,"104 CEDARWOOD PL, Pittsburgh, PA 15205-",https://data.wprdc.org/dataset/pli-permits
OLP-2020-10689,pittsburgh,2020-07-30,0,Occupant Load Placard Permit,NEW,false,Completed,-79.99411151,40.4445352842,"1001 LIBERTY AVE #200, Pittsburgh, PA 15222-",https://data.wprdc.org/dataset/pli-permits
MP-2022-15214,pittsburgh,2023-01-18,0,MECHANICAL,NEW CONSTRUCTION,false,Completed,-80.0414405784,40.4855271496,"1869 PERROTT AVE, Pittsburgh, 15212-",https://data.wprdc.org/dataset/pli-permits
OLP-2023-15520,pittsburgh,2023-09-15,0,Occupant Load Placard Permit,NEW,false,Completed,-79.9648273521,40.4276700429,"425 CINEMA DR #201, Pittsburgh, PA 15203-",https://data.wprdc.org/dataset/pli-permits
OOP-2021-07548,pittsburgh,2022-12-06,0,Occupancy Only Permit,NEW USE,false,Completed,-79.9824344124,40.4530062123,"116 23RD ST, Pittsburgh, PA 15222-",https://data.wprdc.org/dataset/pli-permits
EP-2020-15228,pittsburgh,2020-12-11,0,ELECTRICAL,NEW CONSTRUCTION,false,Completed,-80.0859878913,40.4426931777,"463 NAPOR BLVD #121, Pittsburgh, PA 15205-",https://data.wprdc.org/dataset/pli-permits
SP-2024-01397,pittsburgh,2024-03-05,0,Sign Permit,NEW,false,Issued,-79.9658194883,40.4294901026,"2695 SOUTH WATER ST #442, Pittsburgh, PA 15203-",https://data.wprdc.org/dataset/pli-permits
OLP-2023-08860,pittsburgh,2023-06-06,0,Occupant Load Placard Permit,NEW,false,Completed,-79.9684280981,40.4603506967,"3234 LIBERTY AVE #562, Pittsburgh, PA 15201-",https://data.wprdc.org/dataset/pli-permits
BP-2022-07587,pittsburgh,2023-07-28,0,BUILDING,NEW CONSTRUCTION,true,Completed,-79.9436983412,40.410814317,"4824 CHATSWORTH AVE, Pittsburgh, PA 15207-",https://data.wprdc.org/dataset/pli-permits
MP-2022-00413,pittsburgh,2022-05-11,0,MECHANICAL,NEW CONSTRUCTION,true,Completed,-79.9205681539,40.4655054595,"500 N SHERIDAN AVE, Pittsburgh, PA 15206-",https://data.wprdc.org/dataset/pli-permits
MP-2020-20109,pittsburgh,2021-01-07,0,MECHANICAL,NEW CONSTRUCTION,true,Completed,-79.9604447539,40.4742681755,"145 46TH ST, Pittsburgh, PA 15201-",https://data.wprdc.org/dataset/pli-permits
MP-2024-11375,pittsburgh,2024-08-29,0,MECHANICAL,NEW CONSTRUCTION,true,Completed,-79.961300599,40.4652551742,"290 39TH ST, Pittsburgh, PA 15201-",https://data.wprdc.org/dataset/pli-permits
SSP-2022-11056,pittsburgh,2022-07-28,0,Suppression System Permit,NEW SYSTEM,false,Completed,-79.9878907256,40.4353468572,"1315 BLUFF ST, Pittsburgh, PA 15282-",https://data.wprdc.org/dataset/pli-permits
MP-2024-05330,pittsburgh,2024-05-03,0,MECHANICAL,NEW CONSTRUCTION,true,Completed,-79.9167166517,40.4698290315,"833 HEBERTON ST, Pittsburgh, PA 15206-",https://data.wprdc.org/dataset/pli-permits
BP-2020-00809,pittsburgh,2020-10-27,0,BUILDING,NEW CONSTRUCTION,false,Completed,-79.9617216464,40.4310612357,"350 TECHNOLOGY DR #611, Pittsburgh, PA 15219-",https://data.wprdc.org/dataset/pli-permits
SSP-2019-11645,pittsburgh,2020-11-09,0,Suppression System Permit,NEW SYSTEM,false,Completed,-79.9510314375,40.4777799784,"724 52ND ST, Pittsburgh, PA 15201-",https://data.wprdc.org/dataset/pli-permits
EP-2020-13338,pittsburgh,2020-09-30,0,ELECTRICAL,NEW CONSTRUCTION,true,Issued,-79.9028016255,40.4515635668,"7090 THOMAS BLVD, Pittsburgh, PA 15208-",https://data.wprdc.org/dataset/pli-permits
MP-2020-18802,pittsburgh,2021-01-19,0,MECHANICAL,NEW CONSTRUCTION,true,Expired,-80.0204828749,40.4553863569,"1006 PENNSYLVANIA AVE, Pittsburgh, 15233-",https://data.wprdc.org/dataset/pli-permits
BP-2024-06519,pittsburgh,2024-06-13,0,BUILDING,NEW CONSTRUCTION,false,Issued,-79.9916338482,40.4416547248,"632 WASHINGTON PL, Pittsburgh, PA 15219-",https://data.wprdc.org/dataset/pli-permits
EP-2023-18157,pittsburgh,2023-11-01,0,ELECTRICAL,NEW CONSTRUCTION,true,Completed,-80.0082920782,40.4568034017,"1313 REDDOUR ST, Pittsburgh, PA 15212-",https://data.wprdc.org/dataset/pli-permits
EP-2019-11365,pittsburgh,2020-05-18,0,ELECTRICAL,NEW CONSTRUCTION,false,Completed,-79.9261975894,40.4641197705,"5809 HARVARD ST #303, Pittsburgh, PA 15206-",https://data.wprdc.org/dataset/pli-permits
EP-2020-14007,pittsburgh,2020-09-04,0,ELECTRICAL,NEW CONSTRUCTION,true,Completed,-79.9304397698,40.4877551335,"6512 ADELPHIA ST, Pittsburgh, PA 15206-",https://data.wprdc.org/dataset/pli-permits
SP-2023-08731,pittsburgh,2023-07-06,0,Sign Permit,NEW,false,Completed,-80.0181702312,40.4379890033,"1200 GRANDVIEW AVE, Pittsburgh, 15211-",https://data.wprdc.org/dataset/pli-permits
BP-2023-14170,pittsburgh,2024-03-25,0,BUILDING,NEW CONSTRUCTION,true,Completed,-79.9819997078,40.4398191177,"1738 REED ST #424, Pittsburgh, PA 15219-",https://data.wprdc.org/dataset/pli-permits
SSP-2020-16604,pittsburgh,2020-11-09,0,Suppression System Permit,NEW SYSTEM,false,Completed,-79.9458306973,40.4476132808,"4735 5TH AVE, Pittsburgh, PA 15213-",https://data.wprdc.org/dataset/pli-permits
SSP-2021-03562,pittsburgh,2022-08-09,0,Suppression System Permit,NEW SYSTEM,false,Completed,-79.9373961933,40.4481567579,"5131 5TH AVE, Pittsburgh, PA 15232-",https://data.wprdc.org/dataset/pli-permits
BP-2020-07422,pittsburgh,2020-08-18,0,BUILDING,NEW CONSTRUCTION,true,Completed,-80.0095614886,40.4594821912,"130 E JEFFERSON ST, Pittsburgh, PA 15212-",https://data.wprdc.org/dataset/pli-permits
SP-2021-01126,pittsburgh,2021-07-08,0,Sign Permit,NEW,false,Completed,-79.895407612,40.4488368125,"7514 THOMAS BLVD, Pittsburgh, PA 15208-",https://data.wprdc.org/dataset/pli-permits
BP-2019-09344,pittsburgh,2020-10-14,0,BUILDING,NEW CONSTRUCTION,false,Completed,-79.9373961933,40.4481567579,"5131 5TH AVE, Pittsburgh, PA 15232-",https://data.wprdc.org/dataset/pli-permits
SSP-2021-04856,pittsburgh,2021-05-04,0,Suppression System Permit,NEW SYSTEM,false,Completed,-80.0330861987,40.4614267462,"2235 BEAVER AVE, Pittsburgh, 15233-",https://data.wprdc.org/dataset/pli-permits
BP-2022-04877,pittsburgh,2022-06-15,0,BUILDING,NEW CONSTRUCTION,false,Completed,-79.966016625,40.4648548899,"3529 BUTLER ST, Pittsburgh, 15201-",https://data.wprdc.org/dataset/pli-permits
BDA-2024-06602,pittsburgh,2024-12-16,0,Building & Development Application,New Construction,false,Issued,-79.9639972173,40.4685327573,"3913 BUTLER ST, Pittsburgh, PA 15201-",https://data.wprdc.org/dataset/pli-permits
OLP-2021-09166,pittsburgh,2021-06-21,0,Occupant Load Placard Permit,NEW,false,Completed,-79.9872587236,40.4496848497,"1644 SMALLMAN ST, Pittsburgh, PA 15222-",https://data.wprdc.org/dataset/pli-permits
BP-2020-06958,pittsburgh,2020-12-10,0,BUILDING,NEW CONSTRUCTION,true,Completed,-79.9963782302,40.4252473447,"249 ZUZU CIR, Pittsburgh, 15210-",https://data.wprdc.org/dataset/pli-permits
MP-2020-08004,pittsburgh,2020-07-21,0,MECHANICAL,NEW CONSTRUCTION,true,Completed,-79.9646075432,40.4630827134,"3463 DENNY ST, Pittsburgh, 15201-",https://data.wprdc.org/dataset/pli-permits
FAS-2020-03154,pittsburgh,2020-06-16,0,Fire Alarm Permit,NEW SYSTEM,false,Completed,-80.0570830977,40.4627238053,"3379 STAFFORD ST, Pittsburgh, 15204-",https://data.wprdc.org/dataset/pli-permits
BDA-2024-00054,pittsburgh,2024-12-19,0,Building & Development Application,New Construction,false,Issued,-79.9897311309,40.4420584444,"1217 WYLIE AVE, Pittsburgh, PA 15219-",https://data.wprdc.org/dataset/pli-permits
MP-2023-07550,pittsburgh,2023-06-23,0,MECHANICAL,NEW CONSTRUCTION,false,Completed,-79.9590168681,40.4704397556,"233 43RD ST, Pittsburgh, PA 15201-",https://data.wprdc.org/dataset/pli-permits
SP-2020-03751,pittsburgh,2020-06-25,0,Sign Permit,NEW,false,Completed,-79.9765905494,40.459215123,"2865 RAILROAD ST #301, Pittsburgh, PA 15222-",https://data.wprdc.org/dataset/pli-permits
EP-2023-18051,pittsburgh,2023-11-13,0,ELECTRICAL,NEW CONSTRUCTION,false,Completed,-79.9307133259,40.4639531997,"5585 PENN AVE, Pittsburgh, PA 15206-",https://data.wprdc.org/dataset/pli-permits
MP-2019-10160,pittsburgh,2020-01-21,0,MECHANICAL,NEW CONSTRUCTION,false,Completed,-79.9490340492,40.4800615577,"5308 DUNCAN ST, Pittsburgh, 15201-",https://data.wprdc.org/dataset/pli-permits
EP-2023-03885,pittsburgh,2023-03-14,0,ELECTRICAL,NEW CONSTRUCTION,true,Completed,-80.0794308566,40.4498994083,"104 CEDARWOOD PL, Pittsburgh, PA 15205-",https://data.wprdc.org/dataset/pli-permits
SP-2020-02427,pittsburgh,2020-03-12,0,Sign Permit,NEW,false,Completed,-79.9865822593,40.4693404627,"1926 SPRING GARDEN AVE, Pittsburgh, PA 15212-",https://data.wprdc.org/dataset/pli-permits
SSP-2020-08152,pittsburgh,2021-06-10,0,Suppression System Permit,NEW SYSTEM,false,Completed,-79.9718808362,40.4423839981,No primary address specified,https://data.wprdc.org/dataset/pli-permits
SSP-2020-02532,pittsburgh,2020-06-03,0,Suppression System Permit,NEW SYSTEM,false,Completed,-80.0008844171,40.4390424489,"316 4TH AVE #910, Pittsburgh, PA 15222-",https://data.wprdc.org/dataset/pli-permits
MP-2021-07562,pittsburgh,2021-05-24,0,MECHANICAL,NEW CONSTRUCTION,true,Completed,-79.9965010989,40.4253581805,"247 ZUZU CIR, Pittsburgh, 15210-",https://data.wprdc.org/dataset/pli-permits
OLP-2023-14228,pittsburgh,2023-09-27,0,Occupant Load Placard Permit,NEW,false,Completed,-80.0007980069,40.4405371608,"439 WOOD ST, Pittsburgh, PA 15222-",https://data.wprdc.org/dataset/pli-permits
EP-2024-09644,pittsburgh,2024-06-21,0,ELECTRICAL,NEW CONSTRUCTION,true,Completed,-79.961300599,40.4652551742,"290 39TH ST, Pittsburgh, PA 15201-",https://data.wprdc.org/dataset/pli-permits
MP-2020-05898,pittsburgh,2020-06-25,0,MECHANICAL,NEW CONSTRUCTION,true,Expired,-79.9868749545,40.4514419346,"1744 WATERFRONT PL, Pittsburgh, PA 15222-",https://data.wprdc.org/dataset/pli-permits
EP-2022-03904,pittsburgh,2022-03-25,0,ELECTRICAL,NEW CONSTRUCTION,true,Completed,-80.0128618474,40.4592665608,"418 W JEFFERSON ST, Pittsburgh, PA 15212-",https://data.wprdc.org/dataset/pli-permits
SSP-2022-01812,pittsburgh,2022-05-26,0,Suppression System Permit,NEW SYSTEM,false,Completed,-79.9491343074,40.4171431368,"4339 LYTLE ST, Pittsburgh, PA 15207-",https://data.wprdc.org/dataset/pli-permits
EP-2021-17814,pittsburgh,2021-11-02,0,ELECTRICAL,NEW CONSTRUCTION,true,Completed,-80.0228369611,40.4342454815,"454 SWEETBRIAR ST, Pittsburgh, PA 15211-",https://data.wprdc.org/dataset/pli-permits
OLP-2023-14225,pittsburgh,2023-10-02,0,Occupant Load Placard Permit,NEW,false,Revoked,-79.9211879619,40.4377609366,"5846 FORBES AVE, Pittsburgh, 15217-",https://data.wprdc.org/dataset/pli-permits
MP-2022-13366,pittsburgh,2022-09-06,0,MECHANICAL,NEW CONSTRUCTION,true,Completed,-80.0178890319,40.436707179,"125 MERIDAN ST, Pittsburgh, PA 15211-",https://data.wprdc.org/dataset/pli-permits
MP-2022-00971,pittsburgh,2022-02-15,0,MECHANICAL,NEW CONSTRUCTION,true,Completed,-79.9884103929,40.4602226541,"1303 TELL ST, Pittsburgh, 15212-",https://data.wprdc.org/dataset/pli-permits
MP-2020-20636,pittsburgh,2021-01-19,0,MECHANICAL,NEW CONSTRUCTION,true,Expired,-80.0106146111,40.4833329838,"203 WATSON BLVD, Pittsburgh, 15214-",https://data.wprdc.org/dataset/pli-permits
MP-2020-14134,pittsburgh,2021-04-28,0,MECHANICAL,NEW CONSTRUCTION,true,Completed,-79.9493994797,40.4845179368,"5561 BERLIN Way, Pittsburgh, PA 15201-",https://data.wprdc.org/dataset/pli-permits
BP-2021-07921,pittsburgh,2021-07-09,0,BUILDING,NEW CONSTRUCTION,false,Completed,-79.9617216464,40.4310612357,"350 TECHNOLOGY DR #611, Pittsburgh, PA 15219-",https://data.wprdc.org/dataset/pli-permits
MP-2023-16379,pittsburgh,2023-10-03,0,MECHANICAL,NEW CONSTRUCTION,true,Completed,-79.9562087574,40.4712018933,"4602 DAVISON ST, Pittsburgh, PA 15201-",https://data.wprdc.org/dataset/pli-permits
OOP-2021-17165,pittsburgh,2022-05-27,0,Occupancy Only Permit,NEW USE,false,Completed,-80.0122168017,40.4348842594,"501 GRANDVIEW AVE #6001, Pittsburgh, PA 15211-",https://data.wprdc.org/dataset/pli-permits
MP-2021-09847,pittsburgh,2021-12-13,0,MECHANICAL,NEW CONSTRUCTION,false,Completed,-79.9764731199,40.4581127332,"115 28TH ST, Pittsburgh, PA 15222-",https://data.wprdc.org/dataset/pli-permits
EP-2024-06931,pittsburgh,2024-09-10,0,ELECTRICAL,NEW CONSTRUCTION,false,Completed,-79.9211060768,40.4587972853,"163 SHADY AVE #114, Pittsburgh, PA 15206-",https://data.wprdc.org/dataset/pli-permits
SP-2019-07827,pittsburgh,2020-02-11,0,Sign Permit,NEW,false,Expired,-79.9564686496,40.4579811379,"3700 BIGELOW BLVD, Pittsburgh, 15213-",https://data.wprdc.org/dataset/pli-permits
OOP-2019-08555,pittsburgh,2020-07-08,0,Occupancy Only Permit,NEW USE,true,Completed,-80.0559639926,40.4579460896,"3231 ASHLYN ST, Pittsburgh, 15204-",https://data.wprdc.org/dataset/pli-permits
MP-2022-03521,pittsburgh,2022-05-02,0,MECHANICAL,NEW CONSTRUCTION,true,Completed,-79.9283367649,40.4483281236,"5705 DUNMOYLE ST, Pittsburgh, PA 15217-",https://data.wprdc.org/dataset/pli-permits
BDA-2024-00718,pittsburgh,2024-09-05,0,Building & Development Application,New Construction,false,Issued,-79.9879197719,40.4410124668,"632 WASHINGTON PL, Pittsburgh, PA 15219",https://data.wprdc.org/dataset/pli-permits
FAS-2022-12856,pittsburgh,2023-04-18,0,Fire Alarm Permit,NEW SYSTEM,false,Completed,-79.9133217409,40.4652844329,"116 WINSLOW ST, Pittsburgh, PA 15206-",https://data.wprdc.org/dataset/pli-permits
OLP-2022-14544,pittsburgh,2022-09-13,0,Occupant Load Placard Permit,NEW,false,Completed,-80.0559454745,40.4558436825,"3048 ASHLYN ST, Pittsburgh, PA 15204-",https://data.wprdc.org/dataset/pli-permits
OLP-2023-12157,pittsburgh,2023-12-08,0,Occupant Load Placard Permit,NEW,false,Completed,-80.0043029326,40.4396167794,"111 BLVD OF THE ALLIES, Pittsburgh, PA 15222-",https://data.wprdc.org/dataset/pli-permits
EP-2021-14570,pittsburgh,2021-09-16,0,ELECTRICAL,NEW CONSTRUCTION,true,Completed,-80.0113452731,40.4592855101,"238 E JEFFERSON ST, Pittsburgh, PA 15212-",https://data.wprdc.org/dataset/pli-permits
MP-2023-15145,pittsburgh,2023-09-26,0,MECHANICAL,NEW CONSTRUCTION,false,Completed,-79.9892236629,40.436191678,"450 MAGEE ST, Pittsburgh, PA 15282-",https://data.wprdc.org/dataset/pli-permits
SSP-2020-00431,pittsburgh,2020-03-18,0,Suppression System Permit,NEW SYSTEM,false,Completed,-79.9731285128,40.462436536,"24 32ND ST, Pittsburgh, PA 15201-",https://data.wprdc.org/dataset/pli-permits
OOP-2022-08764,pittsburgh,2022-10-06,0,Occupancy Only Permit,NEW USE,true,Completed,-79.9005228569,40.4576268993,"7017 BENNETT ST, Pittsburgh, 15208-",https://data.wprdc.org/dataset/pli-permits
SSP-2019-08904,pittsburgh,2020-01-31,0,Suppression System Permit,NEW SYSTEM,false,Completed,-79.9468263282,40.4474656123,"4705 5TH AVE #6M, Pittsburgh, PA 15213-",https://data.wprdc.org/dataset/pli-permits
MP-2022-12650,pittsburgh,2023-01-10,0,MECHANICAL,NEW CONSTRUCTION,true,Completed,-79.9879335135,40.445388572,"1547 CLIFF ST, Pittsburgh, PA 15219-",https://data.wprdc.org/dataset/pli-permits
EP-2022-05669,pittsburgh,2022-04-18,0,ELECTRICAL,NEW CONSTRUCTION,true,Completed,-80.0111776957,40.4605596246,"1854 CLAYTON AVE, Pittsburgh, PA 15214-",https://data.wprdc.org/dataset/pli-permits
MP-2023-12294,pittsburgh,2024-01-25,0,MECHANICAL,NEW CONSTRUCTION,false,Completed,-80.0462399238,40.4791642542,"3300 PREBLE AVE #840, Pittsburgh, PA 15233-",https://data.wprdc.org/dataset/pli-permits
SP-2023-07768,pittsburgh,2023-07-25,0,Sign Permit,NEW,false,Completed,-79.9983361881,40.4396403468,"440 SMITHFIELD ST, Pittsburgh, PA 15222-",https://data.wprdc.org/dataset/pli-permits
EP-2022-17976,pittsburgh,2022-12-13,0,ELECTRICAL,NEW CONSTRUCTION,true,Completed,-79.9490430905,40.4815042604,"519 54TH ST, Pittsburgh, 15201-",https://data.wprdc.org/dataset/pli-permits
OLP-2023-01983,pittsburgh,2023-09-14,0,Occupant Load Placard Permit,NEW,false,Completed,-79.9585219413,40.4413543266,"3612 5TH AVE #303, Pittsburgh, PA 15213-",https://data.wprdc.org/dataset/pli-permits
BP-2021-00445,pittsburgh,2021-01-28,0,BUILDING,NEW CONSTRUCTION,false,Expired,-79.94390358,40.4417684612,"4927 MARGARET MORRISON ST, Pittsburgh, PA 15213-",https://data.wprdc.org/dataset/pli-permits
OLP-2021-17078,pittsburgh,2021-11-01,0,Occupant Load Placard Permit,NEW,false,Completed,-80.0062348098,40.4391332671,"11 STANWIX ST #150, Pittsburgh, PA 15222-",https://data.wprdc.org/dataset/pli-permits
EP-2024-13544,pittsburgh,2024-12-24,0,ELECTRICAL,NEW CONSTRUCTION,true,Completed,-79.9356194061,40.4676292113,"5352 HILLCREST ST, Pittsburgh, PA 15224-",https://data.wprdc.org/dataset/pli-permits
MP-2022-07626,pittsburgh,2022-09-19,0,MECHANICAL,NEW CONSTRUCTION,false,Completed,-79.966016625,40.4648548899,"3529 BUTLER ST, Pittsburgh, 15201-",https://data.wprdc.org/dataset/pli-permits
OOP-2021-12492,pittsburgh,2021-11-16,0,Occupancy Only Permit,NEW USE,true,Completed,-79.957811289,40.4707967374,"264 45TH ST, Pittsburgh, PA 15201-",https://data.wprdc.org/dataset/pli-permits
OOP-2021-20313,pittsburgh,2022-03-23,0,Occupancy Only Permit,NEW USE,false,Completed,-79.9449767695,40.4544257499,"282 MOREWOOD AVE, Pittsburgh, 15213-",https://data.wprdc.org/dataset/pli-permits
BP-2022-08222,pittsburgh,2022-12-14,0,BUILDING,NEW CONSTRUCTION,true,Completed,-80.0794308566,40.4498994083,"104 CEDARWOOD PL, Pittsburgh, PA 15205-",https://data.wprdc.org/dataset/pli-permits
MP-2020-06093,pittsburgh,2020-07-29,0,MECHANICAL,NEW CONSTRUCTION,false,Completed,-79.9637163209,40.4673352849,"204 39TH ST, Pittsburgh, PA 15201-",https://data.wprdc.org/dataset/pli-permits
SSP-2023-20632,pittsburgh,2024-01-16,0,Suppression System Permit,NEW SYSTEM,false,Completed,-79.9465888002,40.4120314935,"HAZELWOOD AVE, Pittsburgh, PA 15207-",https://data.wprdc.org/dataset/pli-permits
MP-2022-05234,pittsburgh,2022-04-12,0,MECHANICAL,NEW CONSTRUCTION,true,Completed,-80.0114454298,40.4592674808,"240 E JEFFERSON ST, Pittsburgh, PA 15212-",https://data.wprdc.org/dataset/pli-permits
EP-2022-01273,pittsburgh,2022-02-03,0,ELECTRICAL,NEW CONSTRUCTION,true,Completed,-80.0102945135,40.4581542145,"217 ALPINE AVE, Pittsburgh, PA 15212-",https://data.wprdc.org/dataset/pli-permits
SP-2023-03212,pittsburgh,2023-05-31,0,Sign Permit,NEW,false,Completed,-79.8873663204,40.487941063,"977 FREEPORT RD, Pittsburgh, PA 15238-",https://data.wprdc.org/dataset/pli-permits
BP-2023-14169,pittsburgh,2024-03-25,0,BUILDING,NEW CONSTRUCTION,true,Completed,-79.9819997078,40.4398191177,"1738 REED ST #424, Pittsburgh, PA 15219-",https://data.wprdc.org/dataset/pli-permits
OLP-2022-09480,pittsburgh,2022-07-12,0,Occupant Load Placard Permit,NEW,false,Completed,-79.9569600408,40.4419638514,"3807 FORBES AVE, Pittsburgh, PA 15213-",https://data.wprdc.org/dataset/pli-permits
BP-2024-09599,pittsburgh,2024-11-19,0,BUILDING,NEW CONSTRUCTION,false,Issued,-79.976702153,40.4558327029,"319 27TH ST, Pittsburgh, PA 15222-",https://data.wprdc.org/dataset/pli-permits
SSP-2019-09478,pittsburgh,2020-05-01,0,Suppression System Permit,NEW SYSTEM,false,Completed,-79.9731285128,40.462436536,"24 32ND ST, Pittsburgh, PA 15201-",https://data.wprdc.org/dataset/pli-permits
SP-2020-08292,pittsburgh,2020-11-06,0,Sign Permit,NEW,false,Completed,-79.9866493872,40.4383767224,"1344 5TH AVE, Pittsburgh, 15219-",https://data.wprdc.org/dataset/pli-permits
OLP-2024-02999,pittsburgh,2024-05-01,0,Occupant Load Placard Permit,NEW,false,Completed,-79.957361146,40.4403494737,"219 MEYRAN AVE, Pittsburgh, PA 15213-",https://data.wprdc.org/dataset/pli-permits
EP-2024-11592,pittsburgh,2024-09-25,0,ELECTRICAL,NEW CONSTRUCTION,false,Completed,-79.9879197719,40.4410124668,"632 WASHINGTON PL, Pittsburgh, PA 15219",https://data.wprdc.org/dataset/pli-permits
EP-2022-11045,pittsburgh,2022-07-19,0,ELECTRICAL,NEW CONSTRUCTION,true,Revoked,-79.9192907696,40.4666621746,"611 COLLINS AVE, Pittsburgh, PA 15206-",https://data.wprdc.org/dataset/pli-permits
SP-2023-01058,pittsburgh,2023-05-22,0,Sign Permit,NEW,false,Completed,-79.9314571941,40.4583462957,"5819 CENTRE AVE #101, Pittsburgh, PA 15206-",https://data.wprdc.org/dataset/pli-permits
EP-2024-04957,pittsburgh,2024-04-04,0,ELECTRICAL,NEW CONSTRUCTION,true,Completed,-79.9819997078,40.4398191177,"1738 REED ST #424, Pittsburgh, PA 15219-",https://data.wprdc.org/dataset/pli-permits
MP-2023-16236,pittsburgh,2023-10-02,0,MECHANICAL,NEW CONSTRUCTION,true,Completed,-80.0282887132,40.4568787321,"1426 JUNIATA ST, Pittsburgh, PA 15233-",https://data.wprdc.org/dataset/pli-permits
SSP-2019-11425,pittsburgh,2020-02-25,0,Suppression System Permit,NEW SYSTEM,false,Completed,-79.9261975894,40.4641197705,"5809 HARVARD ST #303, Pittsburgh, PA 15206-",https://data.wprdc.org/dataset/pli-permits
FAS-2020-18371,pittsburgh,2021-12-03,0,Fire Alarm Permit,NEW SYSTEM,false,Completed,-79.9916742635,40.4607731136,"1200 HIGH ST, Pittsburgh, 15212-",https://data.wprdc.org/dataset/pli-permits
BDA-2024-01491,pittsburgh,2024-12-09,0,Building & Development Application,New Construction,false,Completed,-79.962266529,40.4386625166,"3368 5TH AVE #102, Pittsburgh, PA 15213-",https://data.wprdc.org/dataset/pli-permits
BP-2022-10847,pittsburgh,2022-12-14,0,BUILDING,NEW CONSTRUCTION,true,Completed,-79.9879335135,40.445388572,"1547 CLIFF ST, Pittsburgh, PA 15219-",https://data.wprdc.org/dataset/pli-permits
SSP-2024-01760,pittsburgh,2024-02-26,0,Suppression System Permit,NEW SYSTEM,false,Completed,-79.9607398273,40.4705089046,"4203 BUTLER ST, Pittsburgh, PA 15201-",https://data.wprdc.org/dataset/pli-permits
MP-2021-07013,pittsburgh,2021-05-07,0,MECHANICAL,NEW CONSTRUCTION,true,Completed,-80.0315016543,40.4837736516,"1134 TERMON AVE, Pittsburgh, 15212-",https://data.wprdc.org/dataset/pli-permits
BP-2022-04393,pittsburgh,2022-07-15,0,BUILDING,NEW CONSTRUCTION,false,Completed,-79.9275565313,40.4621549752,"5818 PENN AVE, Pittsburgh, PA 15206-",https://data.wprdc.org/dataset/pli-permits
SSP-2020-11849,pittsburgh,2020-09-02,0,Suppression System Permit,NEW SYSTEM,false,Completed,-79.9731285128,40.462436536,"24 32ND ST, Pittsburgh, PA 15201-",https://data.wprdc.org/dataset/pli-permits
BP-2024-09600,pittsburgh,2024-11-19,0,BUILDING,NEW CONSTRUCTION,false,Issued,-79.976702153,40.4558327029,"319 27TH ST, Pittsburgh, PA 15222-",https://data.wprdc.org/dataset/pli-permits
BP-2023-15087,pittsburgh,2023-11-06,0,BUILDING,NEW CONSTRUCTION,true,Issued,-79.9397636155,40.4509109995,"624 PITCAIRN PL, Pittsburgh, 15232-",https://data.wprdc.org/dataset/pli-permits
FAS-2021-06858,pittsburgh,2021-08-20,0,Fire Alarm Permit,NEW SYSTEM,false,Completed,-80.0080661064,40.4468565587,"220 NORTH SHORE DR #628, Pittsburgh, PA 15212-",https://data.wprdc.org/dataset/pli-permits
SSP-2020-19042,pittsburgh,2020-12-23,0,Suppression System Permit,NEW SYSTEM,false,Completed,-79.9458306973,40.4476132808,"4735 5TH AVE, Pittsburgh, PA 15213-",https://data.wprdc.org/dataset/pli-permits
EP-2021-10047,pittsburgh,2021-06-22,0,ELECTRICAL,NEW CONSTRUCTION,true,Completed,-80.0151516334,40.4581599511,"1603 BUENA VISTA ST, Pittsburgh, PA 15212-",https://data.wprdc.org/dataset/pli-permits
FAS-2021-11572,pittsburgh,2021-10-06,0,Fire Alarm Permit,NEW SYSTEM,false,Completed,-79.9103889054,40.4471862212,"6920 EDGERTON AVE, Pittsburgh, PA 15208-",https://data.wprdc.org/dataset/pli-permits
SP-2022-00728,pittsburgh,2022-02-17,0,Sign Permit,NEW,false,Completed,-79.9611649726,40.4417535877,"203 LOTHROP ST, Pittsburgh, PA 15213-",https://data.wprdc.org/dataset/pli-permits
EP-2023-03853,pittsburgh,2023-03-14,0,ELECTRICAL,NEW CONSTRUCTION,true,Completed,-80.0794308566,40.4498994083,"104 CEDARWOOD PL, Pittsburgh, PA 15205-",https://data.wprdc.org/dataset/pli-permits
MP-2021-07923,pittsburgh,2021-08-18,0,MECHANICAL,NEW CONSTRUCTION,false,Completed,-79.9617216464,40.4310612357,"350 TECHNOLOGY DR #611, Pittsburgh, PA 15219-",https://data.wprdc.org/dataset/pli-permits
MP-2020-04358,pittsburgh,2020-10-19,0,MECHANICAL,NEW CONSTRUCTION,false,Completed,-79.9838559973,40.4544393982,"2239 RAILROAD ST, Pittsburgh, 15222-",https://data.wprdc.org/dataset/pli-permits
MP-2022-14523,pittsburgh,2022-09-14,0,MECHANICAL,NEW CONSTRUCTION,true,Completed,-79.9497702201,40.4811766072,"5322 KENT Way, Pittsburgh, PA 15201-",https://data.wprdc.org/dataset/pli-permits
BP-2023-11638,pittsburgh,2023-09-26,0,BUILDING,NEW CONSTRUCTION,false,Completed,-80.0093046886,40.4460312776,"271 NORTH SHORE DR #700, Pittsburgh, PA 15212-",https://data.wprdc.org/dataset/pli-permits
EP-2022-06111,pittsburgh,2022-04-29,0,ELECTRICAL,NEW CONSTRUCTION,true,Completed,-79.9362040155,40.4558204787,"522 S GRAHAM ST, Pittsburgh, 15232-",https://data.wprdc.org/dataset/pli-permits
SSP-2019-09701,pittsburgh,2020-03-11,0,Suppression System Permit,NEW SYSTEM,false,Completed,-80.0036108523,40.4570531973,"320 E NORTH AVE, Pittsburgh, PA 15212-",https://data.wprdc.org/dataset/pli-permits
MP-2022-08736,pittsburgh,2022-06-09,0,MECHANICAL,NEW CONSTRUCTION,true,Completed,-80.0253776732,40.4361235399,"419 CLARENCE ST, Pittsburgh, PA 15211-",https://data.wprdc.org/dataset/pli-permits
FAS-2023-19185,pittsburgh,2024-01-02,0,Fire Alarm Permit,NEW SYSTEM,false,Completed,-79.906960019,40.4605945179,"919 WASHINGTON BLVD, Pittsburgh, 15206-",https://data.wprdc.org/dataset/pli-permits
OLP-2023-12694,pittsburgh,2023-09-20,0,Occupant Load Placard Permit,NEW,false,Completed,-79.94390358,40.4417684612,"4927 MARGARET MORRISON ST, Pittsburgh, PA 15213-",https://data.wprdc.org/dataset/pli-permits
EP-2020-05585,pittsburgh,2020-05-14,0,ELECTRICAL,NEW CONSTRUCTION,true,Completed,-79.9637163209,40.4673352849,"204 39TH ST, Pittsburgh, PA 15201-",https://data.wprdc.org/dataset/pli-permits
BP-2024-00727,pittsburgh,2024-12-24,0,BUILDING,NEW CONSTRUCTION,false,Issued,-80.0235701615,40.440336542,"1609 GRANDVIEW AVE, Pittsburgh, PA 15211-",https://data.wprdc.org/dataset/pli-permits
SP-2021-16516,pittsburgh,2021-12-14,0,Sign Permit,NEW,false,Completed,-80.0009211473,40.4395106325,"406 WOOD ST, Pittsburgh, PA 15222-",https://data.wprdc.org/dataset/pli-permits
FAS-2022-00841,pittsburgh,2022-08-02,0,Fire Alarm Permit,NEW SYSTEM,false,Completed,-79.9314571941,40.4583462957,"5819 CENTRE AVE #101, Pittsburgh, PA 15206-",https://data.wprdc.org/dataset/pli-permits
MP-2020-04140,pittsburgh,2020-05-06,0,MECHANICAL,NEW CONSTRUCTION,true,Expired,-80.0552459294,40.4292647915,"1841 CHESSLAND ST, Pittsburgh, 15205-",https://data.wprdc.org/dataset/pli-permits
EP-2023-00526,pittsburgh,2023-01-17,0,ELECTRICAL,NEW CONSTRUCTION,true,Completed,-79.98698592,40.4459057095,"1701 CLIFF ST, Pittsburgh, PA 15219-",https://data.wprdc.org/dataset/pli-permits
BP-2023-19864,pittsburgh,2024-01-31,0,BUILDING,NEW CONSTRUCTION,true,Completed,-79.9959846303,40.4226573833,"636 EXCELSIOR ST, Pittsburgh, PA 15210-",https://data.wprdc.org/dataset/pli-permits
MP-2024-12056,pittsburgh,2024-09-25,0,MECHANICAL,NEW CONSTRUCTION,false,Completed,-79.9211060768,40.4587972853,"163 SHADY AVE #114, Pittsburgh, PA 15206-",https://data.wprdc.org/dataset/pli-permits
EP-2020-06655,pittsburgh,2020-06-26,0,ELECTRICAL,NEW CONSTRUCTION,true,Completed,-79.9872863966,40.4511593999,"1716 WATERFRONT PL, Pittsburgh, PA 15222-",https://data.wprdc.org/dataset/pli-permits
FAS-2023-00567,pittsburgh,2023-02-09,0,Fire Alarm Permit,NEW SYSTEM,false,Completed,-80.0839226561,40.4486052545,"MAZETTE RD, Pittsburgh, PA 15205-",https://data.wprdc.org/dataset/pli-permits
EP-2023-08217,pittsburgh,2024-02-09,0,ELECTRICAL,NEW CONSTRUCTION,false,Issued,-80.0771180046,40.4548751564,"1659 SUMMERDALE ST, Pittsburgh, PA 15204-",https://data.wprdc.org/dataset/pli-permits
SSP-2023-01086,pittsburgh,2023-04-05,0,Suppression System Permit,NEW SYSTEM,false,Completed,-79.9275121138,40.4620321579,"5836 PENN AVE, Pittsburgh, PA 15206-",https://data.wprdc.org/dataset/pli-permits
EP-2022-05800,pittsburgh,2022-04-20,0,ELECTRICAL,NEW CONSTRUCTION,true,Completed,-80.0098823456,40.458133248,"1509 ARCH ST, Pittsburgh, PA 15212-",https://data.wprdc.org/dataset/pli-permits
MP-2023-08641,pittsburgh,2023-09-14,0,MECHANICAL,NEW CONSTRUCTION,false,Completed,-79.9914618561,40.4415602968,"626 WASHINGTON PL #2501, Pittsburgh, PA 15219-",https://data.wprdc.org/dataset/pli-permits
BP-2022-05216,pittsburgh,2022-07-28,0,BUILDING,NEW CONSTRUCTION,false,Completed,-79.9903585214,40.4486022823,"1447 SMALLMAN ST, Pittsburgh, PA 15222-",https://data.wprdc.org/dataset/pli-permits
BP-2023-10227,pittsburgh,2024-03-25,0,BUILDING,NEW CONSTRUCTION,false,Completed,-79.981645253,40.4410720618,"1829 REED ST, Pittsburgh, PA 15219-",https://data.wprdc.org/dataset/pli-permits
MP-2022-10320,pittsburgh,2022-07-01,0,MECHANICAL,NEW CONSTRUCTION,true,Issued,-79.9252631451,40.4673069867,"517 N EUCLID AVE, Pittsburgh, PA 15206-",https://data.wprdc.org/dataset/pli-permits
SSP-2019-11368,pittsburgh,2020-06-03,0,Suppression System Permit,NEW SYSTEM,false,Completed,-79.9872587236,40.4496848497,"1644 SMALLMAN ST, Pittsburgh, PA 15222-",https://data.wprdc.org/dataset/pli-permits
SP-2022-14403,pittsburgh,2022-10-07,0,Sign Permit,NEW,false,Issued,-80.0294061465,40.3977177859,"2676 WEST LIBERTY AVE, Pittsburgh, PA 15216-",https://data.wprdc.org/dataset/pli-permits
BP-2019-08803,pittsburgh,2020-03-13,0,BUILDING,NEW CONSTRUCTION,true,Completed,-79.9667392441,40.4390101113,"138 BURROWS ST, Pittsburgh, PA 15213-",https://data.wprdc.org/dataset/pli-permits
OLP-2021-11354,pittsburgh,2021-07-16,0,Occupant Load Placard Permit,NEW,false,Completed,-80.0035680945,40.4399201571,"6 PPG PL #830, Pittsburgh, PA 15222-",https://data.wprdc.org/dataset/pli-permits
OLP-2020-19536,pittsburgh,2020-12-14,0,Occupant Load Placard Permit,NEW,false,Completed,-79.9790827822,40.4560559608,"2613 SMALLMAN ST, Pittsburgh, PA 15222-",https://data.wprdc.org/dataset/pli-permits
BP-2024-05523,pittsburgh,2024-09-03,0,BUILDING,NEW CONSTRUCTION,false,Issued,-79.976702153,40.4558327029,"319 27TH ST, Pittsburgh, PA 15222-",https://data.wprdc.org/dataset/pli-permits
MP-2020-05899,pittsburgh,2020-06-25,0,MECHANICAL,NEW CONSTRUCTION,true,Completed,-79.9869462368,40.451401571,"1740 WATERFRONT PL, Pittsburgh, PA 15222-",https://data.wprdc.org/dataset/pli-permits
EP-2023-11739,pittsburgh,2023-07-28,0,ELECTRICAL,NEW CONSTRUCTION,true,Revoked,-79.9350314977,40.4665592327,"234 N AIKEN AVE, Pittsburgh, 15206-",https://data.wprdc.org/dataset/pli-permits
EP-2024-09549,pittsburgh,2024-08-27,0,ELECTRICAL,NEW CONSTRUCTION,false,Issued,-79.9179362353,40.4849621069,"201 SHELTER HOUSE RD, Pittsburgh, PA 15206-",https://data.wprdc.org/dataset/pli-permits
OLP-2024-03216,pittsburgh,2024-10-04,0,Occupant Load Placard Permit,NEW,false,Issued,-79.9914618561,40.4415602968,"626 WASHINGTON PL #2501, Pittsburgh, PA 15219-",https://data.wprdc.org/dataset/pli-permits
EP-2023-03487,pittsburgh,2023-02-28,0,ELECTRICAL,NEW CONSTRUCTION,true,Completed,-79.9270270784,40.4654063434,"320 N SAINT CLAIR ST, Pittsburgh, PA 15206-",https://data.wprdc.org/dataset/pli-permits
MP-2021-08830,pittsburgh,2021-08-25,0,MECHANICAL,NEW CONSTRUCTION,false,Completed,-79.9202465691,40.4761730175,"28 AZIMUTH CT, Pittsburgh, 15206-",https://data.wprdc.org/dataset/pli-permits
MP-2020-02410,pittsburgh,2021-09-24,0,MECHANICAL,NEW CONSTRUCTION,false,Completed,-80.0220131787,40.4471260635,"757 CASINO DR, Pittsburgh, PA 15212-",https://data.wprdc.org/dataset/pli-permits
MP-2024-12298,pittsburgh,2024-10-09,0,MECHANICAL,NEW CONSTRUCTION,true,Completed,-79.9927927689,40.4226550864,"828 EXCELSIOR ST, Pittsburgh, PA 15210-",https://data.wprdc.org/dataset/pli-permits
OLP-2021-07118,pittsburgh,2021-05-18,0,Occupant Load Placard Permit,NEW,false,Completed,-79.9157299194,40.4570395031,"177 BAKERY SQUARE BLVD, Pittsburgh, PA 15206-",https://data.wprdc.org/dataset/pli-permits
BP-2021-20746,pittsburgh,2022-03-14,0,BUILDING,NEW CONSTRUCTION,true,Issued,-79.9149232798,40.3971673257,"4316 Bench Way, Pittsburgh, PA 15120-",https://data.wprdc.org/dataset/pli-permits
MP-2023-08713,pittsburgh,2023-05-22,0,MECHANICAL,NEW CONSTRUCTION,true,Completed,-79.9665588168,40.4570595621,"3116 DOBSON ST, Pittsburgh, PA 15219-",https://data.wprdc.org/dataset/pli-permits
MP-2021-13122,pittsburgh,2021-08-10,0,MECHANICAL,NEW CONSTRUCTION,true,Issued,-79.933702429,40.4679591734,"417 N GRAHAM ST, Pittsburgh, 15206-",https://data.wprdc.org/dataset/pli-permits
EP-2022-07741,pittsburgh,2022-05-24,0,ELECTRICAL,NEW CONSTRUCTION,true,Completed,-79.9272692725,40.4649651114,"300 N SAINT CLAIR ST, Pittsburgh, PA 15206-",https://data.wprdc.org/dataset/pli-permits
BP-2020-18849,pittsburgh,2021-04-19,0,BUILDING,NEW CONSTRUCTION,false,Issued,-79.9401755564,40.4573786627,"5259 LIBERTY AVE, Pittsburgh, PA 15224-",https://data.wprdc.org/dataset/pli-permits
OLP-2022-06389,pittsburgh,2022-04-29,0,Occupant Load Placard Permit,NEW,false,Completed,-79.9927218308,40.4220983124,"827 E WARRINGTON AVE, Pittsburgh, 15210-",https://data.wprdc.org/dataset/pli-permits
OLP-2024-14324,pittsburgh,2024-12-24,0,Occupant Load Placard Permit,NEW,false,Completed,-79.9231934238,40.460015708,"6226 PENN AVE, Pittsburgh, PA 15206-",https://data.wprdc.org/dataset/pli-permits
SSP-2024-11493,pittsburgh,2024-10-29,0,Suppression System Permit,NEW SYSTEM,false,Issued,-80.0062742384,40.4558385656,"8 E NORTH AVE #1, Pittsburgh, PA 15212-",https://data.wprdc.org/dataset/pli-permits
SP-2022-09710,pittsburgh,2022-08-04,0,Sign Permit,NEW,false,Completed,-79.9988991059,40.437604584,"463 BLVD OF THE ALLIES, Pittsburgh, 15219-",https://data.wprdc.org/dataset/pli-permits
MP-2020-19704,pittsburgh,2020-12-17,0,MECHANICAL,NEW CONSTRUCTION,true,Completed,-79.9878333698,40.4506348221,No primary address specified,https://data.wprdc.org/dataset/pli-permits
BP-2022-07061,pittsburgh,2022-10-25,0,BUILDING,NEW CONSTRUCTION,false,Completed,-79.9470039009,40.4541811589,"4828 BAUM BLVD, Pittsburgh, PA 15213-",https://data.wprdc.org/dataset/pli-permits
EP-2023-11706,pittsburgh,2023-07-13,0,ELECTRICAL,NEW CONSTRUCTION,false,Completed,-79.9493131384,40.4632755987,"210 PEARL ST, Pittsburgh, PA 15224-",https://data.wprdc.org/dataset/pli-permits
FAS-2024-03183,pittsburgh,2024-04-17,0,Fire Alarm Permit,NEW SYSTEM,false,Completed,-80.0523181745,40.4310174707,"2103 NOBLESTOWN RD, Pittsburgh, PA 15205-",https://data.wprdc.org/dataset/pli-permits
MP-2021-15525,pittsburgh,2021-12-15,0,MECHANICAL,NEW CONSTRUCTION,false,Completed,-79.9599042467,40.4717093106,"4401 BUTLER ST, Pittsburgh, PA 15201-",https://data.wprdc.org/dataset/pli-permits
OLP-2023-06794,pittsburgh,2023-06-09,0,Occupant Load Placard Permit,NEW,false,Completed,-79.9662815451,40.4284602373,"424 S 27TH ST #306, Pittsburgh, PA 15203-",https://data.wprdc.org/dataset/pli-permits
MP-2021-07563,pittsburgh,2021-07-28,0,MECHANICAL,NEW CONSTRUCTION,true,Completed,-79.9963782302,40.4252473447,"249 ZUZU CIR, Pittsburgh, 15210-",https://data.wprdc.org/dataset/pli-permits
OLP-2023-13009,pittsburgh,2023-09-08,0,Occupant Load Placard Permit,NEW,false,Completed,-80.0009494272,40.4403059117,"429 WOOD ST, Pittsburgh, PA 15222-",https://data.wprdc.org/dataset/pli-permits
EP-2022-12060,pittsburgh,2022-08-03,0,ELECTRICAL,NEW CONSTRUCTION,true,Completed,-79.9624867367,40.4698257288,"175 ALMOND Way, Pittsburgh, PA 15201-",https://data.wprdc.org/dataset/pli-permits
SSP-2023-20238,pittsburgh,2023-12-13,0,Suppression System Permit,NEW SYSTEM,false,Completed,-79.9758390791,40.4559718533,"LIBERTY AVE, Pittsburgh, PA 15222-",https://data.wprdc.org/dataset/pli-permits
OLP-2021-12188,pittsburgh,2022-03-25,0,Occupant Load Placard Permit,NEW,false,Completed,-79.9458306973,40.4476132808,"4735 5TH AVE, Pittsburgh, PA 15213-",https://data.wprdc.org/dataset/pli-permits
SSP-2021-03565,pittsburgh,2022-08-09,0,Suppression System Permit,NEW SYSTEM,false,Completed,-79.9373961933,40.4481567579,"5131 5TH AVE, Pittsburgh, PA 15232-",https://data.wprdc.org/dataset/pli-permits
OLP-2021-01339,pittsburgh,2021-07-23,0,Occupant Load Placard Permit,NEW,false,Completed,-79.9842471428,40.4516859773,"2010 SMALLMAN ST, Pittsburgh, PA 15222-",https://data.wprdc.org/dataset/pli-permits
SP-2021-16938,pittsburgh,2022-01-25,0,Sign Permit,NEW,false,Completed,-79.9247900937,40.4583998159,"223 S HIGHLAND AVE, Pittsburgh, PA 15206-",https://data.wprdc.org/dataset/pli-permits
FAS-2020-03479,pittsburgh,2020-08-24,0,Fire Alarm Permit,NEW SYSTEM,false,Completed,-79.9529876932,40.4658168435,"4412 PENN AVE, Pittsburgh, PA 15224-",https://data.wprdc.org/dataset/pli-permits
BP-2021-06257,pittsburgh,2021-07-08,0,BUILDING,NEW CONSTRUCTION,false,Completed,-79.9401755564,40.4573786627,"5259 LIBERTY AVE, Pittsburgh, PA 15224-",https://data.wprdc.org/dataset/pli-permits
SP-2023-01486,pittsburgh,2023-03-15,0,Sign Permit,NEW,false,Issued,-80.0103017491,40.4504159652,"620 BANK ST, Pittsburgh, 15212-",https://data.wprdc.org/dataset/pli-permits
MP-2024-12000,pittsburgh,2024-09-26,0,MECHANICAL,NEW CONSTRUCTION,true,Completed,-79.996796732,40.4230047853,"615 EXCELSIOR ST, Pittsburgh, 15210-",https://data.wprdc.org/dataset/pli-permits
MP-2021-08244,pittsburgh,2022-01-14,0,MECHANICAL,NEW CONSTRUCTION,false,Completed,-79.9678780585,40.4600244522,"3220 SASSAFRAS Way #414, Pittsburgh, PA 15201-",https://data.wprdc.org/dataset/pli-permits
SSP-2023-08715,pittsburgh,2023-06-20,0,Suppression System Permit,NEW SYSTEM,false,Completed,-79.9532432276,40.4552952804,"451 MELWOOD AVE, Pittsburgh, 15213-",https://data.wprdc.org/dataset/pli-permits
OOP-2019-05297,pittsburgh,2020-02-28,0,Occupancy Only Permit,NEW USE,true,Expired,-79.9022337285,40.4695629664,"1247 ALBUM ST, Pittsburgh, 15206-",https://data.wprdc.org/dataset/pli-permits
SP-2021-08701,pittsburgh,2021-07-12,0,Sign Permit,NEW,false,Issued,-80.0375789397,40.4058343767,"2644 BANKSVILLE RD, Pittsburgh, PA 15216-",https://data.wprdc.org/dataset/pli-permits
SP-2021-11627,pittsburgh,2021-08-02,0,Sign Permit,NEW,false,Completed,-80.0182271074,40.408303437,"1700 WEST LIBERTY AVE, Pittsburgh, 15226-",https://data.wprdc.org/dataset/pli-permits
MP-2021-10267,pittsburgh,2021-07-16,0,MECHANICAL,NEW CONSTRUCTION,true,Completed,-79.9378414807,40.4440517058,"5120 BEELER ST, Pittsburgh, 15217-",https://data.wprdc.org/dataset/pli-permits
SP-2021-04742,pittsburgh,2021-08-11,0,Sign Permit,NEW,false,Issued,-79.9148003067,40.4566645641,"136 BAKERY SQUARE BLVD, Pittsburgh, 15206-",https://data.wprdc.org/dataset/pli-permits
MP-2023-06615,pittsburgh,2023-05-01,0,MECHANICAL,NEW CONSTRUCTION,true,Issued,-79.9300289975,40.4477116372,"5555 DUNMOYLE ST, Pittsburgh, PA 15217-",https://data.wprdc.org/dataset/pli-permits
MP-2024-09881,pittsburgh,2024-09-19,0,MECHANICAL,NEW CONSTRUCTION,false,Completed,-79.9442056368,40.4116286437,"125 HAZELWOOD AVE #202, Pittsburgh, PA 15207-",https://data.wprdc.org/dataset/pli-permits
OLP-2023-21218,pittsburgh,2024-07-02,0,Occupant Load Placard Permit,NEW,false,Expired,-79.9676797826,40.462646791,"3345 PENN AVE #K, Pittsburgh, PA 15201-",https://data.wprdc.org/dataset/pli-permits
MP-2020-09444,pittsburgh,2022-02-01,0,MECHANICAL,NEW CONSTRUCTION,true,Issued,-80.006434044,40.4568276632,"12 PARKHURST ST, Pittsburgh, 15212-",https://data.wprdc.org/dataset/pli-permits
SP-2021-08865,pittsburgh,2021-06-09,0,Sign Permit,NEW,false,Completed,-79.8922008885,40.4884285327,"980 FREEPORT RD, Pittsburgh, PA 15238",https://data.wprdc.org/dataset/pli-permits
SSP-2024-06206,pittsburgh,2024-06-05,0,Suppression System Permit,NEW SYSTEM,false,Completed,-80.009766984,40.4653584818,"201 LAFAYETTE AVE, Pittsburgh, PA 15214-",https://data.wprdc.org/dataset/pli-permits
SP-2022-07426,pittsburgh,2022-07-13,0,Sign Permit,NEW,false,Completed,-79.9296214621,40.4623681682,"141 S SAINT CLAIR ST #601, Pittsburgh, PA 15206-",https://data.wprdc.org/dataset/pli-permits
SP-2022-03032,pittsburgh,2023-03-16,0,Sign Permit,NEW,false,Completed,-79.9507186508,40.4504300505,"216 N CRAIG ST, Pittsburgh, 15213-",https://data.wprdc.org/dataset/pli-permits
EP-2024-11887,pittsburgh,2024-09-16,0,ELECTRICAL,NEW CONSTRUCTION,true,Completed,-79.9961076424,40.4240001894,"6 MILLBRIDGE ST, Pittsburgh, PA 15210-",https://data.wprdc.org/dataset/pli-permits
EP-2023-02664,pittsburgh,2023-08-09,0,ELECTRICAL,NEW CONSTRUCTION,false,Completed,-79.9231934238,40.460015708,"6226 PENN AVE, Pittsburgh, PA 15206-",https://data.wprdc.org/dataset/pli-permits
SP-2022-12568,pittsburgh,2022-10-05,0,Sign Permit,NEW,false,Issued,-80.0018041974,40.4401554957,"250 FORBES AVE #201, Pittsburgh, PA 15222-",https://data.wprdc.org/dataset/pli-permits
SP-2020-02044,pittsburgh,2020-10-06,0,Sign Permit,NEW,false,Completed,-79.9972117486,40.4417265917,"620 SMITHFIELD ST, Pittsburgh, PA 15222-",https://data.wprdc.org/dataset/pli-permits
FAS-2024-07164,pittsburgh,2024-05-16,0,Fire Alarm Permit,NEW SYSTEM,false,Completed,-79.9639972173,40.4685327573,"3913 BUTLER ST, Pittsburgh, PA 15201-",https://data.wprdc.org/dataset/pli-permits
EP-2021-10050,pittsburgh,2021-06-22,0,ELECTRICAL,NEW CONSTRUCTION,true,Completed,-80.0152224251,40.4583788178,"1611 BUENA VISTA ST, Pittsburgh, PA 15212-",https://data.wprdc.org/dataset/pli-permits
EP-2019-11404,pittsburgh,2020-05-15,0,ELECTRICAL,NEW CONSTRUCTION,false,Completed,-79.9261975894,40.4641197705,"5809 HARVARD ST #303, Pittsburgh, PA 15206-",https://data.wprdc.org/dataset/pli-permits
SP-2023-00850,pittsburgh,2023-03-17,0,Sign Permit,NEW,false,Completed,-79.9849731791,40.437502871,"PRIDE ST, Pittsburgh, PA 15219-",https://data.wprdc.org/dataset/pli-permits
BP-2020-20777,pittsburgh,2021-06-25,0,BUILDING,NEW CONSTRUCTION,true,Completed,-80.0114454298,40.4592674808,"240 E JEFFERSON ST, Pittsburgh, PA 15212-",https://data.wprdc.org/dataset/pli-permits
EP-2022-11519,pittsburgh,2022-08-04,0,ELECTRICAL,NEW CONSTRUCTION,true,Issued,-79.9831750446,40.4297933864,"47 1/2 S 15TH ST, Pittsburgh, 15203-",https://data.wprdc.org/dataset/pli-permits
SSP-2020-05543,pittsburgh,2020-08-14,0,Suppression System Permit,NEW SYSTEM,false,Completed,-79.9874875891,40.4517877123,"1759 WATERFRONT PL #572, Pittsburgh, PA 15222-",https://data.wprdc.org/dataset/pli-permits
EP-2024-12702,pittsburgh,2024-12-20,0,ELECTRICAL,NEW CONSTRUCTION,false,Completed,-79.9914618561,40.4415602968,"626 WASHINGTON PL #2501, Pittsburgh, PA 15219-",https://data.wprdc.org/dataset/pli-permits
FAS-2022-09653,pittsburgh,2022-07-27,0,Fire Alarm Permit,NEW SYSTEM,false,Completed,-79.9973377542,40.4424120532,"633 SMITHFIELD ST, Pittsburgh, 15222-",https://data.wprdc.org/dataset/pli-permits
BP-2019-04408,pittsburgh,2020-09-15,0,BUILDING,NEW CONSTRUCTION,true,Issued,-79.9784182121,40.4298755577,"1912 FOX Way, Pittsburgh, PA 15203-",https://data.wprdc.org/dataset/pli-permits
EP-2020-06651,pittsburgh,2020-06-25,0,ELECTRICAL,NEW CONSTRUCTION,true,Completed,-79.9872201072,40.4511973485,"1720 WATERFRONT PL, Pittsburgh, PA 15222-",https://data.wprdc.org/dataset/pli-permits
SSP-2021-20670,pittsburgh,2022-02-11,0,Suppression System Permit,NEW SYSTEM,false,Completed,-79.9810839492,40.4539430799,"2400 SMALLMAN ST, Pittsburgh, 15222-",https://data.wprdc.org/dataset/pli-permits
SSP-2024-00110,pittsburgh,2024-12-20,0,Suppression System Permit,NEW SYSTEM,false,Completed,-79.9465743822,40.4135183581,"4601 Composite ST, Pittsburgh, PA 15207-",https://data.wprdc.org/dataset/pli-permits
OLP-2022-14308,pittsburgh,2022-10-27,0,Occupant Load Placard Permit,NEW,false,Completed,-79.9886534259,40.4509884461,"1679 WATERFRONT PL #371, Pittsburgh, PA 15222-",https://data.wprdc.org/dataset/pli-permits
BP-2021-14637,pittsburgh,2023-03-10,0,BUILDING,NEW CONSTRUCTION,true,Completed,-79.9359349963,40.4660279676,"213 N AIKEN AVE, Pittsburgh, 15206-",https://data.wprdc.org/dataset/pli-permits
EP-2021-14235,pittsburgh,2021-08-27,0,ELECTRICAL,NEW CONSTRUCTION,true,Issued,-79.9586559632,40.4639166464,"3926 MINTWOOD ST, Pittsburgh, 15224-",https://data.wprdc.org/dataset/pli-permits
BP-2023-18323,pittsburgh,2024-01-03,0,BUILDING,NEW CONSTRUCTION,true,Completed,-79.995086221,40.42387665,"717 EUREKA ST, Pittsburgh, PA 15210-",https://data.wprdc.org/dataset/pli-permits
SSP-2023-04582,pittsburgh,2023-09-18,0,Suppression System Permit,NEW SYSTEM,false,Completed,-79.9157299194,40.4570395031,"177 BAKERY SQUARE BLVD, Pittsburgh, PA 15206-",https://data.wprdc.org/dataset/pli-permits
SP-2023-07536,pittsburgh,2023-05-11,0,Sign Permit,NEW,false,Issued,-79.9818669638,40.4285804054,"99 S 17TH ST #409, Pittsburgh, PA 15203-",https://data.wprdc.org/dataset/pli-permits
BP-2024-05525,pittsburgh,2024-11-19,0,BUILDING,NEW CONSTRUCTION,false,Issued,-79.976702153,40.4558327029,"319 27TH ST, Pittsburgh, PA 15222-",https://data.wprdc.org/dataset/pli-permits
SP-2019-10871,pittsburgh,2020-02-11,0,Sign Permit,NEW,false,Completed,-79.9148997702,40.4316587536,"2435 BEECHWOOD BLVD, Pittsburgh, 15217-",https://data.wprdc.org/dataset/pli-permits
MP-2022-06572,pittsburgh,2022-06-01,0,MECHANICAL,NEW CONSTRUCTION,false,Issued,-79.9588034513,40.4547512417,"3446 MILWAUKEE ST, Pittsburgh, PA 15219-",https://data.wprdc.org/dataset/pli-permits
FAS-2020-05922,pittsburgh,2020-07-02,0,Fire Alarm Permit,NEW SYSTEM,false,Completed,-79.9261975894,40.4641197705,"5809 HARVARD ST #303, Pittsburgh, PA 15206-",https://data.wprdc.org/dataset/pli-permits
MP-2023-18008,pittsburgh,2024-01-03,0,MECHANICAL,NEW CONSTRUCTION,false,Completed,-79.9059928624,40.4618991147,"975 WASHINGTON BLVD #308, Pittsburgh, PA 15206-",https://data.wprdc.org/dataset/pli-permits
SP-2020-04766,pittsburgh,2020-10-01,0,Sign Permit,NEW,false,Issued,-80.0002083743,40.4426125081,"643 LIBERTY AVE #1800, Pittsburgh, PA 15222-",https://data.wprdc.org/dataset/pli-permits
MP-2023-10994,pittsburgh,2023-06-29,0,MECHANICAL,NEW CONSTRUCTION,true,Completed,-79.994065651,40.4214219772,"745 MANTON Way, Pittsburgh, 15210-",https://data.wprdc.org/dataset/pli-permits
BP-2022-05489,pittsburgh,2022-06-28,0,BUILDING,NEW CONSTRUCTION,false,Completed,-79.9188369644,40.4170787472,"1614 PARKVIEW BLVD, Pittsburgh, PA 15217-",https://data.wprdc.org/dataset/pli-permits
EP-2021-19683,pittsburgh,2022-01-27,0,ELECTRICAL,NEW CONSTRUCTION,true,Completed,-79.9385861354,40.4672761476,"5249 BROWN Way, Pittsburgh, PA 15224-",https://data.wprdc.org/dataset/pli-permits
SP-2020-16447,pittsburgh,2020-12-03,0,Sign Permit,NEW,false,Issued,-79.9203659474,40.4382763699,"5869 FORBES AVE, Pittsburgh, PA 15217-",https://data.wprdc.org/dataset/pli-permits
BP-2021-03292,pittsburgh,2021-09-14,0,BUILDING,NEW CONSTRUCTION,false,Completed,-80.0033887722,40.4537750878,"745 UNION PL, Pittsburgh, PA 15212-",https://data.wprdc.org/dataset/pli-permits
EP-2023-03948,pittsburgh,2023-03-14,0,ELECTRICAL,NEW CONSTRUCTION,true,Completed,-80.0794308566,40.4498994083,"104 CEDARWOOD PL, Pittsburgh, PA 15205-",https://data.wprdc.org/dataset/pli-permits
MP-2019-06283,pittsburgh,2020-02-03,0,MECHANICAL,NEW CONSTRUCTION,false,Completed,-79.9484456346,40.4159064666,"4339 LYTLE ST, Pittsburgh, PA 15207-",https://data.wprdc.org/dataset/pli-permits
SP-2023-18812,pittsburgh,2024-04-23,0,Sign Permit,NEW,false,Completed,-79.9148674995,40.4661749672,"6223 MEADOW ST, Pittsburgh, 15206-",https://data.wprdc.org/dataset/pli-permits
OLP-2022-02501,pittsburgh,2022-03-07,0,Occupant Load Placard Permit,NEW,false,Completed,-80.0056689847,40.4469552209,"115 FEDERAL ST, Pittsburgh, PA 15212-",https://data.wprdc.org/dataset/pli-permits
FAS-2022-08640,pittsburgh,2022-09-06,0,Fire Alarm Permit,NEW SYSTEM,false,Completed,-79.9408760308,40.4645056534,"5152 PENN AVE, Pittsburgh, 15224-",https://data.wprdc.org/dataset/pli-permits
MP-2024-12306,pittsburgh,2024-10-09,0,MECHANICAL,NEW CONSTRUCTION,true,Completed,-79.9940011363,40.4224404312,"45 ALLEN ST, Pittsburgh, PA 15210-",https://data.wprdc.org/dataset/pli-permits
MP-2022-09102,pittsburgh,2022-07-12,0,MECHANICAL,NEW CONSTRUCTION,true,Completed,-79.9175417656,40.4365406211,"6400 DARLINGTON RD, Pittsburgh, PA 15217-",https://data.wprdc.org/dataset/pli-permits
MP-2024-00133,pittsburgh,2024-01-16,0,MECHANICAL,NEW CONSTRUCTION,true,Completed,-79.9228708507,40.4731203303,"937 N SAINT CLAIR ST, Pittsburgh, 15206-",https://data.wprdc.org/dataset/pli-permits
SSP-2022-05930,pittsburgh,2022-09-02,0,Suppression System Permit,NEW SYSTEM,false,Completed,-79.9231444019,40.4351891868,"1926 MURRAY AVE, Pittsburgh, PA 15217-",https://data.wprdc.org/dataset/pli-permits
FAS-2020-02799,pittsburgh,2020-05-05,0,Fire Alarm Permit,NEW SYSTEM,false,Completed,-79.8987403929,40.4487432754,"7301 PENN AVE, Pittsburgh, 15208-",https://data.wprdc.org/dataset/pli-permits
FAS-2021-03334,pittsburgh,2021-11-09,0,Fire Alarm Permit,NEW SYSTEM,false,Completed,-80.018863621,40.4902215459,"3917 PERRYSVILLE AVE #203, Pittsburgh, PA 15214-",https://data.wprdc.org/dataset/pli-permits
SSP-2024-01650,pittsburgh,2024-07-15,0,Suppression System Permit,NEW SYSTEM,false,Issued,-79.9598453087,40.4424544322,"200 LOTHROP ST, Pittsburgh, PA 15213-",https://data.wprdc.org/dataset/pli-permits
BP-2021-14640,pittsburgh,2023-03-06,0,BUILDING,NEW CONSTRUCTION,true,Completed,-79.9358350233,40.4668914917,"5368 ROSETTA ST, Pittsburgh, 15224-",https://data.wprdc.org/dataset/pli-permits
MP-2020-20342,pittsburgh,2021-03-11,0,MECHANICAL,NEW CONSTRUCTION,false,Completed,-79.9617216464,40.4310612357,"350 TECHNOLOGY DR #611, Pittsburgh, PA 15219-",https://data.wprdc.org/dataset/pli-permits
MP-2020-08404,pittsburgh,2020-06-22,0,MECHANICAL,NEW CONSTRUCTION,true,Completed,-80.0250943216,40.4579063858,"1247 COLUMBUS AVE, Pittsburgh, 15233-",https://data.wprdc.org/dataset/pli-permits
EP-2023-02447,pittsburgh,2023-04-21,0,ELECTRICAL,NEW CONSTRUCTION,false,Completed,-79.9480295193,40.4150172885,"4501 LYTLE ST, Pittsburgh, PA 15207-",https://data.wprdc.org/dataset/pli-permits
OLP-2023-07533,pittsburgh,2023-06-21,0,Occupant Load Placard Permit,NEW,false,Completed,-79.9872587236,40.4496848497,"1644 SMALLMAN ST, Pittsburgh, PA 15222-",https://data.wprdc.org/dataset/pli-permits
MP-2019-11186,pittsburgh,2022-01-20,0,MECHANICAL,NEW CONSTRUCTION,false,Completed,-79.9653329962,40.4695679428,"129 39TH ST, Pittsburgh, PA 15201-",https://data.wprdc.org/dataset/pli-permits
EP-2023-05386,pittsburgh,2023-04-03,0,ELECTRICAL,NEW CONSTRUCTION,true,Completed,-80.0082627878,40.469193318,"2492 PERRYSVILLE AVE, Pittsburgh, 15214-",https://data.wprdc.org/dataset/pli-permits
FAS-2019-05025,pittsburgh,2020-01-03,0,Fire Alarm Permit,NEW SYSTEM,false,Completed,-80.0014129584,40.4396046613,"405 WOOD ST, Pittsburgh, PA 15222-",https://data.wprdc.org/dataset/pli-permits
OLP-2023-16532,pittsburgh,2023-10-09,0,Occupant Load Placard Permit,NEW,false,Completed,-79.9101418123,40.457874818,"6615 HAMILTON AVE, Pittsburgh, PA 15206-",https://data.wprdc.org/dataset/pli-permits
EP-2020-05106,pittsburgh,2020-08-06,0,ELECTRICAL,NEW CONSTRUCTION,false,Completed,-79.9674064613,40.4622244447,"3350 PENN AVE #312, Pittsburgh, PA 15201-",https://data.wprdc.org/dataset/pli-permits
FAS-2024-09559,pittsburgh,2024-08-21,0,Fire Alarm Permit,NEW SYSTEM,false,Completed,-79.9224135538,40.4377352706,"5810 FORBES AVE, Pittsburgh, 15217-",https://data.wprdc.org/dataset/pli-permits
MP-2024-12003,pittsburgh,2024-09-26,0,MECHANICAL,NEW CONSTRUCTION,true,Completed,-79.9964579707,40.423479067,"622 EUREKA ST, Pittsburgh, PA 15210-",https://data.wprdc.org/dataset/pli-permits
EP-2020-09205,pittsburgh,2020-06-23,0,ELECTRICAL,NEW CONSTRUCTION,true,Completed,-79.9498131933,40.4842742345,"5531 BERLIN Way, Pittsburgh, PA 15201-",https://data.wprdc.org/dataset/pli-permits
FAS-2024-02534,pittsburgh,2024-04-02,0,Fire Alarm Permit,NEW SYSTEM,false,Completed,-79.9892847679,40.4304141161,"315 S 9TH ST, Pittsburgh, 15203-",https://data.wprdc.org/dataset/pli-permits
SP-2023-19684,pittsburgh,2023-12-11,0,Sign Permit,NEW,false,Completed,-80.0180759156,40.3927335197,"927 BROOKLINE BLVD, Pittsburgh, 15226-",https://data.wprdc.org/dataset/pli-permits
FAS-2021-01163,pittsburgh,2021-08-02,0,Fire Alarm Permit,NEW SYSTEM,false,Completed,-79.9487923455,40.4268405862,"300 SALINE ST, Pittsburgh, 15207-",https://data.wprdc.org/dataset/pli-permits
BP-2020-03875,pittsburgh,2020-08-12,0,BUILDING,NEW CONSTRUCTION,true,Issued,-80.0257573428,40.4362627543,"418 CLARENCE ST, Pittsburgh, PA 15211-",https://data.wprdc.org/dataset/pli-permits
OOP-2022-13085,pittsburgh,2022-09-14,0,Occupancy Only Permit,NEW USE,true,Completed,-80.0576620401,40.4389960618,"1542 CUMBERLAND ST, Pittsburgh, 15205-",https://data.wprdc.org/dataset/pli-permits
EP-2021-15577,pittsburgh,2022-03-07,0,ELECTRICAL,NEW CONSTRUCTION,true,Completed,-80.0147368862,40.4285585216,"484 GRACE ST, Pittsburgh, PA 15211-",https://data.wprdc.org/dataset/pli-permits
MP-2020-02183,pittsburgh,2020-02-12,0,MECHANICAL,NEW CONSTRUCTION,true,Expired,-79.9614124269,40.4705585163,"182 42ND ST, Pittsburgh, 15201-",https://data.wprdc.org/dataset/pli-permits
BP-2022-14869,pittsburgh,2023-02-01,0,BUILDING,NEW CONSTRUCTION,false,Completed,-79.9892990452,40.4380964887,"1045 FORBES AVE #1125, Pittsburgh, PA 15219-",https://data.wprdc.org/dataset/pli-permits
MP-2024-13080,pittsburgh,2024-11-05,0,MECHANICAL,NEW CONSTRUCTION,true,Completed,-79.9833621168,40.4469378987,"843 LEDLIE ST, Pittsburgh, PA 15219-",https://data.wprdc.org/dataset/pli-permits
SP-2022-15919,pittsburgh,2023-10-17,0,Sign Permit,NEW,false,Completed,-80.0158687946,40.4038783944,"1900 PIONEER AVE, Pittsburgh, PA 15226-",https://data.wprdc.org/dataset/pli-permits
BP-2021-13567,pittsburgh,2021-08-31,0,BUILDING,NEW CONSTRUCTION,false,Completed,-79.9512931072,40.4413602585,"261 SCHENLEY DR, Pittsburgh, PA 15213-",https://data.wprdc.org/dataset/pli-permits
OLP-2023-11612,pittsburgh,2023-07-27,0,Occupant Load Placard Permit,NEW,false,Completed,-80.0093046886,40.4460312776,"271 NORTH SHORE DR #700, Pittsburgh, PA 15212-",https://data.wprdc.org/dataset/pli-permits
SSP-2024-13113,pittsburgh,2024-11-04,0,Suppression System Permit,NEW SYSTEM,false,Completed,-79.9211060768,40.4587972853,"163 SHADY AVE #114, Pittsburgh, PA 15206-",https://data.wprdc.org/dataset/pli-permits
OOP-2021-20519,pittsburgh,2022-11-08,0,Occupancy Only Permit,NEW USE,true,Completed,-79.9177835755,40.4694976912,"817 COLLINS AVE, Pittsburgh, 15206-",https://data.wprdc.org/dataset/pli-permits
BP-2021-10092,pittsburgh,2021-08-17,0,BUILDING,NEW CONSTRUCTION,true,Completed,-79.9269911855,40.4653155721,"318 N SAINT CLAIR ST, Pittsburgh, PA 15206-",https://data.wprdc.org/dataset/pli-permits
OOP-2019-10719,pittsburgh,2020-01-23,0,Occupancy Only Permit,NEW USE,false,Expired,-80.0163485252,40.4522462763,"858 WESTERN AVE, Pittsburgh, 15233-",https://data.wprdc.org/dataset/pli-permits
OLP-2023-13148,pittsburgh,2024-05-02,0,Occupant Load Placard Permit,NEW,false,Completed,-79.8945807439,40.4498933423,"7511 THOMAS BLVD, Pittsburgh, PA 15208-",https://data.wprdc.org/dataset/pli-permits
EP-2021-10585,pittsburgh,2021-06-30,0,ELECTRICAL,NEW CONSTRUCTION,true,Completed,-80.0685643254,40.4533572809,"1413 SWANTEK ST, Pittsburgh, 15204-",https://data.wprdc.org/dataset/pli-permits
OLP-2024-09983,pittsburgh,2024-07-09,0,Occupant Load Placard Permit,NEW,false,Revoked,-79.9662077416,40.4645889728,"3519 BUTLER ST, Pittsburgh, PA 15201-",https://data.wprdc.org/dataset/pli-permits
EP-2022-01903,pittsburgh,2022-03-07,0,ELECTRICAL,NEW CONSTRUCTION,true,Completed,-79.9449405791,40.4800323317,"5507 MCCANDLESS AVE, Pittsburgh, 15201-",https://data.wprdc.org/dataset/pli-permits
OOP-2022-09883,pittsburgh,2022-10-13,0,Occupancy Only Permit,NEW USE,false,Completed,-79.9241306167,40.4285929393,"2715 MURRAY AVE #624, Pittsburgh, PA 15217-",https://data.wprdc.org/dataset/pli-permits
OLP-2024-00059,pittsburgh,2024-09-17,0,Occupant Load Placard Permit,NEW,false,Application Finalization,-79.8960532333,40.4545762561,"7225 HAMILTON AVE, Pittsburgh, PA 15208-",https://data.wprdc.org/dataset/pli-permits
SSP-2021-07298,pittsburgh,2021-06-23,0,Suppression System Permit,NEW SYSTEM,false,Completed,-79.9886534259,40.4509884461,"1679 WATERFRONT PL #371, Pittsburgh, PA 15222-",https://data.wprdc.org/dataset/pli-permits
MP-2023-07555,pittsburgh,2023-06-23,0,MECHANICAL,NEW CONSTRUCTION,false,Completed,-79.9590168681,40.4704397556,"233 43RD ST, Pittsburgh, PA 15201-",https://data.wprdc.org/dataset/pli-permits
OLP-2023-16265,pittsburgh,2023-09-26,0,Occupant Load Placard Permit,NEW,false,Completed,-80.0093046886,40.4460312776,"271 NORTH SHORE DR #700, Pittsburgh, PA 15212-",https://data.wprdc.org/dataset/pli-permits
BP-2023-01469,pittsburgh,2023-02-10,0,BUILDING,NEW CONSTRUCTION,false,Completed,-79.9162070297,40.4562370919,"6501 LIVING PL, Pittsburgh, PA 15206-",https://data.wprdc.org/dataset/pli-permits
OLP-2020-19719,pittsburgh,2020-12-10,0,Occupant Load Placard Permit,NEW,false,Completed,-79.9182119398,40.4384081707,"6315 FORBES AVE #L125, Pittsburgh, PA 15217-",https://data.wprdc.org/dataset/pli-permits
OOP-2022-15823,pittsburgh,2022-12-09,0,Occupancy Only Permit,NEW USE,false,Completed,-80.0090802458,40.3818296246,"2421 MCNEILLY RD, Pittsburgh, PA 15226-",https://data.wprdc.org/dataset/pli-permits
FP-2024-04531,pittsburgh,2024-08-26,0,Floodplain Permit,New Construction,false,Completed,-80.0744135004,40.4243291029,"2994 IDLEWOOD RD, Pittsburgh, PA 15205-",https://data.wprdc.org/dataset/pli-permits
SSP-2019-11228,pittsburgh,2021-07-21,0,Suppression System Permit,NEW SYSTEM,false,Completed,-79.9653329962,40.4695679428,"129 39TH ST, Pittsburgh, PA 15201-",https://data.wprdc.org/dataset/pli-permits
MP-2023-04583,pittsburgh,2023-04-04,0,MECHANICAL,NEW CONSTRUCTION,true,Completed,-80.0176087791,40.4367312169,"118 HALLOCK ST, Pittsburgh, PA 15211-",https://data.wprdc.org/dataset/pli-permits
BP-2024-02055,pittsburgh,2024-03-26,0,BUILDING,NEW CONSTRUCTION,false,Completed,-79.9914618561,40.4415602968,"626 WASHINGTON PL #2501, Pittsburgh, PA 15219-",https://data.wprdc.org/dataset/pli-permits
MP-2020-08060,pittsburgh,2020-06-16,0,MECHANICAL,NEW CONSTRUCTION,true,Completed,-79.9028016255,40.4515635668,"7090 THOMAS BLVD, Pittsburgh, PA 15208-",https://data.wprdc.org/dataset/pli-permits
FAS-2020-18532,pittsburgh,2020-12-15,0,Fire Alarm Permit,NEW SYSTEM,false,Completed,-80.0882959706,40.4444380651,"621 NAPOR BLVD, Pittsburgh, PA 15205-",https://data.wprdc.org/dataset/pli-permits
BP-2020-04087,pittsburgh,2020-05-29,0,BUILDING,NEW CONSTRUCTION,true,Issued,-80.022759842,40.4344167807,"450 SWEETBRIAR ST, Pittsburgh, PA 15211-",https://data.wprdc.org/dataset/pli-permits
SP-2023-01949,pittsburgh,2023-03-01,0,Sign Permit,NEW,false,Completed,-80.0034461455,40.4418955326,"120 5TH AVE, Pittsburgh, 15222-",https://data.wprdc.org/dataset/pli-permits
MP-2020-14742,pittsburgh,2020-12-03,0,MECHANICAL,NEW CONSTRUCTION,true,Completed,-79.9101883922,40.4553189626,"6706 MCPHERSON BLVD, Pittsburgh, 15208-",https://data.wprdc.org/dataset/pli-permits
BP-2019-00663,pittsburgh,2020-03-09,0,BUILDING,NEW CONSTRUCTION,false,Expired,-80.024291651,40.4561159296,No primary address specified,https://data.wprdc.org/dataset/pli-permits
SSP-2024-11844,pittsburgh,2024-12-19,0,Suppression System Permit,NEW SYSTEM,false,Completed,-79.9458769595,40.4461949142,"301 S NEVILLE ST, Pittsburgh, PA 15213-",https://data.wprdc.org/dataset/pli-permits
BP-2023-14173,pittsburgh,2024-03-25,0,BUILDING,NEW CONSTRUCTION,true,Completed,-79.9819997078,40.4398191177,"1738 REED ST #424, Pittsburgh, PA 15219-",https://data.wprdc.org/dataset/pli-permits
BP-2023-14175,pittsburgh,2024-03-25,0,BUILDING,NEW CONSTRUCTION,true,Completed,-79.9819997078,40.4398191177,"1738 REED ST #424, Pittsburgh, PA 15219-",https://data.wprdc.org/dataset/pli-permits
EP-2023-17167,pittsburgh,2023-10-13,0,ELECTRICAL,NEW CONSTRUCTION,false,Completed,-79.9296214621,40.4623681682,"141 S SAINT CLAIR ST #601, Pittsburgh, PA 15206-",https://data.wprdc.org/dataset/pli-permits
OOP-2019-03686,pittsburgh,2021-10-13,0,Occupancy Only Permit,NEW USE,true,Completed,-80.0568026189,40.4571678746,"3135 LANDIS ST, Pittsburgh, 15204-",https://data.wprdc.org/dataset/pli-permits
EP-2020-15193,pittsburgh,2020-09-22,0,ELECTRICAL,NEW CONSTRUCTION,true,Completed,-79.949669451,40.484458768,"5553 BERLIN Way, Pittsburgh, PA 15201-",https://data.wprdc.org/dataset/pli-permits
BP-2022-16199,pittsburgh,2023-05-17,0,BUILDING,NEW CONSTRUCTION,true,Revoked,-79.937134565,40.4778343814,"115 ELENA CT, Pittsburgh, PA 15201-",https://data.wprdc.org/dataset/pli-permits
SP-2020-19005,pittsburgh,2021-03-30,0,Sign Permit,NEW,false,Completed,-79.9878644368,40.4372503667,"1304 FORBES AVE, Pittsburgh, PA 15282-",https://data.wprdc.org/dataset/pli-permits
EP-2023-02448,pittsburgh,2023-05-04,0,ELECTRICAL,NEW CONSTRUCTION,false,Issued,-79.9231934238,40.460015708,"6226 PENN AVE, Pittsburgh, PA 15206-",https://data.wprdc.org/dataset/pli-permits
MP-2023-15681,pittsburgh,2023-09-20,0,MECHANICAL,NEW CONSTRUCTION,true,Completed,-80.0794308566,40.4498994083,"104 CEDARWOOD PL, Pittsburgh, PA 15205-",https://data.wprdc.org/dataset/pli-permits
EP-2022-18712,pittsburgh,2022-12-08,0,ELECTRICAL,NEW CONSTRUCTION,true,Completed,-79.9270159573,40.4652513791,"314 N SAINT CLAIR ST, Pittsburgh, PA 15206-",https://data.wprdc.org/dataset/pli-permits
EP-2020-18541,pittsburgh,2020-11-12,0,ELECTRICAL,NEW CONSTRUCTION,true,Completed,-79.9493301364,40.4844238831,"5557 BERLIN Way, Pittsburgh, PA 15201-",https://data.wprdc.org/dataset/pli-permits
EP-2020-15186,pittsburgh,2020-09-22,0,ELECTRICAL,NEW CONSTRUCTION,true,Completed,-79.949535867,40.4842766237,"5545 BERLIN Way, Pittsburgh, PA 15201-",https://data.wprdc.org/dataset/pli-permits
BP-2023-06684,pittsburgh,2023-09-19,0,BUILDING,NEW CONSTRUCTION,true,Issued,-79.9976352314,40.4202414115,"212 BELTZHOOVER AVE, Pittsburgh, PA 15210-",https://data.wprdc.org/dataset/pli-permits
SP-2023-00007,pittsburgh,2023-04-17,0,Sign Permit,NEW,false,Issued,-79.9483982381,40.4449059835,"411 S CRAIG ST #2, Pittsburgh, PA 15213-",https://data.wprdc.org/dataset/pli-permits
EP-2024-06768,pittsburgh,2024-04-30,0,ELECTRICAL,NEW CONSTRUCTION,true,Completed,-79.9172647316,40.4651314436,"26 MAYFLOWER ST, Pittsburgh, PA 15206-",https://data.wprdc.org/dataset/pli-permits
MP-2022-16269,pittsburgh,2023-01-20,0,MECHANICAL,NEW CONSTRUCTION,true,Completed,-79.8988780674,40.4538203035,"526 CLAWSON ST, Pittsburgh, 15208-",https://data.wprdc.org/dataset/pli-permits
EP-2022-14718,pittsburgh,2022-10-17,0,ELECTRICAL,NEW CONSTRUCTION,true,Completed,-79.9409180945,40.414895392,"4629 PARNELL ST, Pittsburgh, 15207-",https://data.wprdc.org/dataset/pli-permits
BDA-2024-01272,pittsburgh,2024-11-01,0,Building & Development Application,New Construction,false,Issued,-79.957559904,40.44143075,"3713 FORBES AVE, Pittsburgh, PA 15213-",https://data.wprdc.org/dataset/pli-permits
MP-2019-08872,pittsburgh,2020-01-10,0,MECHANICAL,NEW CONSTRUCTION,false,Completed,-79.9261975894,40.4641197705,"5809 HARVARD ST #303, Pittsburgh, PA 15206-",https://data.wprdc.org/dataset/pli-permits
SSP-2023-11550,pittsburgh,2023-07-20,0,Suppression System Permit,NEW SYSTEM,false,Issued,-79.9859797211,40.4290302709,"12 BEDFORD SQ, Pittsburgh, PA 15203-",https://data.wprdc.org/dataset/pli-permits
EP-2022-07828,pittsburgh,2022-05-24,0,ELECTRICAL,NEW CONSTRUCTION,true,Completed,-79.9272326957,40.4650269766,"302 N SAINT CLAIR ST, Pittsburgh, PA 15206-",https://data.wprdc.org/dataset/pli-permits
BP-2023-14372,pittsburgh,2024-01-31,0,BUILDING,NEW CONSTRUCTION,true,Completed,-79.9902635484,40.4240792076,"8 RENWICK ST, Pittsburgh, PA 15210-",https://data.wprdc.org/dataset/pli-permits
SP-2022-01887,pittsburgh,2022-02-16,0,Sign Permit,NEW,false,Completed,-79.9415529236,40.4580558869,"5171 LIBERTY AVE, Pittsburgh, PA 15224-",https://data.wprdc.org/dataset/pli-permits
SP-2021-16366,pittsburgh,2021-10-13,0,Sign Permit,NEW,false,Completed,-79.8959557388,40.489323592,"815 FREEPORT RD, Pittsburgh, 15215-",https://data.wprdc.org/dataset/pli-permits
EP-2022-01298,pittsburgh,2022-02-02,0,ELECTRICAL,NEW CONSTRUCTION,true,Completed,-79.9457465293,40.4809573098,"5509 CELADINE ST, Pittsburgh, 15201-",https://data.wprdc.org/dataset/pli-permits
EP-2022-00462,pittsburgh,2022-02-02,0,ELECTRICAL,NEW CONSTRUCTION,true,Completed,-79.933888286,40.4853286316,"1518 HAWTHORNE ST, Pittsburgh, 15201-",https://data.wprdc.org/dataset/pli-permits
BP-2020-02459,pittsburgh,2020-06-03,0,BUILDING,NEW CONSTRUCTION,true,Completed,-80.024513657,40.4580101073,"1227 COLUMBUS AVE, Pittsburgh, 15233-",https://data.wprdc.org/dataset/pli-permits
OLP-2023-19343,pittsburgh,2023-12-05,0,Occupant Load Placard Permit,NEW,false,Completed,-80.0168426545,40.4522326218,"911 GALVESTON AVE, Pittsburgh, PA 15233-",https://data.wprdc.org/dataset/pli-permits
OLP-2023-03470,pittsburgh,2023-05-17,0,Occupant Load Placard Permit,NEW,false,Completed,-80.001560198,40.4407843273,"222 5TH AVE #701, Pittsburgh, PA 15222-",https://data.wprdc.org/dataset/pli-permits
OLP-2023-04169,pittsburgh,2023-03-27,0,Occupant Load Placard Permit,NEW,false,Completed,-79.9835922908,40.436106554,"1622 LOCUST ST, Pittsburgh, PA 15219-",https://data.wprdc.org/dataset/pli-permits
BP-2024-08787,pittsburgh,2024-09-16,0,BUILDING,NEW CONSTRUCTION,false,Application Finalization,-79.9590168681,40.4704397556,"233 43RD ST, Pittsburgh, PA 15201-",https://data.wprdc.org/dataset/pli-permits
SP-2020-17260,pittsburgh,2020-12-29,0,Sign Permit,NEW,false,Completed,-79.9962833318,40.4510221241,"234 VOEGHTLY ST, Pittsburgh, PA 15212-",https://data.wprdc.org/dataset/pli-permits
FAS-2021-02813,pittsburgh,2021-10-20,0,Fire Alarm Permit,NEW SYSTEM,false,Completed,-79.94390358,40.4417684612,"4927 MARGARET MORRISON ST, Pittsburgh, PA 15213-",https://data.wprdc.org/dataset/pli-permits
BDA-2024-07137,pittsburgh,2024-11-22,0,Building & Development Application,New Construction,false,Completed,-79.9879197719,40.4410124668,"632 WASHINGTON PL, Pittsburgh, PA 15219",https://data.wprdc.org/dataset/pli-permits
MP-2021-16242,pittsburgh,2021-10-04,0,MECHANICAL,NEW CONSTRUCTION,true,Completed,-80.0094096675,40.4583008089,"1514 ARCH ST, Pittsburgh, PA 15212-",https://data.wprdc.org/dataset/pli-permits
SP-2022-06268,pittsburgh,2022-08-10,0,Sign Permit,NEW,false,Completed,-79.9810839492,40.4539430799,"2400 SMALLMAN ST, Pittsburgh, 15222-",https://data.wprdc.org/dataset/pli-permits
BP-2022-17907,pittsburgh,2022-12-28,0,BUILDING,NEW CONSTRUCTION,true,Completed,-80.0246664002,40.4394603597,"221 SEWARD ST, Pittsburgh, PA 15211-",https://data.wprdc.org/dataset/pli-permits
SP-2020-04398,pittsburgh,2020-05-20,0,Sign Permit,NEW,false,Completed,-79.9772956006,40.4315981566,"2019 WHARTON ST, Pittsburgh, PA 15203-",https://data.wprdc.org/dataset/pli-permits
EP-2020-09200,pittsburgh,2020-06-23,0,ELECTRICAL,NEW CONSTRUCTION,true,Completed,-79.950046147,40.4841707351,"5519 BERLIN Way, Pittsburgh, PA 15201-",https://data.wprdc.org/dataset/pli-permits
MP-2023-00028,pittsburgh,2023-02-01,0,MECHANICAL,NEW CONSTRUCTION,true,Completed,-79.9623287275,40.4625895156,"504 37TH ST, Pittsburgh, PA 15201-",https://data.wprdc.org/dataset/pli-permits
SSP-2024-06393,pittsburgh,2024-10-14,0,Suppression System Permit,NEW SYSTEM,false,Completed,-79.975989476,40.4260597401,"2121 MARY ST, Pittsburgh, PA 15203-",https://data.wprdc.org/dataset/pli-permits
SP-2023-16091,pittsburgh,2023-11-21,0,Sign Permit,NEW,false,Completed,-79.8922008885,40.4884285327,"980 FREEPORT RD, Pittsburgh, PA 15238",https://data.wprdc.org/dataset/pli-permits
MP-2023-13908,pittsburgh,2023-10-13,0,MECHANICAL,NEW CONSTRUCTION,false,Completed,-79.9914618561,40.4415602968,"626 WASHINGTON PL #2501, Pittsburgh, PA 15219-",https://data.wprdc.org/dataset/pli-permits
SP-2022-19657,pittsburgh,2023-01-10,0,Sign Permit,NEW,false,Completed,-79.978328611,40.4559038309,"211 26TH ST #201, Pittsburgh, PA 15222-",https://data.wprdc.org/dataset/pli-permits
MP-2023-08648,pittsburgh,2023-05-22,0,MECHANICAL,NEW CONSTRUCTION,true,Completed,-79.9263787293,40.4663444597,"414 N SAINT CLAIR ST, Pittsburgh, PA 15206-",https://data.wprdc.org/dataset/pli-permits
SP-2020-02343,pittsburgh,2020-05-07,0,Sign Permit,NEW,false,Completed,-79.9966959086,40.4439205119,"936 PENN AVE, Pittsburgh, 15222-",https://data.wprdc.org/dataset/pli-permits
BP-2021-19544,pittsburgh,2022-02-24,0,BUILDING,NEW CONSTRUCTION,false,Completed,-79.9231934238,40.460015708,"6226 PENN AVE, Pittsburgh, PA 15206-",https://data.wprdc.org/dataset/pli-permits
BP-2022-09553,pittsburgh,2022-12-14,0,BUILDING,NEW CONSTRUCTION,true,Completed,-80.0794308566,40.4498994083,"104 CEDARWOOD PL, Pittsburgh, PA 15205-",https://data.wprdc.org/dataset/pli-permits
SP-2020-11492,pittsburgh,2020-10-14,0,Sign Permit,NEW,false,Completed,-79.9975262801,40.4493150359,"600 RIVER AVE, Pittsburgh, 15212-",https://data.wprdc.org/dataset/pli-permits
EP-2024-10651,pittsburgh,2024-08-08,0,ELECTRICAL,NEW CONSTRUCTION,true,Completed,-79.9964788452,40.4225802111,"620 EXCELSIOR ST, Pittsburgh, PA 15210-",https://data.wprdc.org/dataset/pli-permits
MP-2022-18398,pittsburgh,2022-12-16,0,MECHANICAL,NEW CONSTRUCTION,true,Issued,-79.9703791406,40.4602658283,"3136 PENN AVE, Pittsburgh, PA 15201-",https://data.wprdc.org/dataset/pli-permits
SP-2020-04388,pittsburgh,2020-05-07,0,Sign Permit,NEW,false,Completed,-79.9231934238,40.460015708,"6226 PENN AVE, Pittsburgh, PA 15206-",https://data.wprdc.org/dataset/pli-permits
BP-2020-03851,pittsburgh,2021-01-20,0,BUILDING,NEW CONSTRUCTION,true,Completed,-79.9665466654,40.4568745508,"3115 BRERETON ST, Pittsburgh, 15219-",https://data.wprdc.org/dataset/pli-permits
BP-2024-04388,pittsburgh,2024-11-27,0,BUILDING,NEW CONSTRUCTION,true,Issued,-79.9830162032,40.4454709799,"1907 WEBSTER AVE, Pittsburgh, PA 15219-",https://data.wprdc.org/dataset/pli-permits
OLP-2020-10854,pittsburgh,2020-07-23,0,Occupant Load Placard Permit,NEW,false,Completed,-79.9981751649,40.4448811619,"912 FORT DUQUESNE BLVD, Pittsburgh, 15222-",https://data.wprdc.org/dataset/pli-permits
BP-2024-05300,pittsburgh,2024-08-26,0,BUILDING,NEW CONSTRUCTION,false,Issued,-80.0744135004,40.4243291029,"2994 IDLEWOOD RD, Pittsburgh, PA 15205-",https://data.wprdc.org/dataset/pli-permits
OLP-2022-07249,pittsburgh,2022-05-18,0,Occupant Load Placard Permit,NEW,false,Completed,-79.9653329962,40.4695679428,"129 39TH ST, Pittsburgh, PA 15201-",https://data.wprdc.org/dataset/pli-permits
SP-2021-16482,pittsburgh,2021-10-20,0,Sign Permit,NEW,false,Issued,-79.9551951395,40.4786029213,"5111 DRESDEN Way, Pittsburgh, PA 15201-",https://data.wprdc.org/dataset/pli-permits
OLP-2024-12184,pittsburgh,2024-10-04,0,Occupant Load Placard Permit,NEW,false,Completed,-80.0462399238,40.4791642542,"3300 PREBLE AVE #840, Pittsburgh, PA 15233-",https://data.wprdc.org/dataset/pli-permits
SP-2023-09803,pittsburgh,2023-09-22,0,Sign Permit,NEW,false,Issued,-79.9914618561,40.4415602968,"626 WASHINGTON PL #2501, Pittsburgh, PA 15219-",https://data.wprdc.org/dataset/pli-permits
SP-2022-06551,pittsburgh,2022-05-18,0,Sign Permit,NEW,false,Issued,-79.9218735065,40.4377564996,"5824 FORBES AVE #3, Pittsburgh, PA 15217-",https://data.wprdc.org/dataset/pli-permits
OOP-2021-12493,pittsburgh,2021-11-16,0,Occupancy Only Permit,NEW USE,true,Completed,-79.957811289,40.4707967374,"264 45TH ST, Pittsburgh, PA 15201-",https://data.wprdc.org/dataset/pli-permits
EP-2024-07453,pittsburgh,2024-05-10,0,ELECTRICAL,NEW CONSTRUCTION,true,Completed,-79.9325955416,40.4459913367,"5422 WILKINS AVE, Pittsburgh, PA 15217-",https://data.wprdc.org/dataset/pli-permits
OLP-2024-00349,pittsburgh,2024-01-31,0,Occupant Load Placard Permit,NEW,false,Expired,-79.9639365068,40.4283865095,"2795 SOUTH WATER ST, Pittsburgh, 15203-",https://data.wprdc.org/dataset/pli-permits
EP-2023-11698,pittsburgh,2023-07-13,0,ELECTRICAL,NEW CONSTRUCTION,false,Completed,-79.9491820242,40.4634147375,"204 PEARL ST, Pittsburgh, PA 15224-",https://data.wprdc.org/dataset/pli-permits
MP-2022-16580,pittsburgh,2023-03-01,0,MECHANICAL,NEW CONSTRUCTION,false,Completed,-79.9275565313,40.4621549752,"5818 PENN AVE, Pittsburgh, PA 15206-",https://data.wprdc.org/dataset/pli-permits
MP-2023-01226,pittsburgh,2023-07-07,0,MECHANICAL,NEW CONSTRUCTION,false,Completed,-79.9903585214,40.4486022823,"1447 SMALLMAN ST, Pittsburgh, PA 15222-",https://data.wprdc.org/dataset/pli-permits
BP-2020-20502,pittsburgh,2021-09-16,0,BUILDING,NEW CONSTRUCTION,false,Completed,-79.9796122559,40.4549553695,"2552 SMALLMAN ST, Pittsburgh, PA 15222-",https://data.wprdc.org/dataset/pli-permits
OOP-2021-01052,pittsburgh,2021-06-04,0,Occupancy Only Permit,NEW USE,true,Expired,-80.0081042789,40.4706457172,"2534 PERRYSVILLE AVE, Pittsburgh, 15214-",https://data.wprdc.org/dataset/pli-permits
BP-2020-09627,pittsburgh,2020-10-29,0,BUILDING,NEW CONSTRUCTION,true,Expired,-80.0183487298,40.4358298612,No primary address specified,https://data.wprdc.org/dataset/pli-permits
FAS-2024-05359,pittsburgh,2024-06-21,0,Fire Alarm Permit,NEW SYSTEM,false,Completed,-79.9985696433,40.4541199783,"616 E OHIO ST, Pittsburgh, PA 15212-",https://data.wprdc.org/dataset/pli-permits
SP-2021-02778,pittsburgh,2021-03-08,0,Sign Permit,NEW,false,Completed,-80.0038879672,40.4407398325,"424 STANWIX ST, Pittsburgh, PA 15222-",https://data.wprdc.org/dataset/pli-permits
SP-2020-02430,pittsburgh,2020-03-11,0,Sign Permit,NEW,false,Issued,-79.9728767064,40.4260262505,"2300 JANE ST, Pittsburgh, PA 15203-",https://data.wprdc.org/dataset/pli-permits
SP-2023-03166,pittsburgh,2023-03-03,0,Sign Permit,NEW,false,Completed,-79.9608300037,40.4695868565,"208 MAIN ST, Pittsburgh, PA 15201-",https://data.wprdc.org/dataset/pli-permits
EP-2024-08591,pittsburgh,2024-06-20,0,ELECTRICAL,NEW CONSTRUCTION,true,Completed,-79.9958849967,40.4557433093,"834 PERALTA ST, Pittsburgh, PA 15212-",https://data.wprdc.org/dataset/pli-permits
MP-2021-10201,pittsburgh,2021-07-09,0,MECHANICAL,NEW CONSTRUCTION,true,Revoked,-80.0085214545,40.4291719728,"116 1/2 NATCHEZ ST, Pittsburgh, 15211-",https://data.wprdc.org/dataset/pli-permits
BP-2023-17248,pittsburgh,2024-01-03,0,BUILDING,NEW CONSTRUCTION,false,Issued,-79.9745783674,40.4597006087,"102 30TH ST #631, Pittsburgh, PA 15201-",https://data.wprdc.org/dataset/pli-permits
OLP-2022-19172,pittsburgh,2022-12-23,0,Occupant Load Placard Permit,NEW,false,Completed,-79.9982472075,40.4412252342,"535 SMITHFIELD ST #300, Pittsburgh, PA 15222-",https://data.wprdc.org/dataset/pli-permits
OOP-2022-07763,pittsburgh,2022-08-11,0,Occupancy Only Permit,NEW USE,true,Completed,-79.9505720071,40.4606419639,"351 GARNET Way #102, Pittsburgh, PA 15224-",https://data.wprdc.org/dataset/pli-permits
OLP-2021-09400,pittsburgh,2021-06-07,0,Occupant Load Placard Permit,NEW,false,Completed,-79.9104984168,40.4581197786,"108 TORRENS ST, Pittsburgh, PA 15206-",https://data.wprdc.org/dataset/pli-permits
MP-2021-06650,pittsburgh,2022-01-05,0,MECHANICAL,NEW CONSTRUCTION,false,Completed,-80.0024142816,40.4401486786,"5 MARKET SQ, Pittsburgh, 15222-",https://data.wprdc.org/dataset/pli-permits
MP-2020-00784,pittsburgh,2020-02-13,0,MECHANICAL,NEW CONSTRUCTION,true,Completed,-79.9509403911,40.4777236,"728 52ND ST, Pittsburgh, PA 15201-",https://data.wprdc.org/dataset/pli-permits
SP-2024-12795,pittsburgh,2024-10-29,0,Sign Permit,NEW,false,Completed,-79.9211060768,40.4587972853,"163 SHADY AVE #114, Pittsburgh, PA 15206-",https://data.wprdc.org/dataset/pli-permits
SP-2020-11049,pittsburgh,2020-07-31,0,Sign Permit,NEW,false,Expired,-79.9196318161,40.4382819992,"5889 FORBES AVE, Pittsburgh, 15217-",https://data.wprdc.org/dataset/pli-permits
SP-2023-00905,pittsburgh,2023-01-23,0,Sign Permit,NEW,false,Completed,-79.9845297502,40.4371042953,"1515 LOCUST ST, Pittsburgh, 15219-",https://data.wprdc.org/dataset/pli-permits
FAS-2021-09003,pittsburgh,2021-07-07,0,Fire Alarm Permit,NEW SYSTEM,false,Completed,-79.9640089066,40.4330887045,"743 TECHNOLOGY DR #2, Pittsburgh, PA 15219-",https://data.wprdc.org/dataset/pli-permits
MP-2022-02358,pittsburgh,2022-05-05,0,MECHANICAL,NEW CONSTRUCTION,false,Completed,-79.9651927145,40.4261794565,"2835 E CARSON ST #300, Pittsburgh, PA 15203-",https://data.wprdc.org/dataset/pli-permits
EP-2024-09813,pittsburgh,2024-07-08,0,ELECTRICAL,NEW CONSTRUCTION,true,Completed,-79.9819997078,40.4398191177,"1738 REED ST #424, Pittsburgh, PA 15219-",https://data.wprdc.org/dataset/pli-permits
BP-2022-03296,pittsburgh,2022-03-09,0,BUILDING,NEW CONSTRUCTION,false,Completed,-79.9296214621,40.4623681682,"141 S SAINT CLAIR ST #601, Pittsburgh, PA 15206-",https://data.wprdc.org/dataset/pli-permits
OLP-2022-00446,pittsburgh,2022-02-08,0,Occupant Load Placard Permit,NEW,false,Completed,-79.9772398962,40.458771362,"75 HOPPER PL #301, Pittsburgh, PA 15222-",https://data.wprdc.org/dataset/pli-permits
MP-2024-12703,pittsburgh,2024-12-23,0,MECHANICAL,NEW CONSTRUCTION,false,Completed,-79.9914618561,40.4415602968,"626 WASHINGTON PL #2501, Pittsburgh, PA 15219-",https://data.wprdc.org/dataset/pli-permits
MP-2022-19282,pittsburgh,2024-07-22,0,MECHANICAL,NEW CONSTRUCTION,false,Completed,-79.9863619454,40.4492489145,"1636 PENN AVE, Pittsburgh, PA 15222-",https://data.wprdc.org/dataset/pli-permits
BP-2021-12051,pittsburgh,2021-10-06,0,BUILDING,NEW CONSTRUCTION,true,Completed,-79.9233372929,40.4731885664,"934 MELLON ST, Pittsburgh, 15206-",https://data.wprdc.org/dataset/pli-permits
FAS-2023-10881,pittsburgh,2023-08-14,0,Fire Alarm Permit,NEW SYSTEM,false,Issued,-79.9963126249,40.4501331756,"720 E LACOCK ST, Pittsburgh, 15212-",https://data.wprdc.org/dataset/pli-permits
OLP-2021-08752,pittsburgh,2021-05-26,0,Occupant Load Placard Permit,NEW,false,Completed,-80.0020304625,40.4326051163,"170 E STATION SQUARE DR #388, Pittsburgh, PA 15219-",https://data.wprdc.org/dataset/pli-permits
SP-2023-21370,pittsburgh,2024-01-25,0,Sign Permit,NEW,false,Completed,-79.9532432276,40.4552952804,"451 MELWOOD AVE, Pittsburgh, 15213-",https://data.wprdc.org/dataset/pli-permits
BP-2023-02454,pittsburgh,2023-04-26,0,BUILDING,NEW CONSTRUCTION,false,Issued,-79.9231934238,40.460015708,"6226 PENN AVE, Pittsburgh, PA 15206-",https://data.wprdc.org/dataset/pli-permits
EP-2020-20345,pittsburgh,2020-12-22,0,ELECTRICAL,NEW CONSTRUCTION,true,Expired,-79.9651612234,40.4626501233,"3439 DENNY ST, Pittsburgh, 15201-",https://data.wprdc.org/dataset/pli-permits
FAS-2021-04295,pittsburgh,2021-04-09,0,Fire Alarm Permit,NEW SYSTEM,false,Completed,-80.0071423376,40.4307393396,"131 SHILOH ST, Pittsburgh, 15211-",https://data.wprdc.org/dataset/pli-permits
SSP-2024-01897,pittsburgh,2024-10-18,0,Suppression System Permit,NEW SYSTEM,false,Completed,-79.9651927145,40.4261794565,"2835 E CARSON ST #300, Pittsburgh, PA 15203-",https://data.wprdc.org/dataset/pli-permits
MP-2024-10089,pittsburgh,2024-09-24,0,MECHANICAL,NEW CONSTRUCTION,false,Completed,-79.9531533024,40.4820317757,"5275 BUTLER ST #690, Pittsburgh, PA 15201-",https://data.wprdc.org/dataset/pli-permits
SP-2022-19764,pittsburgh,2023-01-10,0,Sign Permit,NEW,false,Completed,-79.9988191547,40.438133723,"301 GRANT ST #2700, Pittsburgh, PA 15219-",https://data.wprdc.org/dataset/pli-permits
SSP-2023-20240,pittsburgh,2024-04-08,0,Suppression System Permit,NEW SYSTEM,false,Completed,-79.9211060768,40.4587972853,"163 SHADY AVE #114, Pittsburgh, PA 15206-",https://data.wprdc.org/dataset/pli-permits
BP-2020-06251,pittsburgh,2020-08-19,0,BUILDING,NEW CONSTRUCTION,true,Completed,-80.0096758609,40.4594150218,"134 E JEFFERSON ST, Pittsburgh, PA 15212-",https://data.wprdc.org/dataset/pli-permits
EP-2020-16001,pittsburgh,2022-01-21,0,ELECTRICAL,NEW CONSTRUCTION,false,Completed,-80.0106423909,40.4457886059,"353 NORTH SHORE DR, Pittsburgh, PA 15212",https://data.wprdc.org/dataset/pli-permits
SSP-2021-16842,pittsburgh,2021-10-15,0,Suppression System Permit,NEW SYSTEM,false,Completed,-79.9822528812,40.429054605,"1607 E CARSON ST #409, Pittsburgh, PA 15203-",https://data.wprdc.org/dataset/pli-permits
BP-2020-06247,pittsburgh,2020-06-03,0,BUILDING,NEW CONSTRUCTION,true,Completed,-80.0255908858,40.4577991409,"1732 FULTON ST, Pittsburgh, 15233-",https://data.wprdc.org/dataset/pli-permits
EP-2023-03840,pittsburgh,2023-03-14,0,ELECTRICAL,NEW CONSTRUCTION,true,Completed,-80.0794308566,40.4498994083,"104 CEDARWOOD PL, Pittsburgh, PA 15205-",https://data.wprdc.org/dataset/pli-permits
SSP-2021-12519,pittsburgh,2022-06-10,0,Suppression System Permit,NEW SYSTEM,false,Completed,-79.896811336,40.4505987367,"7443 THOMAS BLVD, Pittsburgh, PA 15208-",https://data.wprdc.org/dataset/pli-permits
OOP-2021-08702,pittsburgh,2021-09-14,0,Occupancy Only Permit,NEW USE,false,Expired,-79.9481728234,40.4833627562,"450 56TH ST #150, Pittsburgh, PA 15201-",https://data.wprdc.org/dataset/pli-permits
MP-2020-15400,pittsburgh,2020-09-25,0,MECHANICAL,NEW CONSTRUCTION,true,Completed,-80.0451223923,40.4011019258,"2227 OLD OAK DR, Pittsburgh, 15220-",https://data.wprdc.org/dataset/pli-permits
EP-2023-03880,pittsburgh,2023-03-14,0,ELECTRICAL,NEW CONSTRUCTION,true,Completed,-80.0794308566,40.4498994083,"104 CEDARWOOD PL, Pittsburgh, PA 15205-",https://data.wprdc.org/dataset/pli-permits
OOP-2022-17754,pittsburgh,2023-06-26,0,Occupancy Only Permit,NEW USE,false,Completed,-79.987566357,40.3959367958,"1902 BROWNSVILLE RD, Pittsburgh, 15210-",https://data.wprdc.org/dataset/pli-permits
SP-2023-09203,pittsburgh,2023-07-05,0,Sign Permit,NEW,false,Completed,-80.0093046886,40.4460312776,"271 NORTH SHORE DR #700, Pittsburgh, PA 15212-",https://data.wprdc.org/dataset/pli-permits
SP-2021-01875,pittsburgh,2021-04-22,0,Sign Permit,NEW,false,Issued,-79.9483982381,40.4449059835,"411 S CRAIG ST #2, Pittsburgh, PA 15213-",https://data.wprdc.org/dataset/pli-permits
MP-2020-13516,pittsburgh,2020-12-01,0,MECHANICAL,NEW CONSTRUCTION,true,Completed,-79.9381538173,40.4529511322,"517 SAINT JAMES PL, Pittsburgh, 15232-",https://data.wprdc.org/dataset/pli-permits
OOP-2021-09539,pittsburgh,2021-12-08,0,Occupancy Only Permit,NEW USE,true,Completed,-79.9829756464,40.4638148001,"1409 TINSBURY ST #2, Pittsburgh, PA 15212-",https://data.wprdc.org/dataset/pli-permits
SP-2022-17115,pittsburgh,2022-12-15,0,Sign Permit,NEW,false,Issued,-79.9699240309,40.4583627569,"3150 SASSAFRAS Way, Pittsburgh, PA 15201-",https://data.wprdc.org/dataset/pli-permits
EP-2022-12621,pittsburgh,2022-12-15,0,ELECTRICAL,NEW CONSTRUCTION,true,Completed,-79.9879335135,40.445388572,"1547 CLIFF ST, Pittsburgh, PA 15219-",https://data.wprdc.org/dataset/pli-permits
MP-2021-15332,pittsburgh,2021-10-20,0,MECHANICAL,NEW CONSTRUCTION,true,Completed,-80.0115432026,40.4597686913,"1757 PERRYSVILLE AVE, Pittsburgh, 15212-",https://data.wprdc.org/dataset/pli-permits
EP-2023-03854,pittsburgh,2023-03-14,0,ELECTRICAL,NEW CONSTRUCTION,true,Completed,-80.0794308566,40.4498994083,"104 CEDARWOOD PL, Pittsburgh, PA 15205-",https://data.wprdc.org/dataset/pli-permits
OLP-2020-02146,pittsburgh,2020-03-05,0,Occupant Load Placard Permit,NEW,false,Expired,-79.943673062,40.4858844919,"5790 BUTLER ST, Pittsburgh, PA 15201-",https://data.wprdc.org/dataset/pli-permits
FAS-2024-08841,pittsburgh,2024-11-05,0,Fire Alarm Permit,NEW SYSTEM,false,Completed,-79.9863619454,40.4492489145,"1636 PENN AVE, Pittsburgh, PA 15222-",https://data.wprdc.org/dataset/pli-permits
EP-2021-11734,pittsburgh,2021-07-16,0,ELECTRICAL,NEW CONSTRUCTION,true,Completed,-79.9667501992,40.4390658883,"136 BURROWS ST, Pittsburgh, PA 15213-",https://data.wprdc.org/dataset/pli-permits
SSP-2022-17851,pittsburgh,2024-09-25,0,Suppression System Permit,NEW SYSTEM,false,Completed,-79.9974299804,40.3907430675,"2140 SAW MILL RUN BLVD, Pittsburgh, 15210-",https://data.wprdc.org/dataset/pli-permits
SSP-2019-11421,pittsburgh,2020-02-25,0,Suppression System Permit,NEW SYSTEM,false,Completed,-79.9261975894,40.4641197705,"5809 HARVARD ST #303, Pittsburgh, PA 15206-",https://data.wprdc.org/dataset/pli-permits
MP-2020-02569,pittsburgh,2020-06-23,0,MECHANICAL,NEW CONSTRUCTION,false,Completed,-79.9613273305,40.4711397932,"172 43RD ST, Pittsburgh, PA 15201-",https://data.wprdc.org/dataset/pli-permits
MP-2023-15206,pittsburgh,2023-09-14,0,MECHANICAL,NEW CONSTRUCTION,true,Completed,-80.0794308566,40.4498994083,"104 CEDARWOOD PL, Pittsburgh, PA 15205-",https://data.wprdc.org/dataset/pli-permits
EP-2020-16744,pittsburgh,2020-10-19,0,ELECTRICAL,NEW CONSTRUCTION,true,Completed,-79.9552373072,40.4782432764,"5114 STANTON AVE, Pittsburgh, PA 15201-",https://data.wprdc.org/dataset/pli-permits
EP-2023-03804,pittsburgh,2023-03-14,0,ELECTRICAL,NEW CONSTRUCTION,true,Completed,-80.0794308566,40.4498994083,"104 CEDARWOOD PL, Pittsburgh, PA 15205-",https://data.wprdc.org/dataset/pli-permits
EP-2020-07252,pittsburgh,2020-06-18,0,ELECTRICAL,NEW CONSTRUCTION,true,Completed,-80.014003152,40.4559330751,"1242 BUENA VISTA ST, Pittsburgh, 15212-",https://data.wprdc.org/dataset/pli-permits
MP-2022-17952,pittsburgh,2022-12-09,0,MECHANICAL,NEW CONSTRUCTION,true,Revoked,-79.9590168681,40.4704397556,"233 43RD ST, Pittsburgh, PA 15201-",https://data.wprdc.org/dataset/pli-permits
OLP-2022-13533,pittsburgh,2022-09-26,0,Occupant Load Placard Permit,NEW,false,Completed,-80.0159089105,40.4461591835,"100 ART ROONEY AVE, Pittsburgh, PA 15212-",https://data.wprdc.org/dataset/pli-permits
EP-2020-08756,pittsburgh,2020-06-22,0,ELECTRICAL,NEW CONSTRUCTION,true,Completed,-80.0692738521,40.4253816218,"2436 CRAFTMONT AVE, Pittsburgh, PA 15205-",https://data.wprdc.org/dataset/pli-permits
SP-2023-09757,pittsburgh,2023-06-29,0,Sign Permit,NEW,false,Completed,-80.0008583407,40.4425408067,"625 LIBERTY AVE, Pittsburgh, PA 15222-",https://data.wprdc.org/dataset/pli-permits
SSP-2019-10153,pittsburgh,2020-01-27,0,Suppression System Permit,NEW SYSTEM,false,Completed,-80.0249891472,40.4560803695,"1546 FULTON ST #100, Pittsburgh, PA 15233-",https://data.wprdc.org/dataset/pli-permits
FAS-2021-04672,pittsburgh,2021-06-30,0,Fire Alarm Permit,NEW SYSTEM,false,Completed,-79.8881285993,40.4507517898,"7745 TIOGA ST, Pittsburgh, PA 15208-",https://data.wprdc.org/dataset/pli-permits
FAS-2020-18910,pittsburgh,2021-03-08,0,Fire Alarm Permit,NEW SYSTEM,false,Completed,-79.9296214621,40.4623681682,"141 S SAINT CLAIR ST #601, Pittsburgh, PA 15206-",https://data.wprdc.org/dataset/pli-permits
BP-2020-03148,pittsburgh,2020-06-26,0,BUILDING,NEW CONSTRUCTION,true,Completed,-80.0230201685,40.4368082545,"325 AUGUSTA ST, Pittsburgh, PA 15211-",https://data.wprdc.org/dataset/pli-permits
MP-2022-03302,pittsburgh,2023-09-29,0,MECHANICAL,NEW CONSTRUCTION,false,Completed,-79.9275565313,40.4621549752,"5818 PENN AVE, Pittsburgh, PA 15206-",https://data.wprdc.org/dataset/pli-permits
OLP-2021-20816,pittsburgh,2021-12-28,0,Occupant Load Placard Permit,NEW,false,Completed,-79.9822782625,40.4541072222,"2358 RAILROAD ST, Pittsburgh, PA 15222-",https://data.wprdc.org/dataset/pli-permits
BP-2021-08687,pittsburgh,2021-07-09,0,BUILDING,NEW CONSTRUCTION,true,Completed,-80.025420954,40.4601968701,"1262 KUNKLE AVE, Pittsburgh, PA 15212-",https://data.wprdc.org/dataset/pli-permits
OLP-2020-02596,pittsburgh,2020-03-12,0,Occupant Load Placard Permit,NEW,false,Completed,-79.9892654826,40.4493658629,"131 15TH ST, Pittsburgh, PA 15222-",https://data.wprdc.org/dataset/pli-permits
SSP-2019-09682,pittsburgh,2020-01-07,0,Suppression System Permit,NEW SYSTEM,false,Completed,-79.897058498,40.4562691828,"7181 FLEURY Way, Pittsburgh, 15208-",https://data.wprdc.org/dataset/pli-permits
BP-2021-02687,pittsburgh,2021-09-14,0,BUILDING,NEW CONSTRUCTION,true,Completed,-80.0178890319,40.436707179,"125 MERIDAN ST, Pittsburgh, PA 15211-",https://data.wprdc.org/dataset/pli-permits
MP-2020-20639,pittsburgh,2021-04-06,0,MECHANICAL,NEW CONSTRUCTION,true,Expired,-79.9384712961,40.4836813883,"1131 DOWNLOOK ST, Pittsburgh, 15201-",https://data.wprdc.org/dataset/pli-permits
FP-2023-08432,pittsburgh,2023-11-06,0,Floodplain Permit,New Construction,false,Issued,-79.9842097179,40.4530446649,"2128 RAILROAD ST, Pittsburgh, PA 15222-",https://data.wprdc.org/dataset/pli-permits
EP-2020-05654,pittsburgh,2021-08-24,0,ELECTRICAL,NEW CONSTRUCTION,false,Completed,-79.9397408558,40.4445944176,"5093 FORBES AVE, Pittsburgh, PA 15213-",https://data.wprdc.org/dataset/pli-permits
OOP-2019-06273,pittsburgh,2022-06-27,0,Occupancy Only Permit,NEW USE,false,Completed,-79.975989476,40.4260597401,"2121 MARY ST, Pittsburgh, PA 15203-",https://data.wprdc.org/dataset/pli-permits
BP-2024-09157,pittsburgh,2024-11-01,0,BUILDING,NEW CONSTRUCTION,false,Completed,-79.9879197719,40.4410124668,"632 WASHINGTON PL, Pittsburgh, PA 15219",https://data.wprdc.org/dataset/pli-permits
OOP-2020-17485,pittsburgh,2020-11-20,0,Occupancy Only Permit,NEW USE,false,Completed,-80.0194224007,40.3929530664,"826 BROOKLINE BLVD, Pittsburgh, 15226-",https://data.wprdc.org/dataset/pli-permits
MP-2023-12213,pittsburgh,2023-09-21,0,MECHANICAL,NEW CONSTRUCTION,false,Completed,-79.9492244621,40.4633696546,"206 PEARL ST, Pittsburgh, PA 15224-",https://data.wprdc.org/dataset/pli-permits
BP-2021-16004,pittsburgh,2021-10-12,0,BUILDING,NEW CONSTRUCTION,true,Completed,-79.9136094101,40.4636495981,"6321 CARVER ST, Pittsburgh, PA 15206-",https://data.wprdc.org/dataset/pli-permits
FAS-2022-14562,pittsburgh,2022-10-28,0,Fire Alarm Permit,NEW SYSTEM,false,Completed,-79.9968170209,40.442299464,"634 SMITHFIELD ST, Pittsburgh, 15222-",https://data.wprdc.org/dataset/pli-permits
EP-2020-20660,pittsburgh,2020-12-28,0,ELECTRICAL,NEW CONSTRUCTION,true,Completed,-79.9916182149,40.46443316,"1712 RHINE ST, Pittsburgh, 15212-",https://data.wprdc.org/dataset/pli-permits
SSP-2021-09753,pittsburgh,2021-07-19,0,Suppression System Permit,NEW SYSTEM,false,Completed,-79.9640281241,40.4390533715,"240 CARLOW DR, Pittsburgh, PA 15213-",https://data.wprdc.org/dataset/pli-permits
MP-2024-08355,pittsburgh,2024-09-17,0,MECHANICAL,NEW CONSTRUCTION,false,Completed,-79.9740815055,40.4588292868,"2930 SMALLMAN ST #408, Pittsburgh, PA 15201-",https://data.wprdc.org/dataset/pli-permits
OLP-2020-20344,pittsburgh,2021-01-07,0,Occupant Load Placard Permit,NEW,false,Completed,-79.9424354286,40.4437333149,"5135 MARGARET MORRISON ST, Pittsburgh, PA 15213-",https://data.wprdc.org/dataset/pli-permits
SP-2022-16703,pittsburgh,2022-12-21,0,Sign Permit,NEW,false,Completed,-79.9708693847,40.4278579578,"2400 E CARSON ST, Pittsburgh, 15203-",https://data.wprdc.org/dataset/pli-permits
EP-2023-13319,pittsburgh,2023-08-08,0,ELECTRICAL,NEW CONSTRUCTION,true,Completed,-79.9498193051,40.480949448,"5315 HOLMES ST, Pittsburgh, PA 15201-",https://data.wprdc.org/dataset/pli-permits
MP-2021-02572,pittsburgh,2021-05-11,0,MECHANICAL,NEW CONSTRUCTION,false,Completed,-79.9886534259,40.4509884461,"1679 WATERFRONT PL #371, Pittsburgh, PA 15222-",https://data.wprdc.org/dataset/pli-permits
MP-2023-03505,pittsburgh,2023-03-01,0,MECHANICAL,NEW CONSTRUCTION,true,Completed,-79.98698592,40.4459057095,"1701 CLIFF ST, Pittsburgh, PA 15219-",https://data.wprdc.org/dataset/pli-permits
OLP-2021-09797,pittsburgh,2021-08-11,0,Occupant Load Placard Permit,NEW,false,Completed,-79.9602843911,40.4387932007,"3422 FORBES AVE, Pittsburgh, PA 15213-",https://data.wprdc.org/dataset/pli-permits
MP-2020-04142,pittsburgh,2020-07-22,0,MECHANICAL,NEW CONSTRUCTION,true,Issued,-80.0550951369,40.42958129,"1831 CHESSLAND ST, Pittsburgh, 15205-",https://data.wprdc.org/dataset/pli-permits
EP-2023-03675,pittsburgh,2023-07-14,0,ELECTRICAL,NEW CONSTRUCTION,false,Completed,-79.9275565313,40.4621549752,"5818 PENN AVE, Pittsburgh, PA 15206-",https://data.wprdc.org/dataset/pli-permits
MP-2022-05585,pittsburgh,2022-05-19,0,MECHANICAL,NEW CONSTRUCTION,true,Completed,-80.0334113264,40.4904612178,"1127 FLORA ST, Pittsburgh, 15212-",https://data.wprdc.org/dataset/pli-permits
SSP-2019-06201,pittsburgh,2020-02-18,0,Suppression System Permit,NEW SYSTEM,false,Completed,-79.9731285128,40.462436536,"24 32ND ST, Pittsburgh, PA 15201-",https://data.wprdc.org/dataset/pli-permits
MP-2019-08987,pittsburgh,2020-01-17,0,MECHANICAL,NEW CONSTRUCTION,false,Completed,-79.9484456346,40.4159064666,"4339 LYTLE ST, Pittsburgh, PA 15207-",https://data.wprdc.org/dataset/pli-permits
SP-2022-11539,pittsburgh,2023-02-16,0,Sign Permit,NEW,false,Completed,-79.9927218308,40.4220983124,"827 E WARRINGTON AVE, Pittsburgh, 15210-",https://data.wprdc.org/dataset/pli-permits
BP-2023-09929,pittsburgh,2023-08-17,0,BUILDING,NEW CONSTRUCTION,false,Completed,-79.9914618561,40.4415602968,"626 WASHINGTON PL #2501, Pittsburgh, PA 15219-",https://data.wprdc.org/dataset/pli-permits
FAS-2020-01346,pittsburgh,2021-02-24,0,Fire Alarm Permit,NEW SYSTEM,false,Completed,-79.9458306973,40.4476132808,"4735 5TH AVE, Pittsburgh, PA 15213-",https://data.wprdc.org/dataset/pli-permits
MP-2024-12477,pittsburgh,2024-11-08,0,MECHANICAL,NEW CONSTRUCTION,false,Completed,-80.0582049547,40.4603794161,"446 STADIUM ST, Pittsburgh, PA 15204-",https://data.wprdc.org/dataset/pli-permits
SSP-2022-19275,pittsburgh,2023-02-07,0,Suppression System Permit,NEW SYSTEM,false,Completed,-79.9835922908,40.436106554,"1622 LOCUST ST, Pittsburgh, PA 15219-",https://data.wprdc.org/dataset/pli-permits
EP-2022-12975,pittsburgh,2022-08-17,0,ELECTRICAL,NEW CONSTRUCTION,true,Completed,-80.0238093419,40.4371468758,"319 EDITH ST, Pittsburgh, PA 15211-",https://data.wprdc.org/dataset/pli-permits
SP-2021-08704,pittsburgh,2021-07-20,0,Sign Permit,NEW,false,Issued,-80.001560198,40.4407843273,"222 5TH AVE #701, Pittsburgh, PA 15222-",https://data.wprdc.org/dataset/pli-permits
EP-2020-15516,pittsburgh,2020-09-25,0,ELECTRICAL,NEW CONSTRUCTION,true,Completed,-80.0451223923,40.4011019258,"2227 OLD OAK DR, Pittsburgh, 15220-",https://data.wprdc.org/dataset/pli-permits
BP-2022-09548,pittsburgh,2022-12-14,0,BUILDING,NEW CONSTRUCTION,true,Revoked,-80.0794308566,40.4498994083,"104 CEDARWOOD PL, Pittsburgh, PA 15205-",https://data.wprdc.org/dataset/pli-permits
BP-2019-09587,pittsburgh,2020-05-15,0,BUILDING,NEW CONSTRUCTION,false,Application Finalization,-80.080342908,40.4450218346,"2260 ROSWELL DR #115, Pittsburgh, PA 15205-",https://data.wprdc.org/dataset/pli-permits
BP-2024-08436,pittsburgh,2024-09-10,0,BUILDING,NEW CONSTRUCTION,true,Completed,-79.9481472522,40.480855961,"5406 DUNCAN ST, Pittsburgh, PA 15201-",https://data.wprdc.org/dataset/pli-permits
FAS-2023-05208,pittsburgh,2023-06-23,0,Fire Alarm Permit,NEW SYSTEM,false,Completed,-79.9534376782,40.4641586893,"4310 MAIN ST, Pittsburgh, 15224-",https://data.wprdc.org/dataset/pli-permits
SP-2022-01427,pittsburgh,2022-02-08,0,Sign Permit,NEW,false,Completed,-79.9835922908,40.436106554,"1622 LOCUST ST, Pittsburgh, PA 15219-",https://data.wprdc.org/dataset/pli-permits
EP-2023-11704,pittsburgh,2023-07-13,0,ELECTRICAL,NEW CONSTRUCTION,false,Completed,-79.9492244621,40.4633696546,"206 PEARL ST, Pittsburgh, PA 15224-",https://data.wprdc.org/dataset/pli-permits
MP-2024-05266,pittsburgh,2024-07-25,0,MECHANICAL,NEW CONSTRUCTION,false,Completed,-79.981645253,40.4410720618,"1829 REED ST, Pittsburgh, PA 15219-",https://data.wprdc.org/dataset/pli-permits
SP-2021-14267,pittsburgh,2021-09-28,0,Sign Permit,NEW,false,Completed,-80.0070923881,40.429718304,"229 SHILOH ST, Pittsburgh, PA 15211-",https://data.wprdc.org/dataset/pli-permits
EP-2023-04500,pittsburgh,2023-05-26,0,ELECTRICAL,NEW CONSTRUCTION,false,Issued,-79.9507493142,40.425851692,"161 GREENFIELD AVE, Pittsburgh, 15207-",https://data.wprdc.org/dataset/pli-permits
BP-2022-18261,pittsburgh,2023-01-06,0,BUILDING,NEW CONSTRUCTION,true,Issued,-80.0083290822,40.456914215,"1319 REDDOUR ST, Pittsburgh, PA 15212-",https://data.wprdc.org/dataset/pli-permits
EP-2023-11234,pittsburgh,2023-09-05,0,ELECTRICAL,NEW CONSTRUCTION,false,Completed,-79.9892990452,40.4380964887,"1045 FORBES AVE #1125, Pittsburgh, PA 15219-",https://data.wprdc.org/dataset/pli-permits
BP-2022-09498,pittsburgh,2022-12-14,0,BUILDING,NEW CONSTRUCTION,true,Completed,-80.0794308566,40.4498994083,"104 CEDARWOOD PL, Pittsburgh, PA 15205-",https://data.wprdc.org/dataset/pli-permits
EP-2023-19422,pittsburgh,2024-03-04,0,ELECTRICAL,NEW CONSTRUCTION,true,Issued,-79.9745587264,40.4305602528,"2136 MERRIMAN Way, Pittsburgh, PA 15203-",https://data.wprdc.org/dataset/pli-permits
MP-2023-00029,pittsburgh,2023-02-01,0,MECHANICAL,NEW CONSTRUCTION,true,Completed,-79.9623158167,40.4624988343,"506 37TH ST, Pittsburgh, PA 15201-",https://data.wprdc.org/dataset/pli-permits
SSP-2020-04673,pittsburgh,2020-09-03,0,Suppression System Permit,NEW SYSTEM,false,Completed,-79.9754906449,40.4573148323,"2819 PENN AVE #411, Pittsburgh, PA 15222-",https://data.wprdc.org/dataset/pli-permits
BP-2021-20808,pittsburgh,2022-05-09,0,BUILDING,NEW CONSTRUCTION,true,Completed,-79.907127158,40.4547905004,"6823 MCPHERSON BLVD, Pittsburgh, PA 15208-",https://data.wprdc.org/dataset/pli-permits
MP-2021-20265,pittsburgh,2022-02-10,0,MECHANICAL,NEW CONSTRUCTION,true,Completed,-79.9945462488,40.4570252463,"923 CONSTANCE ST, Pittsburgh, 15212-",https://data.wprdc.org/dataset/pli-permits
SP-2024-01992,pittsburgh,2024-03-14,0,Sign Permit,NEW,false,Completed,-79.9211500204,40.4383461482,"5847 FORBES AVE, Pittsburgh, PA 15217-",https://data.wprdc.org/dataset/pli-permits
EP-2023-03892,pittsburgh,2023-03-14,0,ELECTRICAL,NEW CONSTRUCTION,true,Completed,-80.0794308566,40.4498994083,"104 CEDARWOOD PL, Pittsburgh, PA 15205-",https://data.wprdc.org/dataset/pli-permits
MP-2022-00859,pittsburgh,2022-01-26,0,MECHANICAL,NEW CONSTRUCTION,true,Completed,-79.9782808064,40.4248201546,"1958 JOSEPHINE ST, Pittsburgh, PA 15203-",https://data.wprdc.org/dataset/pli-permits
SP-2022-11011,pittsburgh,2022-07-21,0,Sign Permit,NEW,false,Completed,-79.9619118319,40.440755797,"3459 5TH AVE #N709, Pittsburgh, PA 15213-",https://data.wprdc.org/dataset/pli-permits
EP-2022-11562,pittsburgh,2022-07-27,0,ELECTRICAL,NEW CONSTRUCTION,true,Issued,-79.9435230462,40.4631320993,"248 1/2 S WINEBIDDLE ST, Pittsburgh, PA 15224-",https://data.wprdc.org/dataset/pli-permits
EP-2020-19784,pittsburgh,2020-12-07,0,ELECTRICAL,NEW CONSTRUCTION,true,Completed,-79.9491181598,40.4845180319,"5571 BERLIN Way, Pittsburgh, PA 15201-",https://data.wprdc.org/dataset/pli-permits
OOP-2022-12543,pittsburgh,2022-10-17,0,Occupancy Only Permit,NEW USE,true,Completed,-79.9221089013,40.431122559,"2315 ELDRIDGE ST, Pittsburgh, PA 15217-",https://data.wprdc.org/dataset/pli-permits
EP-2023-19554,pittsburgh,2024-06-26,0,ELECTRICAL,NEW CONSTRUCTION,false,Issued,-79.9598453087,40.4424544322,"200 LOTHROP ST, Pittsburgh, PA 15213-",https://data.wprdc.org/dataset/pli-permits
MP-2022-06149,pittsburgh,2022-05-13,0,MECHANICAL,NEW CONSTRUCTION,true,Issued,-79.9619548308,40.4642501678,"3710 PENN AVE, Pittsburgh, 15201-",https://data.wprdc.org/dataset/pli-permits
SP-2021-04642,pittsburgh,2022-02-04,0,Sign Permit,NEW,false,Issued,-79.9222670447,40.4355199616,"1901 MURRAY AVE, Pittsburgh, 15217-",https://data.wprdc.org/dataset/pli-permits
EP-2023-03881,pittsburgh,2023-03-14,0,ELECTRICAL,NEW CONSTRUCTION,true,Completed,-80.0794308566,40.4498994083,"104 CEDARWOOD PL, Pittsburgh, PA 15205-",https://data.wprdc.org/dataset/pli-permits
SSP-2022-10935,pittsburgh,2022-07-29,0,Suppression System Permit,NEW SYSTEM,false,Revoked,-79.976324041,40.4451328061,"459 KIRKPATRICK ST #302, Pittsburgh, PA 15219-",https://data.wprdc.org/dataset/pli-permits
EP-2022-01307,pittsburgh,2022-02-10,0,ELECTRICAL,NEW CONSTRUCTION,true,Completed,-80.0110044713,40.3925034125,"1239 BROOKLINE BLVD, Pittsburgh, 15226-",https://data.wprdc.org/dataset/pli-permits
OOP-2020-10853,pittsburgh,2020-08-06,0,Occupancy Only Permit,NEW USE,true,Expired,-80.0441110464,40.4885878398,"1808 WINHURST ST, Pittsburgh, 15212-",https://data.wprdc.org/dataset/pli-permits
EP-2022-08135,pittsburgh,2022-08-04,0,ELECTRICAL,NEW CONSTRUCTION,false,Issued,-80.0249148839,40.429014522,"1517 WOODRUFF ST, Pittsburgh, PA 15220-",https://data.wprdc.org/dataset/pli-permits
EP-2021-11583,pittsburgh,2021-07-16,0,ELECTRICAL,NEW CONSTRUCTION,true,Completed,-79.9667735921,40.4391631097,"132 BURROWS ST, Pittsburgh, PA 15213-",https://data.wprdc.org/dataset/pli-permits
SP-2021-06488,pittsburgh,2021-05-10,0,Sign Permit,NEW,false,Expired,-79.9162070297,40.4562370919,"6501 LIVING PL, Pittsburgh, PA 15206-",https://data.wprdc.org/dataset/pli-permits
EP-2020-00689,pittsburgh,2020-03-05,0,ELECTRICAL,NEW CONSTRUCTION,false,Expired,-80.0117616061,40.4496445097,"1 MONUMENT HILL DR, Pittsburgh, PA 15212-",https://data.wprdc.org/dataset/pli-permits
EP-2023-13395,pittsburgh,2023-08-09,0,ELECTRICAL,NEW CONSTRUCTION,true,Completed,-79.9367170648,40.4677857498,"5322 HILLCREST ST, Pittsburgh, PA 15224-",https://data.wprdc.org/dataset/pli-permits
OLP-2023-20771,pittsburgh,2024-02-29,0,Occupant Load Placard Permit,NEW,false,Completed,-79.9914618561,40.4415602968,"626 WASHINGTON PL #2501, Pittsburgh, PA 15219-",https://data.wprdc.org/dataset/pli-permits
BP-2019-06100,pittsburgh,2020-11-04,0,BUILDING,NEW CONSTRUCTION,true,Completed,-80.0151681609,40.4582129544,"1605 BUENA VISTA ST, Pittsburgh, PA 15212-",https://data.wprdc.org/dataset/pli-permits
FAS-2023-20530,pittsburgh,2024-01-18,0,Fire Alarm Permit,NEW SYSTEM,false,Completed,-80.0043029326,40.4396167794,"111 BLVD OF THE ALLIES, Pittsburgh, PA 15222-",https://data.wprdc.org/dataset/pli-permits
EP-2022-06237,pittsburgh,2022-11-18,0,ELECTRICAL,NEW CONSTRUCTION,false,Completed,-80.0177994817,40.4934827529,"4101 GRIZELLA ST, Pittsburgh, 15214-",https://data.wprdc.org/dataset/pli-permits
BP-2023-04674,pittsburgh,2023-08-08,0,BUILDING,NEW CONSTRUCTION,true,Completed,-79.9624744804,40.4542731099,"3374 WEBSTER AVE, Pittsburgh, 15219-",https://data.wprdc.org/dataset/pli-permits
EP-2023-07523,pittsburgh,2023-05-03,0,ELECTRICAL,NEW CONSTRUCTION,true,Completed,-79.9083520616,40.4612328319,"542 LINCOLN AVE, Pittsburgh, PA 15206-",https://data.wprdc.org/dataset/pli-permits
MP-2021-10808,pittsburgh,2022-11-08,0,MECHANICAL,NEW CONSTRUCTION,false,Completed,-79.9373961933,40.4481567579,"5131 5TH AVE, Pittsburgh, PA 15232-",https://data.wprdc.org/dataset/pli-permits
SP-2023-12217,pittsburgh,2023-12-04,0,Sign Permit,NEW,false,Completed,-79.9085709893,40.457435176,"6916 5TH AVE, Pittsburgh, PA 15208-",https://data.wprdc.org/dataset/pli-permits
EP-2022-04704,pittsburgh,2022-04-01,0,ELECTRICAL,NEW CONSTRUCTION,true,Revoked,-79.9282551867,40.4414133789,"1452 WIGHTMAN ST, Pittsburgh, PA 15217-",https://data.wprdc.org/dataset/pli-permits
EP-2022-07293,pittsburgh,2022-05-12,0,ELECTRICAL,NEW CONSTRUCTION,true,Completed,-79.9796646476,40.4257895034,"164 S 19TH ST, Pittsburgh, 15203-",https://data.wprdc.org/dataset/pli-permits
SP-2022-05496,pittsburgh,2022-05-11,0,Sign Permit,NEW,false,Completed,-79.9481728234,40.4833627562,"450 56TH ST #150, Pittsburgh, PA 15201-",https://data.wprdc.org/dataset/pli-permits
OLP-2024-09718,pittsburgh,2024-08-15,0,Occupant Load Placard Permit,NEW,false,Completed,-79.9473786824,40.4487848208,"569 N NEVILLE ST, Pittsburgh, PA 15213-",https://data.wprdc.org/dataset/pli-permits
FAS-2020-00927,pittsburgh,2020-09-28,0,Fire Alarm Permit,NEW SYSTEM,false,Completed,-79.9816941799,40.4368426269,"308 MILTENBERGER ST #302, Pittsburgh, PA 15219-",https://data.wprdc.org/dataset/pli-permits
MP-2024-12295,pittsburgh,2024-11-20,0,MECHANICAL,NEW CONSTRUCTION,true,Completed,-79.9934828595,40.4229770315,"805 EXCELSIOR ST, Pittsburgh, PA 15210-",https://data.wprdc.org/dataset/pli-permits
OOP-2021-17482,pittsburgh,2021-11-02,0,Occupancy Only Permit,NEW USE,true,Completed,-79.9883558001,40.3950566405,"1920 WESTMONT AVE, Pittsburgh, 15210-",https://data.wprdc.org/dataset/pli-permits
OLP-2023-08885,pittsburgh,2023-08-03,0,Occupant Load Placard Permit,NEW,false,Completed,-79.9662815451,40.4284602373,"424 S 27TH ST #306, Pittsburgh, PA 15203-",https://data.wprdc.org/dataset/pli-permits
MP-2020-02029,pittsburgh,2020-02-27,0,MECHANICAL,NEW CONSTRUCTION,true,Completed,-80.0109834449,40.4574443783,"313 JACKSONIA ST, Pittsburgh, 15212-",https://data.wprdc.org/dataset/pli-permits
FAS-2023-02899,pittsburgh,2023-04-17,0,Fire Alarm Permit,NEW SYSTEM,false,Completed,-79.9480295193,40.4150172885,"4501 LYTLE ST, Pittsburgh, PA 15207-",https://data.wprdc.org/dataset/pli-permits
MP-2019-01316,pittsburgh,2020-02-17,0,MECHANICAL,NEW CONSTRUCTION,true,Completed,-80.0122166682,40.4580506972,"1520 GARFIELD AVE, Pittsburgh, 15212-",https://data.wprdc.org/dataset/pli-permits
BP-2021-07695,pittsburgh,2022-03-29,0,BUILDING,NEW CONSTRUCTION,false,Issued,-79.9895379706,40.4572949657,"1201 TROY HILL RD, Pittsburgh, PA 15212-",https://data.wprdc.org/dataset/pli-permits
SSP-2020-07633,pittsburgh,2021-06-10,0,Suppression System Permit,NEW SYSTEM,false,Completed,-79.9718808362,40.4423839981,No primary address specified,https://data.wprdc.org/dataset/pli-permits
BP-2024-08781,pittsburgh,2024-10-21,0,BUILDING,NEW CONSTRUCTION,false,Application Finalization,-79.9590168681,40.4704397556,"233 43RD ST, Pittsburgh, PA 15201-",https://data.wprdc.org/dataset/pli-permits
BP-2020-11969,pittsburgh,2022-03-18,0,BUILDING,NEW CONSTRUCTION,false,Completed,-79.9870684689,40.4493909979,"1625 PENN AVE #102, Pittsburgh, PA 15222-",https://data.wprdc.org/dataset/pli-permits
EP-2023-10261,pittsburgh,2024-10-04,0,ELECTRICAL,NEW CONSTRUCTION,false,Issued,-79.9873950754,40.4438606993,"715 MERCER ST #1216, Pittsburgh, PA 15219-",https://data.wprdc.org/dataset/pli-permits
MP-2023-18191,pittsburgh,2024-06-07,0,MECHANICAL,NEW CONSTRUCTION,false,Completed,-79.9231934238,40.460015708,"6226 PENN AVE, Pittsburgh, PA 15206-",https://data.wprdc.org/dataset/pli-permits
OOP-2021-15780,pittsburgh,2021-11-08,0,Occupancy Only Permit,NEW USE,false,Completed,-79.9544225826,40.4660430443,"4201 PENN AVE, Pittsburgh, 15224-",https://data.wprdc.org/dataset/pli-permits
OLP-2020-00528,pittsburgh,2020-01-21,0,Occupant Load Placard Permit,NEW,false,Completed,-80.0008583407,40.4425408067,"625 LIBERTY AVE, Pittsburgh, PA 15222-",https://data.wprdc.org/dataset/pli-permits
FP-2022-19590,pittsburgh,2023-02-06,0,Floodplain Permit,New Construction,false,Completed,-79.9903585214,40.4486022823,"1447 SMALLMAN ST, Pittsburgh, PA 15222-",https://data.wprdc.org/dataset/pli-permits
BP-2024-02436,pittsburgh,2024-10-18,0,BUILDING,NEW CONSTRUCTION,true,Completed,-79.9838149891,40.4277805388,"1407 SARAH ST, Pittsburgh, PA 15203-",https://data.wprdc.org/dataset/pli-permits
MP-2020-16395,pittsburgh,2021-02-26,0,MECHANICAL,NEW CONSTRUCTION,false,Completed,-79.9934940382,40.4346430496,"950 2ND AVE, Pittsburgh, PA 15219-",https://data.wprdc.org/dataset/pli-permits
SP-2021-08644,pittsburgh,2021-06-08,0,Sign Permit,NEW,false,Completed,-79.9363522901,40.4573410281,"5522 BAUM BLVD #723, Pittsburgh, PA 15232-",https://data.wprdc.org/dataset/pli-permits
EP-2020-19868,pittsburgh,2020-12-08,0,ELECTRICAL,NEW CONSTRUCTION,true,Completed,-79.9488882803,40.484625374,"5583 BERLIN Way, Pittsburgh, PA 15201-",https://data.wprdc.org/dataset/pli-permits
BP-2020-19754,pittsburgh,2021-02-10,0,BUILDING,NEW CONSTRUCTION,false,Completed,-79.9617216464,40.4310612357,"350 TECHNOLOGY DR #611, Pittsburgh, PA 15219-",https://data.wprdc.org/dataset/pli-permits
MP-2020-02750,pittsburgh,2021-01-19,0,MECHANICAL,NEW CONSTRUCTION,false,Completed,-79.9617216464,40.4310612357,"350 TECHNOLOGY DR #611, Pittsburgh, PA 15219-",https://data.wprdc.org/dataset/pli-permits
EP-2020-08032,pittsburgh,2020-06-18,0,ELECTRICAL,NEW CONSTRUCTION,true,Issued,-80.0552459294,40.4292647915,"1841 CHESSLAND ST, Pittsburgh, 15205-",https://data.wprdc.org/dataset/pli-permits
BP-2021-13881,pittsburgh,2021-09-16,0,BUILDING,NEW CONSTRUCTION,true,Completed,-79.9685227809,40.4559842152,"3011 1/2 PAULOWNA ST, Pittsburgh, PA 15219-",https://data.wprdc.org/dataset/pli-permits
SP-2021-19391,pittsburgh,2022-03-09,0,Sign Permit,NEW,false,Completed,-79.9301237222,40.4563199276,"5830 ELLSWORTH AVE, Pittsburgh, PA 15232-",https://data.wprdc.org/dataset/pli-permits
BP-2024-00754,pittsburgh,2024-08-20,0,BUILDING,NEW CONSTRUCTION,true,Issued,-79.9931662843,40.4271114307,"620 WINDOM ST, Pittsburgh, PA 15203-",https://data.wprdc.org/dataset/pli-permits
SSP-2024-10772,pittsburgh,2024-12-18,0,Suppression System Permit,NEW SYSTEM,false,Issued,-79.9598453087,40.4424544322,"200 LOTHROP ST, Pittsburgh, PA 15213-",https://data.wprdc.org/dataset/pli-permits
OLP-2024-01586,pittsburgh,2024-02-22,0,Occupant Load Placard Permit,NEW,false,Completed,-79.9527528068,40.4546339386,"419 MELWOOD AVE #1025, Pittsburgh, PA 15213-",https://data.wprdc.org/dataset/pli-permits
EP-2021-20026,pittsburgh,2021-12-16,0,ELECTRICAL,NEW CONSTRUCTION,true,Completed,-80.0135669683,40.4214665479,"633 CHESS ST, Pittsburgh, 15211-",https://data.wprdc.org/dataset/pli-permits
MP-2023-19568,pittsburgh,2024-07-26,0,MECHANICAL,NEW CONSTRUCTION,false,Completed,-79.9465743822,40.4135183581,"4601 Composite ST, Pittsburgh, PA 15207-",https://data.wprdc.org/dataset/pli-permits
BP-2019-11185,pittsburgh,2020-05-12,0,BUILDING,NEW CONSTRUCTION,true,Completed,-79.9661609897,40.4247122344,"2830 LARKINS Way, Pittsburgh, PA 15203-",https://data.wprdc.org/dataset/pli-permits
BP-2022-18273,pittsburgh,2024-01-25,0,BUILDING,NEW CONSTRUCTION,false,Issued,-79.8998770661,40.4538608939,"540 N LANG AVE, Pittsburgh, PA 15208-",https://data.wprdc.org/dataset/pli-permits
SSP-2021-12229,pittsburgh,2021-09-08,0,Suppression System Permit,NEW SYSTEM,false,Completed,-79.9764731199,40.4581127332,"115 28TH ST, Pittsburgh, PA 15222-",https://data.wprdc.org/dataset/pli-permits
EP-2022-11282,pittsburgh,2022-11-30,0,ELECTRICAL,NEW CONSTRUCTION,false,Completed,-80.0080661064,40.4468565587,"220 NORTH SHORE DR #628, Pittsburgh, PA 15212-",https://data.wprdc.org/dataset/pli-permits
MP-2021-08967,pittsburgh,2021-06-15,0,MECHANICAL,NEW CONSTRUCTION,true,Issued,-79.9577763077,40.4330780123,"3217 ROMEO ST, Pittsburgh, 15213-",https://data.wprdc.org/dataset/pli-permits
MP-2020-14030,pittsburgh,2020-10-08,0,MECHANICAL,NEW CONSTRUCTION,true,Completed,-79.949669451,40.484458768,"5553 BERLIN Way, Pittsburgh, PA 15201-",https://data.wprdc.org/dataset/pli-permits
EP-2024-01034,pittsburgh,2024-03-28,0,ELECTRICAL,NEW CONSTRUCTION,false,Completed,-79.9914618561,40.4415602968,"626 WASHINGTON PL #2501, Pittsburgh, PA 15219-",https://data.wprdc.org/dataset/pli-permits
OLP-2024-05847,pittsburgh,2024-05-14,0,Occupant Load Placard Permit,NEW,false,Completed,-79.9785896972,40.3850031541,"2614 BROWNSVILLE RD, Pittsburgh, PA 15227-",https://data.wprdc.org/dataset/pli-permits
SSP-2023-10502,pittsburgh,2023-07-25,0,Suppression System Permit,NEW SYSTEM,false,Completed,-79.9971695681,40.443798506,"922 PENN AVE, Pittsburgh, PA 15222-",https://data.wprdc.org/dataset/pli-permits
MP-2024-12311,pittsburgh,2024-10-09,0,MECHANICAL,NEW CONSTRUCTION,true,Completed,-79.995653726,40.4226612161,"702 EXCELSIOR ST, Pittsburgh, PA 15210-",https://data.wprdc.org/dataset/pli-permits
MP-2021-08048,pittsburgh,2021-07-02,0,MECHANICAL,NEW CONSTRUCTION,false,Completed,-80.0088704967,40.4031665846,"779 DUNSTER ST, Pittsburgh, 15226-",https://data.wprdc.org/dataset/pli-permits
FAS-2022-03918,pittsburgh,2022-08-03,0,Fire Alarm Permit,NEW SYSTEM,false,Completed,-79.9860680343,40.3925378007,"2117 BROWNSVILLE RD #C36, Pittsburgh, PA 15210-",https://data.wprdc.org/dataset/pli-permits
MP-2020-09456,pittsburgh,2021-02-26,0,MECHANICAL,NEW CONSTRUCTION,true,Expired,-80.0219386254,40.4561049043,"1104 LIVERPOOL ST, Pittsburgh, 15233-",https://data.wprdc.org/dataset/pli-permits
BP-2019-02223,pittsburgh,2020-11-04,0,BUILDING,NEW CONSTRUCTION,true,Expired,-79.8985995504,40.4611766947,"7037 HERMITAGE ST, Pittsburgh, PA 15208-",https://data.wprdc.org/dataset/pli-permits
MP-2023-03406,pittsburgh,2023-03-22,0,MECHANICAL,NEW CONSTRUCTION,true,Completed,-80.0236691753,40.4349457666,"440 WYOLA ST, Pittsburgh, PA 15211-",https://data.wprdc.org/dataset/pli-permits
MP-2020-00004,pittsburgh,2020-01-27,0,MECHANICAL,NEW CONSTRUCTION,true,Completed,-79.9528850223,40.4598267197,"457 TAYLOR ST, Pittsburgh, PA 15224-",https://data.wprdc.org/dataset/pli-permits
EP-2022-01647,pittsburgh,2022-03-11,0,ELECTRICAL,NEW CONSTRUCTION,true,Completed,-79.966902345,40.4397091347,"110 BURROWS ST, Pittsburgh, PA 15213-",https://data.wprdc.org/dataset/pli-permits
BP-2022-03438,pittsburgh,2024-02-16,0,BUILDING,NEW CONSTRUCTION,false,Issued,-79.9179362353,40.4849621069,"201 SHELTER HOUSE RD, Pittsburgh, PA 15206-",https://data.wprdc.org/dataset/pli-permits
FAS-2021-15090,pittsburgh,2023-01-11,0,Fire Alarm Permit,NEW SYSTEM,false,Completed,-80.0430510996,40.4748309616,"3300 PREBLE AVE #420, Pittsburgh, PA 15233-",https://data.wprdc.org/dataset/pli-permits
EP-2024-01940,pittsburgh,2024-04-12,0,ELECTRICAL,NEW CONSTRUCTION,false,Completed,-79.9497324139,40.4187777568,"85 Beehive ST, Pittsburgh, PA 15207-",https://data.wprdc.org/dataset/pli-permits
OLP-2023-14855,pittsburgh,2023-09-06,0,Occupant Load Placard Permit,NEW,false,Completed,-79.9251583713,40.4619291426,"5935 PENN AVE #610, Pittsburgh, PA 15206-",https://data.wprdc.org/dataset/pli-permits
EP-2019-09941,pittsburgh,2020-02-27,0,ELECTRICAL,NEW CONSTRUCTION,false,Completed,-79.9659482301,40.4671805983,"175 37TH ST, Pittsburgh, 15201-",https://data.wprdc.org/dataset/pli-permits
SP-2023-02434,pittsburgh,2023-05-08,0,Sign Permit,NEW,false,Completed,-79.9983361881,40.4396403468,"440 SMITHFIELD ST, Pittsburgh, PA 15222-",https://data.wprdc.org/dataset/pli-permits
FAS-2023-04732,pittsburgh,2023-04-03,0,Fire Alarm Permit,NEW SYSTEM,false,Completed,-80.0168426545,40.4522326218,"911 GALVESTON AVE, Pittsburgh, PA 15233-",https://data.wprdc.org/dataset/pli-permits
MP-2020-02570,pittsburgh,2020-06-23,0,MECHANICAL,NEW CONSTRUCTION,false,Completed,-79.9612759382,40.4711040525,"174 43RD ST, Pittsburgh, 15201-",https://data.wprdc.org/dataset/pli-permits
BP-2021-07747,pittsburgh,2021-11-19,0,BUILDING,NEW CONSTRUCTION,false,Completed,-79.9512931072,40.4413602585,"261 SCHENLEY DR, Pittsburgh, PA 15213-",https://data.wprdc.org/dataset/pli-permits
MP-2020-05896,pittsburgh,2020-06-25,0,MECHANICAL,NEW CONSTRUCTION,true,Expired,-79.9867609738,40.4515102832,"1750 WATERFRONT PL, Pittsburgh, PA 15222-",https://data.wprdc.org/dataset/pli-permits
OOP-2021-18255,pittsburgh,2022-01-13,0,Occupancy Only Permit,NEW USE,false,Completed,-80.0008451319,40.438339428,"326 3RD AVE, Pittsburgh, PA 15222-",https://data.wprdc.org/dataset/pli-permits
MP-2023-12227,pittsburgh,2023-07-27,0,MECHANICAL,NEW CONSTRUCTION,true,Issued,-79.9223060101,40.4540439313,"6216 HOWE ST, Pittsburgh, 15206-",https://data.wprdc.org/dataset/pli-permits
OLP-2023-08704,pittsburgh,2023-06-02,0,Occupant Load Placard Permit,NEW,false,Completed,-79.9933499875,40.4387834805,"700 5TH AVE, Pittsburgh, PA 15219-",https://data.wprdc.org/dataset/pli-permits
SP-2020-01837,pittsburgh,2020-06-09,0,Sign Permit,NEW,false,Expired,-79.9977149213,40.4402043035,"525 WILLIAM PENN PL #3550, Pittsburgh, PA 15219-",https://data.wprdc.org/dataset/pli-permits
OOP-2020-17084,pittsburgh,2021-07-30,0,Occupancy Only Permit,NEW USE,true,Completed,-80.0391156649,40.4788187543,"3513 FLEMING AVE, Pittsburgh, 15212-",https://data.wprdc.org/dataset/pli-permits
SSP-2023-12080,pittsburgh,2023-08-18,0,Suppression System Permit,NEW SYSTEM,false,Completed,-79.9798500457,40.4441741425,"2019 CENTRE AVE #302, Pittsburgh, PA 15219-",https://data.wprdc.org/dataset/pli-permits
SSP-2023-18333,pittsburgh,2023-11-06,0,Suppression System Permit,NEW SYSTEM,false,Completed,-79.9668182058,40.4298796577,"2613 SOUTH WATER ST, Pittsburgh, PA 15203-",https://data.wprdc.org/dataset/pli-permits
SP-2023-10125,pittsburgh,2023-07-21,0,Sign Permit,NEW,false,Issued,-79.8867522022,40.4867976046,"1028 FREEPORT RD, Pittsburgh, 15238-",https://data.wprdc.org/dataset/pli-permits
SP-2024-02590,pittsburgh,2024-07-16,0,Sign Permit,NEW,false,Issued,-80.0794308566,40.4498994083,"104 CEDARWOOD PL, Pittsburgh, PA 15205-",https://data.wprdc.org/dataset/pli-permits
EP-2020-10506,pittsburgh,2020-10-19,0,ELECTRICAL,NEW CONSTRUCTION,false,Expired,-79.9878333698,40.4506348221,No primary address specified,https://data.wprdc.org/dataset/pli-permits
MP-2021-04962,pittsburgh,2021-04-06,0,MECHANICAL,NEW CONSTRUCTION,true,Completed,-79.91433997,40.3967017909,"4315 Bench Way, Pittsburgh, PA 15120-",https://data.wprdc.org/dataset/pli-permits
EP-2024-13219,pittsburgh,2024-10-29,0,ELECTRICAL,NEW CONSTRUCTION,true,Completed,-79.9920602075,40.4230617985,"845 EXCELSIOR ST, Pittsburgh, 15210-",https://data.wprdc.org/dataset/pli-permits
MP-2020-03897,pittsburgh,2020-05-14,0,MECHANICAL,NEW CONSTRUCTION,false,Completed,-79.9625252802,40.4677418433,"215 39TH ST, Pittsburgh, 15201-",https://data.wprdc.org/dataset/pli-permits
SP-2022-01277,pittsburgh,2022-06-13,0,Sign Permit,NEW,false,Issued,-79.9815852235,40.4419968277,"1844 CENTRE AVE, Pittsburgh, PA 15219-",https://data.wprdc.org/dataset/pli-permits
MP-2021-19510,pittsburgh,2022-02-04,0,MECHANICAL,NEW CONSTRUCTION,false,Completed,-79.9515419391,40.4626676746,"4512 LIBERTY AVE, Pittsburgh, PA 15224-",https://data.wprdc.org/dataset/pli-permits
SP-2022-11628,pittsburgh,2023-01-19,0,Sign Permit,NEW,false,Completed,-80.0024142816,40.4401486786,"5 MARKET SQ, Pittsburgh, 15222-",https://data.wprdc.org/dataset/pli-permits
MP-2021-06515,pittsburgh,2022-01-03,0,MECHANICAL,NEW CONSTRUCTION,false,Completed,-79.9964759922,40.4304363882,"68 S 4TH ST #11, Pittsburgh, PA 15219-",https://data.wprdc.org/dataset/pli-permits
SP-2020-18403,pittsburgh,2021-02-12,0,Sign Permit,NEW,false,Issued,-80.0035680945,40.4399201571,"6 PPG PL #830, Pittsburgh, PA 15222-",https://data.wprdc.org/dataset/pli-permits
SSP-2022-15414,pittsburgh,2023-01-11,0,Suppression System Permit,NEW SYSTEM,false,Completed,-79.9308895036,40.4617406931,"200 AMBER ST #104, Pittsburgh, PA 15206-",https://data.wprdc.org/dataset/pli-permits
BP-2019-08736,pittsburgh,2020-03-17,0,BUILDING,NEW CONSTRUCTION,true,Completed,-79.9668109335,40.439313985,"126 BURROWS ST, Pittsburgh, PA 15213-",https://data.wprdc.org/dataset/pli-permits
EP-2024-09469,pittsburgh,2024-08-14,0,ELECTRICAL,NEW CONSTRUCTION,false,Completed,-79.9879197719,40.4410124668,"632 WASHINGTON PL, Pittsburgh, PA 15219",https://data.wprdc.org/dataset/pli-permits
BP-2024-02120,pittsburgh,2024-04-12,0,BUILDING,NEW CONSTRUCTION,true,Completed,-79.9934473985,40.4568581576,"909 RICKENBACH ST, Pittsburgh, PA 15212-",https://data.wprdc.org/dataset/pli-permits
EP-2019-10416,pittsburgh,2020-02-06,0,ELECTRICAL,NEW CONSTRUCTION,false,Completed,-79.9822429403,40.3871747804,"2417 BROWNSVILLE RD, Pittsburgh, PA 15210-",https://data.wprdc.org/dataset/pli-permits
EP-2019-03367,pittsburgh,2021-01-29,0,ELECTRICAL,NEW CONSTRUCTION,false,Expired,-79.94390358,40.4417684612,"4927 MARGARET MORRISON ST, Pittsburgh, PA 15213-",https://data.wprdc.org/dataset/pli-permits
SP-2023-15727,pittsburgh,2023-09-28,0,Sign Permit,NEW,false,Completed,-79.966442558,40.4271731068,"2746 SIDNEY ST, Pittsburgh, PA 15203-",https://data.wprdc.org/dataset/pli-permits
MP-2024-01667,pittsburgh,2024-07-08,0,MECHANICAL,NEW CONSTRUCTION,false,Completed,-79.9639972173,40.4685327573,"3913 BUTLER ST, Pittsburgh, PA 15201-",https://data.wprdc.org/dataset/pli-permits
MP-2022-04957,pittsburgh,2022-04-07,0,MECHANICAL,NEW CONSTRUCTION,true,Completed,-79.9339863245,40.45935148,"353 STRATFORD AVE, Pittsburgh, 15232-",https://data.wprdc.org/dataset/pli-permits
BP-2021-00797,pittsburgh,2021-02-26,0,BUILDING,NEW CONSTRUCTION,false,Completed,-79.9617216464,40.4310612357,"350 TECHNOLOGY DR #611, Pittsburgh, PA 15219-",https://data.wprdc.org/dataset/pli-permits
MP-2020-04145,pittsburgh,2020-07-22,0,MECHANICAL,NEW CONSTRUCTION,true,Issued,-80.0551332446,40.4294878801,"1835 CHESSLAND ST, Pittsburgh, 15205-",https://data.wprdc.org/dataset/pli-permits
MP-2022-14903,pittsburgh,2022-09-21,0,MECHANICAL,NEW CONSTRUCTION,true,Issued,-79.959154267,40.47607814,"4728 HATFIELD ST, Pittsburgh, PA 15201-",https://data.wprdc.org/dataset/pli-permits
FAS-2023-18940,pittsburgh,2023-11-17,0,Fire Alarm Permit,NEW SYSTEM,false,Completed,-79.9231934238,40.460015708,"6226 PENN AVE, Pittsburgh, PA 15206-",https://data.wprdc.org/dataset/pli-permits
EP-2022-06437,pittsburgh,2022-05-23,0,ELECTRICAL,NEW CONSTRUCTION,true,Completed,-79.9239294293,40.4442802488,"5757 WILKINS AVE, Pittsburgh, 15217-",https://data.wprdc.org/dataset/pli-permits
EP-2021-10803,pittsburgh,2022-08-04,0,ELECTRICAL,NEW CONSTRUCTION,false,Revoked,-79.9373961933,40.4481567579,"5131 5TH AVE, Pittsburgh, PA 15232-",https://data.wprdc.org/dataset/pli-permits
BP-2022-09670,pittsburgh,2023-12-19,0,BUILDING,NEW CONSTRUCTION,false,Completed,-79.9807995852,40.4564875688,"48 26TH ST, Pittsburgh, 15222-",https://data.wprdc.org/dataset/pli-permits
OLP-2022-07999,pittsburgh,2022-05-23,0,Occupant Load Placard Permit,NEW,false,Completed,-79.9982660056,40.454599935,"715 EAST ST #203, Pittsburgh, PA 15212-",https://data.wprdc.org/dataset/pli-permits
EP-2022-02121,pittsburgh,2022-02-18,0,ELECTRICAL,NEW CONSTRUCTION,true,Completed,-79.9529893842,40.4784265508,"5148 KEYSTONE ST, Pittsburgh, PA 15201-",https://data.wprdc.org/dataset/pli-permits
FAS-2021-11956,pittsburgh,2021-08-23,0,Fire Alarm Permit,NEW SYSTEM,false,Issued,-79.9510293427,40.4791083828,"5227 DUNCAN ST, Pittsburgh, 15201-",https://data.wprdc.org/dataset/pli-permits
BP-2022-05319,pittsburgh,2022-07-26,0,BUILDING,NEW CONSTRUCTION,true,Issued,-79.9747996016,40.4304079251,"2131 WHARTON ST, Pittsburgh, PA 15203-",https://data.wprdc.org/dataset/pli-permits
BP-2022-05316,pittsburgh,2022-07-26,0,BUILDING,NEW CONSTRUCTION,true,Issued,-79.9746304496,40.4305640113,"2134 MERRIMAN Way, Pittsburgh, PA 15203-",https://data.wprdc.org/dataset/pli-permits
SSP-2020-03008,pittsburgh,2020-08-04,0,Suppression System Permit,NEW SYSTEM,false,Completed,-79.9590847545,40.4693652701,"246 42ND ST, Pittsburgh, 15201-",https://data.wprdc.org/dataset/pli-permits
EP-2023-07197,pittsburgh,2023-05-04,0,ELECTRICAL,NEW CONSTRUCTION,true,Completed,-80.0178080469,40.4368961327,"117 MERIDAN ST, Pittsburgh, PA 15211-",https://data.wprdc.org/dataset/pli-permits
SP-2024-00205,pittsburgh,2024-01-18,0,Sign Permit,NEW,false,Issued,-79.9587958431,40.4732784945,"4609 BUTLER ST, Pittsburgh, 15201-",https://data.wprdc.org/dataset/pli-permits
BP-2020-06225,pittsburgh,2020-08-14,0,BUILDING,NEW CONSTRUCTION,true,Completed,-79.9248588112,40.4656021053,"409 N BEATTY ST, Pittsburgh, PA 15206-",https://data.wprdc.org/dataset/pli-permits
BDA-2024-05300,pittsburgh,2024-11-05,0,Building & Development Application,New Construction,false,Completed,-79.9234762771,40.4606134279,"6112 PENN AVE, Pittsburgh, PA 15206",https://data.wprdc.org/dataset/pli-permits
EP-2022-17651,pittsburgh,2022-11-17,0,ELECTRICAL,NEW CONSTRUCTION,true,Completed,-79.9271950041,40.4650881567,"306 N SAINT CLAIR ST, Pittsburgh, PA 15206-",https://data.wprdc.org/dataset/pli-permits
EP-2023-08847,pittsburgh,2023-05-26,0,ELECTRICAL,NEW CONSTRUCTION,true,Issued,-79.9360871928,40.4669297008,"5360 ROSETTA ST, Pittsburgh, PA 15224-",https://data.wprdc.org/dataset/pli-permits
FAS-2023-18622,pittsburgh,2024-01-31,0,Fire Alarm Permit,NEW SYSTEM,false,Completed,-79.9914618561,40.4415602968,"626 WASHINGTON PL #2501, Pittsburgh, PA 15219-",https://data.wprdc.org/dataset/pli-permits
BP-2022-01104,pittsburgh,2022-06-06,0,BUILDING,NEW CONSTRUCTION,false,Completed,-79.9590168681,40.4704397556,"233 43RD ST, Pittsburgh, PA 15201-",https://data.wprdc.org/dataset/pli-permits
EP-2023-13210,pittsburgh,2023-11-27,0,ELECTRICAL,NEW CONSTRUCTION,false,Issued,-79.8928229029,40.4871226119,"843 FREEPORT RD, Pittsburgh, 15238-",https://data.wprdc.org/dataset/pli-permits
SP-2019-11392,pittsburgh,2020-02-10,0,Sign Permit,NEW,false,Expired,-79.9983679424,40.4385195016,"429 4TH AVE #2105, Pittsburgh, PA 15219-",https://data.wprdc.org/dataset/pli-permits
EP-2024-00233,pittsburgh,2024-02-15,0,ELECTRICAL,NEW CONSTRUCTION,true,Completed,-79.9482935753,40.4242300759,"14 YODER ST, Pittsburgh, PA 15207-",https://data.wprdc.org/dataset/pli-permits
SP-2022-14557,pittsburgh,2023-02-17,0,Sign Permit,NEW,false,Completed,-80.0036660227,40.4511081985,No primary address specified,https://data.wprdc.org/dataset/pli-permits
EP-2022-03039,pittsburgh,2022-08-19,0,ELECTRICAL,NEW CONSTRUCTION,false,Completed,-79.9903585214,40.4486022823,"1447 SMALLMAN ST, Pittsburgh, PA 15222-",https://data.wprdc.org/dataset/pli-permits
SSP-2022-12231,pittsburgh,2022-08-23,0,Suppression System Permit,NEW SYSTEM,false,Completed,-80.0000028071,40.4012303305,"1531 SAW MILL RUN BLVD, Pittsburgh, 15210-",https://data.wprdc.org/dataset/pli-permits
EP-2020-17755,pittsburgh,2020-11-10,0,ELECTRICAL,NEW CONSTRUCTION,true,Completed,-79.9272527929,40.4702084103,"711 N NEGLEY AVE, Pittsburgh, 15206-",https://data.wprdc.org/dataset/pli-permits
EP-2023-11754,pittsburgh,2023-07-28,0,ELECTRICAL,NEW CONSTRUCTION,true,Completed,-79.9358706306,40.4660957477,"215 N AIKEN AVE, Pittsburgh, 15206-",https://data.wprdc.org/dataset/pli-permits
SP-2019-11307,pittsburgh,2020-08-17,0,Sign Permit,NEW,false,Expired,-79.9814802185,40.4543920563,"2401 SMALLMAN ST, Pittsburgh, 15222-",https://data.wprdc.org/dataset/pli-permits
FAS-2022-15132,pittsburgh,2023-01-12,0,Fire Alarm Permit,NEW SYSTEM,false,Completed,-79.9587049696,40.4589882969,"3559 BIGELOW BLVD, Pittsburgh, 15213-",https://data.wprdc.org/dataset/pli-permits
EP-2020-05584,pittsburgh,2020-05-14,0,ELECTRICAL,NEW CONSTRUCTION,true,Completed,-79.9636151473,40.467267564,"206 39TH ST, Pittsburgh, PA 15201-",https://data.wprdc.org/dataset/pli-permits
OLP-2021-02648,pittsburgh,2021-03-05,0,Occupant Load Placard Permit,NEW,false,Completed,-79.9744385881,40.4585898175,"2916 SMALLMAN ST #320, Pittsburgh, PA 15201-",https://data.wprdc.org/dataset/pli-permits
EP-2021-09715,pittsburgh,2021-06-25,0,ELECTRICAL,NEW CONSTRUCTION,true,Completed,-80.0238402579,40.434652209,"450 WYOLA ST, Pittsburgh, PA 15211-",https://data.wprdc.org/dataset/pli-permits
OLP-2023-16926,pittsburgh,2024-01-11,0,Occupant Load Placard Permit,NEW,false,Completed,-79.984756839,40.4513092878,"SMALLMAN ST, Pittsburgh, PA 15222-",https://data.wprdc.org/dataset/pli-permits
BP-2023-17247,pittsburgh,2024-01-03,0,BUILDING,NEW CONSTRUCTION,false,Completed,-79.9744889146,40.4592203327,"SMALLMAN ST, Pittsburgh, PA 15201-",https://data.wprdc.org/dataset/pli-permits
MP-2021-20060,pittsburgh,2022-02-11,0,MECHANICAL,NEW CONSTRUCTION,false,Completed,-79.9810839492,40.4539430799,"2400 SMALLMAN ST, Pittsburgh, 15222-",https://data.wprdc.org/dataset/pli-permits
SSP-2024-11414,pittsburgh,2024-09-04,0,Suppression System Permit,NEW SYSTEM,false,Completed,-79.9496232624,40.4623214105,"251 PEARL ST #309, Pittsburgh, PA 15224-",https://data.wprdc.org/dataset/pli-permits
SP-2020-07571,pittsburgh,2020-08-21,0,Sign Permit,NEW,false,Completed,-80.0159089105,40.4461591835,"100 ART ROONEY AVE, Pittsburgh, PA 15212-",https://data.wprdc.org/dataset/pli-permits
BP-2023-14502,pittsburgh,2023-12-08,0,BUILDING,NEW CONSTRUCTION,true,Completed,-79.9672122877,40.4411319958,"3117 ELLERS ST, Pittsburgh, PA 15213-",https://data.wprdc.org/dataset/pli-permits
FAS-2024-07775,pittsburgh,2024-06-05,0,Fire Alarm Permit,NEW SYSTEM,false,Completed,-80.0031095338,40.4378981573,"236 1ST AVE #301, Pittsburgh, PA 15222-",https://data.wprdc.org/dataset/pli-permits
SSP-2019-11426,pittsburgh,2020-02-25,0,Suppression System Permit,NEW SYSTEM,false,Completed,-79.925572008,40.4638989259,"270 N BEATTY ST, Pittsburgh, PA 15206-",https://data.wprdc.org/dataset/pli-permits
SSP-2019-09996,pittsburgh,2020-11-09,0,Suppression System Permit,NEW SYSTEM,false,Completed,-79.9509403911,40.4777236,"728 52ND ST, Pittsburgh, PA 15201-",https://data.wprdc.org/dataset/pli-permits
FAS-2022-06563,pittsburgh,2024-02-08,0,Fire Alarm Permit,NEW SYSTEM,false,Completed,-79.9913429624,40.4223182892,"1109 ARLINGTON AVE, Pittsburgh, PA 15203-",https://data.wprdc.org/dataset/pli-permits
OLP-2020-14143,pittsburgh,2020-09-16,0,Occupant Load Placard Permit,NEW,false,Completed,-79.9997022083,40.4400385679,"332 5TH AVE, Pittsburgh, PA 15222-",https://data.wprdc.org/dataset/pli-permits
OOP-2021-02476,pittsburgh,2021-04-13,0,Occupancy Only Permit,NEW USE,true,Completed,-80.0085382125,40.4171179464,"34 LAFFERTY AVE, Pittsburgh, 15210-",https://data.wprdc.org/dataset/pli-permits
MP-2021-19466,pittsburgh,2022-06-08,0,MECHANICAL,NEW CONSTRUCTION,false,Completed,-79.9912748545,40.441712114,"626 WASHINGTON PL #2501, Pittsburgh, PA 15219-",https://data.wprdc.org/dataset/pli-permits
BP-2024-03545,pittsburgh,2024-06-04,0,BUILDING,NEW CONSTRUCTION,true,Issued,-80.0151285851,40.4519722616,"829 WESTERN AVE, Pittsburgh, PA 15233-",https://data.wprdc.org/dataset/pli-permits
EP-2023-03454,pittsburgh,2023-03-20,0,ELECTRICAL,NEW CONSTRUCTION,true,Completed,-80.0176087791,40.4367312169,"118 HALLOCK ST, Pittsburgh, PA 15211-",https://data.wprdc.org/dataset/pli-permits
BP-2022-07328,pittsburgh,2022-06-07,0,BUILDING,NEW CONSTRUCTION,true,Issued,-80.0182830687,40.4380468692,"1204 GRANDVIEW AVE, Pittsburgh, PA 15211-",https://data.wprdc.org/dataset/pli-permits
MP-2022-11915,pittsburgh,2022-09-13,0,MECHANICAL,NEW CONSTRUCTION,true,Completed,-79.9777301047,40.4680706431,"2041 EGGERS ST, Pittsburgh, 15212-",https://data.wprdc.org/dataset/pli-permits
EP-2024-05039,pittsburgh,2024-04-12,0,ELECTRICAL,NEW CONSTRUCTION,true,Completed,-79.9672122877,40.4411319958,"3117 ELLERS ST, Pittsburgh, PA 15213-",https://data.wprdc.org/dataset/pli-permits
SSP-2021-03041,pittsburgh,2021-05-11,0,Suppression System Permit,NEW SYSTEM,false,Completed,-79.9718808362,40.4423839981,No primary address specified,https://data.wprdc.org/dataset/pli-permits
OLP-2020-02222,pittsburgh,2020-06-03,0,Occupant Load Placard Permit,NEW,false,Completed,-79.9981873027,40.4427132222,"824 LIBERTY AVE #501, Pittsburgh, PA 15222-",https://data.wprdc.org/dataset/pli-permits
EP-2020-06189,pittsburgh,2020-09-09,0,ELECTRICAL,NEW CONSTRUCTION,false,Completed,-79.9838559973,40.4544393982,"2239 RAILROAD ST, Pittsburgh, 15222-",https://data.wprdc.org/dataset/pli-permits
BP-2019-08734,pittsburgh,2020-03-17,0,BUILDING,NEW CONSTRUCTION,true,Completed,-79.9668339853,40.4394106615,"122 BURROWS ST, Pittsburgh, PA 15213-",https://data.wprdc.org/dataset/pli-permits
MP-2020-10891,pittsburgh,2020-08-27,0,MECHANICAL,NEW CONSTRUCTION,true,Completed,-80.0230201685,40.4368082545,"325 AUGUSTA ST, Pittsburgh, PA 15211-",https://data.wprdc.org/dataset/pli-permits
SSP-2020-05238,pittsburgh,2020-09-02,0,Suppression System Permit,NEW SYSTEM,false,Completed,-79.9612759382,40.4711040525,"174 43RD ST, Pittsburgh, 15201-",https://data.wprdc.org/dataset/pli-permits
FAS-2020-20950,pittsburgh,2021-05-04,0,Fire Alarm Permit,NEW SYSTEM,false,Completed,-79.9977672045,40.4579617012,"1212 MADISON AVE, Pittsburgh, 15212-",https://data.wprdc.org/dataset/pli-permits
FP-2023-08428,pittsburgh,2023-11-13,0,Floodplain Permit,New Construction,false,Issued,-79.9842097179,40.4530446649,"2128 RAILROAD ST, Pittsburgh, PA 15222-",https://data.wprdc.org/dataset/pli-permits
BP-2019-10867,pittsburgh,2020-08-28,0,BUILDING,NEW CONSTRUCTION,false,Issued,-79.9508657032,40.4780841232,"713 52ND ST, Pittsburgh, PA 15201-",https://data.wprdc.org/dataset/pli-permits
FP-2023-08376,pittsburgh,2023-12-06,0,Floodplain Permit,New Construction,false,Issued,-79.9842097179,40.4530446649,"2128 RAILROAD ST, Pittsburgh, PA 15222-",https://data.wprdc.org/dataset/pli-permits
BP-2021-19644,pittsburgh,2022-11-02,0,BUILDING,NEW CONSTRUCTION,true,Completed,-79.9772760107,40.4439788867,"2119 ROSE ST, Pittsburgh, PA 15219-",https://data.wprdc.org/dataset/pli-permits
EP-2024-00356,pittsburgh,2024-02-14,0,ELECTRICAL,NEW CONSTRUCTION,false,Completed,-79.9517622328,40.4400640167,"373 YARROW Way #2, Pittsburgh, PA 15213-",https://data.wprdc.org/dataset/pli-permits
BP-2021-01854,pittsburgh,2021-03-24,0,BUILDING,NEW CONSTRUCTION,true,Completed,-79.9598480034,40.462909095,"351 MANION Way, Pittsburgh, PA 15201-",https://data.wprdc.org/dataset/pli-permits
EP-2021-15757,pittsburgh,2021-10-15,0,ELECTRICAL,NEW CONSTRUCTION,true,Completed,-80.0713778351,40.4530490447,"3420 MIDDLETOWN RD, Pittsburgh, 15204-",https://data.wprdc.org/dataset/pli-permits
OOP-2021-18771,pittsburgh,2022-06-03,0,Occupancy Only Permit,NEW USE,false,Completed,-79.9245124922,40.4598784977,"6010 CENTRE AVE, Pittsburgh, 15206-",https://data.wprdc.org/dataset/pli-permits
EP-2021-14252,pittsburgh,2021-08-30,0,ELECTRICAL,NEW CONSTRUCTION,true,Completed,-80.0651763566,40.4512637707,"3112 FARONIA ST, Pittsburgh, 15204-",https://data.wprdc.org/dataset/pli-permits
OLP-2020-04643,pittsburgh,2020-07-31,0,Occupant Load Placard Permit,NEW,false,Completed,-79.9567760891,40.4798175783,"125 51ST ST, Pittsburgh, PA 15201-",https://data.wprdc.org/dataset/pli-permits
SP-2019-09946,pittsburgh,2020-01-03,0,Sign Permit,NEW,false,Completed,-79.9233364956,40.4377589096,"1710 MURRAY AVE, Pittsburgh, 15217-",https://data.wprdc.org/dataset/pli-permits
SSP-2019-07244,pittsburgh,2021-07-08,0,Suppression System Permit,NEW SYSTEM,false,Completed,-79.9653329962,40.4695679428,"129 39TH ST, Pittsburgh, PA 15201-",https://data.wprdc.org/dataset/pli-permits
EP-2021-09512,pittsburgh,2021-11-24,0,ELECTRICAL,NEW CONSTRUCTION,false,Revoked,-79.9926396155,40.4597447188,"1117 SPRING GARDEN AVE #302, Pittsburgh, PA 15212-",https://data.wprdc.org/dataset/pli-permits
EP-2023-08156,pittsburgh,2023-05-15,0,ELECTRICAL,NEW CONSTRUCTION,true,Completed,-79.9165749057,40.4651236861,"37 MAYFLOWER ST, Pittsburgh, PA 15206-",https://data.wprdc.org/dataset/pli-permits
OLP-2020-09058,pittsburgh,2020-10-01,0,Occupant Load Placard Permit,NEW,false,Expired,-80.0035680945,40.4399201571,"6 PPG PL #830, Pittsburgh, PA 15222-",https://data.wprdc.org/dataset/pli-permits
SSP-2020-06951,pittsburgh,2020-09-03,0,Suppression System Permit,NEW SYSTEM,false,Completed,-79.9886534259,40.4509884461,"1679 WATERFRONT PL #371, Pittsburgh, PA 15222-",https://data.wprdc.org/dataset/pli-permits
SP-2022-11351,pittsburgh,2022-09-02,0,Sign Permit,NEW,false,Issued,-79.9515419391,40.4626676746,"4512 LIBERTY AVE, Pittsburgh, PA 15224-",https://data.wprdc.org/dataset/pli-permits
BP-2023-14374,pittsburgh,2024-01-31,0,BUILDING,NEW CONSTRUCTION,true,Completed,-79.9902632484,40.4240119827,"6 RENWICK ST, Pittsburgh, PA 15210-",https://data.wprdc.org/dataset/pli-permits
MP-2020-20621,pittsburgh,2021-01-22,0,MECHANICAL,NEW CONSTRUCTION,true,Completed,-80.025858093,40.4361190335,"422 CLARENCE ST, Pittsburgh, PA 15211-",https://data.wprdc.org/dataset/pli-permits
SSP-2020-13603,pittsburgh,2020-10-16,0,Suppression System Permit,NEW SYSTEM,false,Completed,-79.9313253344,40.4531425099,"711 S NEGLEY AVE #301, Pittsburgh, PA 15232-",https://data.wprdc.org/dataset/pli-permits
EP-2024-14208,pittsburgh,2024-12-09,0,ELECTRICAL,NEW CONSTRUCTION,true,Completed,-79.9932803187,40.4600276598,"1102 SPRING GARDEN AVE, Pittsburgh, PA 15212-",https://data.wprdc.org/dataset/pli-permits
SP-2022-08859,pittsburgh,2022-06-21,0,Sign Permit,NEW,false,Issued,-79.9123938153,40.465245987,"121 WINSLOW ST #3, Pittsburgh, PA 15206-",https://data.wprdc.org/dataset/pli-permits
EP-2023-18964,pittsburgh,2023-12-13,0,ELECTRICAL,NEW CONSTRUCTION,true,Completed,-79.9524399688,40.4593818808,"468 PEARL ST, Pittsburgh, PA 15224-",https://data.wprdc.org/dataset/pli-permits
SSP-2024-12070,pittsburgh,2024-12-06,0,Suppression System Permit,NEW SYSTEM,false,Completed,-79.9744889146,40.4592203327,"SMALLMAN ST, Pittsburgh, PA 15201-",https://data.wprdc.org/dataset/pli-permits
SP-2020-14833,pittsburgh,2020-10-20,0,Sign Permit,NEW,false,Completed,-79.9336227948,40.4514265115,"5505 WALNUT ST, Pittsburgh, 15232-",https://data.wprdc.org/dataset/pli-permits
EP-2021-05665,pittsburgh,2022-02-04,0,ELECTRICAL,NEW CONSTRUCTION,false,Completed,-79.8973774596,40.455464486,"7138 KELLY ST, Pittsburgh, 15208-",https://data.wprdc.org/dataset/pli-permits
MP-2021-10810,pittsburgh,2022-11-08,0,MECHANICAL,NEW CONSTRUCTION,true,Completed,-79.9373961933,40.4481567579,"5131 5TH AVE, Pittsburgh, PA 15232-",https://data.wprdc.org/dataset/pli-permits
SP-2022-00704,pittsburgh,2022-04-07,0,Sign Permit,NEW,false,Completed,-79.9231934238,40.460015708,"6226 PENN AVE, Pittsburgh, PA 15206-",https://data.wprdc.org/dataset/pli-permits
SP-2020-04490,pittsburgh,2020-11-30,0,Sign Permit,NEW,false,Expired,-79.978200039,40.4317214009,"2001 WHARTON ST #101, Pittsburgh, PA 15203-",https://data.wprdc.org/dataset/pli-permits
BP-2022-17693,pittsburgh,2023-05-11,0,BUILDING,NEW CONSTRUCTION,false,Completed,-79.9211060768,40.4587972853,"163 SHADY AVE #114, Pittsburgh, PA 15206-",https://data.wprdc.org/dataset/pli-permits
FAS-2024-13338,pittsburgh,2024-12-20,0,Fire Alarm Permit,NEW SYSTEM,false,Completed,-79.8896565204,40.4902941233,"900 FREEPORT RD, Pittsburgh, PA 15238-",https://data.wprdc.org/dataset/pli-permits
BP-2021-10093,pittsburgh,2021-08-16,0,BUILDING,NEW CONSTRUCTION,true,Completed,-79.9270270784,40.4654063434,"320 N SAINT CLAIR ST, Pittsburgh, PA 15206-",https://data.wprdc.org/dataset/pli-permits
SP-2019-10217,pittsburgh,2020-01-31,0,Sign Permit,NEW,false,Completed,-79.9678494345,40.4691055063,"55 38TH ST, Pittsburgh, 15201-",https://data.wprdc.org/dataset/pli-permits
SSP-2020-04568,pittsburgh,2021-06-25,0,Suppression System Permit,NEW SYSTEM,false,Completed,-79.9787529971,40.4267039254,"1912 JANE ST #1, Pittsburgh, PA 15203-",https://data.wprdc.org/dataset/pli-permits
MP-2022-08779,pittsburgh,2022-08-11,0,MECHANICAL,NEW CONSTRUCTION,false,Revoked,-79.9892654826,40.4493658629,"131 15TH ST, Pittsburgh, PA 15222-",https://data.wprdc.org/dataset/pli-permits
FAS-2022-12753,pittsburgh,2022-09-19,0,Fire Alarm Permit,NEW SYSTEM,false,Completed,-79.9453528857,40.4077553397,"5007 LYTLE ST, Pittsburgh, PA 15207-",https://data.wprdc.org/dataset/pli-permits
BP-2023-13598,pittsburgh,2023-09-26,0,BUILDING,NEW CONSTRUCTION,true,Completed,-79.9033232022,40.4576720199,"6920 BENNETT ST #201, Pittsburgh, PA 15208-",https://data.wprdc.org/dataset/pli-permits
BP-2022-07257,pittsburgh,2022-07-15,0,BUILDING,NEW CONSTRUCTION,false,Completed,-79.9275121138,40.4620321579,"5836 PENN AVE, Pittsburgh, PA 15206-",https://data.wprdc.org/dataset/pli-permits
SP-2024-13074,pittsburgh,2024-10-24,0,Sign Permit,NEW,false,Completed,-79.9211879619,40.4377609366,"5846 FORBES AVE, Pittsburgh, 15217-",https://data.wprdc.org/dataset/pli-permits
MP-2020-12373,pittsburgh,2020-09-10,0,MECHANICAL,NEW CONSTRUCTION,false,Completed,-79.9916742635,40.4607731136,"1200 HIGH ST, Pittsburgh, 15212-",https://data.wprdc.org/dataset/pli-permits
BP-2020-16592,pittsburgh,2021-04-15,0,BUILDING,NEW CONSTRUCTION,true,Issued,-80.0147368862,40.4285585216,"484 GRACE ST, Pittsburgh, PA 15211-",https://data.wprdc.org/dataset/pli-permits
MP-2022-13101,pittsburgh,2022-08-29,0,MECHANICAL,NEW CONSTRUCTION,true,Issued,-79.9657948468,40.462437551,"3420 LIGONIER ST, Pittsburgh, 15201-",https://data.wprdc.org/dataset/pli-permits
FAS-2024-11451,pittsburgh,2024-10-17,0,Fire Alarm Permit,NEW SYSTEM,false,Completed,-79.9814716979,40.4403107392,"1800 REED ST #616, Pittsburgh, PA 15219-",https://data.wprdc.org/dataset/pli-permits
MP-2023-15224,pittsburgh,2023-09-14,0,MECHANICAL,NEW CONSTRUCTION,true,Completed,-80.0794308566,40.4498994083,"104 CEDARWOOD PL, Pittsburgh, PA 15205-",https://data.wprdc.org/dataset/pli-permits
BP-2022-10854,pittsburgh,2022-12-14,0,BUILDING,NEW CONSTRUCTION,true,Completed,-79.9879335135,40.445388572,"1547 CLIFF ST, Pittsburgh, PA 15219-",https://data.wprdc.org/dataset/pli-permits
SP-2021-12485,pittsburgh,2021-08-16,0,Sign Permit,NEW,false,Issued,-79.9743463747,40.4281942546,"2204 E CARSON ST, Pittsburgh, PA 15203-",https://data.wprdc.org/dataset/pli-permits
MP-2023-11776,pittsburgh,2023-09-18,0,MECHANICAL,NEW CONSTRUCTION,true,Completed,-80.0794308566,40.4498994083,"104 CEDARWOOD PL, Pittsburgh, PA 15205-",https://data.wprdc.org/dataset/pli-permits
SP-2021-13854,pittsburgh,2021-10-01,0,Sign Permit,NEW,false,Completed,-80.0292912916,40.4183372731,"1201 BANKSVILLE RD, Pittsburgh, 15216-",https://data.wprdc.org/dataset/pli-permits
OLP-2021-14360,pittsburgh,2021-08-30,0,Occupant Load Placard Permit,NEW,false,Completed,-79.8927680515,40.4719434053,"7157 MARY PECK BOND PL, Pittsburgh, PA 15206-",https://data.wprdc.org/dataset/pli-permits
FP-2023-00448,pittsburgh,2023-02-23,0,Floodplain Permit,New Construction,false,Completed,-79.9903585214,40.4486022823,"1447 SMALLMAN ST, Pittsburgh, PA 15222-",https://data.wprdc.org/dataset/pli-permits
FAS-2020-20271,pittsburgh,2021-02-17,0,Fire Alarm Permit,NEW SYSTEM,false,Completed,-79.9821031662,40.4386324646,"1709 5TH AVE #101, Pittsburgh, PA 15219-",https://data.wprdc.org/dataset/pli-permits
FAS-2024-11167,pittsburgh,2024-09-26,0,Fire Alarm Permit,NEW SYSTEM,false,Completed,-79.9619118319,40.440755797,"3459 5TH AVE #N709, Pittsburgh, PA 15213-",https://data.wprdc.org/dataset/pli-permits
SP-2020-06236,pittsburgh,2020-06-12,0,Sign Permit,NEW,false,Expired,-80.0038544214,40.4481055192,"116 FEDERAL ST, Pittsburgh, PA 15212-",https://data.wprdc.org/dataset/pli-permits
OLP-2021-02960,pittsburgh,2021-03-05,0,Occupant Load Placard Permit,NEW,false,Completed,-80.0105241195,40.4334233293,"315 GRANDVIEW AVE, Pittsburgh, PA 15211-",https://data.wprdc.org/dataset/pli-permits
BP-2021-06358,pittsburgh,2021-07-21,0,BUILDING,NEW CONSTRUCTION,false,Completed,-80.0071609396,40.4556645012,"6 W NORTH AVE #212, Pittsburgh, PA 15212-",https://data.wprdc.org/dataset/pli-permits
MP-2024-12312,pittsburgh,2024-10-09,0,MECHANICAL,NEW CONSTRUCTION,true,Completed,-79.9956330378,40.4236179217,"702 EUREKA ST, Pittsburgh, PA 15210-",https://data.wprdc.org/dataset/pli-permits
EP-2024-09817,pittsburgh,2024-06-27,0,ELECTRICAL,NEW CONSTRUCTION,true,Completed,-79.981645253,40.4410720618,"1829 REED ST, Pittsburgh, PA 15219-",https://data.wprdc.org/dataset/pli-permits
MP-2020-13364,pittsburgh,2020-08-26,0,MECHANICAL,NEW CONSTRUCTION,true,Completed,-79.9517074758,40.4819657697,"5310 DRESDEN Way, Pittsburgh, PA 15201-",https://data.wprdc.org/dataset/pli-permits
FAS-2021-08911,pittsburgh,2021-07-19,0,Fire Alarm Permit,NEW SYSTEM,false,Completed,-79.9771668661,40.4288254958,"2009 E CARSON ST, Pittsburgh, PA 15203-",https://data.wprdc.org/dataset/pli-permits
BP-2022-00046,pittsburgh,2022-03-04,0,BUILDING,NEW CONSTRUCTION,true,Completed,-79.9589667723,40.4736644724,"188 HOME ST, Pittsburgh, PA 15201-",https://data.wprdc.org/dataset/pli-permits
EP-2021-01629,pittsburgh,2021-04-21,0,ELECTRICAL,NEW CONSTRUCTION,false,Completed,-79.9123938153,40.465245987,"121 WINSLOW ST #3, Pittsburgh, PA 15206-",https://data.wprdc.org/dataset/pli-permits
SSP-2020-01411,pittsburgh,2020-03-11,0,Suppression System Permit,NEW SYSTEM,false,Completed,-79.9194634806,40.479150818,"5700 BUNKERHILL ST #4, Pittsburgh, PA 15206-",https://data.wprdc.org/dataset/pli-permits
BP-2022-08214,pittsburgh,2022-12-14,0,BUILDING,NEW CONSTRUCTION,true,Completed,-80.0794308566,40.4498994083,"104 CEDARWOOD PL, Pittsburgh, PA 15205-",https://data.wprdc.org/dataset/pli-permits
MP-2020-09033,pittsburgh,2020-07-02,0,MECHANICAL,NEW CONSTRUCTION,true,Completed,-79.9503233358,40.4841673464,"131 55TH ST, Pittsburgh, PA 15201-",https://data.wprdc.org/dataset/pli-permits
EP-2020-07509,pittsburgh,2020-06-19,0,ELECTRICAL,NEW CONSTRUCTION,true,Completed,-80.0245325211,40.4404141555,"1660 RUTLEDGE ST, Pittsburgh, PA 15211-",https://data.wprdc.org/dataset/pli-permits
SSP-2021-04393,pittsburgh,2021-05-25,0,Suppression System Permit,NEW SYSTEM,false,Completed,-79.9718808362,40.4423839981,No primary address specified,https://data.wprdc.org/dataset/pli-permits
BP-2021-07677,pittsburgh,2021-06-25,0,BUILDING,NEW CONSTRUCTION,true,Issued,-79.9252631451,40.4673069867,"517 N EUCLID AVE, Pittsburgh, PA 15206-",https://data.wprdc.org/dataset/pli-permits
MP-2020-08979,pittsburgh,2020-12-17,0,MECHANICAL,NEW CONSTRUCTION,true,Completed,-79.9872201072,40.4511973485,"1720 WATERFRONT PL, Pittsburgh, PA 15222-",https://data.wprdc.org/dataset/pli-permits
OLP-2024-10988,pittsburgh,2024-08-13,0,Occupant Load Placard Permit,NEW,false,Completed,-79.9648273521,40.4276700429,"425 CINEMA DR #201, Pittsburgh, PA 15203-",https://data.wprdc.org/dataset/pli-permits
SP-2021-12267,pittsburgh,2021-08-04,0,Sign Permit,NEW,false,Completed,-79.9229826459,40.4611390526,"6113 PENN AVE, Pittsburgh, 15206-",https://data.wprdc.org/dataset/pli-permits
BP-2021-04647,pittsburgh,2021-04-15,0,BUILDING,NEW CONSTRUCTION,true,Issued,-79.9667001092,40.4660724388,"3600 SMALLMAN ST, Pittsburgh, PA 15201-",https://data.wprdc.org/dataset/pli-permits
EP-2021-18813,pittsburgh,2022-05-12,0,ELECTRICAL,NEW CONSTRUCTION,false,Completed,-80.0033887722,40.4537750878,"745 UNION PL, Pittsburgh, PA 15212-",https://data.wprdc.org/dataset/pli-permits
SP-2019-10757,pittsburgh,2020-02-25,0,Sign Permit,NEW,false,Application Finalization,-80.0047899978,40.4429946157,"625 STANWIX ST, Pittsburgh, 15222-",https://data.wprdc.org/dataset/pli-permits
SP-2022-19096,pittsburgh,2022-12-29,0,Sign Permit,NEW,false,Completed,-79.9835922908,40.436106554,"1622 LOCUST ST, Pittsburgh, PA 15219-",https://data.wprdc.org/dataset/pli-permits
FP-2023-08425,pittsburgh,2023-11-13,0,Floodplain Permit,New Construction,false,Issued,-79.9842097179,40.4530446649,"2128 RAILROAD ST, Pittsburgh, PA 15222-",https://data.wprdc.org/dataset/pli-permits
EP-2020-09202,pittsburgh,2020-06-23,0,ELECTRICAL,NEW CONSTRUCTION,true,Completed,-79.9501117849,40.4842622773,"5523 BERLIN Way, Pittsburgh, PA 15201-",https://data.wprdc.org/dataset/pli-permits
EP-2021-12396,pittsburgh,2022-01-14,0,ELECTRICAL,NEW CONSTRUCTION,false,Completed,-79.9678780585,40.4600244522,"3220 SASSAFRAS Way #414, Pittsburgh, PA 15201-",https://data.wprdc.org/dataset/pli-permits
FAS-2024-10694,pittsburgh,2024-09-05,0,Fire Alarm Permit,NEW SYSTEM,false,Completed,-79.9819997078,40.4398191177,"1738 REED ST #424, Pittsburgh, PA 15219-",https://data.wprdc.org/dataset/pli-permits
MP-2023-19203,pittsburgh,2024-02-20,0,MECHANICAL,NEW CONSTRUCTION,false,Issued,-79.8998770661,40.4538608939,"540 N LANG AVE, Pittsburgh, PA 15208-",https://data.wprdc.org/dataset/pli-permits
SP-2022-03604,pittsburgh,2022-06-07,0,Sign Permit,NEW,false,Issued,-79.9252426905,40.4631183454,"211 N WHITFIELD ST, Pittsburgh, PA 15206-",https://data.wprdc.org/dataset/pli-permits
MP-2022-13353,pittsburgh,2022-09-29,0,MECHANICAL,NEW CONSTRUCTION,false,Completed,-79.9946266331,40.4353091287,"700 2ND AVE #533, Pittsburgh, PA 15219-",https://data.wprdc.org/dataset/pli-permits
FAS-2019-10947,pittsburgh,2020-01-27,0,Fire Alarm Permit,NEW SYSTEM,false,Completed,-80.0523518869,40.4279724417,"1258 POPLAR ST, Pittsburgh, PA 15205-",https://data.wprdc.org/dataset/pli-permits
BP-2021-03194,pittsburgh,2021-07-28,0,BUILDING,NEW CONSTRUCTION,false,Completed,-79.9514882137,40.41576836,"4220 BLAIR ST, Pittsburgh, PA 15207-",https://data.wprdc.org/dataset/pli-permits
MP-2022-09081,pittsburgh,2022-06-13,0,MECHANICAL,NEW CONSTRUCTION,true,Completed,-79.9233756724,40.473127136,"932 MELLON ST, Pittsburgh, 15206-",https://data.wprdc.org/dataset/pli-permits
BP-2021-08684,pittsburgh,2021-07-09,0,BUILDING,NEW CONSTRUCTION,true,Completed,-80.024996781,40.4602721806,"1236 KUNKLE AVE, Pittsburgh, PA 15212-",https://data.wprdc.org/dataset/pli-permits
SSP-2019-10734,pittsburgh,2020-12-02,0,Suppression System Permit,NEW SYSTEM,false,Completed,-79.9488564386,40.480164103,"5314 DUNCAN ST, Pittsburgh, 15201-",https://data.wprdc.org/dataset/pli-permits
EP-2020-16633,pittsburgh,2021-03-02,0,ELECTRICAL,NEW CONSTRUCTION,false,Completed,-79.9640089066,40.4330887045,"743 TECHNOLOGY DR #2, Pittsburgh, PA 15219-",https://data.wprdc.org/dataset/pli-permits
OLP-2024-08806,pittsburgh,2024-10-24,0,Occupant Load Placard Permit,NEW,false,Completed,-80.0035680945,40.4399201571,"6 PPG PL #830, Pittsburgh, PA 15222-",https://data.wprdc.org/dataset/pli-permits
SP-2021-16265,pittsburgh,2021-10-05,0,Sign Permit,NEW,false,Completed,-79.9658891941,40.4641403755,"3508 BUTLER ST, Pittsburgh, 15201-",https://data.wprdc.org/dataset/pli-permits
OOP-2021-06729,pittsburgh,2021-07-23,0,Occupancy Only Permit,NEW USE,false,Completed,-79.9842471428,40.4516859773,"2010 SMALLMAN ST, Pittsburgh, PA 15222-",https://data.wprdc.org/dataset/pli-permits
SP-2022-00714,pittsburgh,2022-01-26,0,Sign Permit,NEW,false,Completed,-79.9619118319,40.440755797,"3459 5TH AVE #N709, Pittsburgh, PA 15213-",https://data.wprdc.org/dataset/pli-permits
SSP-2019-10733,pittsburgh,2020-12-02,0,Suppression System Permit,NEW SYSTEM,false,Completed,-79.9489764372,40.4800954688,"5310 DUNCAN ST, Pittsburgh, 15201-",https://data.wprdc.org/dataset/pli-permits
SSP-2022-15877,pittsburgh,2022-12-05,0,Suppression System Permit,NEW SYSTEM,false,Completed,-79.966016625,40.4648548899,"3529 BUTLER ST, Pittsburgh, 15201-",https://data.wprdc.org/dataset/pli-permits
EP-2023-13476,pittsburgh,2023-08-10,0,ELECTRICAL,NEW CONSTRUCTION,true,Completed,-79.8981044459,40.4463584644,"7428 RICHLAND PL, Pittsburgh, PA 15208-",https://data.wprdc.org/dataset/pli-permits
BP-2022-15164,pittsburgh,2022-11-14,0,BUILDING,NEW CONSTRUCTION,true,Completed,-79.9193810213,40.4690086761,"6050 STANTON AVE, Pittsburgh, PA 15206-",https://data.wprdc.org/dataset/pli-permits
FAS-2021-02613,pittsburgh,2021-05-19,0,Fire Alarm Permit,NEW SYSTEM,false,Completed,-79.9984868124,40.4554339572,"835 EAST ST #301, Pittsburgh, PA 15212-",https://data.wprdc.org/dataset/pli-permits
BP-2022-15432,pittsburgh,2023-08-23,0,BUILDING,NEW CONSTRUCTION,true,Issued,-80.0079750676,40.4589111073,"4 ALPINE AVE, Pittsburgh, PA 15212-",https://data.wprdc.org/dataset/pli-permits
OOP-2022-09593,pittsburgh,2022-07-19,0,Occupancy Only Permit,NEW USE,true,Completed,-79.9130937789,40.3648308996,"5827 LAUDER ST, Pittsburgh, PA 15207-",https://data.wprdc.org/dataset/pli-permits
SP-2023-12295,pittsburgh,2023-08-16,0,Sign Permit,NEW,false,Issued,-79.9872587236,40.4496848497,"1644 SMALLMAN ST, Pittsburgh, PA 15222-",https://data.wprdc.org/dataset/pli-permits
SP-2021-18018,pittsburgh,2022-03-24,0,Sign Permit,NEW,false,Completed,-79.9999115353,40.4441745466,"12 8TH ST, Pittsburgh, 15222-",https://data.wprdc.org/dataset/pli-permits
SSP-2020-18144,pittsburgh,2020-12-31,0,Suppression System Permit,NEW SYSTEM,false,Completed,-79.9957233359,40.4418190542,"635 GRANT ST, Pittsburgh, PA 15219-",https://data.wprdc.org/dataset/pli-permits
BP-2022-08220,pittsburgh,2022-12-14,0,BUILDING,NEW CONSTRUCTION,true,Completed,-80.0794308566,40.4498994083,"104 CEDARWOOD PL, Pittsburgh, PA 15205-",https://data.wprdc.org/dataset/pli-permits
SP-2022-17683,pittsburgh,2023-01-12,0,Sign Permit,NEW,false,Completed,-80.0036108523,40.4570531973,"320 E NORTH AVE, Pittsburgh, PA 15212-",https://data.wprdc.org/dataset/pli-permits
OOP-2020-16885,pittsburgh,2022-06-15,0,Occupancy Only Permit,NEW USE,false,Expired,-79.9196057996,40.4661152825,"531 COLLINS AVE #6, Pittsburgh, PA 15206-",https://data.wprdc.org/dataset/pli-permits
SP-2022-18774,pittsburgh,2023-01-17,0,Sign Permit,NEW,false,Issued,-79.895407612,40.4488368125,"7514 THOMAS BLVD, Pittsburgh, PA 15208-",https://data.wprdc.org/dataset/pli-permits
MP-2023-05334,pittsburgh,2023-04-28,0,MECHANICAL,NEW CONSTRUCTION,false,Completed,-79.9586741342,40.4396582241,"3510 FORBES AVE, Pittsburgh, PA 15213-",https://data.wprdc.org/dataset/pli-permits
MP-2023-10338,pittsburgh,2023-06-28,0,MECHANICAL,NEW CONSTRUCTION,true,Completed,-79.9357625287,40.466879813,"5370 ROSETTA ST, Pittsburgh, PA 15224-",https://data.wprdc.org/dataset/pli-permits
OLP-2023-12918,pittsburgh,2023-08-14,0,Occupant Load Placard Permit,NEW,false,Completed,-79.9754906449,40.4573148323,"2819 PENN AVE #411, Pittsburgh, PA 15222-",https://data.wprdc.org/dataset/pli-permits
MP-2019-11272,pittsburgh,2020-01-06,0,MECHANICAL,NEW CONSTRUCTION,true,Completed,-79.9495776859,40.4647943284,"4605 TORLEY ST, Pittsburgh, 15224-",https://data.wprdc.org/dataset/pli-permits
SP-2021-15728,pittsburgh,2021-10-27,0,Sign Permit,NEW,false,Completed,-80.005125866,40.4386640696,"20 STANWIX ST #2000, Pittsburgh, PA 15222-",https://data.wprdc.org/dataset/pli-permits
SSP-2024-04085,pittsburgh,2024-04-16,0,Suppression System Permit,NEW SYSTEM,false,Completed,-79.8896565204,40.4902941233,"900 FREEPORT RD, Pittsburgh, PA 15238-",https://data.wprdc.org/dataset/pli-permits
EP-2022-12091,pittsburgh,2022-10-31,0,ELECTRICAL,NEW CONSTRUCTION,false,Completed,-80.0242255185,40.4014547638,"2200 WEST LIBERTY AVE, Pittsburgh, 15226-",https://data.wprdc.org/dataset/pli-permits
SSP-2023-16144,pittsburgh,2023-12-04,0,Suppression System Permit,NEW SYSTEM,false,Completed,-79.9970190935,40.4296427641,"305 E CARSON ST, Pittsburgh, PA 15219-",https://data.wprdc.org/dataset/pli-permits
MP-2023-11879,pittsburgh,2023-09-08,0,MECHANICAL,NEW CONSTRUCTION,true,Completed,-80.0794308566,40.4498994083,"104 CEDARWOOD PL, Pittsburgh, PA 15205-",https://data.wprdc.org/dataset/pli-permits
BP-2021-14660,pittsburgh,2023-03-10,0,BUILDING,NEW CONSTRUCTION,true,Completed,-79.9352318031,40.4671814261,"305 N AIKEN AVE, Pittsburgh, PA 15206-",https://data.wprdc.org/dataset/pli-permits
EP-2020-15192,pittsburgh,2020-09-22,0,ELECTRICAL,NEW CONSTRUCTION,true,Completed,-79.9496320361,40.4844161226,"5551 BERLIN Way, Pittsburgh, PA 15201-",https://data.wprdc.org/dataset/pli-permits
EP-2024-00568,pittsburgh,2024-01-29,0,ELECTRICAL,NEW CONSTRUCTION,true,Completed,-79.9783105182,40.4682841088,"2039 LAUTNER ST, Pittsburgh, 15212-",https://data.wprdc.org/dataset/pli-permits
EP-2021-20366,pittsburgh,2022-04-06,0,ELECTRICAL,NEW CONSTRUCTION,false,Completed,-79.9548632884,40.4451666737,"5126 BIGELOW BLVD, Pittsburgh, 15213-",https://data.wprdc.org/dataset/pli-permits
SSP-2023-04260,pittsburgh,2023-05-03,0,Suppression System Permit,NEW SYSTEM,false,Completed,-79.9470039009,40.4541811589,"4828 BAUM BLVD, Pittsburgh, PA 15213-",https://data.wprdc.org/dataset/pli-permits
EP-2024-05215,pittsburgh,2024-08-09,0,ELECTRICAL,NEW CONSTRUCTION,false,Completed,-79.9455790183,40.4651130984,"4842 PENN AVE #303, Pittsburgh, PA 15224-",https://data.wprdc.org/dataset/pli-permits
OLP-2023-01609,pittsburgh,2023-03-21,0,Occupant Load Placard Permit,NEW,false,Expired,-79.991614226,40.4666643015,"1958 VARLEY ST, Pittsburgh, 15212-",https://data.wprdc.org/dataset/pli-permits
SP-2021-13037,pittsburgh,2022-01-06,0,Sign Permit,NEW,false,Completed,-79.8987403929,40.4487432754,"7301 PENN AVE, Pittsburgh, 15208-",https://data.wprdc.org/dataset/pli-permits
BP-2021-14641,pittsburgh,2023-03-06,0,BUILDING,NEW CONSTRUCTION,true,Completed,-79.9357625287,40.466879813,"5370 ROSETTA ST, Pittsburgh, PA 15224-",https://data.wprdc.org/dataset/pli-permits
SP-2022-18054,pittsburgh,2023-03-10,0,Sign Permit,NEW,false,Completed,-79.9903585214,40.4486022823,"1447 SMALLMAN ST, Pittsburgh, PA 15222-",https://data.wprdc.org/dataset/pli-permits
SSP-2023-01189,pittsburgh,2023-04-05,0,Suppression System Permit,NEW SYSTEM,false,Completed,-79.9275121138,40.4620321579,"5836 PENN AVE, Pittsburgh, PA 15206-",https://data.wprdc.org/dataset/pli-permits
OLP-2024-02785,pittsburgh,2024-03-04,0,Occupant Load Placard Permit,NEW,false,Completed,-79.9587958431,40.4732784945,"4609 BUTLER ST, Pittsburgh, 15201-",https://data.wprdc.org/dataset/pli-permits
MP-2024-12049,pittsburgh,2024-09-23,0,MECHANICAL,NEW CONSTRUCTION,true,Completed,-79.9934394126,40.4241058397,"814 MCLAIN ST, Pittsburgh, PA 15210-",https://data.wprdc.org/dataset/pli-permits
OLP-2020-15982,pittsburgh,2020-10-16,0,Occupant Load Placard Permit,NEW,false,Completed,-79.9644021732,40.4662203568,"3706 BUTLER ST, Pittsburgh, PA 15201-",https://data.wprdc.org/dataset/pli-permits
EP-2024-13545,pittsburgh,2024-12-24,0,ELECTRICAL,NEW CONSTRUCTION,true,Completed,-79.9355521919,40.4676213335,"5354 HILLCREST ST, Pittsburgh, PA 15224-",https://data.wprdc.org/dataset/pli-permits
EP-2020-05436,pittsburgh,2020-05-28,0,ELECTRICAL,NEW CONSTRUCTION,false,Completed,-79.9943435567,40.4720916862,"1195 MARATHON ST, Pittsburgh, PA 15212-",https://data.wprdc.org/dataset/pli-permits
EP-2023-08805,pittsburgh,2024-02-19,0,ELECTRICAL,NEW CONSTRUCTION,true,Issued,-79.9747073957,40.4305683074,"2132 MERRIMAN Way, Pittsburgh, PA 15203-",https://data.wprdc.org/dataset/pli-permits
BP-2022-09501,pittsburgh,2022-12-14,0,BUILDING,NEW CONSTRUCTION,true,Completed,-80.0794308566,40.4498994083,"104 CEDARWOOD PL, Pittsburgh, PA 15205-",https://data.wprdc.org/dataset/pli-permits
EP-2024-02354,pittsburgh,2024-02-20,0,ELECTRICAL,NEW CONSTRUCTION,true,Completed,-79.9936825286,40.4567233818,"904 AHLERS Way, Pittsburgh, PA 15212-",https://data.wprdc.org/dataset/pli-permits
BP-2023-14503,pittsburgh,2023-12-08,0,BUILDING,NEW CONSTRUCTION,true,Completed,-79.9671230102,40.4411460381,"3119 ELLERS ST, Pittsburgh, PA 15213-",https://data.wprdc.org/dataset/pli-permits
EP-2024-09177,pittsburgh,2024-11-01,0,ELECTRICAL,NEW CONSTRUCTION,false,Issued,-80.0582049547,40.4603794161,"446 STADIUM ST, Pittsburgh, PA 15204-",https://data.wprdc.org/dataset/pli-permits
EP-2021-14284,pittsburgh,2021-09-10,0,ELECTRICAL,NEW CONSTRUCTION,true,Completed,-79.9963782302,40.4252473447,"249 ZUZU CIR, Pittsburgh, 15210-",https://data.wprdc.org/dataset/pli-permits
SSP-2020-01099,pittsburgh,2020-05-11,0,Suppression System Permit,NEW SYSTEM,false,Completed,-79.9668667715,40.4625965737,"207 34TH ST #314, Pittsburgh, PA 15201-",https://data.wprdc.org/dataset/pli-permits
SSP-2020-01347,pittsburgh,2021-02-23,0,Suppression System Permit,NEW SYSTEM,false,Completed,-79.9458306973,40.4476132808,"4735 5TH AVE, Pittsburgh, PA 15213-",https://data.wprdc.org/dataset/pli-permits
MP-2020-14140,pittsburgh,2021-04-28,0,MECHANICAL,NEW CONSTRUCTION,true,Completed,-79.9493301364,40.4844238831,"5557 BERLIN Way, Pittsburgh, PA 15201-",https://data.wprdc.org/dataset/pli-permits
SSP-2021-10933,pittsburgh,2023-02-01,0,Suppression System Permit,NEW SYSTEM,false,Completed,-79.9984868124,40.4554339572,"835 EAST ST #301, Pittsburgh, PA 15212-",https://data.wprdc.org/dataset/pli-permits
SSP-2024-12526,pittsburgh,2024-11-07,0,Suppression System Permit,NEW SYSTEM,false,Issued,-80.0005219286,40.4538542619,"706 JAMES ST, Pittsburgh, 15212-",https://data.wprdc.org/dataset/pli-permits
BP-2023-08639,pittsburgh,2023-08-15,0,BUILDING,NEW CONSTRUCTION,false,Issued,-79.9914618561,40.4415602968,"626 WASHINGTON PL #2501, Pittsburgh, PA 15219-",https://data.wprdc.org/dataset/pli-permits
EP-2020-05110,pittsburgh,2020-06-02,0,ELECTRICAL,NEW CONSTRUCTION,false,Completed,-79.9157299194,40.4570395031,"177 BAKERY SQUARE BLVD, Pittsburgh, PA 15206-",https://data.wprdc.org/dataset/pli-permits
SSP-2021-03394,pittsburgh,2021-05-04,0,Suppression System Permit,NEW SYSTEM,false,Completed,-79.978689256,40.4264942829,No primary address specified,https://data.wprdc.org/dataset/pli-permits
MP-2020-05512,pittsburgh,2021-01-19,0,MECHANICAL,NEW CONSTRUCTION,true,Expired,-79.9378847562,40.4758800372,"914 MILLERDALE ST, Pittsburgh, 15201-",https://data.wprdc.org/dataset/pli-permits
MP-2021-04112,pittsburgh,2021-03-18,0,MECHANICAL,NEW CONSTRUCTION,true,Completed,-80.0120806513,40.4261793212,"6 BANGOR ST, Pittsburgh, 15211-",https://data.wprdc.org/dataset/pli-permits
SSP-2020-14838,pittsburgh,2020-12-21,0,Suppression System Permit,NEW SYSTEM,false,Completed,-80.0162362778,40.4539073484,"840 W NORTH AVE #407, Pittsburgh, PA 15233-",https://data.wprdc.org/dataset/pli-permits
SSP-2024-14157,pittsburgh,2024-12-18,0,Suppression System Permit,NEW SYSTEM,false,Completed,-79.9458769595,40.4461949142,"301 S NEVILLE ST, Pittsburgh, PA 15213-",https://data.wprdc.org/dataset/pli-permits
EP-2024-13155,pittsburgh,2024-10-25,0,ELECTRICAL,NEW CONSTRUCTION,true,Completed,-79.9838149891,40.4277805388,"1407 SARAH ST, Pittsburgh, PA 15203-",https://data.wprdc.org/dataset/pli-permits
MP-2023-11777,pittsburgh,2023-10-16,0,MECHANICAL,NEW CONSTRUCTION,false,Completed,-80.0809420052,40.4498763913,"1862 BROADHEAD FORDING RD, Pittsburgh, PA 15205-",https://data.wprdc.org/dataset/pli-permits
EP-2022-16512,pittsburgh,2022-11-04,0,ELECTRICAL,NEW CONSTRUCTION,false,Completed,-80.0361372594,40.4063529459,"2510 BANKSVILLE RD, Pittsburgh, PA 15216-",https://data.wprdc.org/dataset/pli-permits
SSP-2024-12278,pittsburgh,2024-10-14,0,Suppression System Permit,NEW SYSTEM,false,Completed,-79.975989476,40.4260597401,"2121 MARY ST, Pittsburgh, PA 15203-",https://data.wprdc.org/dataset/pli-permits
SP-2021-11295,pittsburgh,2021-08-25,0,Sign Permit,NEW,false,Issued,-79.9960043066,40.4411097366,"601 GRANT ST, Pittsburgh, PA 15219-",https://data.wprdc.org/dataset/pli-permits
BP-2019-06395,pittsburgh,2020-01-29,0,BUILDING,NEW CONSTRUCTION,false,Completed,-79.9820075982,40.4368142278,"1721 LOCUST ST #302, Pittsburgh, PA 15219-",https://data.wprdc.org/dataset/pli-permits
BP-2021-12774,pittsburgh,2021-10-11,0,BUILDING,NEW CONSTRUCTION,true,Issued,-80.0088601912,40.4598298294,"17 LANE Way, Pittsburgh, PA 15212-",https://data.wprdc.org/dataset/pli-permits
EP-2023-16799,pittsburgh,2024-04-23,0,ELECTRICAL,NEW CONSTRUCTION,false,Issued,-79.8998770661,40.4538608939,"540 N LANG AVE, Pittsburgh, PA 15208-",https://data.wprdc.org/dataset/pli-permits
SP-2023-09674,pittsburgh,2023-09-01,0,Sign Permit,NEW,false,Completed,-79.9423817698,40.4584643385,"5129 LIBERTY AVE, Pittsburgh, PA 15224-",https://data.wprdc.org/dataset/pli-permits
MP-2023-08711,pittsburgh,2023-05-22,0,MECHANICAL,NEW CONSTRUCTION,true,Completed,-79.9871443337,40.4267782079,"1107 FREYBURG ST, Pittsburgh, PA 15203-",https://data.wprdc.org/dataset/pli-permits
SP-2021-07493,pittsburgh,2021-06-03,0,Sign Permit,NEW,false,Issued,-79.9268027205,40.4864917768,"1800 MORNINGSIDE AVE, Pittsburgh, 15206-",https://data.wprdc.org/dataset/pli-permits
BP-2020-11542,pittsburgh,2020-12-16,0,BUILDING,NEW CONSTRUCTION,false,Completed,-79.9480295193,40.4150172885,"4501 LYTLE ST, Pittsburgh, PA 15207-",https://data.wprdc.org/dataset/pli-permits
SP-2021-05148,pittsburgh,2021-05-10,0,Sign Permit,NEW,false,Expired,-79.915064122,40.4561989068,"114 BAKERY SQUARE BLVD, Pittsburgh, 15206-",https://data.wprdc.org/dataset/pli-permits
BP-2022-10858,pittsburgh,2022-12-14,0,BUILDING,NEW CONSTRUCTION,true,Completed,-79.9879335135,40.445388572,"1547 CLIFF ST, Pittsburgh, PA 15219-",https://data.wprdc.org/dataset/pli-permits
SSP-2021-03564,pittsburgh,2022-08-09,0,Suppression System Permit,NEW SYSTEM,false,Completed,-79.9373961933,40.4481567579,"5131 5TH AVE, Pittsburgh, PA 15232-",https://data.wprdc.org/dataset/pli-permits
SSP-2020-06219,pittsburgh,2020-08-28,0,Suppression System Permit,NEW SYSTEM,false,Completed,-79.9820075982,40.4368142278,"1721 LOCUST ST #302, Pittsburgh, PA 15219-",https://data.wprdc.org/dataset/pli-permits
FAS-2022-01610,pittsburgh,2022-07-06,0,Fire Alarm Permit,NEW SYSTEM,false,Completed,-79.9245124922,40.4598784977,"6010 CENTRE AVE, Pittsburgh, 15206-",https://data.wprdc.org/dataset/pli-permits
MP-2020-14034,pittsburgh,2020-10-02,0,MECHANICAL,NEW CONSTRUCTION,true,Completed,-79.9496320361,40.4844161226,"5551 BERLIN Way, Pittsburgh, PA 15201-",https://data.wprdc.org/dataset/pli-permits
EP-2021-08024,pittsburgh,2021-12-06,0,ELECTRICAL,NEW CONSTRUCTION,false,Completed,-79.9263157894,40.4635242262,"205 N BEATTY ST #417, Pittsburgh, PA 15206-",https://data.wprdc.org/dataset/pli-permits
FAS-2022-02341,pittsburgh,2022-09-13,0,Fire Alarm Permit,NEW SYSTEM,false,Issued,-80.0140579701,40.4509744259,"709 BRIGHTON RD, Pittsburgh, 15233-",https://data.wprdc.org/dataset/pli-permits
SSP-2020-14281,pittsburgh,2020-12-15,0,Suppression System Permit,NEW SYSTEM,false,Completed,-79.9424354286,40.4437333149,"5135 MARGARET MORRISON ST, Pittsburgh, PA 15213-",https://data.wprdc.org/dataset/pli-permits
MP-2023-13673,pittsburgh,2023-08-31,0,MECHANICAL,NEW CONSTRUCTION,true,Completed,-80.0041077907,40.4279429241,"424 WILLIAM ST, Pittsburgh, PA 15211-",https://data.wprdc.org/dataset/pli-permits
MP-2023-03955,pittsburgh,2023-06-28,0,MECHANICAL,NEW CONSTRUCTION,false,Completed,-79.9590168681,40.4704397556,"233 43RD ST, Pittsburgh, PA 15201-",https://data.wprdc.org/dataset/pli-permits
BP-2021-14652,pittsburgh,2023-03-06,0,BUILDING,NEW CONSTRUCTION,true,Completed,-79.9354974238,40.4672967128,"5377 ROSETTA ST, Pittsburgh, 15224-",https://data.wprdc.org/dataset/pli-permits
SP-2021-11424,pittsburgh,2021-08-17,0,Sign Permit,NEW,false,Completed,-79.9654717755,40.4656373369,"3607 BUTLER ST #404, Pittsburgh, PA 15201-",https://data.wprdc.org/dataset/pli-permits
MP-2020-15329,pittsburgh,2020-10-16,0,MECHANICAL,NEW CONSTRUCTION,true,Completed,-79.9419171412,40.4223266057,"4232 LYDIA ST, Pittsburgh, 15207-",https://data.wprdc.org/dataset/pli-permits
SSP-2023-13134,pittsburgh,2023-10-11,0,Suppression System Permit,NEW SYSTEM,false,Completed,-79.9892990452,40.4380964887,"1045 FORBES AVE #1125, Pittsburgh, PA 15219-",https://data.wprdc.org/dataset/pli-permits
SP-2023-17253,pittsburgh,2023-11-16,0,Sign Permit,NEW,false,Completed,-79.9249434329,40.4283563837,"2734 MURRAY AVE, Pittsburgh, PA 15217-",https://data.wprdc.org/dataset/pli-permits
FP-2023-08430,pittsburgh,2023-11-06,0,Floodplain Permit,New Construction,false,Issued,-79.9842097179,40.4530446649,"2128 RAILROAD ST, Pittsburgh, PA 15222-",https://data.wprdc.org/dataset/pli-permits
SP-2023-19849,pittsburgh,2023-12-14,0,Sign Permit,NEW,false,Completed,-79.9448257635,40.426261093,"1 ALGER ST, Pittsburgh, 15207-",https://data.wprdc.org/dataset/pli-permits
MP-2022-02802,pittsburgh,2022-03-10,0,MECHANICAL,NEW CONSTRUCTION,true,Completed,-79.9133217409,40.4652844329,"116 WINSLOW ST, Pittsburgh, PA 15206-",https://data.wprdc.org/dataset/pli-permits
BP-2021-18700,pittsburgh,2022-11-28,0,BUILDING,NEW CONSTRUCTION,true,Completed,-79.98698592,40.4459057095,"1701 CLIFF ST, Pittsburgh, PA 15219-",https://data.wprdc.org/dataset/pli-permits
FAS-2024-03756,pittsburgh,2024-03-20,0,Fire Alarm Permit,NEW SYSTEM,false,Completed,-79.9492244621,40.4633696546,"206 PEARL ST, Pittsburgh, PA 15224-",https://data.wprdc.org/dataset/pli-permits
SSP-2021-02206,pittsburgh,2021-07-26,0,Suppression System Permit,NEW SYSTEM,false,Completed,-80.00473559,40.4331090422,"195 W STATION SQUARE DR, Pittsburgh, PA 15219-",https://data.wprdc.org/dataset/pli-permits
MP-2023-17842,pittsburgh,2023-11-01,0,MECHANICAL,NEW CONSTRUCTION,true,Completed,-80.0056426838,40.4585761647,"1437 SANDUSKY ST, Pittsburgh, PA 15212-",https://data.wprdc.org/dataset/pli-permits
EP-2020-16689,pittsburgh,2020-10-15,0,ELECTRICAL,NEW CONSTRUCTION,true,Completed,-80.0250943216,40.4579063858,"1247 COLUMBUS AVE, Pittsburgh, 15233-",https://data.wprdc.org/dataset/pli-permits
EP-2020-02273,pittsburgh,2020-12-16,0,ELECTRICAL,NEW CONSTRUCTION,false,Completed,-79.9617216464,40.4310612357,"350 TECHNOLOGY DR #611, Pittsburgh, PA 15219-",https://data.wprdc.org/dataset/pli-permits
EP-2024-09816,pittsburgh,2024-06-27,0,ELECTRICAL,NEW CONSTRUCTION,true,Completed,-79.981645253,40.4410720618,"1829 REED ST, Pittsburgh, PA 15219-",https://data.wprdc.org/dataset/pli-permits
BP-2020-18940,pittsburgh,2021-03-15,0,BUILDING,NEW CONSTRUCTION,true,Completed,-80.0260891186,40.4362402975,"439 SHALER ST, Pittsburgh, PA 15211-",https://data.wprdc.org/dataset/pli-permits
BP-2024-08789,pittsburgh,2024-11-01,0,BUILDING,NEW CONSTRUCTION,false,Application Finalization,-79.9583813074,40.4702381546,"254 44TH ST, Pittsburgh, PA 15201-",https://data.wprdc.org/dataset/pli-permits
OLP-2023-12478,pittsburgh,2023-08-21,0,Occupant Load Placard Permit,NEW,false,Completed,-79.9314571941,40.4583462957,"5819 CENTRE AVE #101, Pittsburgh, PA 15206-",https://data.wprdc.org/dataset/pli-permits
MP-2024-08377,pittsburgh,2024-08-22,0,MECHANICAL,NEW CONSTRUCTION,false,Completed,-79.9814716979,40.4403107392,"1800 REED ST #616, Pittsburgh, PA 15219-",https://data.wprdc.org/dataset/pli-permits
SP-2022-00233,pittsburgh,2022-01-20,0,Sign Permit,NEW,false,Completed,-79.9772398962,40.458771362,"75 HOPPER PL #301, Pittsburgh, PA 15222-",https://data.wprdc.org/dataset/pli-permits
EP-2021-14834,pittsburgh,2022-05-24,0,ELECTRICAL,NEW CONSTRUCTION,false,Completed,-79.9678780585,40.4600244522,"3220 SASSAFRAS Way #414, Pittsburgh, PA 15201-",https://data.wprdc.org/dataset/pli-permits
EP-2022-16241,pittsburgh,2023-03-08,0,ELECTRICAL,NEW CONSTRUCTION,false,Completed,-80.0093046886,40.4460312776,"271 NORTH SHORE DR #700, Pittsburgh, PA 15212-",https://data.wprdc.org/dataset/pli-permits
SP-2024-01040,pittsburgh,2024-01-31,0,Sign Permit,NEW,false,Completed,-79.984756839,40.4513092878,"SMALLMAN ST, Pittsburgh, PA 15222-",https://data.wprdc.org/dataset/pli-permits
OLP-2023-12457,pittsburgh,2023-08-10,0,Occupant Load Placard Permit,NEW,false,Completed,-79.9648273521,40.4276700429,"425 CINEMA DR #201, Pittsburgh, PA 15203-",https://data.wprdc.org/dataset/pli-permits
FAS-2021-16981,pittsburgh,2021-11-22,0,Fire Alarm Permit,NEW SYSTEM,false,Completed,-79.9764731199,40.4581127332,"115 28TH ST, Pittsburgh, PA 15222-",https://data.wprdc.org/dataset/pli-permits
SSP-2023-15025,pittsburgh,2023-10-20,0,Suppression System Permit,NEW SYSTEM,false,Completed,-79.9275565313,40.4621549752,"5818 PENN AVE, Pittsburgh, PA 15206-",https://data.wprdc.org/dataset/pli-permits
MP-2023-07907,pittsburgh,2023-06-02,0,MECHANICAL,NEW CONSTRUCTION,true,Completed,-79.9149359684,40.4625415637,"163 AUBURN ST, Pittsburgh, PA 15206-",https://data.wprdc.org/dataset/pli-permits
OLP-2024-08332,pittsburgh,2024-07-17,0,Occupant Load Placard Permit,NEW,false,Issued,-79.9879197719,40.4410124668,"632 WASHINGTON PL, Pittsburgh, PA 15219",https://data.wprdc.org/dataset/pli-permits
SP-2020-12791,pittsburgh,2021-06-21,0,Sign Permit,NEW,false,Completed,-79.9973236814,40.4391613812,"437 GRANT ST, Pittsburgh, 15219-",https://data.wprdc.org/dataset/pli-permits
OLP-2024-01956,pittsburgh,2024-02-27,0,Occupant Load Placard Permit,NEW,false,Completed,-79.9330009222,40.4640616223,"5472 PENN AVE, Pittsburgh, 15206-",https://data.wprdc.org/dataset/pli-permits
EP-2024-10759,pittsburgh,2024-09-18,0,ELECTRICAL,NEW CONSTRUCTION,false,Issued,-80.0184530102,40.4712927878,"514 MARSHALL AVE, Pittsburgh, PA 15214-",https://data.wprdc.org/dataset/pli-permits
SSP-2021-07822,pittsburgh,2021-06-22,0,Suppression System Permit,NEW SYSTEM,false,Completed,-79.978328611,40.4559038309,"211 26TH ST #201, Pittsburgh, PA 15222-",https://data.wprdc.org/dataset/pli-permits
OLP-2022-07754,pittsburgh,2022-08-19,0,Occupant Load Placard Permit,NEW,false,Completed,-79.9638252459,40.46695013,"3810 BUTLER ST, Pittsburgh, 15201-",https://data.wprdc.org/dataset/pli-permits
SSP-2024-07827,pittsburgh,2024-06-05,0,Suppression System Permit,NEW SYSTEM,false,Completed,-79.9598453087,40.4424544322,"200 LOTHROP ST, Pittsburgh, PA 15213-",https://data.wprdc.org/dataset/pli-permits
BP-2021-03389,pittsburgh,2021-05-18,0,BUILDING,NEW CONSTRUCTION,true,Completed,-79.9349123813,40.4158708714,"540 BLACKSTONE ST, Pittsburgh, PA 15207-",https://data.wprdc.org/dataset/pli-permits
BP-2019-05338,pittsburgh,2020-01-30,0,BUILDING,NEW CONSTRUCTION,false,Completed,-79.9636151473,40.467267564,"206 39TH ST, Pittsburgh, PA 15201-",https://data.wprdc.org/dataset/pli-permits
SP-2020-20180,pittsburgh,2021-04-19,0,Sign Permit,NEW,false,Expired,-79.9333304669,40.4552960464,"550 S NEGLEY AVE, Pittsburgh, 15232-",https://data.wprdc.org/dataset/pli-permits
OLP-2023-15787,pittsburgh,2024-01-26,0,Occupant Load Placard Permit,NEW,false,Completed,-79.9525999311,40.4513898314,"4500 CENTRE AVE #1019, Pittsburgh, PA 15213-",https://data.wprdc.org/dataset/pli-permits
EP-2024-05425,pittsburgh,2024-05-16,0,ELECTRICAL,NEW CONSTRUCTION,false,Completed,-79.9162070297,40.4562370919,"6501 LIVING PL, Pittsburgh, PA 15206-",https://data.wprdc.org/dataset/pli-permits
EP-2022-02161,pittsburgh,2022-04-18,0,ELECTRICAL,NEW CONSTRUCTION,false,Completed,-79.9838559973,40.4544393982,"2239 RAILROAD ST, Pittsburgh, 15222-",https://data.wprdc.org/dataset/pli-permits
EP-2021-14836,pittsburgh,2021-09-09,0,ELECTRICAL,NEW CONSTRUCTION,true,Completed,-80.0248377594,40.4603007292,"1232 KUNKLE AVE, Pittsburgh, PA 15212-",https://data.wprdc.org/dataset/pli-permits
OLP-2023-19570,pittsburgh,2023-12-19,0,Occupant Load Placard Permit,NEW,false,Completed,-80.0220131787,40.4471260635,"757 CASINO DR, Pittsburgh, PA 15212-",https://data.wprdc.org/dataset/pli-permits
SSP-2020-19693,pittsburgh,2021-02-18,0,Suppression System Permit,NEW SYSTEM,false,Completed,-79.9293228096,40.4326002372,"5535 HOBART ST #8, Pittsburgh, PA 15217-",https://data.wprdc.org/dataset/pli-permits
MP-2021-20388,pittsburgh,2022-01-10,0,MECHANICAL,NEW CONSTRUCTION,false,Completed,-80.0106423909,40.4457886059,"353 NORTH SHORE DR, Pittsburgh, PA 15212",https://data.wprdc.org/dataset/pli-permits
MP-2023-19118,pittsburgh,2023-11-22,0,MECHANICAL,NEW CONSTRUCTION,true,Issued,-79.9145662248,40.4521209695,"6655 REYNOLDS ST, Pittsburgh, 15206-",https://data.wprdc.org/dataset/pli-permits
SSP-2023-04389,pittsburgh,2023-08-10,0,Suppression System Permit,NEW SYSTEM,false,Completed,-80.0011697408,40.4435217887,"649 PENN AVE, Pittsburgh, PA 15222-",https://data.wprdc.org/dataset/pli-permits
OLP-2021-01807,pittsburgh,2021-04-05,0,Occupant Load Placard Permit,NEW,false,Completed,-79.9886576661,40.4139668745,"320 BROWNSVILLE RD, Pittsburgh, PA 15210-",https://data.wprdc.org/dataset/pli-permits
MP-2021-10622,pittsburgh,2021-08-26,0,MECHANICAL,NEW CONSTRUCTION,false,Completed,-79.9872587236,40.4496848497,"1644 SMALLMAN ST, Pittsburgh, PA 15222-",https://data.wprdc.org/dataset/pli-permits
MP-2021-03035,pittsburgh,2021-06-03,0,MECHANICAL,NEW CONSTRUCTION,true,Completed,-80.009621655,40.4594665188,"132 E JEFFERSON ST, Pittsburgh, PA 15212-",https://data.wprdc.org/dataset/pli-permits
EP-2020-07194,pittsburgh,2020-08-19,0,ELECTRICAL,NEW CONSTRUCTION,true,Completed,-79.9311121191,40.4697813583,"5456 BLACK ST, Pittsburgh, PA 15206-",https://data.wprdc.org/dataset/pli-permits
EP-2020-05108,pittsburgh,2020-08-05,0,ELECTRICAL,NEW CONSTRUCTION,false,Completed,-79.9668667715,40.4625965737,"207 34TH ST #314, Pittsburgh, PA 15201-",https://data.wprdc.org/dataset/pli-permits
EP-2021-14030,pittsburgh,2022-02-25,0,ELECTRICAL,NEW CONSTRUCTION,false,Completed,-79.9424354286,40.4437333149,"5135 MARGARET MORRISON ST, Pittsburgh, PA 15213-",https://data.wprdc.org/dataset/pli-permits
OLP-2022-13121,pittsburgh,2022-10-27,0,Occupant Load Placard Permit,NEW,false,Completed,-79.9964079236,40.4388018535,"436 GRANT ST, Pittsburgh, 15219-",https://data.wprdc.org/dataset/pli-permits
SSP-2023-07588,pittsburgh,2023-08-29,0,Suppression System Permit,NEW SYSTEM,false,Completed,-79.9874931934,40.4380318427,"118 STEVENSON ST, Pittsburgh, PA 15219-",https://data.wprdc.org/dataset/pli-permits
SP-2024-00195,pittsburgh,2024-01-18,0,Sign Permit,NEW,false,Issued,-80.0011847636,40.4531922199,"405 E OHIO ST, Pittsburgh, PA 15212-",https://data.wprdc.org/dataset/pli-permits
MP-2021-12505,pittsburgh,2021-11-09,0,MECHANICAL,NEW CONSTRUCTION,true,Completed,-79.9784930205,40.4247518292,"1962 JOSEPHINE ST, Pittsburgh, 15203-",https://data.wprdc.org/dataset/pli-permits
BP-2024-08780,pittsburgh,2024-10-29,0,BUILDING,NEW CONSTRUCTION,false,Issued,-79.9590168681,40.4704397556,"233 43RD ST, Pittsburgh, PA 15201-",https://data.wprdc.org/dataset/pli-permits
FP-2023-08452,pittsburgh,2023-11-13,0,Floodplain Permit,New Construction,false,Issued,-79.9842097179,40.4530446649,"2128 RAILROAD ST, Pittsburgh, PA 15222-",https://data.wprdc.org/dataset/pli-permits
SSP-2019-11499,pittsburgh,2020-05-29,0,Suppression System Permit,NEW SYSTEM,false,Completed,-80.0121385591,40.4547826029,"508 W NORTH AVE, Pittsburgh, 15212-",https://data.wprdc.org/dataset/pli-permits
EP-2023-13859,pittsburgh,2023-12-08,0,ELECTRICAL,NEW CONSTRUCTION,false,Completed,-79.9776779877,40.455798496,"2635 PENN AVE #508, Pittsburgh, PA 15222-",https://data.wprdc.org/dataset/pli-permits
OLP-2024-05969,pittsburgh,2024-05-24,0,Occupant Load Placard Permit,NEW,false,Completed,-79.9919947114,40.4367005136,"900 LOCUST ST, Pittsburgh, PA 15282-",https://data.wprdc.org/dataset/pli-permits
SP-2023-06371,pittsburgh,2023-06-05,0,Sign Permit,NEW,false,Issued,-79.9941578381,40.3823790301,"2413 SAINT NORBERT ST, Pittsburgh, 15234-",https://data.wprdc.org/dataset/pli-permits
MP-2021-07761,pittsburgh,2022-05-16,0,MECHANICAL,NEW CONSTRUCTION,true,Completed,-79.9668816349,40.4396046569,"114 BURROWS ST, Pittsburgh, PA 15213-",https://data.wprdc.org/dataset/pli-permits
MP-2023-17799,pittsburgh,2023-11-06,0,MECHANICAL,NEW CONSTRUCTION,true,Issued,-80.0171842539,40.4589613848,"1724 BRIGHTON PL, Pittsburgh, 15212-",https://data.wprdc.org/dataset/pli-permits
OOP-2021-09857,pittsburgh,2022-04-26,0,Occupancy Only Permit,NEW USE,true,Completed,-80.0145922972,40.4346226316,"141 BIGHAM ST, Pittsburgh, 15211-",https://data.wprdc.org/dataset/pli-permits
EP-2023-03467,pittsburgh,2023-03-01,0,ELECTRICAL,NEW CONSTRUCTION,true,Completed,-79.9269911855,40.4653155721,"318 N SAINT CLAIR ST, Pittsburgh, PA 15206-",https://data.wprdc.org/dataset/pli-permits
SP-2022-11131,pittsburgh,2022-08-10,0,Sign Permit,NEW,false,Issued,-79.9946266331,40.4353091287,"700 2ND AVE #533, Pittsburgh, PA 15219-",https://data.wprdc.org/dataset/pli-permits
SP-2023-15938,pittsburgh,2023-12-20,0,Sign Permit,NEW,false,Completed,-79.9812618033,40.4561914637,"2545 RAILROAD ST #301, Pittsburgh, PA 15222-",https://data.wprdc.org/dataset/pli-permits
BP-2022-08221,pittsburgh,2022-12-14,0,BUILDING,NEW CONSTRUCTION,true,Completed,-80.0794308566,40.4498994083,"104 CEDARWOOD PL, Pittsburgh, PA 15205-",https://data.wprdc.org/dataset/pli-permits
MP-2023-12308,pittsburgh,2024-01-04,0,MECHANICAL,NEW CONSTRUCTION,true,Completed,-79.9359349963,40.4660279676,"213 N AIKEN AVE, Pittsburgh, 15206-",https://data.wprdc.org/dataset/pli-permits
OLP-2023-21286,pittsburgh,2024-01-05,0,Occupant Load Placard Permit,NEW,false,Completed,-79.9988191547,40.438133723,"301 GRANT ST #2700, Pittsburgh, PA 15219-",https://data.wprdc.org/dataset/pli-permits
SSP-2024-08581,pittsburgh,2024-07-12,0,Suppression System Permit,NEW SYSTEM,false,Completed,-79.9662077416,40.4645889728,"3519 BUTLER ST, Pittsburgh, PA 15201-",https://data.wprdc.org/dataset/pli-permits
SSP-2022-03782,pittsburgh,2022-07-07,0,Suppression System Permit,NEW SYSTEM,false,Completed,-79.9678780585,40.4600244522,"3220 SASSAFRAS Way #414, Pittsburgh, PA 15201-",https://data.wprdc.org/dataset/pli-permits
OLP-2020-17030,pittsburgh,2021-03-05,0,Occupant Load Placard Permit,NEW,false,Completed,-79.9887690611,40.4354793895,"1155 BLUFF ST, Pittsburgh, PA 15282-",https://data.wprdc.org/dataset/pli-permits
OLP-2024-10572,pittsburgh,2024-11-12,0,Occupant Load Placard Permit,NEW,false,Completed,-80.0034251964,40.4422567861,No primary address specified,https://data.wprdc.org/dataset/pli-permits
EP-2020-09834,pittsburgh,2020-08-11,0,ELECTRICAL,NEW CONSTRUCTION,true,Completed,-79.9381939103,40.4486075929,"5126 WESTMINSTER PL, Pittsburgh, 15232-",https://data.wprdc.org/dataset/pli-permits
OLP-2024-01056,pittsburgh,2024-06-21,0,Occupant Load Placard Permit,NEW,false,Completed,-79.9424354286,40.4437333149,"5135 MARGARET MORRISON ST, Pittsburgh, PA 15213-",https://data.wprdc.org/dataset/pli-permits
SP-2023-09195,pittsburgh,2023-08-18,0,Sign Permit,NEW,false,Issued,-79.9448572294,40.4542668193,"288 MOREWOOD AVE, Pittsburgh, 15213-",https://data.wprdc.org/dataset/pli-permits
MP-2021-01352,pittsburgh,2021-04-27,0,MECHANICAL,NEW CONSTRUCTION,true,Completed,-79.9486760444,40.4847183246,"142 56TH ST, Pittsburgh, PA 15201-",https://data.wprdc.org/dataset/pli-permits
SP-2019-10498,pittsburgh,2020-02-03,0,Sign Permit,NEW,false,Completed,-79.9290190819,40.4595463684,"5862 BAUM BLVD, Pittsburgh, PA 15206-",https://data.wprdc.org/dataset/pli-permits
MP-2024-11266,pittsburgh,2024-09-11,0,MECHANICAL,NEW CONSTRUCTION,true,Issued,-79.959610063,40.4520815467,"820 BRYN MAWR RD, Pittsburgh, 15219-",https://data.wprdc.org/dataset/pli-permits
EP-2020-21012,pittsburgh,2020-12-31,0,ELECTRICAL,NEW CONSTRUCTION,true,Completed,-80.0072621635,40.4284822346,"18 GREENBUSH ST, Pittsburgh, 15211-",https://data.wprdc.org/dataset/pli-permits
SP-2023-18568,pittsburgh,2024-12-24,0,Sign Permit,NEW,false,Issued,-79.950642639,40.4830044727,"5416 BUTLER ST, Pittsburgh, PA 15201-",https://data.wprdc.org/dataset/pli-permits
SP-2020-12839,pittsburgh,2021-04-13,0,Sign Permit,NEW,false,Issued,-79.9824648701,40.4518637892,"2120 PENN AVE, Pittsburgh, 15222-",https://data.wprdc.org/dataset/pli-permits
MP-2019-05728,pittsburgh,2020-01-03,0,MECHANICAL,NEW CONSTRUCTION,false,Completed,-79.9645088098,40.4655987346,"221 36TH ST, Pittsburgh, PA 15201-",https://data.wprdc.org/dataset/pli-permits
OLP-2024-13261,pittsburgh,2024-11-15,0,Occupant Load Placard Permit,NEW,false,Issued,-79.9914618561,40.4415602968,"626 WASHINGTON PL #2501, Pittsburgh, PA 15219-",https://data.wprdc.org/dataset/pli-permits
EP-2019-07235,pittsburgh,2021-03-25,0,ELECTRICAL,NEW CONSTRUCTION,false,Completed,-79.9653329962,40.4695679428,"129 39TH ST, Pittsburgh, PA 15201-",https://data.wprdc.org/dataset/pli-permits
BP-2020-03915,pittsburgh,2020-08-28,0,BUILDING,NEW CONSTRUCTION,false,Completed,-80.0462399238,40.4791642542,"3300 PREBLE AVE #840, Pittsburgh, PA 15233-",https://data.wprdc.org/dataset/pli-permits
BP-2023-02248,pittsburgh,2023-03-02,0,BUILDING,NEW CONSTRUCTION,true,Issued,-80.0082920782,40.4568034017,"1313 REDDOUR ST, Pittsburgh, PA 15212-",https://data.wprdc.org/dataset/pli-permits
SP-2022-18918,pittsburgh,2023-04-12,0,Sign Permit,NEW,false,Issued,-80.0021663834,40.4375456244,"10 WOOD ST, Pittsburgh, PA 15222-",https://data.wprdc.org/dataset/pli-permits
SSP-2022-09818,pittsburgh,2022-08-17,0,Suppression System Permit,NEW SYSTEM,false,Issued,-79.9579094628,40.4744947561,"4711 BUTLER ST, Pittsburgh, PA 15201-",https://data.wprdc.org/dataset/pli-permits
BP-2021-08568,pittsburgh,2021-09-01,0,BUILDING,NEW CONSTRUCTION,true,Issued,-79.9272692725,40.4649651114,"300 N SAINT CLAIR ST, Pittsburgh, PA 15206-",https://data.wprdc.org/dataset/pli-permits
EP-2020-13749,pittsburgh,2020-08-31,0,ELECTRICAL,NEW CONSTRUCTION,true,Completed,-80.0253322331,40.4361976811,"415 CLARENCE ST, Pittsburgh, PA 15211-",https://data.wprdc.org/dataset/pli-permits
SSP-2021-13228,pittsburgh,2021-12-06,0,Suppression System Permit,NEW SYSTEM,false,Completed,-79.9397408558,40.4445944176,"5093 FORBES AVE, Pittsburgh, PA 15213-",https://data.wprdc.org/dataset/pli-permits
SSP-2023-11716,pittsburgh,2023-08-16,0,Suppression System Permit,NEW SYSTEM,false,Completed,-79.9798500457,40.4441741425,"2019 CENTRE AVE #302, Pittsburgh, PA 15219-",https://data.wprdc.org/dataset/pli-permits
EP-2023-08364,pittsburgh,2023-05-19,0,ELECTRICAL,NEW CONSTRUCTION,true,Issued,-80.0470448754,40.4328787084,"1208 HIGHMAN ST #2, Pittsburgh, PA 15205-",https://data.wprdc.org/dataset/pli-permits
BP-2022-08223,pittsburgh,2022-12-14,0,BUILDING,NEW CONSTRUCTION,true,Completed,-80.0794308566,40.4498994083,"104 CEDARWOOD PL, Pittsburgh, PA 15205-",https://data.wprdc.org/dataset/pli-permits
BP-2024-04796,pittsburgh,2024-07-17,0,BUILDING,NEW CONSTRUCTION,false,Issued,-79.9912748545,40.441712114,"626 WASHINGTON PL #2501, Pittsburgh, PA 15219-",https://data.wprdc.org/dataset/pli-permits
EP-2022-12701,pittsburgh,2022-09-01,0,ELECTRICAL,NEW CONSTRUCTION,true,Issued,-79.959204753,40.4760396322,"4726 HATFIELD ST, Pittsburgh, PA 15201-",https://data.wprdc.org/dataset/pli-permits
SP-2023-05845,pittsburgh,2023-05-04,0,Sign Permit,NEW,false,Issued,-79.8873663204,40.487941063,"977 FREEPORT RD, Pittsburgh, PA 15238-",https://data.wprdc.org/dataset/pli-permits
EP-2022-01007,pittsburgh,2022-06-29,0,ELECTRICAL,NEW CONSTRUCTION,false,Completed,-79.9912748545,40.441712114,"626 WASHINGTON PL #2501, Pittsburgh, PA 15219-",https://data.wprdc.org/dataset/pli-permits
OLP-2020-10457,pittsburgh,2020-07-17,0,Occupant Load Placard Permit,NEW,false,Completed,-80.00539972,40.4423791118,"603 STANWIX ST #1399, Pittsburgh, PA 15222-",https://data.wprdc.org/dataset/pli-permits
EP-2020-05519,pittsburgh,2020-09-04,0,ELECTRICAL,NEW CONSTRUCTION,false,Completed,-80.0093046886,40.4460312776,"271 NORTH SHORE DR #700, Pittsburgh, PA 15212-",https://data.wprdc.org/dataset/pli-permits
BP-2021-16634,pittsburgh,2022-04-11,0,BUILDING,NEW CONSTRUCTION,true,Completed,-80.0006428604,40.4554144637,"512 SUISMON ST, Pittsburgh, PA 15212-",https://data.wprdc.org/dataset/pli-permits
OLP-2021-12848,pittsburgh,2021-08-24,0,Occupant Load Placard Permit,NEW,false,Completed,-79.9838559973,40.4544393982,"2239 RAILROAD ST, Pittsburgh, 15222-",https://data.wprdc.org/dataset/pli-permits
BP-2019-08739,pittsburgh,2020-03-17,0,BUILDING,NEW CONSTRUCTION,true,Completed,-79.9667735921,40.4391631097,"132 BURROWS ST, Pittsburgh, PA 15213-",https://data.wprdc.org/dataset/pli-permits
BP-2020-01300,pittsburgh,2020-08-07,0,BUILDING,NEW CONSTRUCTION,false,Completed,-79.9525999311,40.4513898314,"4500 CENTRE AVE #1019, Pittsburgh, PA 15213-",https://data.wprdc.org/dataset/pli-permits
EP-2020-17448,pittsburgh,2020-10-27,0,ELECTRICAL,NEW CONSTRUCTION,true,Completed,-79.9273222093,40.4700058203,"703 N NEGLEY AVE, Pittsburgh, PA 15206-",https://data.wprdc.org/dataset/pli-permits
MP-2021-08019,pittsburgh,2022-02-08,0,MECHANICAL,NEW CONSTRUCTION,false,Completed,-79.9263157894,40.4635242262,"205 N BEATTY ST #417, Pittsburgh, PA 15206-",https://data.wprdc.org/dataset/pli-permits
OOP-2020-17624,pittsburgh,2020-12-02,0,Occupancy Only Permit,NEW USE,true,Completed,-79.9112812095,40.4618925219,"406 LOWELL ST, Pittsburgh, 15206-",https://data.wprdc.org/dataset/pli-permits
SP-2024-11570,pittsburgh,2024-12-24,0,Sign Permit,NEW,false,Issued,-80.0315358352,40.4543318651,"1505 METROPOLITAN ST, Pittsburgh, 15233-",https://data.wprdc.org/dataset/pli-permits
OOP-2021-18780,pittsburgh,2022-01-12,0,Occupancy Only Permit,NEW USE,true,Completed,-79.8962834357,40.4398742209,"595 EAST END AVE, Pittsburgh, 15221-",https://data.wprdc.org/dataset/pli-permits
BP-2022-09532,pittsburgh,2022-12-14,0,BUILDING,NEW CONSTRUCTION,true,Completed,-80.0794308566,40.4498994083,"104 CEDARWOOD PL, Pittsburgh, PA 15205-",https://data.wprdc.org/dataset/pli-permits
SP-2024-01257,pittsburgh,2024-02-08,0,Sign Permit,NEW,false,Completed,-80.0051735528,40.4511116471,"200 CHILDRENS Way, Pittsburgh, PA 15212-",https://data.wprdc.org/dataset/pli-permits
SSP-2019-08506,pittsburgh,2021-09-24,0,Suppression System Permit,NEW SYSTEM,false,Completed,-80.0220131787,40.4471260635,"757 CASINO DR, Pittsburgh, PA 15212-",https://data.wprdc.org/dataset/pli-permits
SSP-2020-15869,pittsburgh,2020-11-02,0,Suppression System Permit,NEW SYSTEM,false,Completed,-80.0124214782,40.435399594,"536 GRANDVIEW AVE, Pittsburgh, 15211-",https://data.wprdc.org/dataset/pli-permits
SP-2021-02421,pittsburgh,2021-02-26,0,Sign Permit,NEW,false,Completed,-79.9854076113,40.4509635372,"1800 SMALLMAN ST, Pittsburgh, 15222-",https://data.wprdc.org/dataset/pli-permits
SSP-2022-09379,pittsburgh,2024-05-29,0,Suppression System Permit,NEW SYSTEM,false,Issued,-79.9859353763,40.4285875687,"1210 E CARSON ST, Pittsburgh, 15203-",https://data.wprdc.org/dataset/pli-permits
OOP-2021-12563,pittsburgh,2021-07-29,0,Occupancy Only Permit,NEW USE,false,Completed,-79.9649018541,40.4715772592,"105 40TH ST, Pittsburgh, 15201-",https://data.wprdc.org/dataset/pli-permits
SSP-2021-04391,pittsburgh,2021-06-16,0,Suppression System Permit,NEW SYSTEM,false,Completed,-79.9718808362,40.4423839981,No primary address specified,https://data.wprdc.org/dataset/pli-permits
BP-2020-20746,pittsburgh,2021-09-24,0,BUILDING,NEW CONSTRUCTION,false,Completed,-79.9572139554,40.47697243,"4837 BUTLER ST #202, Pittsburgh, PA 15201-",https://data.wprdc.org/dataset/pli-permits
SSP-2024-09838,pittsburgh,2024-08-13,0,Suppression System Permit,NEW SYSTEM,false,Issued,-79.9598453087,40.4424544322,"200 LOTHROP ST, Pittsburgh, PA 15213-",https://data.wprdc.org/dataset/pli-permits
BP-2022-02601,pittsburgh,2022-05-20,0,BUILDING,NEW CONSTRUCTION,true,Completed,-79.9496926629,40.4821131403,"5407 KEYSTONE ST, Pittsburgh, PA 15201-",https://data.wprdc.org/dataset/pli-permits
OOP-2020-10344,pittsburgh,2020-08-06,0,Occupancy Only Permit,NEW USE,true,Completed,-79.9174606894,40.4709518216,"6105 JACKSON ST, Pittsburgh, 15206-",https://data.wprdc.org/dataset/pli-permits
FAS-2021-19475,pittsburgh,2022-02-16,0,Fire Alarm Permit,NEW SYSTEM,false,Completed,-79.9678494345,40.4691055063,"55 38TH ST, Pittsburgh, 15201-",https://data.wprdc.org/dataset/pli-permits
BP-2022-08784,pittsburgh,2022-08-03,0,BUILDING,NEW CONSTRUCTION,false,Revoked,-79.9892654826,40.4493658629,"131 15TH ST, Pittsburgh, PA 15222-",https://data.wprdc.org/dataset/pli-permits
BP-2022-05314,pittsburgh,2022-07-26,0,BUILDING,NEW CONSTRUCTION,true,Issued,-79.974722612,40.4304038427,"2133 WHARTON ST, Pittsburgh, PA 15203-",https://data.wprdc.org/dataset/pli-permits
FAS-2020-03364,pittsburgh,2020-06-08,0,Fire Alarm Permit,NEW SYSTEM,false,Completed,-79.9623431987,40.4250979403,"2984 SIDNEY ST, Pittsburgh, PA 15203-",https://data.wprdc.org/dataset/pli-permits
OLP-2022-05362,pittsburgh,2022-06-10,0,Occupant Load Placard Permit,NEW,false,Completed,-79.9810839492,40.4539430799,"2400 SMALLMAN ST, Pittsburgh, 15222-",https://data.wprdc.org/dataset/pli-permits
SP-2022-12859,pittsburgh,2022-08-22,0,Sign Permit,NEW,false,Completed,-79.9974376407,40.3958558152,"1709 SAW MILL RUN BLVD, Pittsburgh, 15210-",https://data.wprdc.org/dataset/pli-permits
FAS-2024-13252,pittsburgh,2024-11-20,0,Fire Alarm Permit,NEW SYSTEM,false,Completed,-79.9539529342,40.4656559931,"4312 PENN AVE, Pittsburgh, 15224-",https://data.wprdc.org/dataset/pli-permits
EP-2021-20301,pittsburgh,2021-12-28,0,ELECTRICAL,NEW CONSTRUCTION,true,Completed,-79.8964232288,40.4524166295,"7317 FINANCE ST, Pittsburgh, 15208-",https://data.wprdc.org/dataset/pli-permits
SP-2023-02572,pittsburgh,2023-04-12,0,Sign Permit,NEW,false,Completed,-80.0026497797,40.4423735289,"536 PENN AVE, Pittsburgh, PA 15222-",https://data.wprdc.org/dataset/pli-permits
SSP-2022-08137,pittsburgh,2022-07-05,0,Suppression System Permit,NEW SYSTEM,false,Completed,-79.9582172314,40.4410240515,"3609 FORBES AVE #506, Pittsburgh, PA 15213-",https://data.wprdc.org/dataset/pli-permits
SSP-2020-07501,pittsburgh,2021-06-10,0,Suppression System Permit,NEW SYSTEM,false,Completed,-79.9718808362,40.4423839981,No primary address specified,https://data.wprdc.org/dataset/pli-permits
MP-2021-17383,pittsburgh,2021-12-03,0,MECHANICAL,NEW CONSTRUCTION,false,Completed,-80.0234379644,40.4594777166,"1144 KIRKBRIDE ST #411, Pittsburgh, PA 15212-",https://data.wprdc.org/dataset/pli-permits
SP-2021-01465,pittsburgh,2021-02-15,0,Sign Permit,NEW,false,Expired,-79.9569595479,40.4412904222,"3714 FORBES AVE, Pittsburgh, PA 15213-",https://data.wprdc.org/dataset/pli-permits
EP-2022-05817,pittsburgh,2022-04-20,0,ELECTRICAL,NEW CONSTRUCTION,true,Completed,-80.0099155839,40.4581871811,"1511 ARCH ST, Pittsburgh, PA 15212-",https://data.wprdc.org/dataset/pli-permits
OLP-2021-07533,pittsburgh,2021-05-27,0,Occupant Load Placard Permit,NEW,false,Completed,-79.9796122559,40.4549553695,"2552 SMALLMAN ST, Pittsburgh, PA 15222-",https://data.wprdc.org/dataset/pli-permits
EP-2023-03816,pittsburgh,2023-03-21,0,ELECTRICAL,NEW CONSTRUCTION,true,Completed,-80.0794308566,40.4498994083,"104 CEDARWOOD PL, Pittsburgh, PA 15205-",https://data.wprdc.org/dataset/pli-permits
FAS-2023-09914,pittsburgh,2023-08-10,0,Fire Alarm Permit,NEW SYSTEM,false,Completed,-79.8928229029,40.4871226119,"843 FREEPORT RD, Pittsburgh, 15238-",https://data.wprdc.org/dataset/pli-permits
BP-2021-01259,pittsburgh,2021-06-01,0,BUILDING,NEW CONSTRUCTION,true,Issued,-80.0146491102,40.4287004862,"476 GRACE ST, Pittsburgh, PA 15211-",https://data.wprdc.org/dataset/pli-permits
EP-2021-01271,pittsburgh,2021-01-27,0,ELECTRICAL,NEW CONSTRUCTION,true,Expired,-79.9485660788,40.4816788165,No primary address specified,https://data.wprdc.org/dataset/pli-permits
MP-2023-17186,pittsburgh,2023-10-13,0,MECHANICAL,NEW CONSTRUCTION,true,Completed,-79.9773291345,40.4439563935,"2117 ROSE ST, Pittsburgh, PA 15219-",https://data.wprdc.org/dataset/pli-permits
MP-2019-08905,pittsburgh,2020-01-10,0,MECHANICAL,NEW CONSTRUCTION,false,Completed,-79.9261975894,40.4641197705,"5809 HARVARD ST #303, Pittsburgh, PA 15206-",https://data.wprdc.org/dataset/pli-permits
EP-2023-03938,pittsburgh,2023-03-14,0,ELECTRICAL,NEW CONSTRUCTION,true,Completed,-80.0794308566,40.4498994083,"104 CEDARWOOD PL, Pittsburgh, PA 15205-",https://data.wprdc.org/dataset/pli-permits
BP-2021-09191,pittsburgh,2021-08-17,0,BUILDING,NEW CONSTRUCTION,false,Completed,-79.9418489039,40.4347042792,"4620 FREW ST, Pittsburgh, PA 15207-",https://data.wprdc.org/dataset/pli-permits
EP-2024-13217,pittsburgh,2024-10-31,0,ELECTRICAL,NEW CONSTRUCTION,true,Completed,-79.9933875273,40.4229774226,"807 EXCELSIOR ST, Pittsburgh, PA 15210-",https://data.wprdc.org/dataset/pli-permits
EP-2024-10998,pittsburgh,2024-09-19,0,ELECTRICAL,NEW CONSTRUCTION,false,Completed,-79.9863619454,40.4492489145,"1636 PENN AVE, Pittsburgh, PA 15222-",https://data.wprdc.org/dataset/pli-permits
MP-2022-11185,pittsburgh,2022-08-24,0,MECHANICAL,NEW CONSTRUCTION,true,Completed,-79.9734619324,40.4219547369,"2309 SIERRA ST, Pittsburgh, 15203-",https://data.wprdc.org/dataset/pli-permits
SP-2023-05905,pittsburgh,2023-05-04,0,Sign Permit,NEW,false,Issued,-79.9984614426,40.4536908449,"621 E OHIO ST, Pittsburgh, 15212-",https://data.wprdc.org/dataset/pli-permits
SP-2021-08297,pittsburgh,2021-05-28,0,Sign Permit,NEW,false,Completed,-79.9854076113,40.4509635372,"1800 SMALLMAN ST, Pittsburgh, 15222-",https://data.wprdc.org/dataset/pli-permits
EP-2023-11080,pittsburgh,2023-06-30,0,ELECTRICAL,NEW CONSTRUCTION,true,Completed,-79.9357625287,40.466879813,"5370 ROSETTA ST, Pittsburgh, PA 15224-",https://data.wprdc.org/dataset/pli-permits
BP-2023-10228,pittsburgh,2024-03-25,0,BUILDING,NEW CONSTRUCTION,true,Completed,-79.9819997078,40.4398191177,"1738 REED ST #424, Pittsburgh, PA 15219-",https://data.wprdc.org/dataset/pli-permits
MP-2020-08408,pittsburgh,2020-06-22,0,MECHANICAL,NEW CONSTRUCTION,true,Completed,-80.0255148393,40.4575478583,"1714 FULTON ST, Pittsburgh, 15233-",https://data.wprdc.org/dataset/pli-permits
EP-2022-12177,pittsburgh,2022-08-16,0,ELECTRICAL,NEW CONSTRUCTION,true,Revoked,-79.9282551867,40.4414133789,"1452 WIGHTMAN ST, Pittsburgh, PA 15217-",https://data.wprdc.org/dataset/pli-permits
BP-2023-03322,pittsburgh,2023-05-10,0,BUILDING,NEW CONSTRUCTION,false,Completed,-79.9162070297,40.4562370919,"6501 LIVING PL, Pittsburgh, PA 15206-",https://data.wprdc.org/dataset/pli-permits
BP-2020-15996,pittsburgh,2021-06-25,0,BUILDING,NEW CONSTRUCTION,false,Completed,-80.0120249724,40.4455234046,"419 NORTH SHORE DR, Pittsburgh, PA 15212-",https://data.wprdc.org/dataset/pli-permits
EP-2022-13186,pittsburgh,2022-11-16,0,ELECTRICAL,NEW CONSTRUCTION,false,Completed,-79.9527528068,40.4546339386,"419 MELWOOD AVE #1025, Pittsburgh, PA 15213-",https://data.wprdc.org/dataset/pli-permits
MP-2024-12300,pittsburgh,2024-10-09,0,MECHANICAL,NEW CONSTRUCTION,true,Completed,-79.9915221793,40.4236548512,"904 EUREKA ST, Pittsburgh, PA 15210-",https://data.wprdc.org/dataset/pli-permits
BP-2021-07495,pittsburgh,2022-02-24,0,BUILDING,NEW CONSTRUCTION,false,Completed,-79.9912748545,40.441712114,"626 WASHINGTON PL #2501, Pittsburgh, PA 15219-",https://data.wprdc.org/dataset/pli-permits
BP-2022-10429,pittsburgh,2022-10-10,0,BUILDING,NEW CONSTRUCTION,true,Completed,-79.9082578545,40.4612536812,"546 LINCOLN AVE, Pittsburgh, PA 15206-",https://data.wprdc.org/dataset/pli-permits
EP-2023-09489,pittsburgh,2023-06-06,0,ELECTRICAL,NEW CONSTRUCTION,true,Issued,-79.9298900898,40.4387642274,"5516 AYLESBORO AVE, Pittsburgh, 15217-",https://data.wprdc.org/dataset/pli-permits
FP-2023-04770,pittsburgh,2023-05-22,0,Floodplain Permit,New Construction,false,Issued,-79.9803076315,40.4556956177,"2558 RAILROAD ST #627, Pittsburgh, PA 15222-",https://data.wprdc.org/dataset/pli-permits
FAS-2022-15182,pittsburgh,2022-10-28,0,Fire Alarm Permit,NEW SYSTEM,false,Issued,-79.9504350995,40.4621141108,"4614 LIBERTY AVE, Pittsburgh, 15224-",https://data.wprdc.org/dataset/pli-permits
EP-2020-05701,pittsburgh,2020-05-13,0,ELECTRICAL,NEW CONSTRUCTION,true,Completed,-79.9509403911,40.4777236,"728 52ND ST, Pittsburgh, PA 15201-",https://data.wprdc.org/dataset/pli-permits
FAS-2022-11634,pittsburgh,2022-09-02,0,Fire Alarm Permit,NEW SYSTEM,false,Completed,-80.0033887722,40.4537750878,"745 UNION PL, Pittsburgh, PA 15212-",https://data.wprdc.org/dataset/pli-permits
BP-2024-00729,pittsburgh,2024-12-24,0,BUILDING,NEW CONSTRUCTION,false,Issued,-80.0234356063,40.4402737661,"1605 GRANDVIEW AVE, Pittsburgh, PA 15211-",https://data.wprdc.org/dataset/pli-permits
MP-2024-06824,pittsburgh,2024-05-08,0,MECHANICAL,NEW CONSTRUCTION,true,Completed,-79.981645253,40.4410720618,"1829 REED ST, Pittsburgh, PA 15219-",https://data.wprdc.org/dataset/pli-permits
FAS-2024-03460,pittsburgh,2024-05-13,0,Fire Alarm Permit,NEW SYSTEM,false,Issued,-79.939477797,40.4609961684,"340 S ATLANTIC AVE, Pittsburgh, 15224-",https://data.wprdc.org/dataset/pli-permits
OOP-2021-11788,pittsburgh,2021-08-09,0,Occupancy Only Permit,NEW USE,true,Completed,-79.945003571,40.4645946415,"207 S MILLVALE AVE, Pittsburgh, 15224-",https://data.wprdc.org/dataset/pli-permits
MP-2021-09276,pittsburgh,2022-11-08,0,MECHANICAL,NEW CONSTRUCTION,false,Completed,-79.9373961933,40.4481567579,"5131 5TH AVE, Pittsburgh, PA 15232-",https://data.wprdc.org/dataset/pli-permits
SSP-2021-15419,pittsburgh,2022-04-19,0,Suppression System Permit,NEW SYSTEM,false,Completed,-79.9267939223,40.4616242251,"5900 PENN AVE, Pittsburgh, 15206-",https://data.wprdc.org/dataset/pli-permits
MP-2022-08442,pittsburgh,2023-06-07,0,MECHANICAL,NEW CONSTRUCTION,false,Completed,-79.9114649997,40.4661519408,"624 LARIMER AVE, Pittsburgh, PA 15206-",https://data.wprdc.org/dataset/pli-permits
OOP-2020-06209,pittsburgh,2020-07-21,0,Occupancy Only Permit,NEW USE,false,Completed,-79.9449767695,40.4544257499,"282 MOREWOOD AVE, Pittsburgh, 15213-",https://data.wprdc.org/dataset/pli-permits
OLP-2021-17825,pittsburgh,2022-03-28,0,Occupant Load Placard Permit,NEW,false,Completed,-80.0036660227,40.4511081985,No primary address specified,https://data.wprdc.org/dataset/pli-permits
BP-2021-14634,pittsburgh,2023-03-09,0,BUILDING,NEW CONSTRUCTION,true,Completed,-79.9360459491,40.4665608842,"5347 KINCAID ST, Pittsburgh, 15224-",https://data.wprdc.org/dataset/pli-permits
BP-2022-11051,pittsburgh,2022-09-28,0,BUILDING,NEW CONSTRUCTION,false,Completed,-79.9835922908,40.436106554,"1622 LOCUST ST, Pittsburgh, PA 15219-",https://data.wprdc.org/dataset/pli-permits
SSP-2020-08853,pittsburgh,2020-07-27,0,Suppression System Permit,NEW SYSTEM,false,Completed,-79.895407612,40.4488368125,"7514 THOMAS BLVD, Pittsburgh, PA 15208-",https://data.wprdc.org/dataset/pli-permits
EP-2020-14214,pittsburgh,2020-09-08,0,ELECTRICAL,NEW CONSTRUCTION,true,Completed,-80.0228369611,40.4342454815,"454 SWEETBRIAR ST, Pittsburgh, PA 15211-",https://data.wprdc.org/dataset/pli-permits
BP-2021-02846,pittsburgh,2021-12-06,0,BUILDING,NEW CONSTRUCTION,true,Completed,-79.9491438561,40.481566796,"513 54TH ST, Pittsburgh, PA 15201-",https://data.wprdc.org/dataset/pli-permits
EP-2022-12749,pittsburgh,2022-08-15,0,ELECTRICAL,NEW CONSTRUCTION,true,Completed,-79.9147643054,40.3663667031,"5720 LAUDER ST, Pittsburgh, PA 15207-",https://data.wprdc.org/dataset/pli-permits
MP-2022-09451,pittsburgh,2022-08-22,0,MECHANICAL,NEW CONSTRUCTION,true,Completed,-79.9140598366,40.4746453904,"1206 HEBERTON ST, Pittsburgh, PA 15206-",https://data.wprdc.org/dataset/pli-permits
BP-2023-14245,pittsburgh,2023-09-14,0,BUILDING,NEW CONSTRUCTION,true,Issued,-79.9579457189,40.464033275,"3948 MINTWOOD ST, Pittsburgh, 15224-",https://data.wprdc.org/dataset/pli-permits
BP-2023-19384,pittsburgh,2023-12-01,0,BUILDING,NEW CONSTRUCTION,false,Completed,-79.9518450536,40.4401082078,"371 YARROW Way #2, Pittsburgh, PA 15213-",https://data.wprdc.org/dataset/pli-permits
SSP-2023-00258,pittsburgh,2023-01-24,0,Suppression System Permit,NEW SYSTEM,false,Completed,-79.9414900759,40.413375848,"327 HAZELWOOD AVE #317, Pittsburgh, PA 15207-",https://data.wprdc.org/dataset/pli-permits
SSP-2021-16667,pittsburgh,2021-11-22,0,Suppression System Permit,NEW SYSTEM,false,Issued,-79.8862651311,40.4523554962,"7825 HAMILTON AVE, Pittsburgh, PA 15208-",https://data.wprdc.org/dataset/pli-permits
EP-2020-14916,pittsburgh,2020-09-22,0,ELECTRICAL,NEW CONSTRUCTION,true,Completed,-80.024513657,40.4580101073,"1227 COLUMBUS AVE, Pittsburgh, 15233-",https://data.wprdc.org/dataset/pli-permits
EP-2020-14026,pittsburgh,2020-09-09,0,ELECTRICAL,NEW CONSTRUCTION,true,Completed,-79.9310734887,40.4373849482,"1712 MURDOCH RD, Pittsburgh, PA 15217-",https://data.wprdc.org/dataset/pli-permits
EP-2020-18426,pittsburgh,2020-11-16,0,ELECTRICAL,NEW CONSTRUCTION,true,Completed,-79.9501755412,40.4808499674,"5305 HOLMES ST, Pittsburgh, 15201-",https://data.wprdc.org/dataset/pli-permits
EP-2023-03801,pittsburgh,2023-03-14,0,ELECTRICAL,NEW CONSTRUCTION,true,Completed,-80.0794308566,40.4498994083,"104 CEDARWOOD PL, Pittsburgh, PA 15205-",https://data.wprdc.org/dataset/pli-permits
MP-2023-03860,pittsburgh,2023-06-23,0,MECHANICAL,NEW CONSTRUCTION,false,Completed,-79.9590168681,40.4704397556,"233 43RD ST, Pittsburgh, PA 15201-",https://data.wprdc.org/dataset/pli-permits
MP-2021-07755,pittsburgh,2021-10-04,0,MECHANICAL,NEW CONSTRUCTION,true,Completed,-79.966859087,40.4395077604,"118 BURROWS ST, Pittsburgh, PA 15213-",https://data.wprdc.org/dataset/pli-permits
SSP-2023-04390,pittsburgh,2023-04-17,0,Suppression System Permit,NEW SYSTEM,false,Completed,-79.9397408558,40.4445944176,"5093 FORBES AVE, Pittsburgh, PA 15213-",https://data.wprdc.org/dataset/pli-permits
EP-2023-20209,pittsburgh,2024-02-14,0,ELECTRICAL,NEW CONSTRUCTION,false,Revoked,-80.019096305,40.4903826383,"3929 PERRYSVILLE AVE, Pittsburgh, PA 15214-",https://data.wprdc.org/dataset/pli-permits
EP-2024-10090,pittsburgh,2024-10-04,0,ELECTRICAL,NEW CONSTRUCTION,false,Completed,-79.9531533024,40.4820317757,"5275 BUTLER ST #690, Pittsburgh, PA 15201-",https://data.wprdc.org/dataset/pli-permits
BP-2023-08339,pittsburgh,2023-06-02,0,BUILDING,NEW CONSTRUCTION,true,Issued,-79.9324658857,40.4355848321,"5420 DARLINGTON RD, Pittsburgh, PA 15217-",https://data.wprdc.org/dataset/pli-permits
OLP-2023-09322,pittsburgh,2023-06-13,0,Occupant Load Placard Permit,NEW,false,Completed,-79.9512168605,40.4499547085,"201 N CRAIG ST, Pittsburgh, 15213-",https://data.wprdc.org/dataset/pli-permits
SP-2021-20692,pittsburgh,2022-01-24,0,Sign Permit,NEW,false,Issued,-79.9619118319,40.440755797,"3459 5TH AVE #N709, Pittsburgh, PA 15213-",https://data.wprdc.org/dataset/pli-permits
SP-2019-01087,pittsburgh,2020-06-02,0,Sign Permit,NEW,false,Completed,-79.9252426905,40.4631183454,"211 N WHITFIELD ST, Pittsburgh, PA 15206-",https://data.wprdc.org/dataset/pli-permits
EP-2024-00421,pittsburgh,2024-01-17,0,ELECTRICAL,NEW CONSTRUCTION,true,Completed,-79.9354333058,40.466798998,"236 ELORA Way, Pittsburgh, PA 15224-",https://data.wprdc.org/dataset/pli-permits
FAS-2024-03800,pittsburgh,2024-03-12,0,Fire Alarm Permit,NEW SYSTEM,false,Completed,-79.9231934238,40.460015708,"6226 PENN AVE, Pittsburgh, PA 15206-",https://data.wprdc.org/dataset/pli-permits
MP-2023-14635,pittsburgh,2023-10-09,0,MECHANICAL,NEW CONSTRUCTION,true,Issued,-80.0179227059,40.436610456,"129 MERIDAN ST, Pittsburgh, PA 15211-",https://data.wprdc.org/dataset/pli-permits
SP-2023-02429,pittsburgh,2023-03-10,0,Sign Permit,NEW,false,Completed,-79.8968106053,40.4552724762,"622 N HOMEWOOD AVE, Pittsburgh, PA 15208-",https://data.wprdc.org/dataset/pli-permits
BP-2020-01920,pittsburgh,2020-06-10,0,BUILDING,NEW CONSTRUCTION,false,Completed,-79.9617216464,40.4310612357,"350 TECHNOLOGY DR #611, Pittsburgh, PA 15219-",https://data.wprdc.org/dataset/pli-permits
SP-2023-14818,pittsburgh,2023-11-21,0,Sign Permit,NEW,false,Issued,-80.0856547315,40.4497904301,"MAZETTE RD, Pittsburgh, PA 15205-",https://data.wprdc.org/dataset/pli-permits
EP-2019-10865,pittsburgh,2020-05-20,0,ELECTRICAL,NEW CONSTRUCTION,false,Completed,-80.0869698352,40.4432092565,"519 NAPOR BLVD, Pittsburgh, PA 15205-",https://data.wprdc.org/dataset/pli-permits
EP-2023-20843,pittsburgh,2024-01-12,0,ELECTRICAL,NEW CONSTRUCTION,true,Completed,-79.9163011432,40.366094538,"1130 STOCK ST, Pittsburgh, 15207-",https://data.wprdc.org/dataset/pli-permits
MP-2020-20108,pittsburgh,2021-01-07,0,MECHANICAL,NEW CONSTRUCTION,true,Completed,-79.9604993778,40.4743073732,"143 46TH ST, Pittsburgh, PA 15201-",https://data.wprdc.org/dataset/pli-permits
EP-2023-14856,pittsburgh,2024-01-10,0,ELECTRICAL,NEW CONSTRUCTION,false,Completed,-79.9497324139,40.4187777568,"85 Beehive ST, Pittsburgh, PA 15207-",https://data.wprdc.org/dataset/pli-permits
EP-2023-01224,pittsburgh,2023-07-14,0,ELECTRICAL,NEW CONSTRUCTION,false,Completed,-79.9903585214,40.4486022823,"1447 SMALLMAN ST, Pittsburgh, PA 15222-",https://data.wprdc.org/dataset/pli-permits
BP-2022-01107,pittsburgh,2022-06-06,0,BUILDING,NEW CONSTRUCTION,false,Completed,-79.9590168681,40.4704397556,"233 43RD ST, Pittsburgh, PA 15201-",https://data.wprdc.org/dataset/pli-permits
MP-2023-02706,pittsburgh,2023-03-10,0,MECHANICAL,NEW CONSTRUCTION,true,Completed,-79.9637811413,40.466180676,"224 38TH ST, Pittsburgh, PA 15201-",https://data.wprdc.org/dataset/pli-permits
SP-2020-14927,pittsburgh,2021-08-04,0,Sign Permit,NEW,false,Completed,-80.0295440081,40.4739471404,"3113 BRIGHTON RD, Pittsburgh, 15212-",https://data.wprdc.org/dataset/pli-permits
SP-2022-19517,pittsburgh,2023-01-20,0,Sign Permit,NEW,false,Completed,-79.9651927145,40.4261794565,"2835 E CARSON ST #300, Pittsburgh, PA 15203-",https://data.wprdc.org/dataset/pli-permits
EP-2022-08543,pittsburgh,2022-06-07,0,ELECTRICAL,NEW CONSTRUCTION,true,Completed,-79.9600963601,40.4742352279,"4615 PLUMMER ST, Pittsburgh, 15201-",https://data.wprdc.org/dataset/pli-permits
BP-2024-04308,pittsburgh,2024-06-03,0,BUILDING,NEW CONSTRUCTION,false,Issued,-79.9040210189,40.4320140141,"6579 ENGLISH LN, Pittsburgh, PA 15217-",https://data.wprdc.org/dataset/pli-permits
FAS-2020-06103,pittsburgh,2020-06-25,0,Fire Alarm Permit,NEW SYSTEM,false,Completed,-79.9520672244,40.4826466168,"5321 BUTLER ST, Pittsburgh, PA 15201-",https://data.wprdc.org/dataset/pli-permits
MP-2022-00353,pittsburgh,2022-02-02,0,MECHANICAL,NEW CONSTRUCTION,true,Completed,-79.9590181417,40.4737018101,"186 HOME ST, Pittsburgh, PA 15201-",https://data.wprdc.org/dataset/pli-permits
MP-2022-08302,pittsburgh,2022-06-07,0,MECHANICAL,NEW CONSTRUCTION,true,Issued,-79.8994877214,40.4221579924,"236 WHIPPLE ST, Pittsburgh, 15218-",https://data.wprdc.org/dataset/pli-permits
SP-2022-04328,pittsburgh,2022-05-23,0,Sign Permit,NEW,false,Completed,-79.9977672045,40.4579617012,"1212 MADISON AVE, Pittsburgh, 15212-",https://data.wprdc.org/dataset/pli-permits
OOP-2022-07913,pittsburgh,2022-06-14,0,Occupancy Only Permit,NEW USE,false,Completed,-79.9601152972,40.4715094948,"4327 BUTLER ST, Pittsburgh, PA 15201-",https://data.wprdc.org/dataset/pli-permits
SSP-2021-14806,pittsburgh,2021-09-27,0,Suppression System Permit,NEW SYSTEM,false,Completed,-79.9771668661,40.4288254958,"2009 E CARSON ST, Pittsburgh, PA 15203-",https://data.wprdc.org/dataset/pli-permits
MP-2021-13363,pittsburgh,2021-08-12,0,MECHANICAL,NEW CONSTRUCTION,true,Completed,-79.8916881643,40.4516137041,"516 N BRADDOCK AVE, Pittsburgh, PA 15208-",https://data.wprdc.org/dataset/pli-permits
MP-2021-12480,pittsburgh,2021-07-28,0,MECHANICAL,NEW CONSTRUCTION,true,Completed,-80.0110509435,40.4614335762,"1818 UNIVERSITY AVE, Pittsburgh, PA 15214-",https://data.wprdc.org/dataset/pli-permits
MP-2021-12145,pittsburgh,2021-08-27,0,MECHANICAL,NEW CONSTRUCTION,true,Completed,-79.9835428455,40.4468419873,"1870 CLIFF ST, Pittsburgh, PA 15219-",https://data.wprdc.org/dataset/pli-permits
EP-2023-02683,pittsburgh,2023-03-07,0,ELECTRICAL,NEW CONSTRUCTION,true,Completed,-80.0794308566,40.4498994083,"104 CEDARWOOD PL, Pittsburgh, PA 15205-",https://data.wprdc.org/dataset/pli-permits
SP-2024-11362,pittsburgh,2024-08-23,0,Sign Permit,NEW,false,Completed,-79.994859348,40.4413703466,"600 GRANT ST #5382, Pittsburgh, PA 15219-",https://data.wprdc.org/dataset/pli-permits
EP-2023-01082,pittsburgh,2023-03-01,0,ELECTRICAL,NEW CONSTRUCTION,false,Completed,-79.9275121138,40.4620321579,"5836 PENN AVE, Pittsburgh, PA 15206-",https://data.wprdc.org/dataset/pli-permits
BDA-2024-01734,pittsburgh,2024-09-05,0,Building & Development Application,New Construction,true,Issued,-79.9932803187,40.4600276598,"1102 SPRING GARDEN AVE, Pittsburgh, PA 15212-",https://data.wprdc.org/dataset/pli-permits
BP-2024-01883,pittsburgh,2024-03-20,0,BUILDING,NEW CONSTRUCTION,false,Completed,-80.0093046886,40.4460312776,"271 NORTH SHORE DR #700, Pittsburgh, PA 15212-",https://data.wprdc.org/dataset/pli-permits
EP-2023-03851,pittsburgh,2023-03-14,0,ELECTRICAL,NEW CONSTRUCTION,true,Completed,-80.0794308566,40.4498994083,"104 CEDARWOOD PL, Pittsburgh, PA 15205-",https://data.wprdc.org/dataset/pli-permits
SP-2022-04119,pittsburgh,2022-04-01,0,Sign Permit,NEW,false,Issued,-79.9254395684,40.4585300249,"214 S HIGHLAND AVE #P, Pittsburgh, PA 15206-",https://data.wprdc.org/dataset/pli-permits
OLP-2024-01560,pittsburgh,2024-12-11,0,Occupant Load Placard Permit,NEW,false,Issued,-79.9275845482,40.4633797899,"161 N EUCLID AVE, Pittsburgh, 15206-",https://data.wprdc.org/dataset/pli-permits
OOP-2020-03591,pittsburgh,2020-05-29,0,Occupancy Only Permit,NEW USE,false,Completed,-79.9682353549,40.4632063564,"3400 SMALLMAN ST, Pittsburgh, 15201-",https://data.wprdc.org/dataset/pli-permits
BP-2020-01658,pittsburgh,2020-05-11,0,BUILDING,NEW CONSTRUCTION,false,Completed,-79.9617216464,40.4310612357,"350 TECHNOLOGY DR #611, Pittsburgh, PA 15219-",https://data.wprdc.org/dataset/pli-permits
MP-2020-11982,pittsburgh,2020-09-03,0,MECHANICAL,NEW CONSTRUCTION,true,Expired,-80.0113734982,40.4565519903,"403 N TAYLOR AVE, Pittsburgh, 15212-",https://data.wprdc.org/dataset/pli-permits
OOP-2022-07938,pittsburgh,2022-10-06,0,Occupancy Only Permit,NEW USE,true,Completed,-80.0532355587,40.4569477427,"3013 GLEN MAWR ST, Pittsburgh, PA 15204-",https://data.wprdc.org/dataset/pli-permits
BP-2020-06245,pittsburgh,2020-06-03,0,BUILDING,NEW CONSTRUCTION,true,Completed,-80.025486432,40.4574549621,"1708 FULTON ST, Pittsburgh, 15233-",https://data.wprdc.org/dataset/pli-permits
SSP-2020-02657,pittsburgh,2020-05-07,0,Suppression System Permit,NEW SYSTEM,false,Completed,-79.9261975894,40.4641197705,"5809 HARVARD ST #303, Pittsburgh, PA 15206-",https://data.wprdc.org/dataset/pli-permits
EP-2021-05995,pittsburgh,2021-04-16,0,ELECTRICAL,NEW CONSTRUCTION,true,Completed,-79.9193800261,40.4557546882,"313 DENNISTON ST, Pittsburgh, PA 15206-",https://data.wprdc.org/dataset/pli-permits
MP-2023-20611,pittsburgh,2023-12-27,0,MECHANICAL,NEW CONSTRUCTION,true,Completed,-80.0075456422,40.4661539472,No primary address specified,https://data.wprdc.org/dataset/pli-permits
FAS-2023-21152,pittsburgh,2024-04-30,0,Fire Alarm Permit,NEW SYSTEM,false,Completed,-79.9311282862,40.4518302716,"800 S NEGLEY AVE #19, Pittsburgh, PA 15232-",https://data.wprdc.org/dataset/pli-permits
BP-2020-17992,pittsburgh,2021-02-25,0,BUILDING,NEW CONSTRUCTION,false,Completed,-79.9872587236,40.4496848497,"1644 SMALLMAN ST, Pittsburgh, PA 15222-",https://data.wprdc.org/dataset/pli-permits
OLP-2021-03508,pittsburgh,2021-03-18,0,Occupant Load Placard Permit,NEW,false,Completed,-80.0002083743,40.4426125081,"643 LIBERTY AVE #1800, Pittsburgh, PA 15222-",https://data.wprdc.org/dataset/pli-permits
SSP-2022-13529,pittsburgh,2023-01-10,0,Suppression System Permit,NEW SYSTEM,false,Completed,-79.9903585214,40.4486022823,"1447 SMALLMAN ST, Pittsburgh, PA 15222-",https://data.wprdc.org/dataset/pli-permits
OLP-2022-02292,pittsburgh,2022-02-25,0,Occupant Load Placard Permit,NEW,false,Completed,-79.997857246,40.4391499632,"429 FORBES AVE #1002, Pittsburgh, PA 15219-",https://data.wprdc.org/dataset/pli-permits
FAS-2020-15688,pittsburgh,2020-11-03,0,Fire Alarm Permit,NEW SYSTEM,false,Completed,-79.9822528812,40.429054605,"1607 E CARSON ST #409, Pittsburgh, PA 15203-",https://data.wprdc.org/dataset/pli-permits
FAS-2024-07626,pittsburgh,2024-06-14,0,Fire Alarm Permit,NEW SYSTEM,false,Completed,-79.9179362353,40.4849621069,"201 SHELTER HOUSE RD, Pittsburgh, PA 15206-",https://data.wprdc.org/dataset/pli-permits
SSP-2023-04299,pittsburgh,2024-02-20,0,Suppression System Permit,NEW SYSTEM,false,Completed,-79.962266529,40.4386625166,"3368 5TH AVE #102, Pittsburgh, PA 15213-",https://data.wprdc.org/dataset/pli-permits
EP-2020-14613,pittsburgh,2021-02-04,0,ELECTRICAL,NEW CONSTRUCTION,false,Completed,-80.0139533372,40.4506632114,"808 RIDGE AVE, Pittsburgh, PA 15212-",https://data.wprdc.org/dataset/pli-permits
OLP-2022-00843,pittsburgh,2022-01-25,0,Occupant Load Placard Permit,NEW,false,Completed,-79.9648273521,40.4276700429,"425 CINEMA DR #201, Pittsburgh, PA 15203-",https://data.wprdc.org/dataset/pli-permits
FAS-2024-13337,pittsburgh,2024-12-20,0,Fire Alarm Permit,NEW SYSTEM,false,Completed,-79.8896565204,40.4902941233,"900 FREEPORT RD, Pittsburgh, PA 15238-",https://data.wprdc.org/dataset/pli-permits
MP-2022-19874,pittsburgh,2023-01-04,0,MECHANICAL,NEW CONSTRUCTION,true,Completed,-80.0311243027,40.4777876413,"3344 BRIGHTON RD, Pittsburgh, 15212-",https://data.wprdc.org/dataset/pli-permits
MP-2023-12723,pittsburgh,2023-08-14,0,MECHANICAL,NEW CONSTRUCTION,true,Completed,-79.9271237565,40.4721808354,"5523 STANTON AVE, Pittsburgh, 15206-",https://data.wprdc.org/dataset/pli-permits
EP-2022-14316,pittsburgh,2022-09-15,0,ELECTRICAL,NEW CONSTRUCTION,true,Completed,-79.962341723,40.462680187,"502 37TH ST, Pittsburgh, PA 15201-",https://data.wprdc.org/dataset/pli-permits
OOP-2022-10346,pittsburgh,2022-12-09,0,Occupancy Only Permit,NEW USE,false,Completed,-79.9959860571,40.4509254966,"215 MADISON AVE, Pittsburgh, PA 15212-",https://data.wprdc.org/dataset/pli-permits
SP-2023-07169,pittsburgh,2023-06-12,0,Sign Permit,NEW,false,Issued,-79.9822528812,40.429054605,"1607 E CARSON ST #409, Pittsburgh, PA 15203-",https://data.wprdc.org/dataset/pli-permits
OOP-2021-00875,pittsburgh,2021-02-02,0,Occupancy Only Permit,NEW USE,true,Completed,-80.0282181542,40.4124828877,"1333 GOLDSTROM AVE, Pittsburgh, 15216-",https://data.wprdc.org/dataset/pli-permits
BP-2020-01125,pittsburgh,2020-07-15,0,BUILDING,NEW CONSTRUCTION,true,Issued,-80.0197836159,40.4387700516,"1318 GRANDVIEW AVE, Pittsburgh, PA 15211",https://data.wprdc.org/dataset/pli-permits
FAS-2020-18271,pittsburgh,2021-03-10,0,Fire Alarm Permit,NEW SYSTEM,false,Completed,-80.0305037658,40.4044540904,"2118 BROADWAY AVE, Pittsburgh, 15216-",https://data.wprdc.org/dataset/pli-permits
OLP-2022-02546,pittsburgh,2022-02-23,0,Occupant Load Placard Permit,NEW,false,Completed,-80.0192879747,40.4381168713,"1225 GRANDVIEW AVE, Pittsburgh, PA 15211-",https://data.wprdc.org/dataset/pli-permits
OLP-2021-01070,pittsburgh,2021-03-10,0,Occupant Load Placard Permit,NEW,false,Completed,-80.0014129584,40.4396046613,"405 WOOD ST, Pittsburgh, PA 15222-",https://data.wprdc.org/dataset/pli-permits
EP-2020-00076,pittsburgh,2020-02-04,0,ELECTRICAL,NEW CONSTRUCTION,true,Completed,-79.9866335674,40.4516096054,"1758 WATERFRONT PL, Pittsburgh, PA 15222-",https://data.wprdc.org/dataset/pli-permits
OLP-2021-12339,pittsburgh,2021-07-28,0,Occupant Load Placard Permit,NEW,false,Completed,-79.9251583713,40.4619291426,"5935 PENN AVE #610, Pittsburgh, PA 15206-",https://data.wprdc.org/dataset/pli-permits
EP-2024-09814,pittsburgh,2024-06-27,0,ELECTRICAL,NEW CONSTRUCTION,true,Completed,-79.9819997078,40.4398191177,"1738 REED ST #424, Pittsburgh, PA 15219-",https://data.wprdc.org/dataset/pli-permits
BP-2023-12998,pittsburgh,2024-01-26,0,BUILDING,NEW CONSTRUCTION,false,Completed,-79.9525999311,40.4513898314,"4500 CENTRE AVE #1019, Pittsburgh, PA 15213-",https://data.wprdc.org/dataset/pli-permits
BP-2023-14176,pittsburgh,2024-03-25,0,BUILDING,NEW CONSTRUCTION,true,Completed,-79.981645253,40.4410720618,"1829 REED ST, Pittsburgh, PA 15219-",https://data.wprdc.org/dataset/pli-permits
MP-2022-16287,pittsburgh,2023-04-06,0,MECHANICAL,NEW CONSTRUCTION,true,Issued,-80.0184471363,40.4527504125,"936 BEECH AVE, Pittsburgh, 15233-",https://data.wprdc.org/dataset/pli-permits
FAS-2020-11161,pittsburgh,2020-10-13,0,Fire Alarm Permit,NEW SYSTEM,false,Completed,-79.9904302653,40.4292169011,"44 S 9TH ST, Pittsburgh, 15203-",https://data.wprdc.org/dataset/pli-permits
SP-2024-12380,pittsburgh,2024-12-04,0,Sign Permit,NEW,false,Completed,-80.0523181745,40.4310174707,"2103 NOBLESTOWN RD, Pittsburgh, PA 15205-",https://data.wprdc.org/dataset/pli-permits
SSP-2021-14085,pittsburgh,2021-10-01,0,Suppression System Permit,NEW SYSTEM,false,Completed,-79.94390358,40.4417684612,"4927 MARGARET MORRISON ST, Pittsburgh, PA 15213-",https://data.wprdc.org/dataset/pli-permits
SP-2020-06471,pittsburgh,2020-06-04,0,Sign Permit,NEW,false,Completed,-79.8855366174,40.4881115057,"1039 FREEPORT RD, Pittsburgh, PA 15238-",https://data.wprdc.org/dataset/pli-permits
MP-2020-15459,pittsburgh,2020-10-07,0,MECHANICAL,NEW CONSTRUCTION,true,Completed,-79.9304397698,40.4877551335,"6512 ADELPHIA ST, Pittsburgh, PA 15206-",https://data.wprdc.org/dataset/pli-permits
SSP-2022-16446,pittsburgh,2022-11-07,0,Suppression System Permit,NEW SYSTEM,false,Completed,-80.007112067,40.4559276701,"1201 FEDERAL ST #204, Pittsburgh, PA 15212-",https://data.wprdc.org/dataset/pli-permits
OLP-2022-14450,pittsburgh,2022-10-05,0,Occupant Load Placard Permit,NEW,false,Completed,-79.9936400643,40.4375457937,"600 FORBES AVE, Pittsburgh, PA 15282-",https://data.wprdc.org/dataset/pli-permits
BP-2020-01646,pittsburgh,2020-08-20,0,BUILDING,NEW CONSTRUCTION,false,Completed,-79.962266529,40.4386625166,"3368 5TH AVE #102, Pittsburgh, PA 15213-",https://data.wprdc.org/dataset/pli-permits
BP-2021-03981,pittsburgh,2021-12-06,0,BUILDING,NEW CONSTRUCTION,true,Completed,-79.9490430905,40.4815042604,"519 54TH ST, Pittsburgh, 15201-",https://data.wprdc.org/dataset/pli-permits
EP-2024-09244,pittsburgh,2024-08-07,0,ELECTRICAL,NEW CONSTRUCTION,false,Completed,-80.0184547241,40.4603235851,"1901 BRIGHTON RD, Pittsburgh, 15212-",https://data.wprdc.org/dataset/pli-permits
SP-2021-09287,pittsburgh,2021-08-27,0,Sign Permit,NEW,false,Completed,-79.9458306973,40.4476132808,"4735 5TH AVE, Pittsburgh, PA 15213-",https://data.wprdc.org/dataset/pli-permits
EP-2020-07222,pittsburgh,2020-06-03,0,ELECTRICAL,NEW CONSTRUCTION,true,Completed,-79.9502575613,40.4840775502,"139 55TH ST, Pittsburgh, PA 15201-",https://data.wprdc.org/dataset/pli-permits
MP-2024-06644,pittsburgh,2024-05-03,0,MECHANICAL,NEW CONSTRUCTION,true,Completed,-79.9819997078,40.4398191177,"1738 REED ST #424, Pittsburgh, PA 15219-",https://data.wprdc.org/dataset/pli-permits
BP-2023-10581,pittsburgh,2023-10-17,0,BUILDING,NEW CONSTRUCTION,false,Completed,-80.0003302639,40.4537870139,"510 E OHIO ST, Pittsburgh, PA 15212-",https://data.wprdc.org/dataset/pli-permits
MP-2021-04023,pittsburgh,2021-08-25,0,MECHANICAL,NEW CONSTRUCTION,false,Completed,-80.0156799546,40.457830042,"1534 BRIGHTON RD, Pittsburgh, 15212-",https://data.wprdc.org/dataset/pli-permits
OLP-2019-11045,pittsburgh,2020-01-03,0,Occupant Load Placard Permit,NEW,false,Completed,-79.9409082948,40.4888682443,"32 62ND ST, Pittsburgh, PA 15201-",https://data.wprdc.org/dataset/pli-permits
SP-2020-07940,pittsburgh,2020-11-23,0,Sign Permit,NEW,false,Completed,-80.0125329969,40.447583445,"792 W GENERAL ROBINSON ST, Pittsburgh, PA 15212-",https://data.wprdc.org/dataset/pli-permits
EP-2021-12359,pittsburgh,2021-09-16,0,ELECTRICAL,NEW CONSTRUCTION,true,Completed,-80.0114454298,40.4592674808,"240 E JEFFERSON ST, Pittsburgh, PA 15212-",https://data.wprdc.org/dataset/pli-permits
SP-2024-02851,pittsburgh,2024-05-21,0,Sign Permit,NEW,false,Issued,-79.9948425608,40.439597754,"500 ROSS ST, Pittsburgh, 15219-",https://data.wprdc.org/dataset/pli-permits
SP-2022-08909,pittsburgh,2022-09-02,0,Sign Permit,NEW,false,Issued,-79.9561982553,40.478334034,"5013 BUTLER ST, Pittsburgh, 15201-",https://data.wprdc.org/dataset/pli-permits
SSP-2020-20439,pittsburgh,2021-02-05,0,Suppression System Permit,NEW SYSTEM,false,Completed,-80.0298169822,40.4513163888,"1729 W NORTH AVE, Pittsburgh, PA 15233-",https://data.wprdc.org/dataset/pli-permits
BP-2020-19521,pittsburgh,2021-05-18,0,BUILDING,NEW CONSTRUCTION,false,Applicant Revisions,-79.9388091087,40.4605737664,No primary address specified,https://data.wprdc.org/dataset/pli-permits
MP-2024-12367,pittsburgh,2024-12-20,0,MECHANICAL,NEW CONSTRUCTION,false,Completed,-80.0184547241,40.4603235851,"1901 BRIGHTON RD, Pittsburgh, 15212-",https://data.wprdc.org/dataset/pli-permits
SSP-2024-11001,pittsburgh,2024-08-26,0,Suppression System Permit,NEW SYSTEM,false,Completed,-80.0249774821,40.3961425241,"2616 SHAWHAN AVE, Pittsburgh, 15226-",https://data.wprdc.org/dataset/pli-permits
SSP-2023-07293,pittsburgh,2023-06-09,0,Suppression System Permit,NEW SYSTEM,false,Completed,-79.9469985539,40.4537325497,"4815 CENTRE AVE #107, Pittsburgh, PA 15213-",https://data.wprdc.org/dataset/pli-permits
MP-2019-05406,pittsburgh,2020-04-13,0,MECHANICAL,NEW CONSTRUCTION,false,Completed,-79.9962833318,40.4510221241,"234 VOEGHTLY ST, Pittsburgh, PA 15212-",https://data.wprdc.org/dataset/pli-permits
MP-2023-11973,pittsburgh,2024-02-06,0,MECHANICAL,NEW CONSTRUCTION,true,Completed,-79.9345821032,40.4682224942,"429 N AIKEN AVE, Pittsburgh, PA 15206-",https://data.wprdc.org/dataset/pli-permits
BP-2019-05700,pittsburgh,2020-05-20,0,BUILDING,NEW CONSTRUCTION,false,Completed,-80.0869698352,40.4432092565,"519 NAPOR BLVD, Pittsburgh, PA 15205-",https://data.wprdc.org/dataset/pli-permits
SP-2023-15975,pittsburgh,2023-11-06,0,Sign Permit,NEW,false,Issued,-79.9889541989,40.4375778879,"1102 FORBES AVE, Pittsburgh, PA 15282-",https://data.wprdc.org/dataset/pli-permits
FAS-2022-08675,pittsburgh,2022-09-08,0,Fire Alarm Permit,NEW SYSTEM,false,Completed,-79.9231934238,40.460015708,"6226 PENN AVE, Pittsburgh, PA 15206-",https://data.wprdc.org/dataset/pli-permits
EP-2023-05445,pittsburgh,2023-09-14,0,ELECTRICAL,NEW CONSTRUCTION,false,Completed,-79.9231934238,40.460015708,"6226 PENN AVE, Pittsburgh, PA 15206-",https://data.wprdc.org/dataset/pli-permits
BP-2020-01919,pittsburgh,2020-06-12,0,BUILDING,NEW CONSTRUCTION,true,Completed,-79.9552373072,40.4782432764,"5114 STANTON AVE, Pittsburgh, PA 15201-",https://data.wprdc.org/dataset/pli-permits
SSP-2022-06144,pittsburgh,2024-02-20,0,Suppression System Permit,NEW SYSTEM,false,Completed,-80.0430510996,40.4748309616,"3300 PREBLE AVE #420, Pittsburgh, PA 15233-",https://data.wprdc.org/dataset/pli-permits
MP-2021-20874,pittsburgh,2022-01-10,0,MECHANICAL,NEW CONSTRUCTION,true,Issued,-79.9622181095,40.4696489139,"4023 EDEN Way, Pittsburgh, 15201-",https://data.wprdc.org/dataset/pli-permits
SP-2022-05502,pittsburgh,2022-05-13,0,Sign Permit,NEW,false,Issued,-79.964597393,40.4668584018,"3725 BUTLER ST, Pittsburgh, PA 15201",https://data.wprdc.org/dataset/pli-permits
BP-2022-11365,pittsburgh,2022-09-16,0,BUILDING,NEW CONSTRUCTION,true,Completed,-79.9165749057,40.4651236861,"37 MAYFLOWER ST, Pittsburgh, PA 15206-",https://data.wprdc.org/dataset/pli-permits
MP-2020-07668,pittsburgh,2020-06-30,0,MECHANICAL,NEW CONSTRUCTION,true,Expired,-79.9646152587,40.4353699488,"210 OPHELIA ST, Pittsburgh, PA 15213-",https://data.wprdc.org/dataset/pli-permits
EP-2024-09810,pittsburgh,2024-07-08,0,ELECTRICAL,NEW CONSTRUCTION,true,Completed,-79.9819997078,40.4398191177,"1738 REED ST #424, Pittsburgh, PA 15219-",https://data.wprdc.org/dataset/pli-permits
SP-2022-06650,pittsburgh,2022-05-13,0,Sign Permit,NEW,false,Completed,-79.9619118319,40.440755797,"3459 5TH AVE #N709, Pittsburgh, PA 15213-",https://data.wprdc.org/dataset/pli-permits
EP-2021-19222,pittsburgh,2021-12-29,0,ELECTRICAL,NEW CONSTRUCTION,false,Completed,-79.9912748545,40.441712114,"626 WASHINGTON PL #2501, Pittsburgh, PA 15219-",https://data.wprdc.org/dataset/pli-permits
SSP-2024-05192,pittsburgh,2024-05-10,0,Suppression System Permit,NEW SYSTEM,false,Issued,-79.970547457,40.4240669098,"2524 JOSEPHINE ST, Pittsburgh, 15203-",https://data.wprdc.org/dataset/pli-permits
SSP-2022-01354,pittsburgh,2022-05-04,0,Suppression System Permit,NEW SYSTEM,false,Completed,-79.9912748545,40.441712114,"626 WASHINGTON PL #2501, Pittsburgh, PA 15219-",https://data.wprdc.org/dataset/pli-permits
BP-2020-16164,pittsburgh,2021-03-03,0,BUILDING,NEW CONSTRUCTION,false,Completed,-79.94390358,40.4417684612,"4927 MARGARET MORRISON ST, Pittsburgh, PA 15213-",https://data.wprdc.org/dataset/pli-permits
EP-2020-20454,pittsburgh,2020-12-17,0,ELECTRICAL,NEW CONSTRUCTION,true,Completed,-80.025858093,40.4361190335,"422 CLARENCE ST, Pittsburgh, PA 15211-",https://data.wprdc.org/dataset/pli-permits
EP-2022-16333,pittsburgh,2022-10-20,0,ELECTRICAL,NEW CONSTRUCTION,true,Revoked,-79.885373944,40.4482633666,"1435 PITT ST, Pittsburgh, 15221-",https://data.wprdc.org/dataset/pli-permits
SSP-2024-08583,pittsburgh,2024-07-11,0,Suppression System Permit,NEW SYSTEM,false,Completed,-79.9213832224,40.437761022,"5840 FORBES AVE, Pittsburgh, 15217-",https://data.wprdc.org/dataset/pli-permits
SP-2022-18762,pittsburgh,2022-12-21,0,Sign Permit,NEW,false,Completed,-79.9267408809,40.4606914088,"5935 BAUM BLVD, Pittsburgh, 15206-",https://data.wprdc.org/dataset/pli-permits
SP-2022-03635,pittsburgh,2022-10-20,0,Sign Permit,NEW,false,Issued,-80.001560198,40.4407843273,"222 5TH AVE #701, Pittsburgh, PA 15222-",https://data.wprdc.org/dataset/pli-permits
MP-2021-01915,pittsburgh,2021-06-25,0,MECHANICAL,NEW CONSTRUCTION,false,Completed,-80.0430510996,40.4748309616,"3300 PREBLE AVE #420, Pittsburgh, PA 15233-",https://data.wprdc.org/dataset/pli-permits
FAS-2022-08807,pittsburgh,2022-10-07,0,Fire Alarm Permit,NEW SYSTEM,false,Completed,-80.0000028071,40.4012303305,"1531 SAW MILL RUN BLVD, Pittsburgh, 15210-",https://data.wprdc.org/dataset/pli-permits
MP-2023-11918,pittsburgh,2024-02-06,0,MECHANICAL,NEW CONSTRUCTION,true,Completed,-79.9346183118,40.4681649562,"425 N AIKEN AVE, Pittsburgh, PA 15206-",https://data.wprdc.org/dataset/pli-permits
MP-2021-08156,pittsburgh,2022-03-11,0,MECHANICAL,NEW CONSTRUCTION,true,Completed,-79.9369158061,40.4397622105,"202 SCHENLEY RD, Pittsburgh, 15217-",https://data.wprdc.org/dataset/pli-permits
SSP-2020-00720,pittsburgh,2020-06-19,0,Suppression System Permit,NEW SYSTEM,false,Completed,-79.9533657652,40.4640528188,"4312 MAIN ST, Pittsburgh, PA 15224-",https://data.wprdc.org/dataset/pli-permits
OLP-2020-09755,pittsburgh,2020-07-06,0,Occupant Load Placard Permit,NEW,false,Completed,-79.910956273,40.4585210253,"131 TORRENS ST, Pittsburgh, PA 15206-",https://data.wprdc.org/dataset/pli-permits
BP-2021-03450,pittsburgh,2022-01-21,0,BUILDING,NEW CONSTRUCTION,false,Completed,-79.9655922462,40.4279562921,"440 CINEMA DR, Pittsburgh, PA 15203-",https://data.wprdc.org/dataset/pli-permits
SSP-2021-11017,pittsburgh,2021-08-20,0,Suppression System Permit,NEW SYSTEM,false,Completed,-79.9584066026,40.4737974363,"4635 BUTLER ST, Pittsburgh, PA 15201-",https://data.wprdc.org/dataset/pli-permits
EP-2024-02469,pittsburgh,2024-12-24,0,ELECTRICAL,NEW CONSTRUCTION,false,Completed,-79.9211060768,40.4587972853,"163 SHADY AVE #114, Pittsburgh, PA 15206-",https://data.wprdc.org/dataset/pli-permits
SP-2020-01291,pittsburgh,2020-08-24,0,Sign Permit,NEW,false,Completed,-80.0227755241,40.4419412429,"1625 W CARSON ST, Pittsburgh, PA 15219-",https://data.wprdc.org/dataset/pli-permits
SSP-2023-02821,pittsburgh,2023-03-01,0,Suppression System Permit,NEW SYSTEM,false,Completed,-79.9802268694,40.4441473484,"2007 CENTRE AVE, Pittsburgh, 15219-",https://data.wprdc.org/dataset/pli-permits
EP-2021-03388,pittsburgh,2021-03-05,0,ELECTRICAL,NEW CONSTRUCTION,true,Completed,-80.0253776732,40.4361235399,"419 CLARENCE ST, Pittsburgh, PA 15211-",https://data.wprdc.org/dataset/pli-permits
OLP-2021-01413,pittsburgh,2021-02-18,0,Occupant Load Placard Permit,NEW,false,Completed,-80.0093046886,40.4460312776,"271 NORTH SHORE DR #700, Pittsburgh, PA 15212-",https://data.wprdc.org/dataset/pli-permits
MP-2022-03227,pittsburgh,2022-06-07,0,MECHANICAL,NEW CONSTRUCTION,true,Completed,-79.9794434537,40.4434443504,"417 GROVE ST, Pittsburgh, 15219-",https://data.wprdc.org/dataset/pli-permits
OLP-2023-06000,pittsburgh,2023-05-05,0,Occupant Load Placard Permit,NEW,false,Completed,-80.0033887722,40.4537750878,"745 UNION PL, Pittsburgh, PA 15212-",https://data.wprdc.org/dataset/pli-permits
EP-2020-05466,pittsburgh,2020-06-11,0,ELECTRICAL,NEW CONSTRUCTION,false,Completed,-79.9262614578,40.4853619795,"1739 CHISLETT ST, Pittsburgh, PA 15206-",https://data.wprdc.org/dataset/pli-permits
FP-2023-08434,pittsburgh,2023-11-06,0,Floodplain Permit,New Construction,false,Issued,-79.9842097179,40.4530446649,"2128 RAILROAD ST, Pittsburgh, PA 15222-",https://data.wprdc.org/dataset/pli-permits
EP-2023-14266,pittsburgh,2023-09-08,0,ELECTRICAL,NEW CONSTRUCTION,true,Completed,-80.0176679943,40.436537543,"126 HALLOCK ST, Pittsburgh, PA 15211-",https://data.wprdc.org/dataset/pli-permits
SSP-2021-13622,pittsburgh,2021-12-16,0,Suppression System Permit,NEW SYSTEM,false,Completed,-79.9605859591,40.4625329419,"3809 LIBERTY AVE #403, Pittsburgh, PA 15201-",https://data.wprdc.org/dataset/pli-permits
SP-2022-05523,pittsburgh,2022-09-13,0,Sign Permit,NEW,false,Completed,-79.8922008885,40.4884285327,"980 FREEPORT RD, Pittsburgh, PA 15238",https://data.wprdc.org/dataset/pli-permits
EP-2023-06259,pittsburgh,2023-06-21,0,ELECTRICAL,NEW CONSTRUCTION,true,Issued,-79.9360459491,40.4665608842,"5347 KINCAID ST, Pittsburgh, 15224-",https://data.wprdc.org/dataset/pli-permits
BP-2024-02954,pittsburgh,2024-04-22,0,BUILDING,NEW CONSTRUCTION,false,Completed,-79.9275565313,40.4621549752,"5818 PENN AVE, Pittsburgh, PA 15206-",https://data.wprdc.org/dataset/pli-permits
MP-2021-06041,pittsburgh,2021-04-15,0,MECHANICAL,NEW CONSTRUCTION,true,Completed,-80.0257573428,40.4362627543,"418 CLARENCE ST, Pittsburgh, PA 15211-",https://data.wprdc.org/dataset/pli-permits
MP-2022-02809,pittsburgh,2022-05-04,0,MECHANICAL,NEW CONSTRUCTION,false,Completed,-79.9133217409,40.4652844329,"116 WINSLOW ST, Pittsburgh, PA 15206-",https://data.wprdc.org/dataset/pli-permits
OLP-2023-21194,pittsburgh,2023-12-28,0,Occupant Load Placard Permit,NEW,false,Completed,-79.9586741342,40.4396582241,"3510 FORBES AVE, Pittsburgh, PA 15213-",https://data.wprdc.org/dataset/pli-permits
SSP-2021-01449,pittsburgh,2021-03-03,0,Suppression System Permit,NEW SYSTEM,false,Completed,-79.964597393,40.4668584018,"3725 BUTLER ST, Pittsburgh, PA 15201",https://data.wprdc.org/dataset/pli-permits
EP-2020-15188,pittsburgh,2020-09-22,0,ELECTRICAL,NEW CONSTRUCTION,true,Completed,-79.9495626968,40.4843246656,"5547 BERLIN Way, Pittsburgh, PA 15201-",https://data.wprdc.org/dataset/pli-permits
OOP-2022-12985,pittsburgh,2022-12-14,0,Occupancy Only Permit,NEW USE,false,Completed,-79.9982472075,40.4412252342,"535 SMITHFIELD ST #300, Pittsburgh, PA 15222-",https://data.wprdc.org/dataset/pli-permits
SSP-2022-01907,pittsburgh,2022-05-04,0,Suppression System Permit,NEW SYSTEM,false,Completed,-79.9133217409,40.4652844329,"116 WINSLOW ST, Pittsburgh, PA 15206-",https://data.wprdc.org/dataset/pli-permits
SSP-2020-04089,pittsburgh,2020-07-28,0,Suppression System Permit,NEW SYSTEM,false,Completed,-79.9418489039,40.4347042792,"4620 FREW ST, Pittsburgh, PA 15207-",https://data.wprdc.org/dataset/pli-permits
EP-2021-03461,pittsburgh,2021-03-17,0,ELECTRICAL,NEW CONSTRUCTION,true,Completed,-79.987247855,40.429866785,"1110 MURIEL ST, Pittsburgh, 15203-",https://data.wprdc.org/dataset/pli-permits
EP-2021-14130,pittsburgh,2021-10-29,0,ELECTRICAL,NEW CONSTRUCTION,false,Issued,-79.94390358,40.4417684612,"4927 MARGARET MORRISON ST, Pittsburgh, PA 15213-",https://data.wprdc.org/dataset/pli-permits
OLP-2024-12150,pittsburgh,2024-12-02,0,Occupant Load Placard Permit,NEW,false,Issued,-79.9165012702,40.4377407417,"1700 BEECHWOOD BLVD, Pittsburgh, PA 15217-",https://data.wprdc.org/dataset/pli-permits
FAS-2023-04504,pittsburgh,2023-04-14,0,Fire Alarm Permit,NEW SYSTEM,false,Completed,-80.0093046886,40.4460312776,"271 NORTH SHORE DR #700, Pittsburgh, PA 15212-",https://data.wprdc.org/dataset/pli-permits
SSP-2022-13112,pittsburgh,2023-02-16,0,Suppression System Permit,NEW SYSTEM,false,Completed,-79.9374952111,40.4574726961,"5425 BAUM BLVD, Pittsburgh, 15232-",https://data.wprdc.org/dataset/pli-permits
FAS-2021-13331,pittsburgh,2021-10-29,0,Fire Alarm Permit,NEW SYSTEM,false,Completed,-79.9296214621,40.4623681682,"141 S SAINT CLAIR ST #601, Pittsburgh, PA 15206-",https://data.wprdc.org/dataset/pli-permits
FAS-2021-13047,pittsburgh,2021-11-24,0,Fire Alarm Permit,NEW SYSTEM,false,Completed,-79.966989898,40.456858644,"3105 BRERETON ST, Pittsburgh, PA 15219-",https://data.wprdc.org/dataset/pli-permits
MP-2022-12600,pittsburgh,2022-08-26,0,MECHANICAL,NEW CONSTRUCTION,true,Completed,-79.9147643054,40.3663667031,"5720 LAUDER ST, Pittsburgh, PA 15207-",https://data.wprdc.org/dataset/pli-permits
EP-2024-13154,pittsburgh,2024-10-31,0,ELECTRICAL,NEW CONSTRUCTION,true,Completed,-79.9838913071,40.4277801237,"1403 SARAH ST #2, Pittsburgh, PA 15203-",https://data.wprdc.org/dataset/pli-permits
EP-2023-10124,pittsburgh,2024-03-05,0,ELECTRICAL,NEW CONSTRUCTION,false,Completed,-79.9211060768,40.4587972853,"163 SHADY AVE #114, Pittsburgh, PA 15206-",https://data.wprdc.org/dataset/pli-permits
EP-2023-03952,pittsburgh,2023-03-14,0,ELECTRICAL,NEW CONSTRUCTION,true,Completed,-80.0794308566,40.4498994083,"104 CEDARWOOD PL, Pittsburgh, PA 15205-",https://data.wprdc.org/dataset/pli-permits
EP-2021-18295,pittsburgh,2022-05-09,0,ELECTRICAL,NEW CONSTRUCTION,false,Completed,-79.9670121915,40.4344006154,"3000 TECHNOLOGY DR, Pittsburgh, PA 15219-",https://data.wprdc.org/dataset/pli-permits
BP-2024-05105,pittsburgh,2024-09-05,0,BUILDING,NEW CONSTRUCTION,false,Completed,-80.0079927279,40.4473030103,"155 MAZEROSKI Way, Pittsburgh, PA 15212-",https://data.wprdc.org/dataset/pli-permits
OOP-2021-08981,pittsburgh,2021-08-27,0,Occupancy Only Permit,NEW USE,true,Issued,-79.9963261532,40.4589019495,"868 VISTA ST, Pittsburgh, 15212-",https://data.wprdc.org/dataset/pli-permits
EP-2024-06592,pittsburgh,2024-04-26,0,ELECTRICAL,NEW CONSTRUCTION,true,Completed,-79.9327430511,40.4532790595,"629 IVY ST, Pittsburgh, 15232-",https://data.wprdc.org/dataset/pli-permits
EP-2024-07621,pittsburgh,2024-10-08,0,ELECTRICAL,NEW CONSTRUCTION,false,Completed,-79.9179362353,40.4849621069,"201 SHELTER HOUSE RD, Pittsburgh, PA 15206-",https://data.wprdc.org/dataset/pli-permits
SP-2022-19581,pittsburgh,2023-01-18,0,Sign Permit,NEW,false,Issued,-79.9698760428,40.4611691528,"3205 PENN AVE #634, Pittsburgh, PA 15201-",https://data.wprdc.org/dataset/pli-permits
SP-2020-12015,pittsburgh,2020-08-14,0,Sign Permit,NEW,false,Completed,-80.0165915673,40.4505123801,"900 RIDGE AVE, Pittsburgh, 15212-",https://data.wprdc.org/dataset/pli-permits
SP-2020-11725,pittsburgh,2020-10-02,0,Sign Permit,NEW,false,Completed,-79.966461463,40.4634033894,"3474 BUTLER ST, Pittsburgh, 15201-",https://data.wprdc.org/dataset/pli-permits
BP-2023-12593,pittsburgh,2024-01-03,0,BUILDING,NEW CONSTRUCTION,true,Completed,-79.996692104,40.4225781869,"616 EXCELSIOR ST, Pittsburgh, 15210-",https://data.wprdc.org/dataset/pli-permits
SSP-2021-03909,pittsburgh,2021-04-30,0,Suppression System Permit,NEW SYSTEM,false,Completed,-80.018863621,40.4902215459,"3917 PERRYSVILLE AVE #203, Pittsburgh, PA 15214-",https://data.wprdc.org/dataset/pli-permits
EP-2022-05107,pittsburgh,2022-04-07,0,ELECTRICAL,NEW CONSTRUCTION,true,Completed,-79.9560906736,40.4712980904,"4606 DAVISON ST, Pittsburgh, PA 15201-",https://data.wprdc.org/dataset/pli-permits
OLP-2023-14765,pittsburgh,2024-03-08,0,Occupant Load Placard Permit,NEW,false,Completed,-79.9914618561,40.4415602968,"626 WASHINGTON PL #2501, Pittsburgh, PA 15219-",https://data.wprdc.org/dataset/pli-permits
BP-2021-11641,pittsburgh,2021-10-04,0,BUILDING,NEW CONSTRUCTION,false,Completed,-79.9772398962,40.458771362,"75 HOPPER PL #301, Pittsburgh, PA 15222-",https://data.wprdc.org/dataset/pli-permits
EP-2024-11878,pittsburgh,2024-09-17,0,ELECTRICAL,NEW CONSTRUCTION,true,Completed,-79.996796732,40.4230047853,"615 EXCELSIOR ST, Pittsburgh, 15210-",https://data.wprdc.org/dataset/pli-permits
OLP-2020-17116,pittsburgh,2020-10-26,0,Occupant Load Placard Permit,NEW,false,Completed,-80.0159089105,40.4461591835,"100 ART ROONEY AVE, Pittsburgh, PA 15212-",https://data.wprdc.org/dataset/pli-permits
EP-2023-20996,pittsburgh,2023-12-20,0,ELECTRICAL,NEW CONSTRUCTION,true,Issued,-79.9243134061,40.4505663168,"40 WOODLAND RD, Pittsburgh, 15232-",https://data.wprdc.org/dataset/pli-permits
EP-2020-01447,pittsburgh,2020-02-03,0,ELECTRICAL,NEW CONSTRUCTION,true,Completed,-79.9528850223,40.4598267197,"457 TAYLOR ST, Pittsburgh, PA 15224-",https://data.wprdc.org/dataset/pli-permits
MP-2024-00652,pittsburgh,2024-03-05,0,MECHANICAL,NEW CONSTRUCTION,false,Completed,-79.9473815875,40.4844534144,"5608 BUTLER ST, Pittsburgh, PA 15201-",https://data.wprdc.org/dataset/pli-permits
EP-2019-07232,pittsburgh,2021-09-17,0,ELECTRICAL,NEW CONSTRUCTION,false,Completed,-79.9653329962,40.4695679428,"129 39TH ST, Pittsburgh, PA 15201-",https://data.wprdc.org/dataset/pli-permits
MP-2020-17337,pittsburgh,2020-10-22,0,MECHANICAL,NEW CONSTRUCTION,true,Completed,-80.0422648936,40.4135715192,"1357 KIRSOPP AVE, Pittsburgh, PA 15220-",https://data.wprdc.org/dataset/pli-permits
EP-2020-19804,pittsburgh,2021-01-12,0,ELECTRICAL,NEW CONSTRUCTION,false,Expired,-79.9988497044,40.4408005994,"350 OLIVER AVE #1608, Pittsburgh, PA 15222-",https://data.wprdc.org/dataset/pli-permits
SSP-2023-20092,pittsburgh,2024-01-10,0,Suppression System Permit,NEW SYSTEM,false,Completed,-79.9587958431,40.4732784945,"4609 BUTLER ST, Pittsburgh, 15201-",https://data.wprdc.org/dataset/pli-permits
EP-2023-01048,pittsburgh,2023-03-01,0,ELECTRICAL,NEW CONSTRUCTION,false,Completed,-79.9275121138,40.4620321579,"5836 PENN AVE, Pittsburgh, PA 15206-",https://data.wprdc.org/dataset/pli-permits
SP-2023-05440,pittsburgh,2023-04-28,0,Sign Permit,NEW,false,Completed,-79.9662815451,40.4284602373,"424 S 27TH ST #306, Pittsburgh, PA 15203-",https://data.wprdc.org/dataset/pli-permits
MP-2020-09978,pittsburgh,2020-08-20,0,MECHANICAL,NEW CONSTRUCTION,true,Completed,-79.9944347753,40.4192382221,"739 FREELAND ST, Pittsburgh, 15210-",https://data.wprdc.org/dataset/pli-permits
BP-2023-11030,pittsburgh,2023-09-26,0,BUILDING,NEW CONSTRUCTION,true,Issued,-80.0238093419,40.4371468758,"319 EDITH ST, Pittsburgh, PA 15211-",https://data.wprdc.org/dataset/pli-permits
BP-2022-17357,pittsburgh,2022-12-28,0,BUILDING,NEW CONSTRUCTION,true,Completed,-80.0246087361,40.4395173164,"219 SEWARD ST, Pittsburgh, PA 15211-",https://data.wprdc.org/dataset/pli-permits
EP-2021-16925,pittsburgh,2022-01-24,0,ELECTRICAL,NEW CONSTRUCTION,false,Issued,-79.9870684689,40.4493909979,"1625 PENN AVE #102, Pittsburgh, PA 15222-",https://data.wprdc.org/dataset/pli-permits
FAS-2020-09361,pittsburgh,2020-09-16,0,Fire Alarm Permit,NEW SYSTEM,false,Completed,-79.9772398962,40.458771362,"75 HOPPER PL #301, Pittsburgh, PA 15222-",https://data.wprdc.org/dataset/pli-permits
EP-2020-19869,pittsburgh,2020-12-08,0,ELECTRICAL,NEW CONSTRUCTION,true,Expired,-79.9488882803,40.484625374,"5583 BERLIN Way, Pittsburgh, PA 15201-",https://data.wprdc.org/dataset/pli-permits
BP-2023-19394,pittsburgh,2024-09-05,0,BUILDING,NEW CONSTRUCTION,false,Issued,-79.8960532333,40.4545762561,"7225 HAMILTON AVE, Pittsburgh, PA 15208-",https://data.wprdc.org/dataset/pli-permits
OLP-2020-11321,pittsburgh,2020-07-31,0,Occupant Load Placard Permit,NEW,false,Completed,-79.9284882548,40.4586036391,"5880 CENTRE AVE, Pittsburgh, 15206-",https://data.wprdc.org/dataset/pli-permits
EP-2024-13366,pittsburgh,2024-12-31,0,ELECTRICAL,NEW CONSTRUCTION,false,Completed,-79.9903585214,40.4486022823,"1447 SMALLMAN ST, Pittsburgh, PA 15222-",https://data.wprdc.org/dataset/pli-permits
FAS-2023-09571,pittsburgh,2023-09-19,0,Fire Alarm Permit,NEW SYSTEM,false,Completed,-79.9571541662,40.4411473206,"3708 FORBES AVE, Pittsburgh, PA 15213-",https://data.wprdc.org/dataset/pli-permits
MP-2022-11987,pittsburgh,2022-08-03,0,MECHANICAL,NEW CONSTRUCTION,true,Completed,-79.9622990197,40.4723917944,"125 43RD ST, Pittsburgh, PA 15201-",https://data.wprdc.org/dataset/pli-permits
SP-2024-13224,pittsburgh,2024-12-09,0,Sign Permit,NEW,false,Completed,-80.0573713779,40.4272070513,"2510 BALDWICK RD, Pittsburgh, 15205-",https://data.wprdc.org/dataset/pli-permits
BP-2022-05097,pittsburgh,2023-07-12,0,BUILDING,NEW CONSTRUCTION,true,Completed,-80.0428134875,40.4403859065,"800 HERSCHEL ST, Pittsburgh, PA 15220-",https://data.wprdc.org/dataset/pli-permits
SP-2020-03192,pittsburgh,2020-06-10,0,Sign Permit,NEW,false,Completed,-79.9870684689,40.4493909979,"1625 PENN AVE #102, Pittsburgh, PA 15222-",https://data.wprdc.org/dataset/pli-permits
FAS-2020-00021,pittsburgh,2020-05-21,0,Fire Alarm Permit,NEW SYSTEM,false,Completed,-79.9267939223,40.4616242251,"5900 PENN AVE, Pittsburgh, 15206-",https://data.wprdc.org/dataset/pli-permits
EP-2021-18421,pittsburgh,2022-01-05,0,ELECTRICAL,NEW CONSTRUCTION,false,Completed,-80.0005677255,40.4545872683,"506 FORELAND ST, Pittsburgh, 15212-",https://data.wprdc.org/dataset/pli-permits
MP-2024-07944,pittsburgh,2024-06-21,0,MECHANICAL,NEW CONSTRUCTION,false,Completed,-79.9892990452,40.4380964887,"1045 FORBES AVE #1125, Pittsburgh, PA 15219-",https://data.wprdc.org/dataset/pli-permits
EP-2021-10048,pittsburgh,2021-06-22,0,ELECTRICAL,NEW CONSTRUCTION,true,Completed,-80.0151858968,40.4582657656,"1607 BUENA VISTA ST, Pittsburgh, PA 15212-",https://data.wprdc.org/dataset/pli-permits
SSP-2020-04208,pittsburgh,2021-01-25,0,Suppression System Permit,NEW SYSTEM,false,Completed,-79.9903585214,40.4486022823,"1447 SMALLMAN ST, Pittsburgh, PA 15222-",https://data.wprdc.org/dataset/pli-permits
SP-2019-10005,pittsburgh,2020-05-19,0,Sign Permit,NEW,false,Application Finalization,-80.0318628987,40.4554503447,"1710 N FRANKLIN ST, Pittsburgh, 15233-",https://data.wprdc.org/dataset/pli-permits
BP-2019-10149,pittsburgh,2020-05-28,0,BUILDING,NEW CONSTRUCTION,false,Completed,-79.9822429403,40.3871747804,"2417 BROWNSVILLE RD, Pittsburgh, PA 15210-",https://data.wprdc.org/dataset/pli-permits
BP-2021-01086,pittsburgh,2021-09-16,0,BUILDING,NEW CONSTRUCTION,false,Completed,-79.9946266331,40.4353091287,"700 2ND AVE #533, Pittsburgh, PA 15219-",https://data.wprdc.org/dataset/pli-permits
BP-2019-05493,pittsburgh,2020-01-22,0,BUILDING,NEW CONSTRUCTION,false,Completed,-79.970501214,40.4442830894,"10 TURRENTINE PL #208, Pittsburgh, PA 15213-",https://data.wprdc.org/dataset/pli-permits
MP-2023-04733,pittsburgh,2024-05-09,0,MECHANICAL,NEW CONSTRUCTION,false,Completed,-79.9572139554,40.47697243,"4837 BUTLER ST #202, Pittsburgh, PA 15201-",https://data.wprdc.org/dataset/pli-permits
SP-2019-06544,pittsburgh,2020-08-10,0,Sign Permit,NEW,false,Completed,-79.9824113194,40.4286741396,"1604 E CARSON ST, Pittsburgh, PA 15203-",https://data.wprdc.org/dataset/pli-permits
SP-2023-20850,pittsburgh,2024-01-09,0,Sign Permit,NEW,false,Completed,-79.9825169068,40.4429811604,"510 HELDMAN ST, Pittsburgh, 15219-",https://data.wprdc.org/dataset/pli-permits
SSP-2021-01401,pittsburgh,2021-03-04,0,Suppression System Permit,NEW SYSTEM,false,Completed,-80.0099648494,40.4251240379,"160 SOUTHERN AVE #9, Pittsburgh, PA 15211-",https://data.wprdc.org/dataset/pli-permits
MP-2022-15245,pittsburgh,2023-07-06,0,MECHANICAL,NEW CONSTRUCTION,false,Completed,-79.9503015727,40.4831049785,"5424 BUTLER ST, Pittsburgh, 15201-",https://data.wprdc.org/dataset/pli-permits
OLP-2022-18128,pittsburgh,2022-12-06,0,Occupant Load Placard Permit,NEW,false,Expired,-80.0018041974,40.4401554957,"250 FORBES AVE #201, Pittsburgh, PA 15222-",https://data.wprdc.org/dataset/pli-permits
BP-2022-00334,pittsburgh,2022-10-20,0,BUILDING,NEW CONSTRUCTION,true,Issued,-79.9992020714,40.4547300774,"802 MIDDLE ST, Pittsburgh, PA 15212-",https://data.wprdc.org/dataset/pli-permits
SSP-2022-08249,pittsburgh,2022-08-09,0,Suppression System Permit,NEW SYSTEM,false,Completed,-79.9373961933,40.4481567579,"5131 5TH AVE, Pittsburgh, PA 15232-",https://data.wprdc.org/dataset/pli-permits
SSP-2023-01979,pittsburgh,2023-06-28,0,Suppression System Permit,NEW SYSTEM,false,Completed,-79.9847862153,40.4502405128,"1736 PENN AVE, Pittsburgh, 15222-",https://data.wprdc.org/dataset/pli-permits
OLP-2019-10528,pittsburgh,2020-02-13,0,Occupant Load Placard Permit,NEW,false,Completed,-79.9814802185,40.4543920563,"2401 SMALLMAN ST, Pittsburgh, 15222-",https://data.wprdc.org/dataset/pli-permits
MP-2021-08951,pittsburgh,2021-07-21,0,MECHANICAL,NEW CONSTRUCTION,false,Completed,-79.9584066026,40.4737974363,"4635 BUTLER ST, Pittsburgh, PA 15201-",https://data.wprdc.org/dataset/pli-permits
OLP-2023-18054,pittsburgh,2024-10-04,0,Occupant Load Placard Permit,NEW,false,Issued,-79.9914618561,40.4415602968,"626 WASHINGTON PL #2501, Pittsburgh, PA 15219-",https://data.wprdc.org/dataset/pli-permits
SSP-2023-14293,pittsburgh,2023-10-05,0,Suppression System Permit,NEW SYSTEM,false,Completed,-79.9842471428,40.4516859773,"2010 SMALLMAN ST, Pittsburgh, PA 15222-",https://data.wprdc.org/dataset/pli-permits
EP-2020-20448,pittsburgh,2020-12-17,0,ELECTRICAL,NEW CONSTRUCTION,true,Completed,-80.0258081498,40.4361912023,"420 CLARENCE ST, Pittsburgh, PA 15211-",https://data.wprdc.org/dataset/pli-permits
SP-2023-18899,pittsburgh,2024-07-26,0,Sign Permit,NEW,false,Issued,-79.966442558,40.4271731068,"2746 SIDNEY ST, Pittsburgh, PA 15203-",https://data.wprdc.org/dataset/pli-permits
SP-2023-10904,pittsburgh,2023-08-04,0,Sign Permit,NEW,false,Completed,-79.9571541662,40.4411473206,"3708 FORBES AVE, Pittsburgh, PA 15213-",https://data.wprdc.org/dataset/pli-permits
OLP-2022-11149,pittsburgh,2022-07-17,0,Occupant Load Placard Permit,NEW,false,Completed,-79.9825169068,40.4429811604,"510 HELDMAN ST, Pittsburgh, 15219-",https://data.wprdc.org/dataset/pli-permits
BP-2022-02580,pittsburgh,2022-08-18,0,BUILDING,NEW CONSTRUCTION,false,Completed,-79.9903585214,40.4486022823,"1447 SMALLMAN ST, Pittsburgh, PA 15222-",https://data.wprdc.org/dataset/pli-permits
EP-2021-03465,pittsburgh,2021-03-17,0,ELECTRICAL,NEW CONSTRUCTION,true,Completed,-79.9871705872,40.4298686646,"1114 MURIEL ST, Pittsburgh, 15203-",https://data.wprdc.org/dataset/pli-permits
OLP-2020-02036,pittsburgh,2020-03-05,0,Occupant Load Placard Permit,NEW,false,Completed,-79.9231934238,40.460015708,"6226 PENN AVE, Pittsburgh, PA 15206-",https://data.wprdc.org/dataset/pli-permits
BP-2021-17877,pittsburgh,2022-07-26,0,BUILDING,NEW CONSTRUCTION,true,Issued,-79.9745587264,40.4305602528,"2136 MERRIMAN Way, Pittsburgh, PA 15203-",https://data.wprdc.org/dataset/pli-permits
BP-2019-09627,pittsburgh,2020-05-15,0,BUILDING,NEW CONSTRUCTION,false,Amendment Application Incomplete,-80.080342908,40.4450218346,"2260 ROSWELL DR #115, Pittsburgh, PA 15205-",https://data.wprdc.org/dataset/pli-permits
EP-2021-10314,pittsburgh,2021-06-23,0,ELECTRICAL,NEW CONSTRUCTION,true,Completed,-80.0110509435,40.4614335762,"1818 UNIVERSITY AVE, Pittsburgh, PA 15214-",https://data.wprdc.org/dataset/pli-permits
MP-2022-16240,pittsburgh,2023-03-22,0,MECHANICAL,NEW CONSTRUCTION,false,Completed,-80.0093046886,40.4460312776,"271 NORTH SHORE DR #700, Pittsburgh, PA 15212-",https://data.wprdc.org/dataset/pli-permits
MP-2021-01332,pittsburgh,2021-04-27,0,MECHANICAL,NEW CONSTRUCTION,true,Completed,-79.9488593454,40.484577116,"5581 BERLIN Way, Pittsburgh, PA 15201-",https://data.wprdc.org/dataset/pli-permits
EP-2023-03813,pittsburgh,2023-03-14,0,ELECTRICAL,NEW CONSTRUCTION,true,Completed,-80.0794308566,40.4498994083,"104 CEDARWOOD PL, Pittsburgh, PA 15205-",https://data.wprdc.org/dataset/pli-permits
SP-2022-16668,pittsburgh,2022-11-16,0,Sign Permit,NEW,false,Completed,-79.9238505444,40.4605922849,"6100 PENN AVE, Pittsburgh, 15206-",https://data.wprdc.org/dataset/pli-permits
EP-2021-14200,pittsburgh,2021-08-27,0,ELECTRICAL,NEW CONSTRUCTION,true,Completed,-79.98555309,40.4248040059,"100 BROSVILLE ST, Pittsburgh, 15203-",https://data.wprdc.org/dataset/pli-permits
BP-2022-09507,pittsburgh,2022-12-14,0,BUILDING,NEW CONSTRUCTION,true,Completed,-80.0794308566,40.4498994083,"104 CEDARWOOD PL, Pittsburgh, PA 15205-",https://data.wprdc.org/dataset/pli-permits
BP-2021-07425,pittsburgh,2021-07-19,0,BUILDING,NEW CONSTRUCTION,true,Completed,-79.9133217409,40.4652844329,"116 WINSLOW ST, Pittsburgh, PA 15206-",https://data.wprdc.org/dataset/pli-permits
OOP-2021-09663,pittsburgh,2021-10-01,0,Occupancy Only Permit,NEW USE,false,Completed,-79.9922845395,40.4210543372,"1226 ARLINGTON AVE, Pittsburgh, PA 15210-",https://data.wprdc.org/dataset/pli-permits
SP-2022-03931,pittsburgh,2022-06-30,0,Sign Permit,NEW,false,Issued,-79.9501436914,40.4459990236,"211 S DITHRIDGE ST, Pittsburgh, PA 15213-",https://data.wprdc.org/dataset/pli-permits
SP-2020-01121,pittsburgh,2020-02-07,0,Sign Permit,NEW,false,Completed,-79.9682353549,40.4632063564,"3400 SMALLMAN ST, Pittsburgh, 15201-",https://data.wprdc.org/dataset/pli-permits
BP-2021-11632,pittsburgh,2021-09-27,0,BUILDING,NEW CONSTRUCTION,false,Completed,-79.9491343074,40.4171431368,"4339 LYTLE ST, Pittsburgh, PA 15207-",https://data.wprdc.org/dataset/pli-permits
EP-2023-19429,pittsburgh,2024-02-19,0,ELECTRICAL,NEW CONSTRUCTION,true,Issued,-79.9746456155,40.4303995657,"2135 WHARTON ST, Pittsburgh, PA 15203-",https://data.wprdc.org/dataset/pli-permits
MP-2024-05220,pittsburgh,2024-04-03,0,MECHANICAL,NEW CONSTRUCTION,true,Completed,-79.9290798822,40.4733604127,"5436 JACKSON ST, Pittsburgh, PA 15206-",https://data.wprdc.org/dataset/pli-permits
EP-2021-09678,pittsburgh,2021-08-13,0,ELECTRICAL,NEW CONSTRUCTION,false,Completed,-79.9838282685,40.4265623848,"154 S 15TH ST #101, Pittsburgh, PA 15203-",https://data.wprdc.org/dataset/pli-permits
BP-2024-00875,pittsburgh,2024-07-17,0,BUILDING,NEW CONSTRUCTION,true,Completed,-79.9833222267,40.446882921,"841 LEDLIE ST, Pittsburgh, PA 15219-",https://data.wprdc.org/dataset/pli-permits
SP-2023-18544,pittsburgh,2023-11-21,0,Sign Permit,NEW,false,Issued,-79.915064122,40.4561989068,"114 BAKERY SQUARE BLVD, Pittsburgh, 15206-",https://data.wprdc.org/dataset/pli-permits
OLP-2024-07879,pittsburgh,2024-07-15,0,Occupant Load Placard Permit,NEW,false,Completed,-79.8888621143,40.4490385783,"7800 SUSQUEHANNA ST, Pittsburgh, PA 15208-",https://data.wprdc.org/dataset/pli-permits
EP-2020-09562,pittsburgh,2021-03-10,0,ELECTRICAL,NEW CONSTRUCTION,false,Completed,-79.9718808362,40.4423839981,No primary address specified,https://data.wprdc.org/dataset/pli-permits
MP-2023-15230,pittsburgh,2023-09-14,0,MECHANICAL,NEW CONSTRUCTION,true,Completed,-80.0794308566,40.4498994083,"104 CEDARWOOD PL, Pittsburgh, PA 15205-",https://data.wprdc.org/dataset/pli-permits
OLP-2022-17484,pittsburgh,2022-11-23,0,Occupant Load Placard Permit,NEW,false,Completed,-79.8922008885,40.4884285327,"980 FREEPORT RD, Pittsburgh, PA 15238",https://data.wprdc.org/dataset/pli-permits
BP-2019-08664,pittsburgh,2020-03-17,0,BUILDING,NEW CONSTRUCTION,true,Completed,-79.966859087,40.4395077604,"118 BURROWS ST, Pittsburgh, PA 15213-",https://data.wprdc.org/dataset/pli-permits
SSP-2023-17172,pittsburgh,2023-12-13,0,Suppression System Permit,NEW SYSTEM,false,Completed,-79.966442558,40.4271731068,"2746 SIDNEY ST, Pittsburgh, PA 15203-",https://data.wprdc.org/dataset/pli-permits
OLP-2021-09461,pittsburgh,2021-06-17,0,Occupant Load Placard Permit,NEW,false,Completed,-80.0200611402,40.450284711,"1016 N LINCOLN AVE, Pittsburgh, 15233-",https://data.wprdc.org/dataset/pli-permits
SSP-2022-02361,pittsburgh,2022-03-24,0,Suppression System Permit,NEW SYSTEM,false,Completed,-79.9599042467,40.4717093106,"4401 BUTLER ST, Pittsburgh, PA 15201-",https://data.wprdc.org/dataset/pli-permits
BP-2022-18528,pittsburgh,2023-04-28,0,BUILDING,NEW CONSTRUCTION,false,Issued,-79.9598453087,40.4424544322,"200 LOTHROP ST, Pittsburgh, PA 15213-",https://data.wprdc.org/dataset/pli-permits
BP-2021-04310,pittsburgh,2021-06-29,0,BUILDING,NEW CONSTRUCTION,false,Completed,-79.9263157894,40.4635242262,"205 N BEATTY ST #417, Pittsburgh, PA 15206-",https://data.wprdc.org/dataset/pli-permits
SP-2023-07224,pittsburgh,2024-02-08,0,Sign Permit,NEW,false,Issued,-79.9815852235,40.4419968277,"1844 CENTRE AVE, Pittsburgh, PA 15219-",https://data.wprdc.org/dataset/pli-permits
EP-2023-06410,pittsburgh,2023-05-15,0,ELECTRICAL,NEW CONSTRUCTION,true,Completed,-79.9540035986,40.478736124,"5134 CARNEGIE ST, Pittsburgh, PA 15201-",https://data.wprdc.org/dataset/pli-permits
EP-2021-08794,pittsburgh,2021-06-15,0,ELECTRICAL,NEW CONSTRUCTION,true,Completed,-79.9263195595,40.4664423176,"418 N SAINT CLAIR ST, Pittsburgh, PA 15206-",https://data.wprdc.org/dataset/pli-permits
SP-2023-10811,pittsburgh,2023-08-07,0,Sign Permit,NEW,false,Completed,-79.9397408558,40.4445944176,"5093 FORBES AVE, Pittsburgh, PA 15213-",https://data.wprdc.org/dataset/pli-permits
OOP-2021-18441,pittsburgh,2022-04-01,0,Occupancy Only Permit,NEW USE,true,Completed,-80.0050801148,40.4613822819,"1704 MEADVILLE ST, Pittsburgh, PA 15214-",https://data.wprdc.org/dataset/pli-permits
EP-2020-09203,pittsburgh,2020-06-23,0,ELECTRICAL,NEW CONSTRUCTION,true,Completed,-79.949747398,40.4841834246,"5527 BERLIN Way, Pittsburgh, PA 15201-",https://data.wprdc.org/dataset/pli-permits
SSP-2022-17223,pittsburgh,2023-04-06,0,Suppression System Permit,NEW SYSTEM,false,Completed,-79.980643832,40.4531028523,"2330 PENN AVE #801, Pittsburgh, PA 15222-",https://data.wprdc.org/dataset/pli-permits
SSP-2021-19121,pittsburgh,2021-12-27,0,Suppression System Permit,NEW SYSTEM,false,Issued,-79.9720551815,40.4294395753,"2323 SIDNEY ST #3, Pittsburgh, PA 15203-",https://data.wprdc.org/dataset/pli-permits
BP-2021-14635,pittsburgh,2023-03-06,0,BUILDING,NEW CONSTRUCTION,true,Completed,-79.9358486233,40.4673337211,"5361 ROSETTA ST, Pittsburgh, 15224-",https://data.wprdc.org/dataset/pli-permits
SP-2024-02685,pittsburgh,2024-03-04,0,Sign Permit,NEW,false,Completed,-79.9758390791,40.4559718533,"LIBERTY AVE, Pittsburgh, PA 15222-",https://data.wprdc.org/dataset/pli-permits
EP-2020-09369,pittsburgh,2020-09-14,0,ELECTRICAL,NEW CONSTRUCTION,false,Completed,-79.9772398962,40.458771362,"75 HOPPER PL #301, Pittsburgh, PA 15222-",https://data.wprdc.org/dataset/pli-permits
EP-2023-20840,pittsburgh,2023-12-15,0,ELECTRICAL,NEW CONSTRUCTION,true,Completed,-80.0109702454,40.4198648752,"667 BOGGS AVE, Pittsburgh, 15211-",https://data.wprdc.org/dataset/pli-permits
BP-2020-06858,pittsburgh,2023-09-08,0,BUILDING,NEW CONSTRUCTION,true,Completed,-79.9354845406,40.4676079042,"5356 HILLCREST ST, Pittsburgh, PA 15224-",https://data.wprdc.org/dataset/pli-permits
FP-2023-08437,pittsburgh,2023-11-13,0,Floodplain Permit,New Construction,false,Issued,-79.9842097179,40.4530446649,"2128 RAILROAD ST, Pittsburgh, PA 15222-",https://data.wprdc.org/dataset/pli-permits
SP-2020-02906,pittsburgh,2020-07-28,0,Sign Permit,NEW,false,Expired,-80.0242255185,40.4014547638,"2200 WEST LIBERTY AVE, Pittsburgh, 15226-",https://data.wprdc.org/dataset/pli-permits
SP-2021-08126,pittsburgh,2021-06-24,0,Sign Permit,NEW,false,Completed,-79.9623431987,40.4250979403,"2984 SIDNEY ST, Pittsburgh, PA 15203-",https://data.wprdc.org/dataset/pli-permits
FAS-2021-09592,pittsburgh,2021-07-14,0,Fire Alarm Permit,NEW SYSTEM,false,Completed,-79.9123938153,40.465245987,"121 WINSLOW ST #3, Pittsburgh, PA 15206-",https://data.wprdc.org/dataset/pli-permits
OOP-2022-14270,pittsburgh,2022-10-31,0,Occupancy Only Permit,NEW USE,false,Completed,-80.0194224007,40.3929530664,"826 BROOKLINE BLVD, Pittsburgh, 15226-",https://data.wprdc.org/dataset/pli-permits
EP-2021-01315,pittsburgh,2021-02-01,0,ELECTRICAL,NEW CONSTRUCTION,true,Expired,-79.8985995504,40.4611766947,"7037 HERMITAGE ST, Pittsburgh, PA 15208-",https://data.wprdc.org/dataset/pli-permits
BP-2020-17969,pittsburgh,2021-10-14,0,BUILDING,NEW CONSTRUCTION,true,Completed,-79.9561496111,40.4712500237,"4604 DAVISON ST, Pittsburgh, PA 15201-",https://data.wprdc.org/dataset/pli-permits
MP-2024-11731,pittsburgh,2024-12-19,0,MECHANICAL,NEW CONSTRUCTION,false,Completed,-79.9639972173,40.4685327573,"3913 BUTLER ST, Pittsburgh, PA 15201-",https://data.wprdc.org/dataset/pli-permits
SSP-2020-05688,pittsburgh,2020-09-18,0,Suppression System Permit,NEW SYSTEM,false,Completed,-79.9446864541,40.4147435315,"4604 MONONGAHELA ST, Pittsburgh, 15207-",https://data.wprdc.org/dataset/pli-permits
EP-2022-15540,pittsburgh,2022-11-14,0,ELECTRICAL,NEW CONSTRUCTION,false,Completed,-79.9590168681,40.4704397556,"233 43RD ST, Pittsburgh, PA 15201-",https://data.wprdc.org/dataset/pli-permits
EP-2024-00351,pittsburgh,2024-02-14,0,ELECTRICAL,NEW CONSTRUCTION,false,Completed,-79.9516551313,40.4402874712,"372 JONCAIRE ST #2, Pittsburgh, PA 15213-",https://data.wprdc.org/dataset/pli-permits
BP-2023-12966,pittsburgh,2024-01-03,0,BUILDING,NEW CONSTRUCTION,true,Completed,-79.9956330378,40.4236179217,"702 EUREKA ST, Pittsburgh, PA 15210-",https://data.wprdc.org/dataset/pli-permits
OLP-2020-15841,pittsburgh,2020-10-09,0,Occupant Load Placard Permit,NEW,false,Completed,-79.9822782625,40.4541072222,"2358 RAILROAD ST, Pittsburgh, PA 15222-",https://data.wprdc.org/dataset/pli-permits
EP-2022-18950,pittsburgh,2022-12-16,0,ELECTRICAL,NEW CONSTRUCTION,true,Completed,-79.9589111846,40.473600415,"190 HOME ST, Pittsburgh, PA 15201-",https://data.wprdc.org/dataset/pli-permits
BP-2023-19862,pittsburgh,2024-01-31,0,BUILDING,NEW CONSTRUCTION,true,Completed,-79.9936196793,40.4239980757,"6 ALLEN ST, Pittsburgh, PA 15210-",https://data.wprdc.org/dataset/pli-permits
SP-2020-02274,pittsburgh,2020-06-04,0,Sign Permit,NEW,false,Completed,-79.9216062739,40.4377589453,"5834 FORBES AVE, Pittsburgh, 15217-",https://data.wprdc.org/dataset/pli-permits
BP-2023-12968,pittsburgh,2024-01-03,0,BUILDING,NEW CONSTRUCTION,true,Completed,-79.9954050831,40.4234841839,"710 EUREKA ST, Pittsburgh, PA 15210-",https://data.wprdc.org/dataset/pli-permits
OLP-2020-17036,pittsburgh,2020-11-05,0,Occupant Load Placard Permit,NEW,false,Completed,-79.9401755564,40.4573786627,"5259 LIBERTY AVE, Pittsburgh, PA 15224-",https://data.wprdc.org/dataset/pli-permits
SSP-2020-04642,pittsburgh,2020-06-04,0,Suppression System Permit,NEW SYSTEM,false,Completed,-80.0025064755,40.4428073363,"146 6TH ST, Pittsburgh, PA 15222-",https://data.wprdc.org/dataset/pli-permits
MP-2021-01290,pittsburgh,2021-04-26,0,MECHANICAL,NEW CONSTRUCTION,true,Completed,-79.9491181598,40.4845180319,"5571 BERLIN Way, Pittsburgh, PA 15201-",https://data.wprdc.org/dataset/pli-permits
EP-2024-09334,pittsburgh,2024-07-23,0,ELECTRICAL,NEW CONSTRUCTION,true,Completed,-79.9670858738,40.4421159036,"2535 ALLEQUIPPA ST, Pittsburgh, PA 15213-",https://data.wprdc.org/dataset/pli-permits
SSP-2023-15669,pittsburgh,2023-10-04,0,Suppression System Permit,NEW SYSTEM,false,Completed,-80.0093046886,40.4460312776,"271 NORTH SHORE DR #700, Pittsburgh, PA 15212-",https://data.wprdc.org/dataset/pli-permits
EP-2024-11351,pittsburgh,2024-12-06,0,ELECTRICAL,NEW CONSTRUCTION,false,Completed,-79.9940287727,40.4405330671,"1 BIGELOW SQ, Pittsburgh, PA 15219-",https://data.wprdc.org/dataset/pli-permits
SSP-2021-03613,pittsburgh,2021-05-04,0,Suppression System Permit,NEW SYSTEM,false,Completed,-79.9784438677,40.4366069439,"300 JUMONVILLE ST, Pittsburgh, PA 15219",https://data.wprdc.org/dataset/pli-permits
OLP-2023-11963,pittsburgh,2023-10-24,0,Occupant Load Placard Permit,NEW,false,Completed,-80.0003302639,40.4537870139,"510 E OHIO ST, Pittsburgh, PA 15212-",https://data.wprdc.org/dataset/pli-permits
MP-2024-12046,pittsburgh,2024-09-23,0,MECHANICAL,NEW CONSTRUCTION,true,Completed,-79.996692104,40.4225781869,"616 EXCELSIOR ST, Pittsburgh, 15210-",https://data.wprdc.org/dataset/pli-permits
BP-2019-08738,pittsburgh,2020-03-17,0,BUILDING,NEW CONSTRUCTION,true,Completed,-79.9667989847,40.4392650574,"128 BURROWS ST, Pittsburgh, PA 15213-",https://data.wprdc.org/dataset/pli-permits
SP-2022-03197,pittsburgh,2022-05-16,0,Sign Permit,NEW,false,Completed,-80.0220131787,40.4471260635,"757 CASINO DR, Pittsburgh, PA 15212-",https://data.wprdc.org/dataset/pli-permits
EP-2023-13393,pittsburgh,2023-08-09,0,ELECTRICAL,NEW CONSTRUCTION,true,Completed,-79.9352318031,40.4671814261,"305 N AIKEN AVE, Pittsburgh, PA 15206-",https://data.wprdc.org/dataset/pli-permits
OLP-2021-16862,pittsburgh,2021-10-25,0,Occupant Load Placard Permit,NEW,false,Completed,-79.9564430507,40.4422143319,"3909 FORBES AVE, Pittsburgh, PA 15213-",https://data.wprdc.org/dataset/pli-permits
OLP-2021-16607,pittsburgh,2021-12-01,0,Occupant Load Placard Permit,NEW,false,Completed,-79.9483267049,40.4609768924,"4754 LIBERTY AVE, Pittsburgh, 15224-",https://data.wprdc.org/dataset/pli-permits
EP-2020-17019,pittsburgh,2020-11-03,0,ELECTRICAL,NEW CONSTRUCTION,true,Completed,-79.9565155336,40.4623812815,"4012 EWING ST, Pittsburgh, 15224-",https://data.wprdc.org/dataset/pli-permits
EP-2020-00297,pittsburgh,2020-03-18,0,ELECTRICAL,NEW CONSTRUCTION,true,Revoked,-80.0124214782,40.435399594,"536 GRANDVIEW AVE, Pittsburgh, 15211-",https://data.wprdc.org/dataset/pli-permits
SSP-2024-12875,pittsburgh,2024-10-22,0,Suppression System Permit,NEW SYSTEM,false,Issued,-79.9313415234,40.4559634353,"5747 ELLSWORTH AVE, Pittsburgh, PA 15232-",https://data.wprdc.org/dataset/pli-permits
OLP-2020-17715,pittsburgh,2021-05-20,0,Occupant Load Placard Permit,NEW,false,Completed,-79.9757860593,40.4548944551,"2600 -2760 LIBERTY AVE, Pittsburgh, PA 15222-",https://data.wprdc.org/dataset/pli-permits
OOP-2021-12133,pittsburgh,2021-08-05,0,Occupancy Only Permit,NEW USE,true,Completed,-80.0220709773,40.4600221659,"1010 LAMONT ST #2, Pittsburgh, PA 15212-",https://data.wprdc.org/dataset/pli-permits
OOP-2020-02991,pittsburgh,2020-06-05,0,Occupancy Only Permit,NEW USE,false,Completed,-79.9503629791,40.4503115156,"4609 BAYARD ST #1, Pittsburgh, PA 15213-",https://data.wprdc.org/dataset/pli-permits
SP-2023-20271,pittsburgh,2024-04-23,0,Sign Permit,NEW,false,Issued,-79.9270622949,40.4275065508,"5600 FORWARD AVE, Pittsburgh, PA 15217-",https://data.wprdc.org/dataset/pli-permits
SP-2023-13028,pittsburgh,2023-11-01,0,Sign Permit,NEW,false,Completed,-80.0062008801,40.4405489603,"300 LIBERTY AVE #110, Pittsburgh, PA 15222-",https://data.wprdc.org/dataset/pli-permits
MP-2021-01423,pittsburgh,2021-04-28,0,MECHANICAL,NEW CONSTRUCTION,true,Completed,-79.9487431378,40.4848100068,"134 56TH ST, Pittsburgh, PA 15201-",https://data.wprdc.org/dataset/pli-permits
MP-2019-10186,pittsburgh,2020-07-06,0,MECHANICAL,NEW CONSTRUCTION,false,Completed,-79.9822429403,40.3871747804,"2417 BROWNSVILLE RD, Pittsburgh, PA 15210-",https://data.wprdc.org/dataset/pli-permits
BP-2021-14664,pittsburgh,2023-03-06,0,BUILDING,NEW CONSTRUCTION,true,Completed,-79.9364340275,40.4661857335,"5348 KINCAID ST, Pittsburgh, PA 15224-",https://data.wprdc.org/dataset/pli-permits
EP-2024-10059,pittsburgh,2024-07-08,0,ELECTRICAL,NEW CONSTRUCTION,true,Completed,-79.9870343407,40.4264739606,"1108 FREYBURG ST, Pittsburgh, 15203-",https://data.wprdc.org/dataset/pli-permits
SP-2020-02717,pittsburgh,2020-09-22,0,Sign Permit,NEW,false,Completed,-79.9831228341,40.4291736908,"1505 E CARSON ST #101, Pittsburgh, PA 15203-",https://data.wprdc.org/dataset/pli-permits
EP-2022-09511,pittsburgh,2022-06-17,0,ELECTRICAL,NEW CONSTRUCTION,true,Completed,-79.907127158,40.4547905004,"6823 MCPHERSON BLVD, Pittsburgh, PA 15208-",https://data.wprdc.org/dataset/pli-permits
FP-2024-12826,pittsburgh,2024-12-03,0,Floodplain Permit,New Construction,false,Completed,-79.9903585214,40.4486022823,"1447 SMALLMAN ST, Pittsburgh, PA 15222-",https://data.wprdc.org/dataset/pli-permits
EP-2023-03802,pittsburgh,2023-03-14,0,ELECTRICAL,NEW CONSTRUCTION,true,Completed,-80.0794308566,40.4498994083,"104 CEDARWOOD PL, Pittsburgh, PA 15205-",https://data.wprdc.org/dataset/pli-permits
BP-2022-15440,pittsburgh,2023-03-10,0,BUILDING,NEW CONSTRUCTION,false,Completed,-79.9229964275,40.4293998406,"5808 FORWARD AVE, Pittsburgh, PA 15217-",https://data.wprdc.org/dataset/pli-permits
SSP-2019-08976,pittsburgh,2020-01-27,0,Suppression System Permit,NEW SYSTEM,false,Completed,-79.958353573,40.4414759125,"3618 5TH AVE, Pittsburgh, 15213-",https://data.wprdc.org/dataset/pli-permits
EP-2023-16262,pittsburgh,2024-01-31,0,ELECTRICAL,NEW CONSTRUCTION,false,Completed,-79.9914618561,40.4415602968,"626 WASHINGTON PL #2501, Pittsburgh, PA 15219-",https://data.wprdc.org/dataset/pli-permits
EP-2023-02494,pittsburgh,2023-02-13,0,ELECTRICAL,NEW CONSTRUCTION,true,Completed,-80.0391745251,40.4385344355,"529 WESTON Way, Pittsburgh, PA 15220-",https://data.wprdc.org/dataset/pli-permits
FAS-2024-02626,pittsburgh,2024-06-05,0,Fire Alarm Permit,NEW SYSTEM,false,Issued,-79.9903929378,40.4307329221,"264 S 9TH ST, Pittsburgh, PA 15203-",https://data.wprdc.org/dataset/pli-permits
OLP-2024-03987,pittsburgh,2024-05-15,0,Occupant Load Placard Permit,NEW,false,Completed,-80.002483007,40.4412188557,"484 GRAEME ST, Pittsburgh, 15222-",https://data.wprdc.org/dataset/pli-permits
EP-2023-18290,pittsburgh,2023-12-15,0,ELECTRICAL,NEW CONSTRUCTION,false,Completed,-79.9287894046,40.4621581093,"141 S SAINT CLAIR ST #601, Pittsburgh, PA 15206-",https://data.wprdc.org/dataset/pli-permits
FAS-2020-10832,pittsburgh,2020-10-08,0,Fire Alarm Permit,NEW SYSTEM,false,Completed,-79.9765717414,40.4663195537,"500 WATERFRONT DR, Pittsburgh, 15222-",https://data.wprdc.org/dataset/pli-permits
FAS-2023-18604,pittsburgh,2024-01-18,0,Fire Alarm Permit,NEW SYSTEM,false,Completed,-79.9667965397,40.4266039797,"2700 E CARSON ST, Pittsburgh, PA 15203-",https://data.wprdc.org/dataset/pli-permits
EP-2021-05468,pittsburgh,2021-11-03,0,ELECTRICAL,NEW CONSTRUCTION,false,Completed,-79.9698760428,40.4611691528,"3205 PENN AVE #634, Pittsburgh, PA 15201-",https://data.wprdc.org/dataset/pli-permits
BP-2022-01103,pittsburgh,2022-06-06,0,BUILDING,NEW CONSTRUCTION,false,Completed,-79.9590168681,40.4704397556,"233 43RD ST, Pittsburgh, PA 15201-",https://data.wprdc.org/dataset/pli-permits
EP-2023-03841,pittsburgh,2023-03-14,0,ELECTRICAL,NEW CONSTRUCTION,true,Completed,-80.0794308566,40.4498994083,"104 CEDARWOOD PL, Pittsburgh, PA 15205-",https://data.wprdc.org/dataset/pli-permits
SSP-2022-00674,pittsburgh,2022-04-25,0,Suppression System Permit,NEW SYSTEM,false,Completed,-79.9263157894,40.4635242262,"205 N BEATTY ST #417, Pittsburgh, PA 15206-",https://data.wprdc.org/dataset/pli-permits
BP-2022-09509,pittsburgh,2022-12-14,0,BUILDING,NEW CONSTRUCTION,true,Completed,-80.0794308566,40.4498994083,"104 CEDARWOOD PL, Pittsburgh, PA 15205-",https://data.wprdc.org/dataset/pli-permits
SP-2021-19729,pittsburgh,2022-02-15,0,Sign Permit,NEW,false,Completed,-79.8922008885,40.4884285327,"980 FREEPORT RD, Pittsburgh, PA 15238",https://data.wprdc.org/dataset/pli-permits
EP-2023-12557,pittsburgh,2023-07-28,0,ELECTRICAL,NEW CONSTRUCTION,true,Completed,-80.0260125344,40.4363336849,"431 SHALER ST, Pittsburgh, PA 15211-",https://data.wprdc.org/dataset/pli-permits
SP-2021-17220,pittsburgh,2021-12-21,0,Sign Permit,NEW,false,Completed,-79.961224919,40.4692902129,"4030 BUTLER ST, Pittsburgh, 15201-",https://data.wprdc.org/dataset/pli-permits
MP-2019-04210,pittsburgh,2020-10-15,0,MECHANICAL,NEW CONSTRUCTION,true,Completed,-80.0225340174,40.4347717556,"436 SWEETBRIAR ST, Pittsburgh, PA 15211-",https://data.wprdc.org/dataset/pli-permits
MP-2024-02941,pittsburgh,2024-03-06,0,MECHANICAL,NEW CONSTRUCTION,true,Completed,-79.9672122877,40.4411319958,"3117 ELLERS ST, Pittsburgh, PA 15213-",https://data.wprdc.org/dataset/pli-permits
SSP-2024-00544,pittsburgh,2024-02-20,0,Suppression System Permit,NEW SYSTEM,false,Completed,-80.0523181745,40.4310174707,"2103 NOBLESTOWN RD, Pittsburgh, PA 15205-",https://data.wprdc.org/dataset/pli-permits
SP-2022-12528,pittsburgh,2023-05-01,0,Sign Permit,NEW,false,Completed,-79.9662920766,40.4621128555,"305 34TH ST, Pittsburgh, PA 15201-",https://data.wprdc.org/dataset/pli-permits
BP-2024-06976,pittsburgh,2024-07-17,0,BUILDING,NEW CONSTRUCTION,false,Completed,-79.9525999311,40.4513898314,"4500 CENTRE AVE #1019, Pittsburgh, PA 15213-",https://data.wprdc.org/dataset/pli-permits
BP-2019-04338,pittsburgh,2021-09-03,0,BUILDING,NEW CONSTRUCTION,true,Issued,-80.0044568574,40.4277917278,"435 NEFF ST, Pittsburgh, PA 15211-",https://data.wprdc.org/dataset/pli-permits
EP-2024-07760,pittsburgh,2024-05-16,0,ELECTRICAL,NEW CONSTRUCTION,true,Completed,-79.9496455929,40.4810453161,"5321 HOLMES ST, Pittsburgh, PA 15201-",https://data.wprdc.org/dataset/pli-permits
MP-2023-07558,pittsburgh,2023-06-28,0,MECHANICAL,NEW CONSTRUCTION,false,Completed,-79.9590168681,40.4704397556,"233 43RD ST, Pittsburgh, PA 15201-",https://data.wprdc.org/dataset/pli-permits
EP-2024-04959,pittsburgh,2024-04-04,0,ELECTRICAL,NEW CONSTRUCTION,true,Completed,-79.9819997078,40.4398191177,"1738 REED ST #424, Pittsburgh, PA 15219-",https://data.wprdc.org/dataset/pli-permits
OOP-2022-09673,pittsburgh,2022-08-15,0,Occupancy Only Permit,NEW USE,false,Completed,-79.9624843423,40.4315057896,"450 TECHNOLOGY DR, Pittsburgh, 15219-",https://data.wprdc.org/dataset/pli-permits
OLP-2021-09316,pittsburgh,2021-08-13,0,Occupant Load Placard Permit,NEW,false,Completed,-80.0163260041,40.4580621385,"1601 BRIGHTON RD, Pittsburgh, PA 15212-",https://data.wprdc.org/dataset/pli-permits
BP-2023-10219,pittsburgh,2024-03-27,0,BUILDING,NEW CONSTRUCTION,false,Completed,-79.9819997078,40.4398191177,"1738 REED ST #424, Pittsburgh, PA 15219-",https://data.wprdc.org/dataset/pli-permits
BP-2024-07055,pittsburgh,2024-07-08,0,BUILDING,NEW CONSTRUCTION,false,Completed,-79.9133217409,40.4652844329,"116 WINSLOW ST, Pittsburgh, PA 15206-",https://data.wprdc.org/dataset/pli-permits
EP-2023-03941,pittsburgh,2023-03-14,0,ELECTRICAL,NEW CONSTRUCTION,true,Completed,-80.0794308566,40.4498994083,"104 CEDARWOOD PL, Pittsburgh, PA 15205-",https://data.wprdc.org/dataset/pli-permits
MP-2021-18061,pittsburgh,2021-11-10,0,MECHANICAL,NEW CONSTRUCTION,true,Completed,-79.9598480034,40.462909095,"351 MANION Way, Pittsburgh, PA 15201-",https://data.wprdc.org/dataset/pli-permits
MP-2021-19651,pittsburgh,2022-02-10,0,MECHANICAL,NEW CONSTRUCTION,true,Completed,-79.965248318,40.4424670946,"259 DUNSEITH ST, Pittsburgh, 15213-",https://data.wprdc.org/dataset/pli-permits
EP-2023-13390,pittsburgh,2023-08-09,0,ELECTRICAL,NEW CONSTRUCTION,true,Completed,-79.9359349963,40.4660279676,"213 N AIKEN AVE, Pittsburgh, 15206-",https://data.wprdc.org/dataset/pli-permits
SP-2023-00108,pittsburgh,2023-01-19,0,Sign Permit,NEW,false,Completed,-79.9860505242,40.4372880153,"1420 FORBES AVE, Pittsburgh, PA 15219-",https://data.wprdc.org/dataset/pli-permits
MP-2024-06827,pittsburgh,2024-06-25,0,MECHANICAL,NEW CONSTRUCTION,true,Completed,-79.981645253,40.4410720618,"1829 REED ST, Pittsburgh, PA 15219-",https://data.wprdc.org/dataset/pli-permits
BP-2023-17243,pittsburgh,2024-05-01,0,BUILDING,NEW CONSTRUCTION,true,Completed,-79.961300599,40.4652551742,"290 39TH ST, Pittsburgh, PA 15201-",https://data.wprdc.org/dataset/pli-permits
OLP-2022-07016,pittsburgh,2022-09-08,0,Occupant Load Placard Permit,NEW,false,Completed,-79.9698760428,40.4611691528,"3205 PENN AVE #634, Pittsburgh, PA 15201-",https://data.wprdc.org/dataset/pli-permits
EP-2020-10057,pittsburgh,2020-07-16,0,ELECTRICAL,NEW CONSTRUCTION,true,Expired,-79.9878333698,40.4506348221,No primary address specified,https://data.wprdc.org/dataset/pli-permits
OOP-2019-03379,pittsburgh,2022-07-05,0,Occupancy Only Permit,NEW USE,false,Completed,-79.9607837647,40.4628366307,"3802 HOWLEY ST, Pittsburgh, PA 15201-",https://data.wprdc.org/dataset/pli-permits
FAS-2019-08376,pittsburgh,2020-01-22,0,Fire Alarm Permit,NEW SYSTEM,false,Completed,-79.9542834219,40.4811235903,"5227 BUTLER ST, Pittsburgh, 15201-",https://data.wprdc.org/dataset/pli-permits
BP-2022-07376,pittsburgh,2022-09-02,0,BUILDING,NEW CONSTRUCTION,false,Issued,-79.928855227,40.4695591469,"5529 BLACK ST, Pittsburgh, PA 15206-",https://data.wprdc.org/dataset/pli-permits
FAS-2020-17117,pittsburgh,2020-12-17,0,Fire Alarm Permit,NEW SYSTEM,false,Expired,-79.981169087,40.3865544572,"2500 BROWNSVILLE RD #307, Pittsburgh, PA 15210-",https://data.wprdc.org/dataset/pli-permits
SP-2019-08653,pittsburgh,2020-02-10,0,Sign Permit,NEW,false,Expired,-79.9671078597,40.4335903941,"1000 TECHNOLOGY DR, Pittsburgh, PA 15219-",https://data.wprdc.org/dataset/pli-permits
SP-2022-07281,pittsburgh,2022-06-08,0,Sign Permit,NEW,false,Issued,-80.0008451319,40.438339428,"326 3RD AVE, Pittsburgh, PA 15222-",https://data.wprdc.org/dataset/pli-permits
EP-2023-03839,pittsburgh,2023-03-14,0,ELECTRICAL,NEW CONSTRUCTION,true,Completed,-80.0794308566,40.4498994083,"104 CEDARWOOD PL, Pittsburgh, PA 15205-",https://data.wprdc.org/dataset/pli-permits
OLP-2021-20898,pittsburgh,2022-01-07,0,Occupant Load Placard Permit,NEW,false,Completed,-79.9440411345,40.4131022925,"159 MINDEN ST, Pittsburgh, PA 15207-",https://data.wprdc.org/dataset/pli-permits
SP-2022-11565,pittsburgh,2022-08-11,0,Sign Permit,NEW,false,Completed,-79.9668123584,40.470382376,"22 39TH ST, Pittsburgh, 15201-",https://data.wprdc.org/dataset/pli-permits
SSP-2022-08507,pittsburgh,2022-08-09,0,Suppression System Permit,NEW SYSTEM,false,Completed,-79.9373961933,40.4481567579,"5131 5TH AVE, Pittsburgh, PA 15232-",https://data.wprdc.org/dataset/pli-permits
OLP-2020-19132,pittsburgh,2020-11-25,0,Occupant Load Placard Permit,NEW,false,Completed,-79.897058498,40.4562691828,"7181 FLEURY Way, Pittsburgh, 15208-",https://data.wprdc.org/dataset/pli-permits
EP-2020-11900,pittsburgh,2020-08-13,0,ELECTRICAL,NEW CONSTRUCTION,true,Issued,-79.9884580762,40.4503625571,"1628 WATERFRONT PL, Pittsburgh, PA 15222-",https://data.wprdc.org/dataset/pli-permits
SP-2021-10464,pittsburgh,2021-11-01,0,Sign Permit,NEW,false,Issued,-80.0169291183,40.3921471951,"1019 BROOKLINE BLVD, Pittsburgh, 15226-",https://data.wprdc.org/dataset/pli-permits
EP-2020-20066,pittsburgh,2020-12-21,0,ELECTRICAL,NEW CONSTRUCTION,false,Completed,-79.9612759382,40.4711040525,"174 43RD ST, Pittsburgh, 15201-",https://data.wprdc.org/dataset/pli-permits
MP-2023-06913,pittsburgh,2023-05-15,0,MECHANICAL,NEW CONSTRUCTION,true,Completed,-79.9498193051,40.480949448,"5315 HOLMES ST, Pittsburgh, PA 15201-",https://data.wprdc.org/dataset/pli-permits
EP-2022-00537,pittsburgh,2022-01-14,0,ELECTRICAL,NEW CONSTRUCTION,true,Completed,-80.0133622703,40.455774631,"1233 MONTEREY ST, Pittsburgh, 15212-",https://data.wprdc.org/dataset/pli-permits
BP-2023-10045,pittsburgh,2023-07-31,0,BUILDING,NEW CONSTRUCTION,true,Completed,-79.9562087574,40.4712018933,"4602 DAVISON ST, Pittsburgh, PA 15201-",https://data.wprdc.org/dataset/pli-permits
EP-2020-12056,pittsburgh,2020-08-04,0,ELECTRICAL,NEW CONSTRUCTION,true,Completed,-79.9101883922,40.4553189626,"6706 MCPHERSON BLVD, Pittsburgh, 15208-",https://data.wprdc.org/dataset/pli-permits
BP-2019-03908,pittsburgh,2021-01-20,0,BUILDING,NEW CONSTRUCTION,true,Completed,-79.9623287275,40.4625895156,"504 37TH ST, Pittsburgh, PA 15201-",https://data.wprdc.org/dataset/pli-permits
BP-2022-09765,pittsburgh,2022-10-06,0,BUILDING,NEW CONSTRUCTION,false,Completed,-80.007112067,40.4559276701,"1201 FEDERAL ST #204, Pittsburgh, PA 15212-",https://data.wprdc.org/dataset/pli-permits
EP-2020-20037,pittsburgh,2020-12-15,0,ELECTRICAL,NEW CONSTRUCTION,true,Completed,-79.9486467266,40.4846708367,"146 56TH ST, Pittsburgh, PA 15201-",https://data.wprdc.org/dataset/pli-permits
OLP-2020-20787,pittsburgh,2021-01-11,0,Occupant Load Placard Permit,NEW,false,Completed,-79.9203659474,40.4382763699,"5869 FORBES AVE, Pittsburgh, PA 15217-",https://data.wprdc.org/dataset/pli-permits
FAS-2020-03011,pittsburgh,2020-05-06,0,Fire Alarm Permit,NEW SYSTEM,false,Completed,-79.964204632,40.4400292189,"318 CARLOW DR, Pittsburgh, PA 15213-",https://data.wprdc.org/dataset/pli-permits
MP-2021-04147,pittsburgh,2021-07-15,0,MECHANICAL,NEW CONSTRUCTION,false,Completed,-79.9964759922,40.4304363882,"68 S 4TH ST #11, Pittsburgh, PA 15219-",https://data.wprdc.org/dataset/pli-permits
OOP-2022-12599,pittsburgh,2022-09-13,0,Occupancy Only Permit,NEW USE,true,Completed,-79.9825219749,40.4671684489,"1816 RIALTO ST, Pittsburgh, 15212-",https://data.wprdc.org/dataset/pli-permits
EP-2024-09879,pittsburgh,2024-08-22,0,ELECTRICAL,NEW CONSTRUCTION,false,Completed,-79.9442056368,40.4116286437,"125 HAZELWOOD AVE #202, Pittsburgh, PA 15207-",https://data.wprdc.org/dataset/pli-permits
MP-2020-04979,pittsburgh,2020-07-15,0,MECHANICAL,NEW CONSTRUCTION,false,Completed,-79.9157299194,40.4570395031,"177 BAKERY SQUARE BLVD, Pittsburgh, PA 15206-",https://data.wprdc.org/dataset/pli-permits
SSP-2021-12075,pittsburgh,2021-10-29,0,Suppression System Permit,NEW SYSTEM,false,Completed,-79.9794685506,40.4446496962,"2033 CENTRE AVE, Pittsburgh, PA 15219",https://data.wprdc.org/dataset/pli-permits
BP-2023-12098,pittsburgh,2024-12-24,0,BUILDING,NEW CONSTRUCTION,false,Issued,-80.0221773774,40.4396272637,"1503 GRANDVIEW AVE, Pittsburgh, PA 15211-",https://data.wprdc.org/dataset/pli-permits
BP-2022-13374,pittsburgh,2023-06-29,0,BUILDING,NEW CONSTRUCTION,true,Issued,-80.0197014994,40.460932068,"902 MORRISON ST, Pittsburgh, PA 15212-",https://data.wprdc.org/dataset/pli-permits
EP-2023-03878,pittsburgh,2023-03-21,0,ELECTRICAL,NEW CONSTRUCTION,true,Completed,-80.0794308566,40.4498994083,"104 CEDARWOOD PL, Pittsburgh, PA 15205-",https://data.wprdc.org/dataset/pli-permits
BP-2023-14003,pittsburgh,2024-01-03,0,BUILDING,NEW CONSTRUCTION,true,Completed,-79.9965873203,40.4225790626,"618 EXCELSIOR ST, Pittsburgh, 15210-",https://data.wprdc.org/dataset/pli-permits
SP-2020-07056,pittsburgh,2021-03-18,0,Sign Permit,NEW,false,Completed,-79.9975988814,40.4433016141,"913 LIBERTY AVE, Pittsburgh, PA 15222-",https://data.wprdc.org/dataset/pli-permits
EP-2021-14526,pittsburgh,2022-02-09,0,ELECTRICAL,NEW CONSTRUCTION,false,Completed,-79.9210860992,40.46075395,"6231 PENN AVE, Pittsburgh, 15206-",https://data.wprdc.org/dataset/pli-permits
MP-2020-20118,pittsburgh,2021-01-22,0,MECHANICAL,NEW CONSTRUCTION,false,Completed,-79.9718808362,40.4423839981,No primary address specified,https://data.wprdc.org/dataset/pli-permits
BP-2022-17661,pittsburgh,2023-04-24,0,BUILDING,NEW CONSTRUCTION,false,Completed,-79.9255463383,40.4568199116,"316 S HIGHLAND AVE #402, Pittsburgh, PA 15206-",https://data.wprdc.org/dataset/pli-permits
EP-2023-11705,pittsburgh,2023-07-13,0,ELECTRICAL,NEW CONSTRUCTION,false,Completed,-79.9492671592,40.4633244597,"208 PEARL ST, Pittsburgh, PA 15224-",https://data.wprdc.org/dataset/pli-permits
BP-2023-19381,pittsburgh,2023-12-01,0,BUILDING,NEW CONSTRUCTION,false,Completed,-79.9515456468,40.4402668261,"374 JONCAIRE ST #2, Pittsburgh, PA 15213-",https://data.wprdc.org/dataset/pli-permits
EP-2020-11788,pittsburgh,2020-07-29,0,ELECTRICAL,NEW CONSTRUCTION,true,Completed,-80.0422080715,40.4133734957,"1354 CARNAHAN RD, Pittsburgh, PA 15220-",https://data.wprdc.org/dataset/pli-permits
SP-2024-10918,pittsburgh,2024-11-01,0,Sign Permit,NEW,false,Issued,-79.957559904,40.44143075,"3713 FORBES AVE, Pittsburgh, PA 15213-",https://data.wprdc.org/dataset/pli-permits
OLP-2022-00627,pittsburgh,2022-04-01,0,Occupant Load Placard Permit,NEW,false,Completed,-79.9296214621,40.4623681682,"141 S SAINT CLAIR ST #601, Pittsburgh, PA 15206-",https://data.wprdc.org/dataset/pli-permits
EP-2022-18053,pittsburgh,2022-11-22,0,ELECTRICAL,NEW CONSTRUCTION,true,Issued,-79.9888834894,40.4762318731,"2819 SPRING GARDEN AVE, Pittsburgh, 15212-",https://data.wprdc.org/dataset/pli-permits
OOP-2021-20790,pittsburgh,2021-12-28,0,Occupancy Only Permit,NEW USE,true,Completed,-79.930349004,40.4722891183,"5421 BAYWOOD ST, Pittsburgh, 15206-",https://data.wprdc.org/dataset/pli-permits
SP-2021-13670,pittsburgh,2021-11-09,0,Sign Permit,NEW,false,Completed,-79.9544225826,40.4660430443,"4201 PENN AVE, Pittsburgh, 15224-",https://data.wprdc.org/dataset/pli-permits
EP-2023-03947,pittsburgh,2023-03-21,0,ELECTRICAL,NEW CONSTRUCTION,true,Completed,-80.0794308566,40.4498994083,"104 CEDARWOOD PL, Pittsburgh, PA 15205-",https://data.wprdc.org/dataset/pli-permits
EP-2022-00417,pittsburgh,2022-02-11,0,ELECTRICAL,NEW CONSTRUCTION,false,Completed,-79.9653329962,40.4695679428,"129 39TH ST, Pittsburgh, PA 15201-",https://data.wprdc.org/dataset/pli-permits
SP-2022-01367,pittsburgh,2022-03-14,0,Sign Permit,NEW,false,Completed,-79.9393353302,40.4546013544,"5230 CENTRE AVE, Pittsburgh, PA 15232-",https://data.wprdc.org/dataset/pli-permits
FAS-2021-06965,pittsburgh,2021-08-25,0,Fire Alarm Permit,NEW SYSTEM,false,Completed,-79.9388345506,40.4644404087,"5228 PENN AVE #301, Pittsburgh, PA 15224-",https://data.wprdc.org/dataset/pli-permits
MP-2023-11654,pittsburgh,2023-09-27,0,MECHANICAL,NEW CONSTRUCTION,false,Completed,-80.0093046886,40.4460312776,"271 NORTH SHORE DR #700, Pittsburgh, PA 15212-",https://data.wprdc.org/dataset/pli-permits
MP-2023-11880,pittsburgh,2023-09-15,0,MECHANICAL,NEW CONSTRUCTION,true,Completed,-80.0794308566,40.4498994083,"104 CEDARWOOD PL, Pittsburgh, PA 15205-",https://data.wprdc.org/dataset/pli-permits
BP-2022-05321,pittsburgh,2022-07-26,0,BUILDING,NEW CONSTRUCTION,true,Issued,-79.9747843234,40.4305723244,"2130 MERRIMAN Way, Pittsburgh, PA 15203-",https://data.wprdc.org/dataset/pli-permits
EP-2022-17534,pittsburgh,2022-11-17,0,ELECTRICAL,NEW CONSTRUCTION,true,Completed,-79.9665466654,40.4568745508,"3115 BRERETON ST, Pittsburgh, 15219-",https://data.wprdc.org/dataset/pli-permits
EP-2020-06647,pittsburgh,2020-06-24,0,ELECTRICAL,NEW CONSTRUCTION,true,Completed,-79.9870537311,40.4513219111,"1730 WATERFRONT PL, Pittsburgh, PA 15222-",https://data.wprdc.org/dataset/pli-permits
EP-2022-11814,pittsburgh,2022-08-02,0,ELECTRICAL,NEW CONSTRUCTION,true,Completed,-79.9622990197,40.4723917944,"125 43RD ST, Pittsburgh, PA 15201-",https://data.wprdc.org/dataset/pli-permits
MP-2020-14139,pittsburgh,2021-04-28,0,MECHANICAL,NEW CONSTRUCTION,true,Completed,-79.9493714782,40.4844709086,"5559 BERLIN Way, Pittsburgh, PA 15201-",https://data.wprdc.org/dataset/pli-permits
SP-2023-08811,pittsburgh,2023-06-13,0,Sign Permit,NEW,false,Issued,-79.9216987188,40.4382551625,"5833 FORBES AVE, Pittsburgh, 15217-",https://data.wprdc.org/dataset/pli-permits
EP-2022-16111,pittsburgh,2022-10-17,0,ELECTRICAL,NEW CONSTRUCTION,true,Completed,-79.9622930312,40.4699712282,"174 41ST ST #2, Pittsburgh, PA 15201-",https://data.wprdc.org/dataset/pli-permits
SP-2020-20141,pittsburgh,2021-04-19,0,Sign Permit,NEW,false,Expired,-79.9307784089,40.449905016,"5609 5TH AVE, Pittsburgh, 15232-",https://data.wprdc.org/dataset/pli-permits
SSP-2024-06194,pittsburgh,2024-04-30,0,Suppression System Permit,NEW SYSTEM,false,Completed,-79.9566741343,40.4786710172,"242 51ST ST, Pittsburgh, 15201-",https://data.wprdc.org/dataset/pli-permits
BP-2019-08663,pittsburgh,2020-03-17,0,BUILDING,NEW CONSTRUCTION,true,Completed,-79.9668698799,40.4395566423,"116 BURROWS ST, Pittsburgh, PA 15213-",https://data.wprdc.org/dataset/pli-permits
MP-2023-17163,pittsburgh,2023-10-13,0,MECHANICAL,NEW CONSTRUCTION,true,Completed,-79.9771649275,40.4440258971,"2123 ROSE ST, Pittsburgh, PA 15219-",https://data.wprdc.org/dataset/pli-permits
SP-2021-12747,pittsburgh,2022-03-03,0,Sign Permit,NEW,false,Issued,-79.9156393486,40.459522117,"6400 HAMILTON AVE, Pittsburgh, 15206-",https://data.wprdc.org/dataset/pli-permits
SSP-2022-05276,pittsburgh,2022-04-14,0,Suppression System Permit,NEW SYSTEM,false,Completed,-79.9853753862,40.4360938132,"1400 LOCUST ST, Pittsburgh, 15219-",https://data.wprdc.org/dataset/pli-permits
MP-2021-03036,pittsburgh,2021-04-14,0,MECHANICAL,NEW CONSTRUCTION,true,Completed,-80.0096758609,40.4594150218,"134 E JEFFERSON ST, Pittsburgh, PA 15212-",https://data.wprdc.org/dataset/pli-permits
FAS-2024-03754,pittsburgh,2024-03-28,0,Fire Alarm Permit,NEW SYSTEM,false,Completed,-79.9491820242,40.4634147375,"204 PEARL ST, Pittsburgh, PA 15224-",https://data.wprdc.org/dataset/pli-permits
BP-2020-13418,pittsburgh,2020-09-25,0,BUILDING,NEW CONSTRUCTION,true,Completed,-80.0422648936,40.4135715192,"1357 KIRSOPP AVE, Pittsburgh, PA 15220-",https://data.wprdc.org/dataset/pli-permits
EP-2023-08844,pittsburgh,2023-05-26,0,ELECTRICAL,NEW CONSTRUCTION,true,Issued,-79.9352318031,40.4671814261,"305 N AIKEN AVE, Pittsburgh, PA 15206-",https://data.wprdc.org/dataset/pli-permits
MP-2023-15207,pittsburgh,2023-09-14,0,MECHANICAL,NEW CONSTRUCTION,true,Completed,-80.0794308566,40.4498994083,"104 CEDARWOOD PL, Pittsburgh, PA 15205-",https://data.wprdc.org/dataset/pli-permits
FAS-2020-07306,pittsburgh,2020-06-08,0,Fire Alarm Permit,NEW SYSTEM,false,Completed,-79.983590833,40.4627840332,"1408 LAGER ST, Pittsburgh, PA 15212-",https://data.wprdc.org/dataset/pli-permits
EP-2023-13392,pittsburgh,2023-08-09,0,ELECTRICAL,NEW CONSTRUCTION,true,Completed,-79.9350314977,40.4665592327,"234 N AIKEN AVE, Pittsburgh, 15206-",https://data.wprdc.org/dataset/pli-permits
SSP-2023-08065,pittsburgh,2023-07-06,0,Suppression System Permit,NEW SYSTEM,false,Completed,-79.9958684161,40.4377570324,"542 FORBES AVE, Pittsburgh, 15219-",https://data.wprdc.org/dataset/pli-permits
FAS-2020-07130,pittsburgh,2020-07-21,0,Fire Alarm Permit,NEW SYSTEM,false,Completed,-79.9418489039,40.4347042792,"4620 FREW ST, Pittsburgh, PA 15207-",https://data.wprdc.org/dataset/pli-permits
OOP-2021-06598,pittsburgh,2022-04-12,0,Occupancy Only Permit,NEW USE,false,Issued,-79.9717303213,40.4279762894,"2334 E CARSON ST, Pittsburgh, PA 15203-",https://data.wprdc.org/dataset/pli-permits
SP-2023-09208,pittsburgh,2023-08-08,0,Sign Permit,NEW,false,Issued,-80.0033887722,40.4537750878,"745 UNION PL, Pittsburgh, PA 15212-",https://data.wprdc.org/dataset/pli-permits
BP-2023-19380,pittsburgh,2023-12-01,0,BUILDING,NEW CONSTRUCTION,true,Completed,-79.9516551313,40.4402874712,"372 JONCAIRE ST #2, Pittsburgh, PA 15213-",https://data.wprdc.org/dataset/pli-permits
EP-2023-08498,pittsburgh,2023-05-31,0,ELECTRICAL,NEW CONSTRUCTION,true,Completed,-79.9333754179,40.4505594133,"5501 HOWE ST, Pittsburgh, PA 15232-",https://data.wprdc.org/dataset/pli-permits
MP-2020-05897,pittsburgh,2020-06-25,0,MECHANICAL,NEW CONSTRUCTION,true,Completed,-79.986816396,40.4514740245,"1746 WATERFRONT PL, Pittsburgh, PA 15222-",https://data.wprdc.org/dataset/pli-permits
OLP-2020-16504,pittsburgh,2020-11-06,0,Occupant Load Placard Permit,NEW,false,Expired,-79.9842471428,40.4516859773,"2010 SMALLMAN ST, Pittsburgh, PA 15222-",https://data.wprdc.org/dataset/pli-permits
FAS-2022-11096,pittsburgh,2022-08-30,0,Fire Alarm Permit,NEW SYSTEM,false,Completed,-79.9129207668,40.4650521708,"132 WINSLOW ST, Pittsburgh, PA 15206-",https://data.wprdc.org/dataset/pli-permits
BP-2022-08216,pittsburgh,2022-12-14,0,BUILDING,NEW CONSTRUCTION,true,Completed,-80.0794308566,40.4498994083,"104 CEDARWOOD PL, Pittsburgh, PA 15205-",https://data.wprdc.org/dataset/pli-permits
SSP-2023-04400,pittsburgh,2023-04-20,0,Suppression System Permit,NEW SYSTEM,false,Completed,-80.0155969049,40.4540711474,"810 W NORTH AVE #207, Pittsburgh, PA 15233-",https://data.wprdc.org/dataset/pli-permits
SP-2019-07860,pittsburgh,2020-07-02,0,Sign Permit,NEW,false,Completed,-79.9822782625,40.4541072222,"2358 RAILROAD ST, Pittsburgh, PA 15222-",https://data.wprdc.org/dataset/pli-permits
SSP-2023-10496,pittsburgh,2023-06-23,0,Suppression System Permit,NEW SYSTEM,false,Completed,-79.9527528068,40.4546339386,"419 MELWOOD AVE #1025, Pittsburgh, PA 15213-",https://data.wprdc.org/dataset/pli-permits
FAS-2020-06515,pittsburgh,2020-06-19,0,Fire Alarm Permit,NEW SYSTEM,false,Completed,-79.9598417853,40.4376402516,"231 HALKET ST, Pittsburgh, 15213-",https://data.wprdc.org/dataset/pli-permits
FAS-2022-02957,pittsburgh,2022-04-21,0,Fire Alarm Permit,NEW SYSTEM,false,Completed,-79.9684280981,40.4603506967,"3234 LIBERTY AVE #562, Pittsburgh, PA 15201-",https://data.wprdc.org/dataset/pli-permits
BP-2020-09174,pittsburgh,2021-05-18,0,BUILDING,NEW CONSTRUCTION,true,Completed,-80.0101684625,40.4581746278,"213 ALPINE AVE, Pittsburgh, PA 15212-",https://data.wprdc.org/dataset/pli-permits
MP-2023-16464,pittsburgh,2023-12-29,0,MECHANICAL,NEW CONSTRUCTION,false,Completed,-79.962266529,40.4386625166,"3368 5TH AVE #102, Pittsburgh, PA 15213-",https://data.wprdc.org/dataset/pli-permits
SSP-2019-11644,pittsburgh,2020-11-09,0,Suppression System Permit,NEW SYSTEM,false,Completed,-79.9509403911,40.4777236,"728 52ND ST, Pittsburgh, PA 15201-",https://data.wprdc.org/dataset/pli-permits
FAS-2021-17016,pittsburgh,2021-11-23,0,Fire Alarm Permit,NEW SYSTEM,false,Completed,-79.9975988814,40.4433016141,"913 LIBERTY AVE, Pittsburgh, PA 15222-",https://data.wprdc.org/dataset/pli-permits
BP-2024-08785,pittsburgh,2024-10-03,0,BUILDING,NEW CONSTRUCTION,false,Application Finalization,-79.9590168681,40.4704397556,"233 43RD ST, Pittsburgh, PA 15201-",https://data.wprdc.org/dataset/pli-permits
MP-2020-19690,pittsburgh,2020-12-17,0,MECHANICAL,NEW CONSTRUCTION,true,Completed,-79.9878333698,40.4506348221,No primary address specified,https://data.wprdc.org/dataset/pli-permits
OLP-2023-13541,pittsburgh,2023-09-15,0,Occupant Load Placard Permit,NEW,false,Completed,-79.9164755976,40.4571499652,"177 BAKERY SQUARE BLVD, Pittsburgh, PA 15206-",https://data.wprdc.org/dataset/pli-permits
SSP-2022-08503,pittsburgh,2022-08-09,0,Suppression System Permit,NEW SYSTEM,false,Completed,-79.9373961933,40.4481567579,"5131 5TH AVE, Pittsburgh, PA 15232-",https://data.wprdc.org/dataset/pli-permits
OOP-2020-00228,pittsburgh,2020-01-31,0,Occupancy Only Permit,NEW USE,true,Completed,-79.8939112417,40.4617256315,"7214 UPLAND ST, Pittsburgh, 15208-",https://data.wprdc.org/dataset/pli-permits
EP-2021-15159,pittsburgh,2022-01-13,0,ELECTRICAL,NEW CONSTRUCTION,false,Issued,-79.9488271484,40.4479379179,"128 N CRAIG ST, Pittsburgh, PA 15213",https://data.wprdc.org/dataset/pli-permits
MP-2023-14490,pittsburgh,2023-09-01,0,MECHANICAL,NEW CONSTRUCTION,true,Completed,-80.0428134875,40.4403859065,"800 HERSCHEL ST, Pittsburgh, PA 15220-",https://data.wprdc.org/dataset/pli-permits
OOP-2022-19161,pittsburgh,2023-09-14,0,Occupancy Only Permit,NEW USE,false,Completed,-79.9329186423,40.4516759655,"5525 WALNUT ST, Pittsburgh, PA 15232-",https://data.wprdc.org/dataset/pli-permits
FAS-2023-21262,pittsburgh,2024-01-05,0,Fire Alarm Permit,NEW SYSTEM,false,Completed,-80.080342908,40.4450218346,"2260 ROSWELL DR #115, Pittsburgh, PA 15205-",https://data.wprdc.org/dataset/pli-permits
MP-2023-15317,pittsburgh,2023-09-14,0,MECHANICAL,NEW CONSTRUCTION,true,Completed,-80.0794308566,40.4498994083,"104 CEDARWOOD PL, Pittsburgh, PA 15205-",https://data.wprdc.org/dataset/pli-permits
OOP-2021-13003,pittsburgh,2022-05-25,0,Occupancy Only Permit,NEW USE,false,Completed,-79.9269917849,40.4590395011,"5956 CENTRE AVE, Pittsburgh, PA 15206-",https://data.wprdc.org/dataset/pli-permits
SP-2020-01041,pittsburgh,2020-02-05,0,Sign Permit,NEW,false,Expired,-79.9582391449,40.4660408851,"310 FISK ST, Pittsburgh, PA 15201-",https://data.wprdc.org/dataset/pli-permits
MP-2021-19288,pittsburgh,2021-12-01,0,MECHANICAL,NEW CONSTRUCTION,true,Completed,-79.9260783769,40.4678613675,"513 N SAINT CLAIR ST, Pittsburgh, PA 15206-",https://data.wprdc.org/dataset/pli-permits
MP-2024-06817,pittsburgh,2024-05-08,0,MECHANICAL,NEW CONSTRUCTION,true,Completed,-79.981645253,40.4410720618,"1829 REED ST, Pittsburgh, PA 15219-",https://data.wprdc.org/dataset/pli-permits
BP-2020-05304,pittsburgh,2020-07-09,0,BUILDING,NEW CONSTRUCTION,true,Completed,-80.0154680326,40.4331997715,"242 BIGHAM ST, Pittsburgh, 15211-",https://data.wprdc.org/dataset/pli-permits
MP-2023-12256,pittsburgh,2023-08-03,0,MECHANICAL,NEW CONSTRUCTION,true,Completed,-79.9346354016,40.4667583522,"5410 ROSETTA ST, Pittsburgh, PA 15206-",https://data.wprdc.org/dataset/pli-permits
EP-2024-07141,pittsburgh,2024-07-29,0,ELECTRICAL,NEW CONSTRUCTION,false,Issued,-79.9857235537,40.4391667513,"235 PRIDE ST, Pittsburgh, PA 15219-",https://data.wprdc.org/dataset/pli-permits
EP-2019-07632,pittsburgh,2020-02-26,0,ELECTRICAL,NEW CONSTRUCTION,false,Completed,-79.9779828832,40.4585551519,"2801 RAILROAD ST, Pittsburgh, PA 15222-",https://data.wprdc.org/dataset/pli-permits
SP-2024-11219,pittsburgh,2024-08-22,0,Sign Permit,NEW,false,Completed,-80.0313455893,40.413980813,"1428 BANKSVILLE RD, Pittsburgh, 15216-",https://data.wprdc.org/dataset/pli-permits
OLP-2022-08448,pittsburgh,2022-06-22,0,Occupant Load Placard Permit,NEW,false,Completed,-79.9296214621,40.4623681682,"141 S SAINT CLAIR ST #601, Pittsburgh, PA 15206-",https://data.wprdc.org/dataset/pli-permits
SP-2020-00725,pittsburgh,2020-02-04,0,Sign Permit,NEW,false,Completed,-79.9485233329,40.4446808469,"417 S CRAIG ST, Pittsburgh, PA 15213-",https://data.wprdc.org/dataset/pli-permits
MP-2021-08239,pittsburgh,2021-06-24,0,MECHANICAL,NEW CONSTRUCTION,false,Completed,-79.9678780585,40.4600244522,"3220 SASSAFRAS Way #414, Pittsburgh, PA 15201-",https://data.wprdc.org/dataset/pli-permits
BP-2024-05313,pittsburgh,2024-08-29,0,BUILDING,NEW CONSTRUCTION,false,Issued,-80.0582049547,40.4603794161,"446 STADIUM ST, Pittsburgh, PA 15204-",https://data.wprdc.org/dataset/pli-permits
SSP-2021-02872,pittsburgh,2021-04-15,0,Suppression System Permit,NEW SYSTEM,false,Completed,-79.895407612,40.4488368125,"7514 THOMAS BLVD, Pittsburgh, PA 15208-",https://data.wprdc.org/dataset/pli-permits
SSP-2023-05512,pittsburgh,2023-04-21,0,Suppression System Permit,NEW SYSTEM,false,Completed,-80.0080661064,40.4468565587,"220 NORTH SHORE DR #628, Pittsburgh, PA 15212-",https://data.wprdc.org/dataset/pli-permits
MP-2024-06655,pittsburgh,2024-05-03,0,MECHANICAL,NEW CONSTRUCTION,true,Completed,-79.9819997078,40.4398191177,"1738 REED ST #424, Pittsburgh, PA 15219-",https://data.wprdc.org/dataset/pli-permits
SP-2021-16189,pittsburgh,2023-10-04,0,Sign Permit,NEW,false,Issued,-80.023979663,40.4275819949,"840 SAW MILL RUN BLVD, Pittsburgh, 15220-",https://data.wprdc.org/dataset/pli-permits
EP-2022-12616,pittsburgh,2022-12-15,0,ELECTRICAL,NEW CONSTRUCTION,true,Completed,-79.9879335135,40.445388572,"1547 CLIFF ST, Pittsburgh, PA 15219-",https://data.wprdc.org/dataset/pli-permits
EP-2024-02029,pittsburgh,2024-02-15,0,ELECTRICAL,NEW CONSTRUCTION,true,Completed,-79.9394958047,40.4117599738,"341 FLOWERS AVE, Pittsburgh, PA 15207-",https://data.wprdc.org/dataset/pli-permits
MP-2020-14038,pittsburgh,2020-10-08,0,MECHANICAL,NEW CONSTRUCTION,true,Completed,-79.9495626968,40.4843246656,"5547 BERLIN Way, Pittsburgh, PA 15201-",https://data.wprdc.org/dataset/pli-permits
BP-2022-09552,pittsburgh,2022-12-14,0,BUILDING,NEW CONSTRUCTION,true,Completed,-80.0794308566,40.4498994083,"104 CEDARWOOD PL, Pittsburgh, PA 15205-",https://data.wprdc.org/dataset/pli-permits
SSP-2023-07979,pittsburgh,2023-07-10,0,Suppression System Permit,NEW SYSTEM,false,Completed,-80.0430510996,40.4748309616,"3300 PREBLE AVE #420, Pittsburgh, PA 15233-",https://data.wprdc.org/dataset/pli-permits
OOP-2022-01477,pittsburgh,2022-09-01,0,Occupancy Only Permit,NEW USE,false,Completed,-79.9776405623,40.4585891413,"40 HOPPER PL, Pittsburgh, PA 15222-",https://data.wprdc.org/dataset/pli-permits
EP-2023-15877,pittsburgh,2023-09-25,0,ELECTRICAL,NEW CONSTRUCTION,true,Completed,-80.0198302786,40.4527104942,"1012 ABDELL ST, Pittsburgh, 15233-",https://data.wprdc.org/dataset/pli-permits
BP-2023-17989,pittsburgh,2024-01-03,0,BUILDING,NEW CONSTRUCTION,true,Completed,-79.9947498429,40.4226432349,"728 EXCELSIOR ST, Pittsburgh, PA 15210-",https://data.wprdc.org/dataset/pli-permits
EP-2022-09494,pittsburgh,2022-07-19,0,ELECTRICAL,NEW CONSTRUCTION,false,Completed,-79.9892654826,40.4493658629,"131 15TH ST, Pittsburgh, PA 15222-",https://data.wprdc.org/dataset/pli-permits
MP-2024-07560,pittsburgh,2024-06-03,0,MECHANICAL,NEW CONSTRUCTION,false,Completed,-79.9914618561,40.4415602968,"626 WASHINGTON PL #2501, Pittsburgh, PA 15219-",https://data.wprdc.org/dataset/pli-permits
EP-2021-02307,pittsburgh,2022-05-17,0,ELECTRICAL,NEW CONSTRUCTION,false,Completed,-80.0462399238,40.4791642542,"3300 PREBLE AVE #840, Pittsburgh, PA 15233-",https://data.wprdc.org/dataset/pli-permits
BP-2020-10389,pittsburgh,2020-10-02,0,BUILDING,NEW CONSTRUCTION,true,Completed,-79.98555309,40.4248040059,"100 BROSVILLE ST, Pittsburgh, 15203-",https://data.wprdc.org/dataset/pli-permits
SSP-2023-06334,pittsburgh,2023-11-29,0,Suppression System Permit,NEW SYSTEM,false,Issued,-79.9200016721,40.4377665212,"5876 FORBES AVE #301, Pittsburgh, PA 15217-",https://data.wprdc.org/dataset/pli-permits
BP-2021-14605,pittsburgh,2023-03-09,0,BUILDING,NEW CONSTRUCTION,true,Completed,-79.9373990739,40.4663225334,"5316 KINCAID ST, Pittsburgh, PA 15224-",https://data.wprdc.org/dataset/pli-permits
EP-2024-10323,pittsburgh,2024-07-16,0,ELECTRICAL,NEW CONSTRUCTION,true,Completed,-80.0045514507,40.3746342173,"2928 HOMEHURST AVE, Pittsburgh, 15234-",https://data.wprdc.org/dataset/pli-permits
EP-2023-05055,pittsburgh,2023-04-10,0,ELECTRICAL,NEW CONSTRUCTION,false,Completed,-79.9892990452,40.4380964887,"1045 FORBES AVE #1125, Pittsburgh, PA 15219-",https://data.wprdc.org/dataset/pli-permits
BP-2023-20550,pittsburgh,2024-12-24,0,BUILDING,NEW CONSTRUCTION,false,Issued,-80.0237508775,40.4404321481,"1617 GRANDVIEW AVE, Pittsburgh, PA 15211-",https://data.wprdc.org/dataset/pli-permits
MP-2023-12255,pittsburgh,2023-12-27,0,MECHANICAL,NEW CONSTRUCTION,true,Completed,-79.9350314977,40.4665592327,"234 N AIKEN AVE, Pittsburgh, 15206-",https://data.wprdc.org/dataset/pli-permits
SP-2020-12906,pittsburgh,2021-05-17,0,Sign Permit,NEW,false,Issued,-79.9409082948,40.4888682443,"32 62ND ST, Pittsburgh, PA 15201-",https://data.wprdc.org/dataset/pli-permits
EP-2021-07063,pittsburgh,2021-06-28,0,ELECTRICAL,NEW CONSTRUCTION,false,Completed,-79.9640089066,40.4330887045,"743 TECHNOLOGY DR #2, Pittsburgh, PA 15219-",https://data.wprdc.org/dataset/pli-permits
BP-2021-02742,pittsburgh,2021-07-09,0,BUILDING,NEW CONSTRUCTION,false,Completed,-80.0234379644,40.4594777166,"1144 KIRKBRIDE ST #411, Pittsburgh, PA 15212-",https://data.wprdc.org/dataset/pli-permits
MP-2021-13197,pittsburgh,2021-08-10,0,MECHANICAL,NEW CONSTRUCTION,true,Completed,-80.0085214545,40.4291719728,"116 1/2 NATCHEZ ST, Pittsburgh, 15211-",https://data.wprdc.org/dataset/pli-permits
FAS-2020-16309,pittsburgh,2020-11-30,0,Fire Alarm Permit,NEW SYSTEM,false,Completed,-79.9788120911,40.4549763163,"2549 PENN AVE, Pittsburgh, 15222-",https://data.wprdc.org/dataset/pli-permits
BDA-2024-01396,pittsburgh,2024-07-24,0,Building & Development Application,New Construction,false,Completed,-79.9856309338,40.4496964796,"1700 PENN AVE, Pittsburgh, 15222-",https://data.wprdc.org/dataset/pli-permits
FAS-2022-06194,pittsburgh,2022-08-01,0,Fire Alarm Permit,NEW SYSTEM,false,Completed,-79.9982264484,40.4542904725,"705 EAST ST #204, Pittsburgh, PA 15212-",https://data.wprdc.org/dataset/pli-permits
OOP-2020-13197,pittsburgh,2021-03-19,0,Occupancy Only Permit,NEW USE,false,Completed,-80.0165608598,40.3915536317,"1036 BROOKLINE BLVD, Pittsburgh, PA 15226-",https://data.wprdc.org/dataset/pli-permits
MP-2023-15677,pittsburgh,2023-09-20,0,MECHANICAL,NEW CONSTRUCTION,true,Completed,-80.0794308566,40.4498994083,"104 CEDARWOOD PL, Pittsburgh, PA 15205-",https://data.wprdc.org/dataset/pli-permits
EP-2021-19636,pittsburgh,2021-12-08,0,ELECTRICAL,NEW CONSTRUCTION,true,Completed,-80.0369817067,40.4816728894,"1419 ORCHLEE ST, Pittsburgh, 15212-",https://data.wprdc.org/dataset/pli-permits
BP-2021-13583,pittsburgh,2021-11-30,0,BUILDING,NEW CONSTRUCTION,true,Issued,-80.0182830687,40.4380468692,"1204 GRANDVIEW AVE, Pittsburgh, PA 15211-",https://data.wprdc.org/dataset/pli-permits
OLP-2023-13833,pittsburgh,2023-09-14,0,Occupant Load Placard Permit,NEW,false,Completed,-79.9754906449,40.4573148323,"2819 PENN AVE #411, Pittsburgh, PA 15222-",https://data.wprdc.org/dataset/pli-permits
SP-2020-03005,pittsburgh,2020-07-24,0,Sign Permit,NEW,false,Completed,-79.9107938291,40.4576365765,"6600 HAMILTON AVE, Pittsburgh, PA 15206-",https://data.wprdc.org/dataset/pli-permits
FAS-2020-01521,pittsburgh,2020-05-21,0,Fire Alarm Permit,NEW SYSTEM,false,Completed,-79.9252426905,40.4631183454,"211 N WHITFIELD ST, Pittsburgh, PA 15206-",https://data.wprdc.org/dataset/pli-permits
SP-2023-18888,pittsburgh,2023-12-01,0,Sign Permit,NEW,false,Completed,-80.0047899978,40.4429946157,"625 STANWIX ST, Pittsburgh, 15222-",https://data.wprdc.org/dataset/pli-permits
SP-2020-18228,pittsburgh,2020-12-16,0,Sign Permit,NEW,false,Expired,-79.9485926002,40.4161119302,"4427 LYTLE ST, Pittsburgh, PA 15207-",https://data.wprdc.org/dataset/pli-permits
OLP-2021-17079,pittsburgh,2021-12-17,0,Occupant Load Placard Permit,NEW,false,Expired,-79.9983361881,40.4396403468,"440 SMITHFIELD ST, Pittsburgh, PA 15222-",https://data.wprdc.org/dataset/pli-permits
MP-2022-02955,pittsburgh,2022-05-11,0,MECHANICAL,NEW CONSTRUCTION,false,Completed,-79.9229964275,40.4293998406,"5808 FORWARD AVE, Pittsburgh, PA 15217-",https://data.wprdc.org/dataset/pli-permits
MP-2021-01344,pittsburgh,2021-04-27,0,MECHANICAL,NEW CONSTRUCTION,true,Completed,-79.9489275906,40.4846686339,"5585 BERLIN Way, Pittsburgh, PA 15201-",https://data.wprdc.org/dataset/pli-permits
MP-2022-14950,pittsburgh,2022-09-21,0,MECHANICAL,NEW CONSTRUCTION,true,Completed,-80.0055544283,40.4583072476,"1427 SANDUSKY ST, Pittsburgh, PA 15212-",https://data.wprdc.org/dataset/pli-permits
MP-2020-19152,pittsburgh,2020-12-17,0,MECHANICAL,NEW CONSTRUCTION,false,Completed,-79.9508657032,40.4780841232,"713 52ND ST, Pittsburgh, PA 15201-",https://data.wprdc.org/dataset/pli-permits
BP-2021-20503,pittsburgh,2022-06-16,0,BUILDING,NEW CONSTRUCTION,false,Completed,-80.0346435645,40.4875020859,"1020 BENTON AVE, Pittsburgh, PA 15212-",https://data.wprdc.org/dataset/pli-permits
OLP-2023-14812,pittsburgh,2023-10-13,0,Occupant Load Placard Permit,NEW,false,Completed,-80.0047064017,40.4408226171,"444 LIBERTY AVE, Pittsburgh, PA 15222-",https://data.wprdc.org/dataset/pli-permits
MP-2023-15215,pittsburgh,2023-09-14,0,MECHANICAL,NEW CONSTRUCTION,true,Completed,-80.0794308566,40.4498994083,"104 CEDARWOOD PL, Pittsburgh, PA 15205-",https://data.wprdc.org/dataset/pli-permits
SSP-2022-06167,pittsburgh,2022-08-19,0,Suppression System Permit,NEW SYSTEM,false,Completed,-80.0179206755,40.4606134183,"1914 FLOCKER ST #203, Pittsburgh, PA 15212-",https://data.wprdc.org/dataset/pli-permits
BP-2022-08219,pittsburgh,2022-12-14,0,BUILDING,NEW CONSTRUCTION,true,Completed,-80.0794308566,40.4498994083,"104 CEDARWOOD PL, Pittsburgh, PA 15205-",https://data.wprdc.org/dataset/pli-permits
SP-2024-11168,pittsburgh,2024-08-20,0,Sign Permit,NEW,false,Issued,-79.8867522022,40.4867976046,"1028 FREEPORT RD, Pittsburgh, 15238-",https://data.wprdc.org/dataset/pli-permits
FP-2023-08453,pittsburgh,2023-11-13,0,Floodplain Permit,New Construction,false,Issued,-79.9842097179,40.4530446649,"2128 RAILROAD ST, Pittsburgh, PA 15222-",https://data.wprdc.org/dataset/pli-permits
EP-2020-11897,pittsburgh,2020-08-13,0,ELECTRICAL,NEW CONSTRUCTION,true,Issued,-79.9883995488,40.4504028603,"1630 WATERFRONT PL, Pittsburgh, PA 15222-",https://data.wprdc.org/dataset/pli-permits
SP-2022-00725,pittsburgh,2022-01-24,0,Sign Permit,NEW,false,Completed,-79.9606255492,40.4412941279,"3500 VICTORIA ST, Pittsburgh, PA 15261-",https://data.wprdc.org/dataset/pli-permits
BP-2020-01293,pittsburgh,2020-06-30,0,BUILDING,NEW CONSTRUCTION,false,Completed,-80.0304062567,40.4123959868,No primary address specified,https://data.wprdc.org/dataset/pli-permits
FAS-2021-05319,pittsburgh,2021-06-25,0,Fire Alarm Permit,NEW SYSTEM,false,Completed,-80.0039529406,40.4484229128,"200 FEDERAL ST, Pittsburgh, PA 15212-",https://data.wprdc.org/dataset/pli-permits
EP-2022-01893,pittsburgh,2022-03-07,0,ELECTRICAL,NEW CONSTRUCTION,true,Completed,-79.9195520773,40.4235130258,"2853 BEECHWOOD BLVD, Pittsburgh, 15217-",https://data.wprdc.org/dataset/pli-permits
MP-2024-04224,pittsburgh,2024-05-10,0,MECHANICAL,NEW CONSTRUCTION,true,Completed,-79.9907239981,40.4622894341,"1301 ITIN ST, Pittsburgh, PA 15212-",https://data.wprdc.org/dataset/pli-permits
FAS-2023-13790,pittsburgh,2024-01-09,0,Fire Alarm Permit,NEW SYSTEM,false,Completed,-79.9211060768,40.4587972853,"163 SHADY AVE #114, Pittsburgh, PA 15206-",https://data.wprdc.org/dataset/pli-permits
SP-2020-12788,pittsburgh,2020-11-30,0,Sign Permit,NEW,false,Issued,-79.9504939695,40.4526890027,"300 MELWOOD AVE #16, Pittsburgh, PA 15213-",https://data.wprdc.org/dataset/pli-permits
BP-2022-19369,pittsburgh,2023-11-22,0,BUILDING,NEW CONSTRUCTION,true,Completed,-80.0061994996,40.4563744955,"1211 BOYLE ST, Pittsburgh, PA 15212-",https://data.wprdc.org/dataset/pli-permits
MP-2023-03565,pittsburgh,2023-03-01,0,MECHANICAL,NEW CONSTRUCTION,true,Completed,-79.922395108,40.4689198984,"718 N BEATTY ST, Pittsburgh, 15206-",https://data.wprdc.org/dataset/pli-permits
BP-2023-14083,pittsburgh,2024-06-13,0,BUILDING,NEW CONSTRUCTION,true,Issued,-79.9681982009,40.4578863342,"316 HARMAR ST, Pittsburgh, PA 15219-",https://data.wprdc.org/dataset/pli-permits
OLP-2023-13019,pittsburgh,2023-08-09,0,Occupant Load Placard Permit,NEW,false,Completed,-79.9678780585,40.4600244522,"3220 SASSAFRAS Way #414, Pittsburgh, PA 15201-",https://data.wprdc.org/dataset/pli-permits
SP-2020-16709,pittsburgh,2020-11-12,0,Sign Permit,NEW,false,Completed,-79.9442403049,40.4091201421,"4918 2ND AVE, Pittsburgh, 15207-",https://data.wprdc.org/dataset/pli-permits
SP-2023-12870,pittsburgh,2023-08-16,0,Sign Permit,NEW,false,Completed,-79.9307133259,40.4639531997,"5585 PENN AVE, Pittsburgh, PA 15206-",https://data.wprdc.org/dataset/pli-permits
MP-2022-11218,pittsburgh,2022-08-02,0,MECHANICAL,NEW CONSTRUCTION,true,Completed,-80.0006428604,40.4554144637,"512 SUISMON ST, Pittsburgh, PA 15212-",https://data.wprdc.org/dataset/pli-permits
BP-2021-07830,pittsburgh,2021-06-16,0,BUILDING,NEW CONSTRUCTION,false,Completed,-80.0132119162,40.4593042018,"508 W JEFFERSON ST, Pittsburgh, PA 15212-",https://data.wprdc.org/dataset/pli-permits
MP-2023-20932,pittsburgh,2024-01-08,0,MECHANICAL,NEW CONSTRUCTION,true,Completed,-79.9461006348,40.4663719826,"4801 DEARBORN ST, Pittsburgh, 15224-",https://data.wprdc.org/dataset/pli-permits
OLP-2019-09635,pittsburgh,2020-01-13,0,Occupant Load Placard Permit,NEW,false,Completed,-79.94390358,40.4417684612,"4927 MARGARET MORRISON ST, Pittsburgh, PA 15213-",https://data.wprdc.org/dataset/pli-permits
FAS-2019-09971,pittsburgh,2020-03-10,0,Fire Alarm Permit,NEW SYSTEM,false,Completed,-79.9856309338,40.4496964796,"1700 PENN AVE, Pittsburgh, 15222-",https://data.wprdc.org/dataset/pli-permits
MP-2020-04187,pittsburgh,2020-06-04,0,MECHANICAL,NEW CONSTRUCTION,false,Completed,-79.9674064613,40.4622244447,"3350 PENN AVE #312, Pittsburgh, PA 15201-",https://data.wprdc.org/dataset/pli-permits
MP-2020-19746,pittsburgh,2021-03-02,0,MECHANICAL,NEW CONSTRUCTION,false,Completed,-80.0034461455,40.4418955326,"120 5TH AVE, Pittsburgh, 15222-",https://data.wprdc.org/dataset/pli-permits
EP-2022-13929,pittsburgh,2022-10-17,0,ELECTRICAL,NEW CONSTRUCTION,true,Completed,-80.0044637787,40.3876015181,"2140 GROVELAND ST, Pittsburgh, PA 15234-",https://data.wprdc.org/dataset/pli-permits
MP-2024-06943,pittsburgh,2024-08-15,0,MECHANICAL,NEW CONSTRUCTION,false,Completed,-79.9211060768,40.4587972853,"163 SHADY AVE #114, Pittsburgh, PA 15206-",https://data.wprdc.org/dataset/pli-permits
FAS-2024-03748,pittsburgh,2024-03-20,0,Fire Alarm Permit,NEW SYSTEM,false,Completed,-79.94911778,40.463482864,"202 PEARL ST, Pittsburgh, PA 15224-",https://data.wprdc.org/dataset/pli-permits
EP-2023-01200,pittsburgh,2023-04-13,0,ELECTRICAL,NEW CONSTRUCTION,false,Issued,-80.0177995755,40.4077223063,"1701 WEST LIBERTY AVE, Pittsburgh, 15226-",https://data.wprdc.org/dataset/pli-permits
EP-2023-03810,pittsburgh,2023-03-14,0,ELECTRICAL,NEW CONSTRUCTION,true,Completed,-80.0794308566,40.4498994083,"104 CEDARWOOD PL, Pittsburgh, PA 15205-",https://data.wprdc.org/dataset/pli-permits
BP-2023-20540,pittsburgh,2024-12-24,0,BUILDING,NEW CONSTRUCTION,false,Issued,-80.0239827781,40.4405439125,"1623 GRANDVIEW AVE, Pittsburgh, PA 15211-",https://data.wprdc.org/dataset/pli-permits
SP-2021-09600,pittsburgh,2021-07-15,0,Sign Permit,NEW,false,Completed,-80.0009800463,40.4536364706,"418 E OHIO ST, Pittsburgh, 15212-",https://data.wprdc.org/dataset/pli-permits
EP-2022-04893,pittsburgh,2022-04-05,0,ELECTRICAL,NEW CONSTRUCTION,true,Completed,-79.9137271043,40.4642496869,"6274 MEADOW ST, Pittsburgh, PA 15206-",https://data.wprdc.org/dataset/pli-permits
EP-2021-07318,pittsburgh,2021-05-05,0,ELECTRICAL,NEW CONSTRUCTION,true,Completed,-79.9096081597,40.4487468993,"329 S DALLAS AVE, Pittsburgh, 15208-",https://data.wprdc.org/dataset/pli-permits
MP-2023-07599,pittsburgh,2023-06-29,0,MECHANICAL,NEW CONSTRUCTION,false,Completed,-79.9590168681,40.4704397556,"233 43RD ST, Pittsburgh, PA 15201-",https://data.wprdc.org/dataset/pli-permits
FAS-2022-14252,pittsburgh,2022-11-07,0,Fire Alarm Permit,NEW SYSTEM,false,Completed,-80.0414405784,40.4855271496,"1869 PERROTT AVE, Pittsburgh, 15212-",https://data.wprdc.org/dataset/pli-permits
BP-2022-09542,pittsburgh,2022-12-14,0,BUILDING,NEW CONSTRUCTION,true,Completed,-80.0794308566,40.4498994083,"104 CEDARWOOD PL, Pittsburgh, PA 15205-",https://data.wprdc.org/dataset/pli-permits
FAS-2020-12267,pittsburgh,2020-09-11,0,Fire Alarm Permit,NEW SYSTEM,false,Completed,-80.0859878913,40.4426931777,"463 NAPOR BLVD #121, Pittsburgh, PA 15205-",https://data.wprdc.org/dataset/pli-permits
EP-2021-16012,pittsburgh,2021-11-09,0,ELECTRICAL,NEW CONSTRUCTION,false,Issued,-79.9997757621,40.4538912262,"530 E OHIO ST, Pittsburgh, 15212-",https://data.wprdc.org/dataset/pli-permits
MP-2023-04947,pittsburgh,2023-03-30,0,MECHANICAL,NEW CONSTRUCTION,true,Completed,-79.9193810213,40.4690086761,"6050 STANTON AVE, Pittsburgh, PA 15206-",https://data.wprdc.org/dataset/pli-permits
FP-2023-08439,pittsburgh,2023-11-13,0,Floodplain Permit,New Construction,false,Issued,-79.9842097179,40.4530446649,"2128 RAILROAD ST, Pittsburgh, PA 15222-",https://data.wprdc.org/dataset/pli-permits
EP-2023-03884,pittsburgh,2023-03-14,0,ELECTRICAL,NEW CONSTRUCTION,true,Completed,-80.0794308566,40.4498994083,"104 CEDARWOOD PL, Pittsburgh, PA 15205-",https://data.wprdc.org/dataset/pli-permits
SSP-2021-20538,pittsburgh,2022-01-27,0,Suppression System Permit,NEW SYSTEM,false,Completed,-80.0024142816,40.4401486786,"5 MARKET SQ, Pittsburgh, 15222-",https://data.wprdc.org/dataset/pli-permits
SSP-2022-15741,pittsburgh,2022-11-16,0,Suppression System Permit,NEW SYSTEM,false,Completed,-79.9982472075,40.4412252342,"535 SMITHFIELD ST #300, Pittsburgh, PA 15222-",https://data.wprdc.org/dataset/pli-permits
MP-2021-20390,pittsburgh,2022-02-15,0,MECHANICAL,NEW CONSTRUCTION,true,Completed,-80.0147368862,40.4285585216,"484 GRACE ST, Pittsburgh, PA 15211-",https://data.wprdc.org/dataset/pli-permits
SP-2022-11002,pittsburgh,2022-07-20,0,Sign Permit,NEW,false,Completed,-79.9620887022,40.4420305122,"3500 TERRACE ST, Pittsburgh, 15213-",https://data.wprdc.org/dataset/pli-permits
MP-2021-04397,pittsburgh,2021-04-22,0,MECHANICAL,NEW CONSTRUCTION,true,Completed,-80.0238937263,40.4345607807,"454 WYOLA ST, Pittsburgh, PA 15211-",https://data.wprdc.org/dataset/pli-permits
BP-2021-07400,pittsburgh,2021-07-19,0,BUILDING,NEW CONSTRUCTION,true,Completed,-79.9133217409,40.4652844329,"116 WINSLOW ST, Pittsburgh, PA 15206-",https://data.wprdc.org/dataset/pli-permits
SSP-2024-12929,pittsburgh,2024-11-27,0,Suppression System Permit,NEW SYSTEM,false,Issued,-79.974992254,40.4378382184,"2120 5TH AVE #414, Pittsburgh, PA 15219-",https://data.wprdc.org/dataset/pli-permits
OOP-2021-00293,pittsburgh,2021-02-23,0,Occupancy Only Permit,NEW USE,true,Completed,-79.9507424683,40.4598216824,"428 CEDARVILLE ST, Pittsburgh, 15224-",https://data.wprdc.org/dataset/pli-permits
MP-2024-00096,pittsburgh,2024-01-04,0,MECHANICAL,NEW CONSTRUCTION,true,Completed,-79.9397844298,40.4021254312,"5506 SUNNYSIDE ST, Pittsburgh, PA 15207-",https://data.wprdc.org/dataset/pli-permits
SP-2023-19946,pittsburgh,2023-12-15,0,Sign Permit,NEW,false,Completed,-79.9275565313,40.4621549752,"5818 PENN AVE, Pittsburgh, PA 15206-",https://data.wprdc.org/dataset/pli-permits
OLP-2022-09694,pittsburgh,2022-06-28,0,Occupant Load Placard Permit,NEW,false,Completed,-79.9648273521,40.4276700429,"425 CINEMA DR #201, Pittsburgh, PA 15203-",https://data.wprdc.org/dataset/pli-permits
MP-2022-08677,pittsburgh,2022-07-11,0,MECHANICAL,NEW CONSTRUCTION,false,Completed,-79.980643832,40.4531028523,"2330 PENN AVE #801, Pittsburgh, PA 15222-",https://data.wprdc.org/dataset/pli-permits
FAS-2023-13999,pittsburgh,2023-11-01,0,Fire Alarm Permit,NEW SYSTEM,false,Completed,-79.962266529,40.4386625166,"3368 5TH AVE #102, Pittsburgh, PA 15213-",https://data.wprdc.org/dataset/pli-permits
MP-2024-12308,pittsburgh,2024-10-09,0,MECHANICAL,NEW CONSTRUCTION,true,Completed,-79.9902632484,40.4240119827,"6 RENWICK ST, Pittsburgh, PA 15210-",https://data.wprdc.org/dataset/pli-permits
BP-2021-00770,pittsburgh,2021-06-17,0,BUILDING,NEW CONSTRUCTION,false,Completed,-79.9678780585,40.4600244522,"3220 SASSAFRAS Way #414, Pittsburgh, PA 15201-",https://data.wprdc.org/dataset/pli-permits
SP-2021-07491,pittsburgh,2021-05-20,0,Sign Permit,NEW,false,Completed,-80.0158036766,40.4563145404,"802 PENNSYLVANIA AVE, Pittsburgh, PA 15233-",https://data.wprdc.org/dataset/pli-permits
EP-2024-02133,pittsburgh,2024-02-14,0,ELECTRICAL,NEW CONSTRUCTION,true,Completed,-79.8952028586,40.4462226875,"129 S BRADDOCK AVE, Pittsburgh, 15221-",https://data.wprdc.org/dataset/pli-permits
MP-2024-05534,pittsburgh,2024-04-11,0,MECHANICAL,NEW CONSTRUCTION,true,Completed,-79.9526324369,40.4784458974,"5133 HOLMES ST, Pittsburgh, PA 15201-",https://data.wprdc.org/dataset/pli-permits
OLP-2021-05090,pittsburgh,2021-04-19,0,Occupant Load Placard Permit,NEW,false,Completed,-79.9418489039,40.4347042792,"4620 FREW ST, Pittsburgh, PA 15207-",https://data.wprdc.org/dataset/pli-permits
BP-2019-08741,pittsburgh,2020-03-13,0,BUILDING,NEW CONSTRUCTION,true,Completed,-79.9667501992,40.4390658883,"136 BURROWS ST, Pittsburgh, PA 15213-",https://data.wprdc.org/dataset/pli-permits
MP-2020-18820,pittsburgh,2020-12-16,0,MECHANICAL,NEW CONSTRUCTION,true,Completed,-79.9878333698,40.4506348221,No primary address specified,https://data.wprdc.org/dataset/pli-permits
SSP-2023-16405,pittsburgh,2023-11-29,0,Suppression System Permit,NEW SYSTEM,false,Completed,-79.9831405606,40.4410504426,"346 MILLER ST #303, Pittsburgh, PA 15219-",https://data.wprdc.org/dataset/pli-permits
SP-2021-16629,pittsburgh,2021-10-20,0,Sign Permit,NEW,false,Completed,-80.00473559,40.4331090422,"195 W STATION SQUARE DR, Pittsburgh, PA 15219-",https://data.wprdc.org/dataset/pli-permits
MP-2023-03826,pittsburgh,2023-06-28,0,MECHANICAL,NEW CONSTRUCTION,false,Completed,-79.9590168681,40.4704397556,"233 43RD ST, Pittsburgh, PA 15201-",https://data.wprdc.org/dataset/pli-permits
MP-2020-11912,pittsburgh,2021-09-24,0,MECHANICAL,NEW CONSTRUCTION,true,Issued,-79.963746244,40.4407356901,"241 CHESTERFIELD RD, Pittsburgh, 15213-",https://data.wprdc.org/dataset/pli-permits
MP-2022-02729,pittsburgh,2022-04-01,0,MECHANICAL,NEW CONSTRUCTION,false,Completed,-80.0038598636,40.442773067,"515 PENN AVE, Pittsburgh, 15222-",https://data.wprdc.org/dataset/pli-permits
BP-2022-08200,pittsburgh,2022-12-14,0,BUILDING,NEW CONSTRUCTION,true,Completed,-80.0794308566,40.4498994083,"104 CEDARWOOD PL, Pittsburgh, PA 15205-",https://data.wprdc.org/dataset/pli-permits
EP-2023-16665,pittsburgh,2023-10-04,0,ELECTRICAL,NEW CONSTRUCTION,true,Issued,-80.0176417765,40.4366356193,"122 HALLOCK ST, Pittsburgh, PA 15211-",https://data.wprdc.org/dataset/pli-permits
BDA-2024-01717,pittsburgh,2024-10-02,0,Building & Development Application,New Construction,false,Issued,-79.9609890327,40.4548438293,"3401 MILWAUKEE ST, Pittsburgh, 15219-",https://data.wprdc.org/dataset/pli-permits
EP-2020-02904,pittsburgh,2020-05-05,0,ELECTRICAL,NEW CONSTRUCTION,false,Completed,-79.9489764372,40.4800954688,"5310 DUNCAN ST, Pittsburgh, 15201-",https://data.wprdc.org/dataset/pli-permits
EP-2020-04090,pittsburgh,2020-05-01,0,ELECTRICAL,NEW CONSTRUCTION,true,Completed,-79.9667392441,40.4390101113,"138 BURROWS ST, Pittsburgh, PA 15213-",https://data.wprdc.org/dataset/pli-permits
OLP-2023-16433,pittsburgh,2024-11-20,0,Occupant Load Placard Permit,NEW,false,Completed,-79.9771220998,40.4561840746,"2703 PENN AVE, Pittsburgh, PA 15222-",https://data.wprdc.org/dataset/pli-permits
FAS-2023-01674,pittsburgh,2023-03-24,0,Fire Alarm Permit,NEW SYSTEM,false,Completed,-80.0155969049,40.4540711474,"810 W NORTH AVE #207, Pittsburgh, PA 15233-",https://data.wprdc.org/dataset/pli-permits
FAS-2022-01284,pittsburgh,2022-07-29,0,Fire Alarm Permit,NEW SYSTEM,false,Completed,-79.9586741342,40.4396582241,"3510 FORBES AVE, Pittsburgh, PA 15213-",https://data.wprdc.org/dataset/pli-permits
OLP-2023-15642,pittsburgh,2023-12-05,0,Occupant Load Placard Permit,NEW,false,Completed,-79.8867522022,40.4867976046,"1028 FREEPORT RD, Pittsburgh, 15238-",https://data.wprdc.org/dataset/pli-permits
OLP-2021-04748,pittsburgh,2021-04-22,0,Occupant Load Placard Permit,NEW,false,Completed,-79.9972117486,40.4417265917,"620 SMITHFIELD ST, Pittsburgh, PA 15222-",https://data.wprdc.org/dataset/pli-permits
MP-2020-05520,pittsburgh,2020-10-20,0,MECHANICAL,NEW CONSTRUCTION,false,Completed,-80.0093046886,40.4460312776,"271 NORTH SHORE DR #700, Pittsburgh, PA 15212-",https://data.wprdc.org/dataset/pli-permits
EP-2021-18327,pittsburgh,2021-12-20,0,ELECTRICAL,NEW CONSTRUCTION,false,Completed,-79.9997831661,40.437253574,"412 BLVD OF THE ALLIES #431, Pittsburgh, PA 15219-",https://data.wprdc.org/dataset/pli-permits
SSP-2024-11496,pittsburgh,2024-10-04,0,Suppression System Permit,NEW SYSTEM,false,Issued,-79.9284434137,40.4214895496,"4315 MURRAY AVE, Pittsburgh, PA 15217-",https://data.wprdc.org/dataset/pli-permits
SP-2022-07825,pittsburgh,2022-07-27,0,Sign Permit,NEW,false,Issued,-79.9296214621,40.4623681682,"141 S SAINT CLAIR ST #601, Pittsburgh, PA 15206-",https://data.wprdc.org/dataset/pli-permits
EP-2024-08338,pittsburgh,2024-06-04,0,ELECTRICAL,NEW CONSTRUCTION,true,Completed,-79.9173481837,40.4652075033,"22 MAYFLOWER ST, Pittsburgh, PA 15206-",https://data.wprdc.org/dataset/pli-permits
FAS-2024-10875,pittsburgh,2024-08-09,0,Fire Alarm Permit,NEW SYSTEM,false,Completed,-80.0249774821,40.3961425241,"2616 SHAWHAN AVE, Pittsburgh, 15226-",https://data.wprdc.org/dataset/pli-permits
BP-2021-19994,pittsburgh,2022-07-08,0,BUILDING,NEW CONSTRUCTION,true,Completed,-79.9353350039,40.466925891,"241 N AIKEN AVE, Pittsburgh, 15206-",https://data.wprdc.org/dataset/pli-permits
BP-2022-18896,pittsburgh,2023-03-30,0,BUILDING,NEW CONSTRUCTION,false,Issued,-80.0260192321,40.4191538077,"1000 TROPICAL AVE, Pittsburgh, 15216-",https://data.wprdc.org/dataset/pli-permits
MP-2024-12307,pittsburgh,2024-10-09,0,MECHANICAL,NEW CONSTRUCTION,true,Completed,-79.9902635484,40.4240792076,"8 RENWICK ST, Pittsburgh, PA 15210-",https://data.wprdc.org/dataset/pli-permits
SP-2020-09896,pittsburgh,2020-07-13,0,Sign Permit,NEW,false,Completed,-79.9371760866,40.4559434613,"5430 CENTRE AVE, Pittsburgh, 15232-",https://data.wprdc.org/dataset/pli-permits
BP-2021-16300,pittsburgh,2022-03-31,0,BUILDING,NEW CONSTRUCTION,false,Completed,-80.0033887722,40.4537750878,"745 UNION PL, Pittsburgh, PA 15212-",https://data.wprdc.org/dataset/pli-permits
EP-2024-10648,pittsburgh,2024-08-08,0,ELECTRICAL,NEW CONSTRUCTION,true,Completed,-79.9956330378,40.4236179217,"702 EUREKA ST, Pittsburgh, PA 15210-",https://data.wprdc.org/dataset/pli-permits
BP-2021-08651,pittsburgh,2021-07-21,0,BUILDING,NEW CONSTRUCTION,false,Completed,-79.999742107,40.4437901909,"731 PENN AVE #1113, Pittsburgh, PA 15222-",https://data.wprdc.org/dataset/pli-permits
BP-2023-02665,pittsburgh,2023-07-11,0,BUILDING,NEW CONSTRUCTION,false,Completed,-79.9231934238,40.460015708,"6226 PENN AVE, Pittsburgh, PA 15206-",https://data.wprdc.org/dataset/pli-permits
BP-2022-16429,pittsburgh,2023-07-20,0,BUILDING,NEW CONSTRUCTION,true,Completed,-80.0014575379,40.4536491837,"708 CEDAR AVE, Pittsburgh, PA 15212-",https://data.wprdc.org/dataset/pli-permits
MP-2024-09584,pittsburgh,2024-06-24,0,MECHANICAL,NEW CONSTRUCTION,true,Completed,-79.9173481837,40.4652075033,"22 MAYFLOWER ST, Pittsburgh, PA 15206-",https://data.wprdc.org/dataset/pli-permits
SP-2021-00211,pittsburgh,2021-03-18,0,Sign Permit,NEW,false,Completed,-79.9157299194,40.4570395031,"177 BAKERY SQUARE BLVD, Pittsburgh, PA 15206-",https://data.wprdc.org/dataset/pli-permits
MP-2021-01346,pittsburgh,2021-04-28,0,MECHANICAL,NEW CONSTRUCTION,true,Completed,-79.9489557286,40.4847161889,"5587 BERLIN Way, Pittsburgh, PA 15201-",https://data.wprdc.org/dataset/pli-permits
OLP-2021-09403,pittsburgh,2021-06-08,0,Occupant Load Placard Permit,NEW,false,Completed,-79.9104984168,40.4581197786,"108 TORRENS ST, Pittsburgh, PA 15206-",https://data.wprdc.org/dataset/pli-permits
SSP-2020-08155,pittsburgh,2021-05-25,0,Suppression System Permit,NEW SYSTEM,false,Completed,-79.9718808362,40.4423839981,No primary address specified,https://data.wprdc.org/dataset/pli-permits
BDA-2024-01270,pittsburgh,2024-11-01,0,Building & Development Application,New Construction,false,Issued,-80.0025280493,40.4401975035,"3 MARKET SQ, Pittsburgh, 15222-",https://data.wprdc.org/dataset/pli-permits
FAS-2020-06597,pittsburgh,2020-07-08,0,Fire Alarm Permit,NEW SYSTEM,false,Completed,-79.9157299194,40.4570395031,"177 BAKERY SQUARE BLVD, Pittsburgh, PA 15206-",https://data.wprdc.org/dataset/pli-permits
FAS-2020-04239,pittsburgh,2020-10-27,0,Fire Alarm Permit,NEW SYSTEM,false,Completed,-79.9325923778,40.4517813438,"5533 WALNUT ST #301, Pittsburgh, PA 15232-",https://data.wprdc.org/dataset/pli-permits
SSP-2020-18437,pittsburgh,2021-02-01,0,Suppression System Permit,NEW SYSTEM,false,Completed,-79.9567932126,40.4411062656,"216 OAKLAND AVE, Pittsburgh, PA 15213-",https://data.wprdc.org/dataset/pli-permits
SP-2020-17663,pittsburgh,2020-12-15,0,Sign Permit,NEW,false,Completed,-79.9639972173,40.4685327573,"3913 BUTLER ST, Pittsburgh, PA 15201-",https://data.wprdc.org/dataset/pli-permits
OLP-2020-15795,pittsburgh,2020-11-30,0,Occupant Load Placard Permit,NEW,false,Completed,-79.9788120911,40.4549763163,"2549 PENN AVE, Pittsburgh, 15222-",https://data.wprdc.org/dataset/pli-permits
MP-2022-07398,pittsburgh,2022-09-01,0,MECHANICAL,NEW CONSTRUCTION,false,Completed,-80.0760158911,40.4571810808,"3799 CHARTIERS AVE, Pittsburgh, 15204-",https://data.wprdc.org/dataset/pli-permits
BP-2023-10218,pittsburgh,2024-03-25,0,BUILDING,NEW CONSTRUCTION,true,Completed,-79.9819997078,40.4398191177,"1738 REED ST #424, Pittsburgh, PA 15219-",https://data.wprdc.org/dataset/pli-permits
MP-2020-19697,pittsburgh,2020-12-17,0,MECHANICAL,NEW CONSTRUCTION,true,Completed,-79.9878333698,40.4506348221,No primary address specified,https://data.wprdc.org/dataset/pli-permits
MP-2024-06663,pittsburgh,2024-05-03,0,MECHANICAL,NEW CONSTRUCTION,true,Completed,-79.9819997078,40.4398191177,"1738 REED ST #424, Pittsburgh, PA 15219-",https://data.wprdc.org/dataset/pli-permits
EP-2023-11275,pittsburgh,2023-07-05,0,ELECTRICAL,NEW CONSTRUCTION,true,Completed,-79.9354974238,40.4672967128,"5377 ROSETTA ST, Pittsburgh, 15224-",https://data.wprdc.org/dataset/pli-permits
MP-2020-02684,pittsburgh,2020-09-02,0,MECHANICAL,NEW CONSTRUCTION,false,Completed,-79.9313253344,40.4531425099,"711 S NEGLEY AVE #301, Pittsburgh, PA 15232-",https://data.wprdc.org/dataset/pli-permits
OOP-2022-05608,pittsburgh,2022-06-23,0,Occupancy Only Permit,NEW USE,false,Completed,-80.0122344597,40.4348260024,"501 GRANDVIEW AVE #Unit 2002, Pittsburgh, PA 15211",https://data.wprdc.org/dataset/pli-permits
SP-2021-13501,pittsburgh,2022-01-31,0,Sign Permit,NEW,false,Issued,-79.9912748545,40.441712114,"626 WASHINGTON PL #2501, Pittsburgh, PA 15219-",https://data.wprdc.org/dataset/pli-permits
SSP-2022-03377,pittsburgh,2022-03-18,0,Suppression System Permit,NEW SYSTEM,false,Completed,-79.9453528857,40.4077553397,"5007 LYTLE ST, Pittsburgh, PA 15207-",https://data.wprdc.org/dataset/pli-permits
SSP-2021-12644,pittsburgh,2022-01-12,0,Suppression System Permit,NEW SYSTEM,false,Completed,-79.9776779877,40.455798496,"2635 PENN AVE #508, Pittsburgh, PA 15222-",https://data.wprdc.org/dataset/pli-permits
SSP-2021-07309,pittsburgh,2021-06-24,0,Suppression System Permit,NEW SYSTEM,false,Completed,-79.9271135515,40.45782655,"235 SPAHR ST, Pittsburgh, 15232-",https://data.wprdc.org/dataset/pli-permits
EP-2021-09135,pittsburgh,2021-06-04,0,ELECTRICAL,NEW CONSTRUCTION,true,Completed,-80.0238402579,40.434652209,"450 WYOLA ST, Pittsburgh, PA 15211-",https://data.wprdc.org/dataset/pli-permits
MP-2024-12042,pittsburgh,2024-09-24,0,MECHANICAL,NEW CONSTRUCTION,true,Completed,-79.9935776072,40.4229757725,"803 EXCELSIOR ST, Pittsburgh, 15210-",https://data.wprdc.org/dataset/pli-permits
MP-2020-00348,pittsburgh,2020-05-18,0,MECHANICAL,NEW CONSTRUCTION,true,Completed,-79.9297090681,40.4684755981,"5503 MARGARETTA ST, Pittsburgh, 15206-",https://data.wprdc.org/dataset/pli-permits
SP-2022-06109,pittsburgh,2022-05-20,0,Sign Permit,NEW,false,Completed,-80.0103660708,40.4458399202,"337 NORTH SHORE DR, Pittsburgh, PA 15212-",https://data.wprdc.org/dataset/pli-permits
BP-2021-08547,pittsburgh,2022-01-11,0,BUILDING,NEW CONSTRUCTION,false,Completed,-79.9586741342,40.4396582241,"3510 FORBES AVE, Pittsburgh, PA 15213-",https://data.wprdc.org/dataset/pli-permits
SSP-2021-04392,pittsburgh,2021-06-17,0,Suppression System Permit,NEW SYSTEM,false,Completed,-79.9718808362,40.4423839981,No primary address specified,https://data.wprdc.org/dataset/pli-permits
OLP-2021-05158,pittsburgh,2021-06-03,0,Occupant Load Placard Permit,NEW,false,Completed,-79.9640967543,40.4643387549,"3523 PENN AVE, Pittsburgh, PA 15201-",https://data.wprdc.org/dataset/pli-permits
EP-2022-15533,pittsburgh,2022-11-14,0,ELECTRICAL,NEW CONSTRUCTION,false,Completed,-79.9590168681,40.4704397556,"233 43RD ST, Pittsburgh, PA 15201-",https://data.wprdc.org/dataset/pli-permits
OLP-2023-12057,pittsburgh,2023-07-27,0,Occupant Load Placard Permit,NEW,false,Completed,-80.0093046886,40.4460312776,"271 NORTH SHORE DR #700, Pittsburgh, PA 15212-",https://data.wprdc.org/dataset/pli-permits
EP-2020-09557,pittsburgh,2021-03-15,0,ELECTRICAL,NEW CONSTRUCTION,false,Completed,-79.9718808362,40.4423839981,No primary address specified,https://data.wprdc.org/dataset/pli-permits
EP-2019-07330,pittsburgh,2020-03-03,0,ELECTRICAL,NEW CONSTRUCTION,false,Completed,-79.8873663204,40.487941063,"977 FREEPORT RD, Pittsburgh, PA 15238-",https://data.wprdc.org/dataset/pli-permits
FAS-2023-10878,pittsburgh,2023-09-20,0,Fire Alarm Permit,NEW SYSTEM,false,Issued,-80.0139288116,40.4493736286,"821 RIDGE AVE, Pittsburgh, PA 15212-",https://data.wprdc.org/dataset/pli-permits
BP-2021-09242,pittsburgh,2021-07-27,0,BUILDING,NEW CONSTRUCTION,true,Completed,-79.9335405296,40.4665608265,"5438 ROSETTA ST, Pittsburgh, PA 15206-",https://data.wprdc.org/dataset/pli-permits
SSP-2019-08545,pittsburgh,2020-02-24,0,Suppression System Permit,NEW SYSTEM,false,Completed,-80.0225071404,40.453063737,"1202 W NORTH AVE #330, Pittsburgh, PA 15233-",https://data.wprdc.org/dataset/pli-permits
EP-2024-02750,pittsburgh,2024-02-23,0,ELECTRICAL,NEW CONSTRUCTION,true,Completed,-79.9397844298,40.4021254312,"5506 SUNNYSIDE ST, Pittsburgh, PA 15207-",https://data.wprdc.org/dataset/pli-permits
SSP-2020-08968,pittsburgh,2020-11-23,0,Suppression System Permit,NEW SYSTEM,false,Completed,-79.9835922908,40.436106554,"1622 LOCUST ST, Pittsburgh, PA 15219-",https://data.wprdc.org/dataset/pli-permits
BP-2020-07423,pittsburgh,2020-08-18,0,BUILDING,NEW CONSTRUCTION,true,Completed,-80.0094957381,40.4594946746,"128 E JEFFERSON ST, Pittsburgh, PA 15212-",https://data.wprdc.org/dataset/pli-permits
BP-2020-20778,pittsburgh,2021-06-25,0,BUILDING,NEW CONSTRUCTION,true,Completed,-80.0113452731,40.4592855101,"238 E JEFFERSON ST, Pittsburgh, PA 15212-",https://data.wprdc.org/dataset/pli-permits
EP-2023-12021,pittsburgh,2023-08-22,0,ELECTRICAL,NEW CONSTRUCTION,true,Completed,-79.9375447912,40.4671127484,"5302 ROSETTA ST, Pittsburgh, 15224-",https://data.wprdc.org/dataset/pli-permits
EP-2022-14371,pittsburgh,2022-10-28,0,ELECTRICAL,NEW CONSTRUCTION,false,Completed,-79.9946266331,40.4353091287,"700 2ND AVE #533, Pittsburgh, PA 15219-",https://data.wprdc.org/dataset/pli-permits
EP-2020-15695,pittsburgh,2020-11-12,0,ELECTRICAL,NEW CONSTRUCTION,false,Completed,-79.9301157775,40.4075678874,"965 RIVERMONT DR #206, Pittsburgh, PA 15207-",https://data.wprdc.org/dataset/pli-permits
SSP-2023-02272,pittsburgh,2023-05-04,0,Suppression System Permit,NEW SYSTEM,false,Completed,-79.9337853712,40.4514362193,"739 BELLEFONTE ST, Pittsburgh, PA 15232-",https://data.wprdc.org/dataset/pli-permits
MP-2023-15217,pittsburgh,2023-09-14,0,MECHANICAL,NEW CONSTRUCTION,true,Completed,-80.0794308566,40.4498994083,"104 CEDARWOOD PL, Pittsburgh, PA 15205-",https://data.wprdc.org/dataset/pli-permits
OLP-2021-11152,pittsburgh,2021-08-13,0,Occupant Load Placard Permit,NEW,false,Expired,-79.9850981286,40.4292376429,"57 S 13TH ST, Pittsburgh, PA 15203-",https://data.wprdc.org/dataset/pli-permits
SSP-2023-08564,pittsburgh,2023-08-18,0,Suppression System Permit,NEW SYSTEM,false,Completed,-79.9571541662,40.4411473206,"3708 FORBES AVE, Pittsburgh, PA 15213-",https://data.wprdc.org/dataset/pli-permits
EP-2022-03106,pittsburgh,2022-03-07,0,ELECTRICAL,NEW CONSTRUCTION,true,Completed,-80.0147808111,40.42848785,"488 GRACE ST, Pittsburgh, PA 15211-",https://data.wprdc.org/dataset/pli-permits
SSP-2021-19569,pittsburgh,2022-01-18,0,Suppression System Permit,NEW SYSTEM,false,Completed,-80.0132119162,40.4593042018,"508 W JEFFERSON ST, Pittsburgh, PA 15212-",https://data.wprdc.org/dataset/pli-permits
EP-2023-07564,pittsburgh,2023-05-26,0,ELECTRICAL,NEW CONSTRUCTION,true,Revoked,-79.935616674,40.4672985628,"5375 ROSETTA ST, Pittsburgh, 15224-",https://data.wprdc.org/dataset/pli-permits
OLP-2023-03738,pittsburgh,2023-05-11,0,Occupant Load Placard Permit,NEW,false,Completed,-79.9157299194,40.4570395031,"177 BAKERY SQUARE BLVD, Pittsburgh, PA 15206-",https://data.wprdc.org/dataset/pli-permits
MP-2021-07743,pittsburgh,2021-07-06,0,MECHANICAL,NEW CONSTRUCTION,true,Completed,-79.9667735921,40.4391631097,"132 BURROWS ST, Pittsburgh, PA 15213-",https://data.wprdc.org/dataset/pli-permits
FAS-2020-03674,pittsburgh,2020-09-16,0,Fire Alarm Permit,NEW SYSTEM,false,Completed,-79.9886534259,40.4509884461,"1679 WATERFRONT PL #371, Pittsburgh, PA 15222-",https://data.wprdc.org/dataset/pli-permits
MP-2023-07596,pittsburgh,2023-06-28,0,MECHANICAL,NEW CONSTRUCTION,false,Completed,-79.9590168681,40.4704397556,"233 43RD ST, Pittsburgh, PA 15201-",https://data.wprdc.org/dataset/pli-permits
OLP-2020-04916,pittsburgh,2020-11-12,0,Occupant Load Placard Permit,NEW,false,Completed,-79.9903585214,40.4486022823,"1447 SMALLMAN ST, Pittsburgh, PA 15222-",https://data.wprdc.org/dataset/pli-permits
FAS-2023-08348,pittsburgh,2023-05-26,0,Fire Alarm Permit,NEW SYSTEM,false,Completed,-79.9532432276,40.4552952804,"451 MELWOOD AVE, Pittsburgh, 15213-",https://data.wprdc.org/dataset/pli-permits
FAS-2023-16987,pittsburgh,2023-10-16,0,Fire Alarm Permit,NEW SYSTEM,false,Completed,-80.0179206755,40.4606134183,"1914 FLOCKER ST #203, Pittsburgh, PA 15212-",https://data.wprdc.org/dataset/pli-permits
EP-2022-12062,pittsburgh,2022-08-03,0,ELECTRICAL,NEW CONSTRUCTION,true,Completed,-79.9624564364,40.4698024455,"177 ALMOND Way, Pittsburgh, PA 15201-",https://data.wprdc.org/dataset/pli-permits
SSP-2021-18042,pittsburgh,2023-09-27,0,Suppression System Permit,NEW SYSTEM,false,Completed,-80.0093773125,40.4580185669,"1500 ARCH ST, Pittsburgh, PA 15212-",https://data.wprdc.org/dataset/pli-permits
EP-2021-07922,pittsburgh,2021-08-03,0,ELECTRICAL,NEW CONSTRUCTION,false,Completed,-79.9617216464,40.4310612357,"350 TECHNOLOGY DR #611, Pittsburgh, PA 15219-",https://data.wprdc.org/dataset/pli-permits
MP-2020-06918,pittsburgh,2020-12-15,0,MECHANICAL,NEW CONSTRUCTION,false,Completed,-79.9328580186,40.4200304837,"705 HAZELWOOD AVE, Pittsburgh, PA 15217-",https://data.wprdc.org/dataset/pli-permits
MP-2023-15319,pittsburgh,2023-09-14,0,MECHANICAL,NEW CONSTRUCTION,true,Completed,-80.0794308566,40.4498994083,"104 CEDARWOOD PL, Pittsburgh, PA 15205-",https://data.wprdc.org/dataset/pli-permits
BP-2022-00047,pittsburgh,2022-03-02,0,BUILDING,NEW CONSTRUCTION,true,Completed,-79.9589111846,40.473600415,"190 HOME ST, Pittsburgh, PA 15201-",https://data.wprdc.org/dataset/pli-permits
SSP-2020-05040,pittsburgh,2020-06-03,0,Suppression System Permit,NEW SYSTEM,false,Completed,-79.9333524715,40.4516736836,"732 FILBERT ST, Pittsburgh, PA 15232-",https://data.wprdc.org/dataset/pli-permits
SP-2021-07308,pittsburgh,2021-06-01,0,Sign Permit,NEW,false,Completed,-80.0074730443,40.4563361907,"1205 FEDERAL ST, Pittsburgh, 15212-",https://data.wprdc.org/dataset/pli-permits
BP-2024-08777,pittsburgh,2024-10-29,0,BUILDING,NEW CONSTRUCTION,false,Application Finalization,-79.9590168681,40.4704397556,"233 43RD ST, Pittsburgh, PA 15201-",https://data.wprdc.org/dataset/pli-permits
EP-2021-11658,pittsburgh,2021-07-16,0,ELECTRICAL,NEW CONSTRUCTION,true,Completed,-79.9667392441,40.4390101113,"138 BURROWS ST, Pittsburgh, PA 15213-",https://data.wprdc.org/dataset/pli-permits
EP-2022-06682,pittsburgh,2022-08-18,0,ELECTRICAL,NEW CONSTRUCTION,false,Completed,-79.895407612,40.4488368125,"7514 THOMAS BLVD, Pittsburgh, PA 15208-",https://data.wprdc.org/dataset/pli-permits
SP-2023-18773,pittsburgh,2023-11-30,0,Sign Permit,NEW,false,Completed,-80.043250561,40.3998346817,"3105 BANKSVILLE RD, Pittsburgh, PA 15216-",https://data.wprdc.org/dataset/pli-permits
EP-2022-15607,pittsburgh,2023-03-14,0,ELECTRICAL,NEW CONSTRUCTION,false,Completed,-79.9870684689,40.4493909979,"1625 PENN AVE #102, Pittsburgh, PA 15222-",https://data.wprdc.org/dataset/pli-permits
OLP-2023-14239,pittsburgh,2023-11-06,0,Occupant Load Placard Permit,NEW,false,Completed,-79.9971695681,40.443798506,"922 PENN AVE, Pittsburgh, PA 15222-",https://data.wprdc.org/dataset/pli-permits
BP-2021-08686,pittsburgh,2021-07-01,0,BUILDING,NEW CONSTRUCTION,true,Completed,-80.0252811063,40.4602214928,"1252 KUNKLE AVE, Pittsburgh, PA 15212-",https://data.wprdc.org/dataset/pli-permits
OOP-2022-03942,pittsburgh,2022-12-15,0,Occupancy Only Permit,NEW USE,false,Completed,-80.0006586322,40.4399176728,"300 FORBES AVE, Pittsburgh, PA 15222-",https://data.wprdc.org/dataset/pli-permits
FAS-2022-07929,pittsburgh,2022-11-02,0,Fire Alarm Permit,NEW SYSTEM,false,Completed,-80.0075258149,40.4297157329,"236 SHILOH ST, Pittsburgh, 15211-",https://data.wprdc.org/dataset/pli-permits
BP-2020-08631,pittsburgh,2021-05-18,0,BUILDING,NEW CONSTRUCTION,true,Completed,-80.0098823456,40.458133248,"1509 ARCH ST, Pittsburgh, PA 15212-",https://data.wprdc.org/dataset/pli-permits
MP-2020-01935,pittsburgh,2020-07-16,0,MECHANICAL,NEW CONSTRUCTION,false,Completed,-79.9617216464,40.4310612357,"350 TECHNOLOGY DR #611, Pittsburgh, PA 15219-",https://data.wprdc.org/dataset/pli-permits
OLP-2023-18519,pittsburgh,2023-12-20,0,Occupant Load Placard Permit,NEW,false,Completed,-80.0080661064,40.4468565587,"220 NORTH SHORE DR #628, Pittsburgh, PA 15212-",https://data.wprdc.org/dataset/pli-permits
SP-2020-01298,pittsburgh,2020-03-17,0,Sign Permit,NEW,false,Completed,-80.0423035337,40.4852010963,"3901 CALIFORNIA AVE, Pittsburgh, 15212-",https://data.wprdc.org/dataset/pli-permits
MP-2023-03397,pittsburgh,2023-03-01,0,MECHANICAL,NEW CONSTRUCTION,true,Completed,-79.9270159573,40.4652513791,"314 N SAINT CLAIR ST, Pittsburgh, PA 15206-",https://data.wprdc.org/dataset/pli-permits
OOP-2019-01864,pittsburgh,2020-07-14,0,Occupancy Only Permit,NEW USE,false,Completed,-79.9760933453,40.4282866066,"2100 E CARSON ST, Pittsburgh, PA 15203-",https://data.wprdc.org/dataset/pli-permits
SP-2022-06106,pittsburgh,2023-11-13,0,Sign Permit,NEW,false,Issued,-80.0010974698,40.4486664162,"127 ANDERSON ST, Pittsburgh, 15212-",https://data.wprdc.org/dataset/pli-permits
MP-2021-08234,pittsburgh,2021-08-26,0,MECHANICAL,NEW CONSTRUCTION,false,Completed,-79.9684280981,40.4603506967,"3234 LIBERTY AVE #562, Pittsburgh, PA 15201-",https://data.wprdc.org/dataset/pli-permits
SSP-2020-02593,pittsburgh,2021-01-15,0,Suppression System Permit,NEW SYSTEM,false,Completed,-79.9904302653,40.4292169011,"44 S 9TH ST, Pittsburgh, 15203-",https://data.wprdc.org/dataset/pli-permits
EP-2021-10049,pittsburgh,2021-06-22,0,ELECTRICAL,NEW CONSTRUCTION,true,Completed,-80.0152029649,40.4583185894,"1609 BUENA VISTA ST, Pittsburgh, PA 15212-",https://data.wprdc.org/dataset/pli-permits
MP-2024-05275,pittsburgh,2024-07-12,0,MECHANICAL,NEW CONSTRUCTION,false,Completed,-79.9819997078,40.4398191177,"1738 REED ST #424, Pittsburgh, PA 15219-",https://data.wprdc.org/dataset/pli-permits
SP-2023-18629,pittsburgh,2023-11-29,0,Sign Permit,NEW,false,Completed,-79.9608655069,40.4701924154,"4127 BUTLER ST, Pittsburgh, 15201-",https://data.wprdc.org/dataset/pli-permits
BP-2019-05054,pittsburgh,2020-06-08,0,BUILDING,NEW CONSTRUCTION,false,Completed,-80.0021041632,40.4133449042,"623 BAUSMAN ST, Pittsburgh, PA 15210-",https://data.wprdc.org/dataset/pli-permits
BP-2023-00939,pittsburgh,2023-12-20,0,BUILDING,NEW CONSTRUCTION,false,Completed,-79.9740815055,40.4588292868,"2930 SMALLMAN ST #408, Pittsburgh, PA 15201-",https://data.wprdc.org/dataset/pli-permits
EP-2023-05532,pittsburgh,2023-07-17,0,ELECTRICAL,NEW CONSTRUCTION,false,Completed,-79.958925331,40.396426069,"1000 AGNEW RD, Pittsburgh, PA 15207",https://data.wprdc.org/dataset/pli-permits
SP-2021-04966,pittsburgh,2021-06-14,0,Sign Permit,NEW,false,Completed,-79.957967784,40.4753552561,"4745 BUTLER ST, Pittsburgh, 15201-",https://data.wprdc.org/dataset/pli-permits
BP-2022-07005,pittsburgh,2023-05-26,0,BUILDING,NEW CONSTRUCTION,false,Completed,-79.9492244621,40.4633696546,"206 PEARL ST, Pittsburgh, PA 15224-",https://data.wprdc.org/dataset/pli-permits
SSP-2024-05743,pittsburgh,2024-04-25,0,Suppression System Permit,NEW SYSTEM,false,Completed,-79.981645253,40.4410720618,"1829 REED ST, Pittsburgh, PA 15219-",https://data.wprdc.org/dataset/pli-permits
MP-2024-12043,pittsburgh,2024-09-24,0,MECHANICAL,NEW CONSTRUCTION,true,Completed,-79.9933875273,40.4229774226,"807 EXCELSIOR ST, Pittsburgh, PA 15210-",https://data.wprdc.org/dataset/pli-permits
SSP-2021-14874,pittsburgh,2021-11-15,0,Suppression System Permit,NEW SYSTEM,false,Completed,-79.9772398962,40.458771362,"75 HOPPER PL #301, Pittsburgh, PA 15222-",https://data.wprdc.org/dataset/pli-permits
OLP-2023-21111,pittsburgh,2024-05-07,0,Occupant Load Placard Permit,NEW,false,Completed,-79.9948425608,40.439597754,"500 ROSS ST, Pittsburgh, 15219-",https://data.wprdc.org/dataset/pli-permits
BP-2020-02078,pittsburgh,2020-06-24,0,BUILDING,NEW CONSTRUCTION,true,Completed,-79.9637301025,40.4661404165,"226 38TH ST, Pittsburgh, PA 15201-",https://data.wprdc.org/dataset/pli-permits
SP-2020-19411,pittsburgh,2021-05-19,0,Sign Permit,NEW,false,Completed,-80.0014129584,40.4396046613,"405 WOOD ST, Pittsburgh, PA 15222-",https://data.wprdc.org/dataset/pli-permits
OOP-2020-19396,pittsburgh,2021-01-21,0,Occupancy Only Permit,NEW USE,false,Expired,-79.9881155376,40.396859094,"1810 BROWNSVILLE RD, Pittsburgh, PA 15210-",https://data.wprdc.org/dataset/pli-permits
MP-2023-15328,pittsburgh,2023-09-14,0,MECHANICAL,NEW CONSTRUCTION,true,Completed,-80.0794308566,40.4498994083,"104 CEDARWOOD PL, Pittsburgh, PA 15205-",https://data.wprdc.org/dataset/pli-permits
OLP-2023-08131,pittsburgh,2023-05-11,0,Occupant Load Placard Permit,NEW,false,Completed,-79.9157299194,40.4570395031,"177 BAKERY SQUARE BLVD, Pittsburgh, PA 15206-",https://data.wprdc.org/dataset/pli-permits
MP-2022-09905,pittsburgh,2022-07-21,0,MECHANICAL,NEW CONSTRUCTION,true,Completed,-79.9465847368,40.4693653762,"4706 KINCAID ST, Pittsburgh, 15224-",https://data.wprdc.org/dataset/pli-permits
SSP-2020-09298,pittsburgh,2020-08-03,0,Suppression System Permit,NEW SYSTEM,false,Completed,-79.9642041712,40.4664907425,"3714 BUTLER ST, Pittsburgh, PA 15201-",https://data.wprdc.org/dataset/pli-permits
SSP-2021-07028,pittsburgh,2021-06-11,0,Suppression System Permit,NEW SYSTEM,false,Completed,-79.985593478,40.4454177584,"1727 BEDFORD AVE, Pittsburgh, PA 15219-",https://data.wprdc.org/dataset/pli-permits
BP-2021-02688,pittsburgh,2021-09-14,0,BUILDING,NEW CONSTRUCTION,true,Issued,-80.0179227059,40.436610456,"129 MERIDAN ST, Pittsburgh, PA 15211-",https://data.wprdc.org/dataset/pli-permits
SP-2021-04289,pittsburgh,2021-03-30,0,Sign Permit,NEW,false,Completed,-79.9987465325,40.4425241948,"808 LIBERTY AVE #4, Pittsburgh, PA 15222-",https://data.wprdc.org/dataset/pli-permits
FAS-2019-01116,pittsburgh,2020-02-10,0,Fire Alarm Permit,NEW SYSTEM,false,Revoked,-79.9905230916,40.4274563997,"806 SELBY Way, Pittsburgh, PA 15203-",https://data.wprdc.org/dataset/pli-permits
MP-2021-11970,pittsburgh,2021-10-12,0,MECHANICAL,NEW CONSTRUCTION,false,Completed,-80.0038598636,40.442773067,"515 PENN AVE, Pittsburgh, 15222-",https://data.wprdc.org/dataset/pli-permits
EP-2023-06254,pittsburgh,2023-04-18,0,ELECTRICAL,NEW CONSTRUCTION,true,Issued,-79.9360459491,40.4665608842,"5347 KINCAID ST, Pittsburgh, 15224-",https://data.wprdc.org/dataset/pli-permits
FAS-2021-08866,pittsburgh,2021-08-11,0,Fire Alarm Permit,NEW SYSTEM,false,Completed,-80.0031048555,40.4411180755,"26 MARKET SQ, Pittsburgh, 15222-",https://data.wprdc.org/dataset/pli-permits
FAS-2021-08771,pittsburgh,2022-02-04,0,Fire Alarm Permit,NEW SYSTEM,false,Completed,-79.8973774596,40.455464486,"7138 KELLY ST, Pittsburgh, 15208-",https://data.wprdc.org/dataset/pli-permits
SSP-2020-04669,pittsburgh,2020-06-17,0,Suppression System Permit,NEW SYSTEM,false,Completed,-80.0008844171,40.4390424489,"316 4TH AVE #910, Pittsburgh, PA 15222-",https://data.wprdc.org/dataset/pli-permits
SSP-2023-07747,pittsburgh,2023-06-12,0,Suppression System Permit,NEW SYSTEM,false,Completed,-80.0138191834,40.4501384828,"807 RIDGE AVE, Pittsburgh, PA 15212-",https://data.wprdc.org/dataset/pli-permits
BP-2020-04905,pittsburgh,2020-08-10,0,BUILDING,NEW CONSTRUCTION,false,Completed,-80.0859878913,40.4426931777,"463 NAPOR BLVD #121, Pittsburgh, PA 15205-",https://data.wprdc.org/dataset/pli-permits
BP-2022-01106,pittsburgh,2022-06-06,0,BUILDING,NEW CONSTRUCTION,false,Completed,-79.9590168681,40.4704397556,"233 43RD ST, Pittsburgh, PA 15201-",https://data.wprdc.org/dataset/pli-permits
MP-2022-06405,pittsburgh,2022-05-06,0,MECHANICAL,NEW CONSTRUCTION,true,Completed,-80.0112879843,40.4913961962,"3929 EVERGREEN RD, Pittsburgh, PA 15214-",https://data.wprdc.org/dataset/pli-permits
BP-2022-02464,pittsburgh,2022-04-04,0,BUILDING,NEW CONSTRUCTION,false,Completed,-79.942258962,40.4651275621,"5113 PENN AVE, Pittsburgh, 15224-",https://data.wprdc.org/dataset/pli-permits
MP-2020-08981,pittsburgh,2020-12-17,0,MECHANICAL,NEW CONSTRUCTION,true,Completed,-79.9872863966,40.4511593999,"1716 WATERFRONT PL, Pittsburgh, PA 15222-",https://data.wprdc.org/dataset/pli-permits
SSP-2021-11360,pittsburgh,2021-11-24,0,Suppression System Permit,NEW SYSTEM,false,Completed,-79.9640089066,40.4330887045,"743 TECHNOLOGY DR #2, Pittsburgh, PA 15219-",https://data.wprdc.org/dataset/pli-permits
EP-2022-08042,pittsburgh,2022-07-14,0,ELECTRICAL,NEW CONSTRUCTION,false,Completed,-80.0381437506,40.4153981785,"260 BANKSVILLE PARK DR, Pittsburgh, PA 15220-",https://data.wprdc.org/dataset/pli-permits
SSP-2021-09975,pittsburgh,2021-07-21,0,Suppression System Permit,NEW SYSTEM,false,Completed,-79.9123938153,40.465245987,"121 WINSLOW ST #3, Pittsburgh, PA 15206-",https://data.wprdc.org/dataset/pli-permits
SP-2023-12680,pittsburgh,2023-08-29,0,Sign Permit,NEW,false,Issued,-80.0578004643,40.4266000142,"2419 BALDWICK RD, Pittsburgh, 15205-",https://data.wprdc.org/dataset/pli-permits
BP-2019-09342,pittsburgh,2020-10-14,0,BUILDING,NEW CONSTRUCTION,false,Completed,-79.9373961933,40.4481567579,"5131 5TH AVE, Pittsburgh, PA 15232-",https://data.wprdc.org/dataset/pli-permits
EP-2023-08882,pittsburgh,2023-05-26,0,ELECTRICAL,NEW CONSTRUCTION,true,Completed,-79.9871443337,40.4267782079,"1107 FREYBURG ST, Pittsburgh, PA 15203-",https://data.wprdc.org/dataset/pli-permits
OLP-2023-13018,pittsburgh,2023-08-09,0,Occupant Load Placard Permit,NEW,false,Completed,-79.9678780585,40.4600244522,"3220 SASSAFRAS Way #414, Pittsburgh, PA 15201-",https://data.wprdc.org/dataset/pli-permits
MP-2023-15676,pittsburgh,2023-09-20,0,MECHANICAL,NEW CONSTRUCTION,true,Completed,-80.0794308566,40.4498994083,"104 CEDARWOOD PL, Pittsburgh, PA 15205-",https://data.wprdc.org/dataset/pli-permits
BP-2020-04118,pittsburgh,2020-05-29,0,BUILDING,NEW CONSTRUCTION,true,Completed,-80.0227986455,40.4343312738,"452 SWEETBRIAR ST, Pittsburgh, PA 15211-",https://data.wprdc.org/dataset/pli-permits
EP-2022-10934,pittsburgh,2022-07-14,0,ELECTRICAL,NEW CONSTRUCTION,true,Completed,-80.0142546939,40.4568816908,"1414 BUENA VISTA ST, Pittsburgh, 15212-",https://data.wprdc.org/dataset/pli-permits
EP-2023-17384,pittsburgh,2023-10-17,0,ELECTRICAL,NEW CONSTRUCTION,true,Completed,-79.9562678277,40.4711538426,"4600 DAVISON ST, Pittsburgh, PA 15201-",https://data.wprdc.org/dataset/pli-permits
OOP-2022-07074,pittsburgh,2022-06-16,0,Occupancy Only Permit,NEW USE,true,Completed,-79.9383805553,40.4420584169,"10 ROSELAWN TER #8, Pittsburgh, PA 15213-",https://data.wprdc.org/dataset/pli-permits
BP-2021-07417,pittsburgh,2021-07-19,0,BUILDING,NEW CONSTRUCTION,true,Completed,-79.9133217409,40.4652844329,"116 WINSLOW ST, Pittsburgh, PA 15206-",https://data.wprdc.org/dataset/pli-permits
EP-2022-08963,pittsburgh,2022-06-21,0,ELECTRICAL,NEW CONSTRUCTION,true,Completed,-80.0100896517,40.4582041459,"211 ALPINE AVE, Pittsburgh, PA 15212-",https://data.wprdc.org/dataset/pli-permits
EP-2020-19870,pittsburgh,2020-12-23,0,ELECTRICAL,NEW CONSTRUCTION,false,Completed,-79.9489557286,40.4847161889,"5587 BERLIN Way, Pittsburgh, PA 15201-",https://data.wprdc.org/dataset/pli-permits
BP-2023-18502,pittsburgh,2024-01-31,0,BUILDING,NEW CONSTRUCTION,true,Completed,-79.9945051939,40.4238860563,"731 EUREKA ST, Pittsburgh, PA 15210-",https://data.wprdc.org/dataset/pli-permits
EP-2020-00875,pittsburgh,2020-03-06,0,ELECTRICAL,NEW CONSTRUCTION,false,Completed,-80.0801705146,40.4412946775,"2405 WOODMERE DR, Pittsburgh, PA 15205-",https://data.wprdc.org/dataset/pli-permits
BP-2021-19647,pittsburgh,2022-11-03,0,BUILDING,NEW CONSTRUCTION,true,Completed,-79.9771075922,40.4440508681,"2125 ROSE ST, Pittsburgh, PA 15219-",https://data.wprdc.org/dataset/pli-permits
SP-2024-12243,pittsburgh,2024-10-09,0,Sign Permit,NEW,false,Completed,-79.9114649997,40.4661519408,"624 LARIMER AVE, Pittsburgh, PA 15206-",https://data.wprdc.org/dataset/pli-permits
EP-2023-08957,pittsburgh,2024-06-03,0,ELECTRICAL,NEW CONSTRUCTION,false,Issued,-79.9295556678,40.4614381395,"201 AMBER ST, Pittsburgh, PA 15206-",https://data.wprdc.org/dataset/pli-permits
EP-2020-07385,pittsburgh,2020-06-18,0,ELECTRICAL,NEW CONSTRUCTION,true,Completed,-80.0209141268,40.4335570377,"308 ONEIDA ST, Pittsburgh, 15211-",https://data.wprdc.org/dataset/pli-permits
EP-2022-03077,pittsburgh,2022-03-11,0,ELECTRICAL,NEW CONSTRUCTION,true,Completed,-79.9668698799,40.4395566423,"116 BURROWS ST, Pittsburgh, PA 15213-",https://data.wprdc.org/dataset/pli-permits
EP-2021-11967,pittsburgh,2021-09-27,0,ELECTRICAL,NEW CONSTRUCTION,false,Completed,-80.0038598636,40.442773067,"515 PENN AVE, Pittsburgh, 15222-",https://data.wprdc.org/dataset/pli-permits
MP-2020-20123,pittsburgh,2021-06-01,0,MECHANICAL,NEW CONSTRUCTION,false,Completed,-79.9718808362,40.4423839981,No primary address specified,https://data.wprdc.org/dataset/pli-permits
OOP-2020-14057,pittsburgh,2020-10-14,0,Occupancy Only Permit,NEW USE,true,Completed,-80.0390173476,40.4114305067,"1235 KIRSOPP AVE, Pittsburgh, 15220-",https://data.wprdc.org/dataset/pli-permits
MP-2021-02955,pittsburgh,2021-03-12,0,MECHANICAL,NEW CONSTRUCTION,true,Completed,-80.0072621635,40.4284822346,"18 GREENBUSH ST, Pittsburgh, 15211-",https://data.wprdc.org/dataset/pli-permits
BP-2023-12963,pittsburgh,2024-01-03,0,BUILDING,NEW CONSTRUCTION,true,Completed,-79.9964579707,40.423479067,"622 EUREKA ST, Pittsburgh, PA 15210-",https://data.wprdc.org/dataset/pli-permits
SP-2021-12362,pittsburgh,2021-09-27,0,Sign Permit,NEW,false,Completed,-79.9513203097,40.4517325588,"4610 CENTRE AVE, Pittsburgh, PA 15213-",https://data.wprdc.org/dataset/pli-permits
BP-2019-09494,pittsburgh,2020-05-07,0,BUILDING,NEW CONSTRUCTION,false,Completed,-79.9772398962,40.458771362,"75 HOPPER PL #301, Pittsburgh, PA 15222-",https://data.wprdc.org/dataset/pli-permits
SSP-2022-07489,pittsburgh,2023-02-02,0,Suppression System Permit,NEW SYSTEM,false,Completed,-79.9424354286,40.4437333149,"5135 MARGARET MORRISON ST, Pittsburgh, PA 15213-",https://data.wprdc.org/dataset/pli-permits
EP-2022-15535,pittsburgh,2022-11-14,0,ELECTRICAL,NEW CONSTRUCTION,false,Completed,-79.9590168681,40.4704397556,"233 43RD ST, Pittsburgh, PA 15201-",https://data.wprdc.org/dataset/pli-permits
SSP-2020-11295,pittsburgh,2020-07-23,0,Suppression System Permit,NEW SYSTEM,false,Completed,-79.9845297502,40.4371042953,"1515 LOCUST ST, Pittsburgh, 15219-",https://data.wprdc.org/dataset/pli-permits
EP-2022-12982,pittsburgh,2022-08-17,0,ELECTRICAL,NEW CONSTRUCTION,true,Completed,-80.0006428604,40.4554144637,"512 SUISMON ST, Pittsburgh, PA 15212-",https://data.wprdc.org/dataset/pli-permits
MP-2020-00798,pittsburgh,2020-06-01,0,MECHANICAL,NEW CONSTRUCTION,false,Completed,-79.9791040631,40.4565751415,"114 27TH ST, Pittsburgh, PA 15222-",https://data.wprdc.org/dataset/pli-permits
EP-2023-18592,pittsburgh,2023-11-09,0,ELECTRICAL,NEW CONSTRUCTION,true,Issued,-79.93644986,40.4172289192,"567 FRAYNE ST, Pittsburgh, 15207-",https://data.wprdc.org/dataset/pli-permits
SSP-2024-11986,pittsburgh,2024-10-14,0,Suppression System Permit,NEW SYSTEM,false,Completed,-79.9641984402,40.4367420054,"3221 FORBES AVE #516, Pittsburgh, PA 15213-",https://data.wprdc.org/dataset/pli-permits
FAS-2021-15675,pittsburgh,2021-11-03,0,Fire Alarm Permit,NEW SYSTEM,false,Completed,-80.0234379644,40.4594777166,"1144 KIRKBRIDE ST #411, Pittsburgh, PA 15212-",https://data.wprdc.org/dataset/pli-permits
BP-2020-16398,pittsburgh,2021-03-26,0,BUILDING,NEW CONSTRUCTION,true,Completed,-80.0148246955,40.428416795,"492 GRACE ST, Pittsburgh, PA 15211-",https://data.wprdc.org/dataset/pli-permits
OLP-2023-07291,pittsburgh,2023-05-05,0,Occupant Load Placard Permit,NEW,false,Completed,-79.9267939223,40.4616242251,"5900 PENN AVE, Pittsburgh, 15206-",https://data.wprdc.org/dataset/pli-permits
SSP-2020-06210,pittsburgh,2020-07-09,0,Suppression System Permit,NEW SYSTEM,false,Completed,-79.9788120911,40.4549763163,"2549 PENN AVE, Pittsburgh, 15222-",https://data.wprdc.org/dataset/pli-permits
MP-2024-12038,pittsburgh,2024-09-24,0,MECHANICAL,NEW CONSTRUCTION,true,Completed,-79.9947498429,40.4226432349,"728 EXCELSIOR ST, Pittsburgh, PA 15210-",https://data.wprdc.org/dataset/pli-permits
EP-2022-19469,pittsburgh,2022-12-21,0,ELECTRICAL,NEW CONSTRUCTION,true,Completed,-79.9590181417,40.4737018101,"186 HOME ST, Pittsburgh, PA 15201-",https://data.wprdc.org/dataset/pli-permits
SSP-2024-02637,pittsburgh,2024-04-01,0,Suppression System Permit,NEW SYSTEM,false,Completed,-79.9275565313,40.4621549752,"5818 PENN AVE, Pittsburgh, PA 15206-",https://data.wprdc.org/dataset/pli-permits
MP-2023-15687,pittsburgh,2023-09-20,0,MECHANICAL,NEW CONSTRUCTION,true,Completed,-80.0794308566,40.4498994083,"104 CEDARWOOD PL, Pittsburgh, PA 15205-",https://data.wprdc.org/dataset/pli-permits
EP-2023-01503,pittsburgh,2023-01-25,0,ELECTRICAL,NEW CONSTRUCTION,true,Completed,-79.9514683707,40.4585192037,"4728 LORIGAN ST #301, Pittsburgh, PA 15224-",https://data.wprdc.org/dataset/pli-permits
MP-2021-08043,pittsburgh,2021-07-19,0,MECHANICAL,NEW CONSTRUCTION,false,Completed,-79.9930909831,40.456410543,"1018 PERALTA ST, Pittsburgh, 15212-",https://data.wprdc.org/dataset/pli-permits
MP-2020-19694,pittsburgh,2020-12-17,0,MECHANICAL,NEW CONSTRUCTION,true,Completed,-79.9878333698,40.4506348221,No primary address specified,https://data.wprdc.org/dataset/pli-permits
SP-2022-17382,pittsburgh,2023-05-12,0,Sign Permit,NEW,false,Completed,-79.9515273732,40.4523064916,"4615 CENTRE AVE, Pittsburgh, 15213-",https://data.wprdc.org/dataset/pli-permits
BP-2023-18505,pittsburgh,2024-01-31,0,BUILDING,NEW CONSTRUCTION,true,Completed,-79.9942357158,40.423586157,"740 EUREKA ST, Pittsburgh, PA 15210-",https://data.wprdc.org/dataset/pli-permits
BP-2020-13272,pittsburgh,2020-10-16,0,BUILDING,NEW CONSTRUCTION,false,Completed,-79.9363522901,40.4573410281,"5522 BAUM BLVD #723, Pittsburgh, PA 15232-",https://data.wprdc.org/dataset/pli-permits
MP-2021-02616,pittsburgh,2021-02-25,0,MECHANICAL,NEW CONSTRUCTION,true,Completed,-79.9261215635,40.4677967124,"511 N SAINT CLAIR ST, Pittsburgh, PA 15206-",https://data.wprdc.org/dataset/pli-permits
EP-2021-04565,pittsburgh,2021-03-26,0,ELECTRICAL,NEW CONSTRUCTION,true,Completed,-79.9353350039,40.466925891,"241 N AIKEN AVE, Pittsburgh, 15206-",https://data.wprdc.org/dataset/pli-permits
SP-2023-07836,pittsburgh,2023-05-18,0,Sign Permit,NEW,false,Completed,-79.9662815451,40.4284602373,"424 S 27TH ST #306, Pittsburgh, PA 15203-",https://data.wprdc.org/dataset/pli-permits
BP-2021-14012,pittsburgh,2022-02-25,0,BUILDING,NEW CONSTRUCTION,false,Completed,-79.9424354286,40.4437333149,"5135 MARGARET MORRISON ST, Pittsburgh, PA 15213-",https://data.wprdc.org/dataset/pli-permits
MP-2023-02739,pittsburgh,2024-02-01,0,MECHANICAL,NEW CONSTRUCTION,false,Completed,-79.9831405606,40.4410504426,"346 MILLER ST #303, Pittsburgh, PA 15219-",https://data.wprdc.org/dataset/pli-permits
SP-2019-10692,pittsburgh,2020-05-20,0,Sign Permit,NEW,false,Completed,-79.9484456346,40.4159064666,"4339 LYTLE ST, Pittsburgh, PA 15207-",https://data.wprdc.org/dataset/pli-permits
SP-2023-17935,pittsburgh,2023-11-09,0,Sign Permit,NEW,false,Issued,-80.0080661064,40.4468565587,"220 NORTH SHORE DR #628, Pittsburgh, PA 15212-",https://data.wprdc.org/dataset/pli-permits
BP-2024-05085,pittsburgh,2024-05-10,0,BUILDING,NEW CONSTRUCTION,true,Issued,-79.9827538783,40.4259223764,"183 S 16TH ST, Pittsburgh, 15203-",https://data.wprdc.org/dataset/pli-permits
FAS-2021-12377,pittsburgh,2023-02-07,0,Fire Alarm Permit,NEW SYSTEM,false,Completed,-79.9668182058,40.4298796577,"2613 SOUTH WATER ST, Pittsburgh, PA 15203-",https://data.wprdc.org/dataset/pli-permits
BP-2024-01838,pittsburgh,2024-03-13,0,BUILDING,NEW CONSTRUCTION,false,Completed,-79.9162070297,40.4562370919,"6501 LIVING PL, Pittsburgh, PA 15206-",https://data.wprdc.org/dataset/pli-permits
SP-2023-09121,pittsburgh,2023-07-14,0,Sign Permit,NEW,false,Issued,-80.0072574868,40.4479948563,"574 W GENERAL ROBINSON ST, Pittsburgh, 15212-",https://data.wprdc.org/dataset/pli-permits
EP-2024-09811,pittsburgh,2024-06-27,0,ELECTRICAL,NEW CONSTRUCTION,true,Completed,-79.9819997078,40.4398191177,"1738 REED ST #424, Pittsburgh, PA 15219-",https://data.wprdc.org/dataset/pli-permits
SSP-2020-04583,pittsburgh,2020-06-09,0,Suppression System Permit,NEW SYSTEM,false,Completed,-79.9965441666,40.4580743758,"838 CONCORD ST, Pittsburgh, PA 15212-",https://data.wprdc.org/dataset/pli-permits
EP-2021-18633,pittsburgh,2021-11-16,0,ELECTRICAL,NEW CONSTRUCTION,true,Completed,-80.0094096675,40.4583008089,"1514 ARCH ST, Pittsburgh, PA 15212-",https://data.wprdc.org/dataset/pli-permits
MP-2020-00575,pittsburgh,2020-01-13,0,MECHANICAL,NEW CONSTRUCTION,true,Completed,-79.9241331869,40.4689389956,"5727 HAYS ST, Pittsburgh, PA 15206-",https://data.wprdc.org/dataset/pli-permits
MP-2023-02705,pittsburgh,2023-03-10,0,MECHANICAL,NEW CONSTRUCTION,true,Completed,-79.9637301025,40.4661404165,"226 38TH ST, Pittsburgh, PA 15201-",https://data.wprdc.org/dataset/pli-permits
FAS-2022-12659,pittsburgh,2022-09-16,0,Fire Alarm Permit,NEW SYSTEM,false,Completed,-79.9343355065,40.4507361279,"5428 WALNUT ST, Pittsburgh, 15232-",https://data.wprdc.org/dataset/pli-permits
SP-2022-05378,pittsburgh,2024-06-05,0,Sign Permit,NEW,false,Issued,-79.9904302653,40.4292169011,"44 S 9TH ST, Pittsburgh, 15203-",https://data.wprdc.org/dataset/pli-permits
BP-2022-12704,pittsburgh,2022-09-26,0,BUILDING,NEW CONSTRUCTION,false,Issued,-79.9598453087,40.4424544322,"200 LOTHROP ST, Pittsburgh, PA 15213-",https://data.wprdc.org/dataset/pli-permits
OOP-2020-16310,pittsburgh,2020-12-16,0,Occupancy Only Permit,NEW USE,false,Completed,-79.9196663424,40.4660154114,No primary address specified,https://data.wprdc.org/dataset/pli-permits
FAS-2019-09758,pittsburgh,2020-02-13,0,Fire Alarm Permit,NEW SYSTEM,false,Completed,-79.9775032543,40.4451518091,"508 ELMORE ST #304, Pittsburgh, PA 15219-",https://data.wprdc.org/dataset/pli-permits
EP-2020-17440,pittsburgh,2020-10-27,0,ELECTRICAL,NEW CONSTRUCTION,true,Completed,-79.9272933806,40.4701156024,"707 N NEGLEY AVE, Pittsburgh, 15206-",https://data.wprdc.org/dataset/pli-permits
SSP-2021-16236,pittsburgh,2021-12-06,0,Suppression System Permit,NEW SYSTEM,false,Completed,-79.9946266331,40.4353091287,"700 2ND AVE #533, Pittsburgh, PA 15219-",https://data.wprdc.org/dataset/pli-permits
BP-2022-11877,pittsburgh,2023-06-23,0,BUILDING,NEW CONSTRUCTION,false,Issued,-79.963396791,40.4242912804,"3045 SARAH ST, Pittsburgh, PA 15203-",https://data.wprdc.org/dataset/pli-permits
EP-2020-10935,pittsburgh,2020-09-02,0,ELECTRICAL,NEW CONSTRUCTION,false,Completed,-79.9754054888,40.430030466,"2100 WHARTON ST #310, Pittsburgh, PA 15203-",https://data.wprdc.org/dataset/pli-permits
BP-2022-00081,pittsburgh,2022-03-03,0,BUILDING,NEW CONSTRUCTION,false,Issued,-79.9323245695,40.4566114659,"501 SUMMERLEA ST, Pittsburgh, PA 15232-",https://data.wprdc.org/dataset/pli-permits
BP-2024-00874,pittsburgh,2024-07-17,0,BUILDING,NEW CONSTRUCTION,true,Completed,-79.9833621168,40.4469378987,"843 LEDLIE ST, Pittsburgh, PA 15219-",https://data.wprdc.org/dataset/pli-permits
EP-2022-16114,pittsburgh,2022-10-17,0,ELECTRICAL,NEW CONSTRUCTION,true,Completed,-79.9622496794,40.4699340884,"176 41ST ST #2, Pittsburgh, PA 15201-",https://data.wprdc.org/dataset/pli-permits
OOP-2021-00681,pittsburgh,2021-11-30,0,Occupancy Only Permit,NEW USE,false,Completed,-79.9740815055,40.4588292868,"2930 SMALLMAN ST #408, Pittsburgh, PA 15201-",https://data.wprdc.org/dataset/pli-permits
MP-2020-10607,pittsburgh,2020-12-04,0,MECHANICAL,NEW CONSTRUCTION,false,Completed,-79.9772398962,40.458771362,"75 HOPPER PL #301, Pittsburgh, PA 15222-",https://data.wprdc.org/dataset/pli-permits
SSP-2024-12993,pittsburgh,2024-11-07,0,Suppression System Permit,NEW SYSTEM,false,Issued,-80.0005219286,40.4538542619,"706 JAMES ST, Pittsburgh, 15212-",https://data.wprdc.org/dataset/pli-permits
EP-2024-13616,pittsburgh,2024-11-19,0,ELECTRICAL,NEW CONSTRUCTION,true,Issued,-79.9681982009,40.4578863342,"316 HARMAR ST, Pittsburgh, PA 15219-",https://data.wprdc.org/dataset/pli-permits
MP-2022-03423,pittsburgh,2023-03-10,0,MECHANICAL,NEW CONSTRUCTION,false,Completed,-79.9565452402,40.4719191329,"265 46TH ST #2316, Pittsburgh, PA 15201-",https://data.wprdc.org/dataset/pli-permits
SP-2021-08081,pittsburgh,2022-12-13,0,Sign Permit,NEW,false,Completed,-80.0559454745,40.4558436825,"3048 ASHLYN ST, Pittsburgh, PA 15204-",https://data.wprdc.org/dataset/pli-permits
EP-2020-11610,pittsburgh,2020-08-13,0,ELECTRICAL,NEW CONSTRUCTION,true,Expired,-79.9878333698,40.4506348221,No primary address specified,https://data.wprdc.org/dataset/pli-permits
SSP-2021-09964,pittsburgh,2021-07-26,0,Suppression System Permit,NEW SYSTEM,false,Completed,-79.9129207668,40.4650521708,"132 WINSLOW ST, Pittsburgh, PA 15206-",https://data.wprdc.org/dataset/pli-permits
SSP-2021-00800,pittsburgh,2021-02-24,0,Suppression System Permit,NEW SYSTEM,false,Completed,-79.9157299194,40.4570395031,"177 BAKERY SQUARE BLVD, Pittsburgh, PA 15206-",https://data.wprdc.org/dataset/pli-permits
MP-2022-04339,pittsburgh,2022-03-29,0,MECHANICAL,NEW CONSTRUCTION,true,Issued,-80.0264892774,40.4608402216,"1309 SIGEL ST, Pittsburgh, PA 15212-",https://data.wprdc.org/dataset/pli-permits
EP-2021-19587,pittsburgh,2021-12-10,0,ELECTRICAL,NEW CONSTRUCTION,true,Completed,-79.9833948251,40.4655201515,"1801 EBERHARDT AVE, Pittsburgh, PA 15212-",https://data.wprdc.org/dataset/pli-permits
SP-2023-21371,pittsburgh,2024-02-28,0,Sign Permit,NEW,false,Completed,-79.9315157627,40.4557712191,"5741 ELLSWORTH AVE, Pittsburgh, PA 15232-",https://data.wprdc.org/dataset/pli-permits
SSP-2020-18253,pittsburgh,2021-09-10,0,Suppression System Permit,NEW SYSTEM,false,Completed,-79.960508573,40.4697495839,"4112 BUTLER ST #10, Pittsburgh, PA 15201-",https://data.wprdc.org/dataset/pli-permits
EP-2023-03812,pittsburgh,2023-03-14,0,ELECTRICAL,NEW CONSTRUCTION,true,Completed,-80.0794308566,40.4498994083,"104 CEDARWOOD PL, Pittsburgh, PA 15205-",https://data.wprdc.org/dataset/pli-permits
EP-2024-04963,pittsburgh,2024-07-26,0,ELECTRICAL,NEW CONSTRUCTION,false,Completed,-79.9819997078,40.4398191177,"1738 REED ST #424, Pittsburgh, PA 15219-",https://data.wprdc.org/dataset/pli-permits
FAS-2024-10101,pittsburgh,2024-07-12,0,Fire Alarm Permit,NEW SYSTEM,false,Completed,-79.9405630146,40.4008961821,"5500 2ND AVE, Pittsburgh, 15207-",https://data.wprdc.org/dataset/pli-permits
BP-2020-18219,pittsburgh,2021-03-09,0,BUILDING,NEW CONSTRUCTION,false,Completed,-79.9617216464,40.4310612357,"350 TECHNOLOGY DR #611, Pittsburgh, PA 15219-",https://data.wprdc.org/dataset/pli-permits
SSP-2024-11054,pittsburgh,2024-10-24,0,Suppression System Permit,NEW SYSTEM,false,Completed,-79.9179362353,40.4849621069,"201 SHELTER HOUSE RD, Pittsburgh, PA 15206-",https://data.wprdc.org/dataset/pli-permits
BP-2021-13523,pittsburgh,2021-09-29,0,BUILDING,NEW CONSTRUCTION,true,Completed,-79.9185974509,40.3981938446,"4340 ARMORHILL AVE, Pittsburgh, PA 15120-",https://data.wprdc.org/dataset/pli-permits
BP-2022-05584,pittsburgh,2023-05-18,0,BUILDING,NEW CONSTRUCTION,false,Issued,-80.0430510996,40.4748309616,"3300 PREBLE AVE #420, Pittsburgh, PA 15233-",https://data.wprdc.org/dataset/pli-permits
SP-2021-00267,pittsburgh,2021-01-15,0,Sign Permit,NEW,false,Completed,-80.0353173543,40.4841656298,"3730 BRIGHTON RD, Pittsburgh, PA 15212-",https://data.wprdc.org/dataset/pli-permits
MP-2020-02571,pittsburgh,2020-06-23,0,MECHANICAL,NEW CONSTRUCTION,false,Completed,-79.9612240262,40.471068157,"176 43RD ST, Pittsburgh, 15201-",https://data.wprdc.org/dataset/pli-permits
OLP-2020-13145,pittsburgh,2020-08-21,0,Occupant Load Placard Permit,NEW,false,Completed,-80.0002030637,40.4538103804,"515 EMLIN ST #301, Pittsburgh, PA 15212-",https://data.wprdc.org/dataset/pli-permits
MP-2024-05955,pittsburgh,2024-07-18,0,MECHANICAL,NEW CONSTRUCTION,false,Completed,-79.9879197719,40.4410124668,"632 WASHINGTON PL, Pittsburgh, PA 15219",https://data.wprdc.org/dataset/pli-permits
SP-2022-11587,pittsburgh,2022-08-16,0,Sign Permit,NEW,false,Completed,-79.9231934238,40.460015708,"6226 PENN AVE, Pittsburgh, PA 15206-",https://data.wprdc.org/dataset/pli-permits
EP-2024-02350,pittsburgh,2024-02-20,0,ELECTRICAL,NEW CONSTRUCTION,true,Completed,-79.9936530222,40.4566380666,"902 AHLERS Way, Pittsburgh, PA 15212-",https://data.wprdc.org/dataset/pli-permits
SP-2023-14305,pittsburgh,2023-08-31,0,Sign Permit,NEW,false,Issued,-79.984756839,40.4513092878,"SMALLMAN ST, Pittsburgh, PA 15222-",https://data.wprdc.org/dataset/pli-permits
BP-2021-00981,pittsburgh,2021-05-13,0,BUILDING,NEW CONSTRUCTION,false,Completed,-79.9623431987,40.4250979403,"2984 SIDNEY ST, Pittsburgh, PA 15203-",https://data.wprdc.org/dataset/pli-permits
SSP-2023-01051,pittsburgh,2023-04-05,0,Suppression System Permit,NEW SYSTEM,false,Completed,-79.9275121138,40.4620321579,"5836 PENN AVE, Pittsburgh, PA 15206-",https://data.wprdc.org/dataset/pli-permits
SP-2019-03949,pittsburgh,2020-01-22,0,Sign Permit,NEW,false,Completed,-79.9290190819,40.4595463684,"5862 BAUM BLVD, Pittsburgh, PA 15206-",https://data.wprdc.org/dataset/pli-permits
SSP-2020-10090,pittsburgh,2021-08-13,0,Suppression System Permit,NEW SYSTEM,false,Completed,-79.952526772,40.4496278242,"225 N DITHRIDGE ST, Pittsburgh, 15213-",https://data.wprdc.org/dataset/pli-permits
MP-2021-09236,pittsburgh,2021-06-10,0,MECHANICAL,NEW CONSTRUCTION,true,Completed,-79.941124127,40.4488444009,"5030 CASTLEMAN ST, Pittsburgh, 15232-",https://data.wprdc.org/dataset/pli-permits
SP-2022-08090,pittsburgh,2022-08-03,0,Sign Permit,NEW,false,Completed,-79.9970380752,40.4399382103,"455 5TH AVE, Pittsburgh, PA 15219-",https://data.wprdc.org/dataset/pli-permits
EP-2021-18140,pittsburgh,2022-03-24,0,ELECTRICAL,NEW CONSTRUCTION,false,Completed,-79.9231934238,40.460015708,"6226 PENN AVE, Pittsburgh, PA 15206-",https://data.wprdc.org/dataset/pli-permits
BP-2020-07343,pittsburgh,2020-10-20,0,BUILDING,NEW CONSTRUCTION,true,Completed,-79.91433997,40.3967017909,"4315 Bench Way, Pittsburgh, PA 15120-",https://data.wprdc.org/dataset/pli-permits
EP-2022-17123,pittsburgh,2022-11-15,0,ELECTRICAL,NEW CONSTRUCTION,true,Completed,-79.9088187712,40.4465814214,"516 S MURTLAND ST, Pittsburgh, PA 15208-",https://data.wprdc.org/dataset/pli-permits
SSP-2024-02144,pittsburgh,2024-04-17,0,Suppression System Permit,NEW SYSTEM,false,Completed,-79.8896565204,40.4902941233,"900 FREEPORT RD, Pittsburgh, PA 15238-",https://data.wprdc.org/dataset/pli-permits
MP-2020-00888,pittsburgh,2020-09-17,0,MECHANICAL,NEW CONSTRUCTION,false,Completed,-79.9816941799,40.4368426269,"308 MILTENBERGER ST #302, Pittsburgh, PA 15219-",https://data.wprdc.org/dataset/pli-permits
SP-2020-00836,pittsburgh,2020-02-04,0,Sign Permit,NEW,false,Completed,-79.9224921765,40.4586135686,"228 SHADY AVE, Pittsburgh, 15206-",https://data.wprdc.org/dataset/pli-permits
EP-2023-15222,pittsburgh,2023-11-15,0,ELECTRICAL,NEW CONSTRUCTION,false,Completed,-79.9307133259,40.4639531997,"5585 PENN AVE, Pittsburgh, PA 15206-",https://data.wprdc.org/dataset/pli-permits
FAS-2021-18976,pittsburgh,2021-12-27,0,Fire Alarm Permit,NEW SYSTEM,false,Completed,-79.9214443781,40.4346187723,"5832 BEACON ST #1, Pittsburgh, PA 15217-",https://data.wprdc.org/dataset/pli-permits
FAS-2020-07875,pittsburgh,2020-08-12,0,Fire Alarm Permit,NEW SYSTEM,false,Completed,-79.9206894698,40.4377652547,"5856 FORBES AVE, Pittsburgh, 15217-",https://data.wprdc.org/dataset/pli-permits
MP-2021-18803,pittsburgh,2023-03-06,0,MECHANICAL,NEW CONSTRUCTION,false,Completed,-79.9670121915,40.4344006154,"3000 TECHNOLOGY DR, Pittsburgh, PA 15219-",https://data.wprdc.org/dataset/pli-permits
FAS-2020-12754,pittsburgh,2020-08-20,0,Fire Alarm Permit,NEW SYSTEM,false,Completed,-79.9972117486,40.4417265917,"620 SMITHFIELD ST, Pittsburgh, PA 15222-",https://data.wprdc.org/dataset/pli-permits
OLP-2021-01693,pittsburgh,2021-02-16,0,Occupant Load Placard Permit,NEW,false,Completed,-80.005125866,40.4386640696,"20 STANWIX ST #2000, Pittsburgh, PA 15222-",https://data.wprdc.org/dataset/pli-permits
SP-2022-02844,pittsburgh,2022-06-02,0,Sign Permit,NEW,false,Completed,-80.0070130225,40.4352784497,"300 W STATION SQUARE DR, Pittsburgh, PA 15219",https://data.wprdc.org/dataset/pli-permits
BP-2022-16190,pittsburgh,2023-01-19,0,BUILDING,NEW CONSTRUCTION,false,Completed,-79.9835922908,40.436106554,"1622 LOCUST ST, Pittsburgh, PA 15219-",https://data.wprdc.org/dataset/pli-permits
EP-2020-17289,pittsburgh,2022-03-16,0,ELECTRICAL,NEW CONSTRUCTION,false,Completed,-79.9588034513,40.4547512417,"3446 MILWAUKEE ST, Pittsburgh, PA 15219-",https://data.wprdc.org/dataset/pli-permits
SP-2023-00006,pittsburgh,2023-02-15,0,Sign Permit,NEW,false,Issued,-79.9483982381,40.4449059835,"411 S CRAIG ST #2, Pittsburgh, PA 15213-",https://data.wprdc.org/dataset/pli-permits
BDA-2024-02660,pittsburgh,2024-10-04,0,Building & Development Application,New Construction,false,Issued,-79.9650612184,40.4652827911,"3604 BUTLER ST, Pittsburgh, PA 15201-",https://data.wprdc.org/dataset/pli-permits
FAS-2019-11037,pittsburgh,2020-02-13,0,Fire Alarm Permit,NEW SYSTEM,false,Completed,-79.958353573,40.4414759125,"3618 5TH AVE, Pittsburgh, 15213-",https://data.wprdc.org/dataset/pli-permits
FP-2023-08450,pittsburgh,2023-12-06,0,Floodplain Permit,New Construction,false,Issued,-79.9842097179,40.4530446649,"2128 RAILROAD ST, Pittsburgh, PA 15222-",https://data.wprdc.org/dataset/pli-permits
EP-2022-10690,pittsburgh,2022-07-11,0,ELECTRICAL,NEW CONSTRUCTION,true,Issued,-80.0147826931,40.4623357614,"533 MCCLINTOCK AVE, Pittsburgh, 15214-",https://data.wprdc.org/dataset/pli-permits
SP-2022-18174,pittsburgh,2022-12-27,0,Sign Permit,NEW,false,Completed,-79.9808318977,40.4427557809,"419 DINWIDDIE ST, Pittsburgh, PA 15219-",https://data.wprdc.org/dataset/pli-permits
OLP-2022-07964,pittsburgh,2022-06-03,0,Occupant Load Placard Permit,NEW,false,Expired,-79.9601152972,40.4715094948,"4327 BUTLER ST, Pittsburgh, PA 15201-",https://data.wprdc.org/dataset/pli-permits
BP-2024-01829,pittsburgh,2024-12-19,0,BUILDING,NEW CONSTRUCTION,false,Completed,-79.9211060768,40.4587972853,"163 SHADY AVE #114, Pittsburgh, PA 15206-",https://data.wprdc.org/dataset/pli-permits
FP-2022-16623,pittsburgh,2022-12-14,0,Floodplain Permit,New Construction,false,Completed,-79.9974299804,40.3907430675,"2140 SAW MILL RUN BLVD, Pittsburgh, 15210-",https://data.wprdc.org/dataset/pli-permits
EP-2021-03392,pittsburgh,2021-04-30,0,ELECTRICAL,NEW CONSTRUCTION,true,Revoked,-80.0259087283,40.4360472627,"424 CLARENCE ST, Pittsburgh, PA 15211-",https://data.wprdc.org/dataset/pli-permits
MP-2024-03480,pittsburgh,2024-03-12,0,MECHANICAL,NEW CONSTRUCTION,true,Completed,-79.9936530222,40.4566380666,"902 AHLERS Way, Pittsburgh, PA 15212-",https://data.wprdc.org/dataset/pli-permits
BP-2022-07248,pittsburgh,2022-07-15,0,BUILDING,NEW CONSTRUCTION,false,Completed,-79.9272171325,40.461964021,"5836 PENN AVE, Pittsburgh, PA 15206-",https://data.wprdc.org/dataset/pli-permits
BDA-2024-05549,pittsburgh,2024-12-17,0,Building & Development Application,New Construction,false,Completed,-79.9914618561,40.4415602968,"626 WASHINGTON PL #2501, Pittsburgh, PA 15219-",https://data.wprdc.org/dataset/pli-permits
SSP-2020-00382,pittsburgh,2020-07-21,0,Suppression System Permit,NEW SYSTEM,false,Completed,-79.9796122559,40.4549553695,"2552 SMALLMAN ST, Pittsburgh, PA 15222-",https://data.wprdc.org/dataset/pli-permits
EP-2021-18112,pittsburgh,2021-12-29,0,ELECTRICAL,NEW CONSTRUCTION,false,Completed,-79.9912748545,40.441712114,"626 WASHINGTON PL #2501, Pittsburgh, PA 15219-",https://data.wprdc.org/dataset/pli-permits
MP-2021-03065,pittsburgh,2021-05-12,0,MECHANICAL,NEW CONSTRUCTION,true,Expired,-80.0067752569,40.4618832227,"1800 BELLEAU ST, Pittsburgh, 15214-",https://data.wprdc.org/dataset/pli-permits
FAS-2020-01507,pittsburgh,2020-06-10,0,Fire Alarm Permit,NEW SYSTEM,false,Completed,-79.9796122559,40.4549553695,"2552 SMALLMAN ST, Pittsburgh, PA 15222-",https://data.wprdc.org/dataset/pli-permits
EP-2022-03076,pittsburgh,2022-03-11,0,ELECTRICAL,NEW CONSTRUCTION,true,Completed,-79.9668816349,40.4396046569,"114 BURROWS ST, Pittsburgh, PA 15213-",https://data.wprdc.org/dataset/pli-permits
OLP-2023-07640,pittsburgh,2023-05-03,0,Occupant Load Placard Permit,NEW,false,Completed,-79.9585005853,40.4590744387,"3567 BIGELOW BLVD, Pittsburgh, 15213-",https://data.wprdc.org/dataset/pli-permits
SSP-2024-05195,pittsburgh,2024-05-10,0,Suppression System Permit,NEW SYSTEM,false,Issued,-79.970547457,40.4240669098,"2524 JOSEPHINE ST, Pittsburgh, 15203-",https://data.wprdc.org/dataset/pli-permits
BP-2021-03435,pittsburgh,2021-05-06,0,BUILDING,NEW CONSTRUCTION,true,Completed,-80.0046889086,40.4607625302,"1612 MEADVILLE ST, Pittsburgh, PA 15214-",https://data.wprdc.org/dataset/pli-permits
SP-2021-07470,pittsburgh,2021-07-26,0,Sign Permit,NEW,false,Completed,-80.0031048555,40.4411180755,"26 MARKET SQ, Pittsburgh, 15222-",https://data.wprdc.org/dataset/pli-permits
EP-2023-08157,pittsburgh,2023-05-15,0,ELECTRICAL,NEW CONSTRUCTION,true,Completed,-79.9149359684,40.4625415637,"163 AUBURN ST, Pittsburgh, PA 15206-",https://data.wprdc.org/dataset/pli-permits
SP-2024-11387,pittsburgh,2024-10-09,0,Sign Permit,NEW,false,Issued,-79.8922008885,40.4884285327,"980 FREEPORT RD, Pittsburgh, PA 15238",https://data.wprdc.org/dataset/pli-permits
EP-2022-15511,pittsburgh,2022-11-14,0,ELECTRICAL,NEW CONSTRUCTION,false,Completed,-79.9590168681,40.4704397556,"233 43RD ST, Pittsburgh, PA 15201-",https://data.wprdc.org/dataset/pli-permits
OLP-2023-15107,pittsburgh,2023-12-06,0,Occupant Load Placard Permit,NEW,false,Completed,-79.9555314188,40.4345570783,"3524 BLVD OF THE ALLIES, Pittsburgh, 15213-",https://data.wprdc.org/dataset/pli-permits
EP-2021-11652,pittsburgh,2021-09-08,0,ELECTRICAL,NEW CONSTRUCTION,false,Completed,-79.9772398962,40.458771362,"75 HOPPER PL #301, Pittsburgh, PA 15222-",https://data.wprdc.org/dataset/pli-permits
BP-2019-05455,pittsburgh,2020-12-02,0,BUILDING,NEW CONSTRUCTION,true,Completed,-79.9275409964,40.4654340887,"315 N SAINT CLAIR ST, Pittsburgh, PA 15206-",https://data.wprdc.org/dataset/pli-permits
OLP-2019-07262,pittsburgh,2023-05-01,0,Occupant Load Placard Permit,NEW,false,Expired,-79.9533576124,40.4548164264,"424 GOLD Way, Pittsburgh, PA 15213",https://data.wprdc.org/dataset/pli-permits
EP-2023-03828,pittsburgh,2023-03-14,0,ELECTRICAL,NEW CONSTRUCTION,true,Completed,-80.0794308566,40.4498994083,"104 CEDARWOOD PL, Pittsburgh, PA 15205-",https://data.wprdc.org/dataset/pli-permits
SSP-2024-06522,pittsburgh,2024-05-21,0,Suppression System Permit,NEW SYSTEM,false,Completed,-79.9819997078,40.4398191177,"1738 REED ST #424, Pittsburgh, PA 15219-",https://data.wprdc.org/dataset/pli-permits
MP-2021-06899,pittsburgh,2021-04-30,0,MECHANICAL,NEW CONSTRUCTION,true,Completed,-79.950366275,40.4251782698,"19 SYLVAN AVE, Pittsburgh, 15207-",https://data.wprdc.org/dataset/pli-permits
MP-2021-16867,pittsburgh,2021-12-06,0,MECHANICAL,NEW CONSTRUCTION,false,Completed,-79.9584066026,40.4737974363,"4635 BUTLER ST, Pittsburgh, PA 15201-",https://data.wprdc.org/dataset/pli-permits
SSP-2024-12390,pittsburgh,2024-11-22,0,Suppression System Permit,NEW SYSTEM,false,Completed,-79.9442056368,40.4116286437,"125 HAZELWOOD AVE #202, Pittsburgh, PA 15207-",https://data.wprdc.org/dataset/pli-permits
BDA-2024-04811,pittsburgh,2024-12-10,0,Building & Development Application,New Construction,false,Completed,-79.9764731199,40.4581127332,"115 28TH ST, Pittsburgh, PA 15222-",https://data.wprdc.org/dataset/pli-permits
EP-2020-16397,pittsburgh,2021-03-05,0,ELECTRICAL,NEW CONSTRUCTION,false,Completed,-79.9934940382,40.4346430496,"950 2ND AVE, Pittsburgh, PA 15219-",https://data.wprdc.org/dataset/pli-permits
FAS-2021-00478,pittsburgh,2021-01-19,0,Fire Alarm Permit,NEW SYSTEM,false,Completed,-79.9271681715,40.4554476305,"360 LAMONT PL, Pittsburgh, 15232-",https://data.wprdc.org/dataset/pli-permits
SP-2022-02647,pittsburgh,2022-03-22,0,Sign Permit,NEW,false,Issued,-80.001560198,40.4407843273,"222 5TH AVE #701, Pittsburgh, PA 15222-",https://data.wprdc.org/dataset/pli-permits
SSP-2020-14184,pittsburgh,2021-02-18,0,Suppression System Permit,NEW SYSTEM,false,Completed,-79.9509298914,40.4208144482,"4165 BLAIR ST, Pittsburgh, PA 15207-",https://data.wprdc.org/dataset/pli-permits
BP-2023-13599,pittsburgh,2023-09-26,0,BUILDING,NEW CONSTRUCTION,true,Completed,-79.9032491324,40.4576563546,"6920 1/2 BENNETT ST #101, Pittsburgh, PA 15208-",https://data.wprdc.org/dataset/pli-permits
BP-2023-05803,pittsburgh,2023-10-17,0,BUILDING,NEW CONSTRUCTION,false,Issued,-80.0129983982,40.4592315104,"W JEFFERSON ST, Pittsburgh, PA 15212-",https://data.wprdc.org/dataset/pli-permits
SSP-2020-01901,pittsburgh,2020-05-01,0,Suppression System Permit,NEW SYSTEM,false,Completed,-79.925572008,40.4638989259,"270 N BEATTY ST, Pittsburgh, PA 15206-",https://data.wprdc.org/dataset/pli-permits
SP-2020-10749,pittsburgh,2020-08-31,0,Sign Permit,NEW,false,Expired,-79.9619519007,40.4370908505,No primary address specified,https://data.wprdc.org/dataset/pli-permits
EP-2020-08059,pittsburgh,2020-06-10,0,ELECTRICAL,NEW CONSTRUCTION,true,Completed,-80.0251173411,40.4396448438,"220 SEWARD ST, Pittsburgh, 15211-",https://data.wprdc.org/dataset/pli-permits
BP-2021-14662,pittsburgh,2023-03-06,0,BUILDING,NEW CONSTRUCTION,true,Completed,-79.9375447912,40.4671127484,"5302 ROSETTA ST, Pittsburgh, 15224-",https://data.wprdc.org/dataset/pli-permits
OLP-2019-11540,pittsburgh,2020-02-21,0,Occupant Load Placard Permit,NEW,false,Completed,-79.9001366495,40.455504832,"7049 HAMILTON AVE, Pittsburgh, 15208-",https://data.wprdc.org/dataset/pli-permits
EP-2023-20323,pittsburgh,2023-12-07,0,ELECTRICAL,NEW CONSTRUCTION,true,Completed,-79.9771075922,40.4440508681,"2125 ROSE ST, Pittsburgh, PA 15219-",https://data.wprdc.org/dataset/pli-permits
EP-2020-11902,pittsburgh,2020-08-13,0,ELECTRICAL,NEW CONSTRUCTION,true,Issued,-79.9885268343,40.4503220203,"1624 WATERFRONT PL, Pittsburgh, PA 15222-",https://data.wprdc.org/dataset/pli-permits
MP-2020-08497,pittsburgh,2020-07-23,0,MECHANICAL,NEW CONSTRUCTION,true,Completed,-79.9796124505,40.4303463551,"1818 WHARTON ST, Pittsburgh, 15203-",https://data.wprdc.org/dataset/pli-permits
EP-2019-10187,pittsburgh,2020-06-30,0,ELECTRICAL,NEW CONSTRUCTION,false,Completed,-79.9822429403,40.3871747804,"2417 BROWNSVILLE RD, Pittsburgh, PA 15210-",https://data.wprdc.org/dataset/pli-permits
MP-2022-11777,pittsburgh,2023-01-17,0,MECHANICAL,NEW CONSTRUCTION,false,Completed,-79.9238505444,40.4605922849,"6100 PENN AVE, Pittsburgh, 15206-",https://data.wprdc.org/dataset/pli-permits
MP-2021-07758,pittsburgh,2022-05-16,0,MECHANICAL,NEW CONSTRUCTION,true,Completed,-79.9668698799,40.4395566423,"116 BURROWS ST, Pittsburgh, PA 15213-",https://data.wprdc.org/dataset/pli-permits
OOP-2021-14546,pittsburgh,2021-10-13,0,Occupancy Only Permit,NEW USE,true,Expired,-79.9619805657,40.4703096945,"175 41ST ST, Pittsburgh, 15201-",https://data.wprdc.org/dataset/pli-permits
SP-2020-11290,pittsburgh,2020-08-18,0,Sign Permit,NEW,false,Completed,-79.9990378809,40.4421716544,"604 WOOD ST, Pittsburgh, PA 15222-",https://data.wprdc.org/dataset/pli-permits
OLP-2022-06251,pittsburgh,2022-05-09,0,Occupant Load Placard Permit,NEW,false,Completed,-79.9856620435,40.4604527301,"1400 TROY HILL RD, Pittsburgh, 15212-",https://data.wprdc.org/dataset/pli-permits
MP-2021-19899,pittsburgh,2021-12-22,0,MECHANICAL,NEW CONSTRUCTION,true,Completed,-80.025420954,40.4601968701,"1262 KUNKLE AVE, Pittsburgh, PA 15212-",https://data.wprdc.org/dataset/pli-permits
EP-2020-09201,pittsburgh,2020-06-23,0,ELECTRICAL,NEW CONSTRUCTION,true,Completed,-79.9500751108,40.4842187129,"5521 BERLIN Way, Pittsburgh, PA 15201-",https://data.wprdc.org/dataset/pli-permits
SP-2023-19273,pittsburgh,2023-12-11,0,Sign Permit,NEW,false,Completed,-79.9587228283,40.4412069511,"3604 5TH AVE, Pittsburgh, 15213-",https://data.wprdc.org/dataset/pli-permits
EP-2023-10798,pittsburgh,2023-06-27,0,ELECTRICAL,NEW CONSTRUCTION,true,Revoked,-79.937134565,40.4778343814,"115 ELENA CT, Pittsburgh, PA 15201-",https://data.wprdc.org/dataset/pli-permits
EP-2020-01936,pittsburgh,2020-07-28,0,ELECTRICAL,NEW CONSTRUCTION,false,Completed,-79.9617216464,40.4310612357,"350 TECHNOLOGY DR #611, Pittsburgh, PA 15219-",https://data.wprdc.org/dataset/pli-permits
SSP-2024-01300,pittsburgh,2024-03-12,0,Suppression System Permit,NEW SYSTEM,false,Completed,-79.9678616636,40.4625138221,"3339 PENN AVE, Pittsburgh, 15201-",https://data.wprdc.org/dataset/pli-permits
FAS-2020-02250,pittsburgh,2020-06-16,0,Fire Alarm Permit,NEW SYSTEM,false,Completed,-80.0426884284,40.4818823131,"1713 TERMON AVE #8, Pittsburgh, PA 15212-",https://data.wprdc.org/dataset/pli-permits
EP-2023-03805,pittsburgh,2023-03-14,0,ELECTRICAL,NEW CONSTRUCTION,true,Completed,-80.0794308566,40.4498994083,"104 CEDARWOOD PL, Pittsburgh, PA 15205-",https://data.wprdc.org/dataset/pli-permits
SSP-2021-01981,pittsburgh,2021-08-09,0,Suppression System Permit,NEW SYSTEM,false,Completed,-80.0034461455,40.4418955326,"120 5TH AVE, Pittsburgh, 15222-",https://data.wprdc.org/dataset/pli-permits
MP-2021-08891,pittsburgh,2022-09-22,0,MECHANICAL,NEW CONSTRUCTION,false,Completed,-79.980643832,40.4531028523,"2330 PENN AVE #801, Pittsburgh, PA 15222-",https://data.wprdc.org/dataset/pli-permits
EP-2020-08054,pittsburgh,2020-06-10,0,ELECTRICAL,NEW CONSTRUCTION,true,Completed,-80.0250359659,40.4397346942,"218 SEWARD ST, Pittsburgh, PA 15211-",https://data.wprdc.org/dataset/pli-permits
SSP-2022-08508,pittsburgh,2022-08-09,0,Suppression System Permit,NEW SYSTEM,false,Completed,-79.9373961933,40.4481567579,"5131 5TH AVE, Pittsburgh, PA 15232-",https://data.wprdc.org/dataset/pli-permits
FAS-2020-18027,pittsburgh,2020-12-10,0,Fire Alarm Permit,NEW SYSTEM,false,Completed,-80.0418549758,40.4728385335,"3125 PREBLE AVE, Pittsburgh, PA 15233-",https://data.wprdc.org/dataset/pli-permits
EP-2021-20446,pittsburgh,2021-12-27,0,ELECTRICAL,NEW CONSTRUCTION,true,Issued,-79.9837032675,40.465379012,"1617 FROMAN ST, Pittsburgh, 15212-",https://data.wprdc.org/dataset/pli-permits
EP-2024-09598,pittsburgh,2024-09-04,0,ELECTRICAL,NEW CONSTRUCTION,false,Issued,-80.0058421329,40.4337686185,"225 W STATION SQUARE DR, Pittsburgh, PA 15219-",https://data.wprdc.org/dataset/pli-permits
EP-2023-00178,pittsburgh,2023-02-14,0,ELECTRICAL,NEW CONSTRUCTION,false,Completed,-80.0839226561,40.4486052545,"MAZETTE RD, Pittsburgh, PA 15205-",https://data.wprdc.org/dataset/pli-permits
SSP-2021-12735,pittsburgh,2021-09-28,0,Suppression System Permit,NEW SYSTEM,false,Issued,-79.895407612,40.4488368125,"7514 THOMAS BLVD, Pittsburgh, PA 15208-",https://data.wprdc.org/dataset/pli-permits
MP-2024-12002,pittsburgh,2024-09-26,0,MECHANICAL,NEW CONSTRUCTION,true,Completed,-79.9964788452,40.4225802111,"620 EXCELSIOR ST, Pittsburgh, PA 15210-",https://data.wprdc.org/dataset/pli-permits
OLP-2023-10551,pittsburgh,2023-07-20,0,Occupant Load Placard Permit,NEW,false,Completed,-79.9231444019,40.4351891868,"1926 MURRAY AVE, Pittsburgh, PA 15217-",https://data.wprdc.org/dataset/pli-permits
SP-2022-12561,pittsburgh,2022-09-06,0,Sign Permit,NEW,false,Completed,-79.8952514739,40.4477341308,"141 N BRADDOCK AVE, Pittsburgh, PA 15208-",https://data.wprdc.org/dataset/pli-permits
FAS-2023-18474,pittsburgh,2023-11-16,0,Fire Alarm Permit,NEW SYSTEM,false,Completed,-79.9586741342,40.4396582241,"3510 FORBES AVE, Pittsburgh, PA 15213-",https://data.wprdc.org/dataset/pli-permits
EP-2021-09198,pittsburgh,2021-06-04,0,ELECTRICAL,NEW CONSTRUCTION,true,Completed,-80.0151681609,40.4582129544,"1605 BUENA VISTA ST, Pittsburgh, PA 15212-",https://data.wprdc.org/dataset/pli-permits
OLP-2021-07054,pittsburgh,2021-06-17,0,Occupant Load Placard Permit,NEW,false,Completed,-79.9509298914,40.4208144482,"4165 BLAIR ST, Pittsburgh, PA 15207-",https://data.wprdc.org/dataset/pli-permits
EP-2023-03886,pittsburgh,2023-03-14,0,ELECTRICAL,NEW CONSTRUCTION,true,Completed,-80.0794308566,40.4498994083,"104 CEDARWOOD PL, Pittsburgh, PA 15205-",https://data.wprdc.org/dataset/pli-permits
SSP-2020-03589,pittsburgh,2020-05-20,0,Suppression System Permit,NEW SYSTEM,false,Revoked,-79.966016625,40.4648548899,"3529 BUTLER ST, Pittsburgh, 15201-",https://data.wprdc.org/dataset/pli-permits
MP-2019-09787,pittsburgh,2020-05-21,0,MECHANICAL,NEW CONSTRUCTION,false,Completed,-80.0869698352,40.4432092565,"519 NAPOR BLVD, Pittsburgh, PA 15205-",https://data.wprdc.org/dataset/pli-permits
OLP-2023-09478,pittsburgh,2023-06-08,0,Occupant Load Placard Permit,NEW,false,Completed,-79.8873663204,40.487941063,"977 FREEPORT RD, Pittsburgh, PA 15238-",https://data.wprdc.org/dataset/pli-permits
BP-2020-03454,pittsburgh,2021-03-01,0,BUILDING,NEW CONSTRUCTION,false,Completed,-80.0138191834,40.4501384828,"807 RIDGE AVE, Pittsburgh, PA 15212-",https://data.wprdc.org/dataset/pli-permits
SSP-2024-03203,pittsburgh,2024-04-09,0,Suppression System Permit,NEW SYSTEM,false,Completed,-79.9515456468,40.4402668261,"374 JONCAIRE ST #2, Pittsburgh, PA 15213-",https://data.wprdc.org/dataset/pli-permits
BP-2022-01896,pittsburgh,2022-02-24,0,BUILDING,NEW CONSTRUCTION,true,Completed,-79.9201679188,40.4756955256,"5816 BRYANT ST, Pittsburgh, PA 15206-",https://data.wprdc.org/dataset/pli-permits
SP-2023-17130,pittsburgh,2023-10-24,0,Sign Permit,NEW,false,Completed,-79.9231934238,40.460015708,"6226 PENN AVE, Pittsburgh, PA 15206-",https://data.wprdc.org/dataset/pli-permits
EP-2023-19564,pittsburgh,2024-05-21,0,ELECTRICAL,NEW CONSTRUCTION,false,Completed,-79.9465743822,40.4135183581,"4601 Composite ST, Pittsburgh, PA 15207-",https://data.wprdc.org/dataset/pli-permits
MP-2020-08397,pittsburgh,2020-06-22,0,MECHANICAL,NEW CONSTRUCTION,true,Completed,-80.0255908858,40.4577991409,"1732 FULTON ST, Pittsburgh, 15233-",https://data.wprdc.org/dataset/pli-permits
OLP-2023-08400,pittsburgh,2023-11-21,0,Occupant Load Placard Permit,NEW,false,Completed,-79.9795225041,40.4544873822,"2517 PENN AVE, Pittsburgh, PA 15222-",https://data.wprdc.org/dataset/pli-permits
SSP-2022-02483,pittsburgh,2022-07-22,0,Suppression System Permit,NEW SYSTEM,false,Completed,-79.9974376407,40.3958558152,"1709 SAW MILL RUN BLVD, Pittsburgh, 15210-",https://data.wprdc.org/dataset/pli-permits
OLP-2021-13531,pittsburgh,2021-08-25,0,Occupant Load Placard Permit,NEW,false,Completed,-79.9705667215,40.4429998145,"22 STRAYHORN Way, Pittsburgh, PA 15213-",https://data.wprdc.org/dataset/pli-permits
OLP-2023-17343,pittsburgh,2023-11-01,0,Occupant Load Placard Permit,NEW,false,Completed,-79.9649018541,40.4715772592,"105 40TH ST, Pittsburgh, 15201-",https://data.wprdc.org/dataset/pli-permits
SP-2019-09874,pittsburgh,2020-01-03,0,Sign Permit,NEW,false,Completed,-79.9225799089,40.4372968269,"1723 MURRAY AVE, Pittsburgh, 15217-",https://data.wprdc.org/dataset/pli-permits
SP-2020-06153,pittsburgh,2020-12-22,0,Sign Permit,NEW,false,Completed,-79.9796122559,40.4549553695,"2552 SMALLMAN ST, Pittsburgh, PA 15222-",https://data.wprdc.org/dataset/pli-permits
MP-2020-11397,pittsburgh,2020-07-22,0,MECHANICAL,NEW CONSTRUCTION,true,Expired,-79.9193593894,40.4744330476,"5928 BRYANT CT, Pittsburgh, 15206-",https://data.wprdc.org/dataset/pli-permits
EP-2021-09520,pittsburgh,2021-08-27,0,ELECTRICAL,NEW CONSTRUCTION,false,Completed,-79.9586741342,40.4396582241,"3510 FORBES AVE, Pittsburgh, PA 15213-",https://data.wprdc.org/dataset/pli-permits
SP-2020-13789,pittsburgh,2021-06-15,0,Sign Permit,NEW,false,Completed,-79.9886534259,40.4509884461,"1679 WATERFRONT PL #371, Pittsburgh, PA 15222-",https://data.wprdc.org/dataset/pli-permits
BP-2023-01622,pittsburgh,2023-11-03,0,BUILDING,NEW CONSTRUCTION,false,Completed,-79.9211060768,40.4587972853,"163 SHADY AVE #114, Pittsburgh, PA 15206-",https://data.wprdc.org/dataset/pli-permits
OLP-2021-09251,pittsburgh,2021-08-09,0,Occupant Load Placard Permit,NEW,false,Completed,-80.0038879672,40.4407398325,"424 STANWIX ST, Pittsburgh, PA 15222-",https://data.wprdc.org/dataset/pli-permits
SP-2021-00529,pittsburgh,2021-02-24,0,Sign Permit,NEW,false,Completed,-79.9572382451,40.4415733983,"148 OAKLAND AVE, Pittsburgh, PA 15213-",https://data.wprdc.org/dataset/pli-permits
MP-2023-07483,pittsburgh,2023-05-02,0,MECHANICAL,NEW CONSTRUCTION,true,Completed,-79.9409353124,40.4022993194,"5431 2ND AVE, Pittsburgh, 15207-",https://data.wprdc.org/dataset/pli-permits
MP-2023-20501,pittsburgh,2024-10-07,0,MECHANICAL,NEW CONSTRUCTION,false,Completed,-79.9234762771,40.4606134279,"6112 PENN AVE, Pittsburgh, PA 15206",https://data.wprdc.org/dataset/pli-permits
SSP-2020-14142,pittsburgh,2020-10-20,0,Suppression System Permit,NEW SYSTEM,false,Completed,-79.9157299194,40.4570395031,"177 BAKERY SQUARE BLVD, Pittsburgh, PA 15206-",https://data.wprdc.org/dataset/pli-permits
SP-2021-14972,pittsburgh,2021-09-16,0,Sign Permit,NEW,false,Issued,-79.978328611,40.4559038309,"211 26TH ST #201, Pittsburgh, PA 15222-",https://data.wprdc.org/dataset/pli-permits
MP-2023-01139,pittsburgh,2023-03-16,0,MECHANICAL,NEW CONSTRUCTION,true,Completed,-79.9514683707,40.4585192037,"4728 LORIGAN ST #301, Pittsburgh, PA 15224-",https://data.wprdc.org/dataset/pli-permits
BP-2019-01649,pittsburgh,2021-09-20,0,BUILDING,NEW CONSTRUCTION,true,Completed,-79.9385861354,40.4672761476,"5249 BROWN Way, Pittsburgh, PA 15224-",https://data.wprdc.org/dataset/pli-permits
EP-2021-00202,pittsburgh,2021-03-29,0,ELECTRICAL,NEW CONSTRUCTION,false,Completed,-80.0430510996,40.4748309616,"3300 PREBLE AVE #420, Pittsburgh, PA 15233-",https://data.wprdc.org/dataset/pli-permits
FAS-2022-04780,pittsburgh,2022-07-19,0,Fire Alarm Permit,NEW SYSTEM,false,Completed,-79.964503658,40.4245654846,"2901 SARAH ST, Pittsburgh, PA 15203-",https://data.wprdc.org/dataset/pli-permits
MP-2020-17024,pittsburgh,2021-04-08,0,MECHANICAL,NEW CONSTRUCTION,false,Completed,-79.9821031662,40.4386324646,"1709 5TH AVE #101, Pittsburgh, PA 15219-",https://data.wprdc.org/dataset/pli-permits
MP-2021-16246,pittsburgh,2021-10-04,0,MECHANICAL,NEW CONSTRUCTION,true,Completed,-80.0102945135,40.4581542145,"217 ALPINE AVE, Pittsburgh, PA 15212-",https://data.wprdc.org/dataset/pli-permits
SSP-2022-12298,pittsburgh,2022-08-19,0,Suppression System Permit,NEW SYSTEM,false,Completed,-79.8973774596,40.455464486,"7138 KELLY ST, Pittsburgh, 15208-",https://data.wprdc.org/dataset/pli-permits
SSP-2021-02587,pittsburgh,2022-08-09,0,Suppression System Permit,NEW SYSTEM,false,Completed,-79.9373961933,40.4481567579,"5131 5TH AVE, Pittsburgh, PA 15232-",https://data.wprdc.org/dataset/pli-permits
EP-2020-01807,pittsburgh,2020-03-02,0,ELECTRICAL,NEW CONSTRUCTION,true,Completed,-79.9553588524,40.4389702551,"324 ATWOOD ST, Pittsburgh, 15213-",https://data.wprdc.org/dataset/pli-permits
EP-2020-08028,pittsburgh,2020-06-18,0,ELECTRICAL,NEW CONSTRUCTION,true,Issued,-80.0551332446,40.4294878801,"1835 CHESSLAND ST, Pittsburgh, 15205-",https://data.wprdc.org/dataset/pli-permits
FAS-2020-03829,pittsburgh,2020-08-13,0,Fire Alarm Permit,NEW SYSTEM,false,Completed,-79.9874875891,40.4517877123,"1759 WATERFRONT PL #572, Pittsburgh, PA 15222-",https://data.wprdc.org/dataset/pli-permits
FAS-2020-20375,pittsburgh,2021-01-29,0,Fire Alarm Permit,NEW SYSTEM,false,Completed,-80.0035680945,40.4399201571,"6 PPG PL #830, Pittsburgh, PA 15222-",https://data.wprdc.org/dataset/pli-permits
FAS-2022-03625,pittsburgh,2022-05-17,0,Fire Alarm Permit,NEW SYSTEM,false,Completed,-80.0430510996,40.4748309616,"3300 PREBLE AVE #420, Pittsburgh, PA 15233-",https://data.wprdc.org/dataset/pli-permits
EP-2019-06341,pittsburgh,2020-04-17,0,ELECTRICAL,NEW CONSTRUCTION,false,Completed,-79.9835922908,40.436106554,"1622 LOCUST ST, Pittsburgh, PA 15219-",https://data.wprdc.org/dataset/pli-permits
SP-2022-11118,pittsburgh,2022-08-02,0,Sign Permit,NEW,false,Completed,-79.9632194623,40.4414337541,No primary address specified,https://data.wprdc.org/dataset/pli-permits
SP-2022-09105,pittsburgh,2022-06-30,0,Sign Permit,NEW,false,Completed,-79.9768158499,40.4300975975,"2040 WHARTON ST, Pittsburgh, PA 15203-",https://data.wprdc.org/dataset/pli-permits
MP-2022-03454,pittsburgh,2024-02-16,0,MECHANICAL,NEW CONSTRUCTION,false,Issued,-79.9179362353,40.4849621069,"201 SHELTER HOUSE RD, Pittsburgh, PA 15206-",https://data.wprdc.org/dataset/pli-permits
MP-2023-21109,pittsburgh,2024-09-10,0,MECHANICAL,NEW CONSTRUCTION,false,Issued,-79.8960532333,40.4545762561,"7225 HAMILTON AVE, Pittsburgh, PA 15208-",https://data.wprdc.org/dataset/pli-permits
EP-2023-17931,pittsburgh,2023-10-26,0,ELECTRICAL,NEW CONSTRUCTION,false,Completed,-80.080342908,40.4450218346,"2260 ROSWELL DR #115, Pittsburgh, PA 15205-",https://data.wprdc.org/dataset/pli-permits
SP-2021-15410,pittsburgh,2021-10-07,0,Sign Permit,NEW,false,Completed,-79.9164755976,40.4571499652,"177 BAKERY SQUARE BLVD, Pittsburgh, PA 15206-",https://data.wprdc.org/dataset/pli-permits
BP-2023-10238,pittsburgh,2024-03-27,0,BUILDING,NEW CONSTRUCTION,false,Completed,-79.9819997078,40.4398191177,"1738 REED ST #424, Pittsburgh, PA 15219-",https://data.wprdc.org/dataset/pli-permits
BP-2020-08652,pittsburgh,2021-05-18,0,BUILDING,NEW CONSTRUCTION,true,Completed,-80.0100896517,40.4582041459,"211 ALPINE AVE, Pittsburgh, PA 15212-",https://data.wprdc.org/dataset/pli-permits
BP-2020-18718,pittsburgh,2021-03-05,0,BUILDING,NEW CONSTRUCTION,false,Completed,-79.9684280981,40.4603506967,"3234 LIBERTY AVE #562, Pittsburgh, PA 15201-",https://data.wprdc.org/dataset/pli-permits
EP-2022-01862,pittsburgh,2022-05-09,0,ELECTRICAL,NEW CONSTRUCTION,false,Completed,-80.0869698352,40.4432092565,"519 NAPOR BLVD, Pittsburgh, PA 15205-",https://data.wprdc.org/dataset/pli-permits
MP-2021-07737,pittsburgh,2021-07-06,0,MECHANICAL,NEW CONSTRUCTION,true,Completed,-79.9667392441,40.4390101113,"138 BURROWS ST, Pittsburgh, PA 15213-",https://data.wprdc.org/dataset/pli-permits
BP-2023-03551,pittsburgh,2023-05-02,0,BUILDING,NEW CONSTRUCTION,true,Completed,-79.9934179571,40.4567726178,"905 RICKENBACH ST, Pittsburgh, PA 15212-",https://data.wprdc.org/dataset/pli-permits
SSP-2023-01197,pittsburgh,2023-03-24,0,Suppression System Permit,NEW SYSTEM,false,Completed,-79.9280145371,40.4193295658,"828 HAZELWOOD AVE, Pittsburgh, PA 15217-",https://data.wprdc.org/dataset/pli-permits
FP-2023-08447,pittsburgh,2023-11-13,0,Floodplain Permit,New Construction,false,Issued,-79.9842097179,40.4530446649,"2128 RAILROAD ST, Pittsburgh, PA 15222-",https://data.wprdc.org/dataset/pli-permits
MP-2023-11872,pittsburgh,2023-09-15,0,MECHANICAL,NEW CONSTRUCTION,true,Completed,-80.0794308566,40.4498994083,"104 CEDARWOOD PL, Pittsburgh, PA 15205-",https://data.wprdc.org/dataset/pli-permits
BP-2020-15004,pittsburgh,2021-06-17,0,BUILDING,NEW CONSTRUCTION,true,Completed,-79.9529893842,40.4784265508,"5148 KEYSTONE ST, Pittsburgh, PA 15201-",https://data.wprdc.org/dataset/pli-permits
MP-2024-06822,pittsburgh,2024-05-08,0,MECHANICAL,NEW CONSTRUCTION,true,Completed,-79.981645253,40.4410720618,"1829 REED ST, Pittsburgh, PA 15219-",https://data.wprdc.org/dataset/pli-permits
EP-2021-02773,pittsburgh,2021-02-23,0,ELECTRICAL,NEW CONSTRUCTION,true,Completed,-79.9489275906,40.4846686339,"5585 BERLIN Way, Pittsburgh, PA 15201-",https://data.wprdc.org/dataset/pli-permits
OOP-2022-06197,pittsburgh,2022-06-06,0,Occupancy Only Permit,NEW USE,false,Expired,-79.992512301,40.4220949215,"831 E WARRINGTON AVE, Pittsburgh, 15210-",https://data.wprdc.org/dataset/pli-permits
OOP-2020-06583,pittsburgh,2020-05-18,0,Occupancy Only Permit,NEW USE,false,Completed,-79.957361146,40.4403494737,"219 MEYRAN AVE, Pittsburgh, PA 15213-",https://data.wprdc.org/dataset/pli-permits
SP-2021-00145,pittsburgh,2021-05-26,0,Sign Permit,NEW,false,Issued,-79.9564430507,40.4422143319,"3909 FORBES AVE, Pittsburgh, PA 15213-",https://data.wprdc.org/dataset/pli-permits
SSP-2023-05442,pittsburgh,2023-06-06,0,Suppression System Permit,NEW SYSTEM,false,Completed,-79.9878499494,40.4447896475,"1530 CLIFF ST #314, Pittsburgh, PA 15219-",https://data.wprdc.org/dataset/pli-permits
MP-2022-05456,pittsburgh,2022-08-08,0,MECHANICAL,NEW CONSTRUCTION,false,Completed,-79.9903585214,40.4486022823,"1447 SMALLMAN ST, Pittsburgh, PA 15222-",https://data.wprdc.org/dataset/pli-permits
MP-2022-19054,pittsburgh,2022-12-21,0,MECHANICAL,NEW CONSTRUCTION,true,Completed,-79.9271587097,40.4651503388,"308 N SAINT CLAIR ST, Pittsburgh, PA 15206-",https://data.wprdc.org/dataset/pli-permits
EP-2021-15686,pittsburgh,2021-11-09,0,ELECTRICAL,NEW CONSTRUCTION,false,Completed,-80.0132119162,40.4593042018,"508 W JEFFERSON ST, Pittsburgh, PA 15212-",https://data.wprdc.org/dataset/pli-permits
SP-2020-14455,pittsburgh,2020-11-24,0,Sign Permit,NEW,false,Completed,-80.0451156435,40.3994885923,"3210 BANKSVILLE RD, Pittsburgh, 15216-",https://data.wprdc.org/dataset/pli-permits
SSP-2021-19571,pittsburgh,2022-01-21,0,Suppression System Permit,NEW SYSTEM,false,Completed,-80.0132119162,40.4593042018,"508 W JEFFERSON ST, Pittsburgh, PA 15212-",https://data.wprdc.org/dataset/pli-permits
FAS-2021-03337,pittsburgh,2021-04-08,0,Fire Alarm Permit,NEW SYSTEM,false,Completed,-79.9572382451,40.4415733983,"148 OAKLAND AVE, Pittsburgh, PA 15213-",https://data.wprdc.org/dataset/pli-permits
SP-2020-14212,pittsburgh,2020-10-06,0,Sign Permit,NEW,false,Expired,-79.9413678923,40.4544808669,"5200 CENTRE AVE, Pittsburgh, PA 15232-",https://data.wprdc.org/dataset/pli-permits
BDA-2024-05942,pittsburgh,2024-11-15,0,Building & Development Application,New Construction,true,Issued,-79.9702554807,40.4233462021,"66 BARRY ST, Pittsburgh, 15203-",https://data.wprdc.org/dataset/pli-permits
MP-2024-11101,pittsburgh,2024-08-19,0,MECHANICAL,NEW CONSTRUCTION,true,Issued,-80.0182830687,40.4380468692,"1204 GRANDVIEW AVE, Pittsburgh, PA 15211-",https://data.wprdc.org/dataset/pli-permits
SP-2022-19444,pittsburgh,2023-01-10,0,Sign Permit,NEW,false,Completed,-79.9298586635,40.4666223591,"327 N NEGLEY AVE #233, Pittsburgh, PA 15206-",https://data.wprdc.org/dataset/pli-permits
EP-2024-06696,pittsburgh,2024-05-02,0,ELECTRICAL,NEW CONSTRUCTION,true,Issued,-79.9363663652,40.4828523457,"1361 HAWTHORNE ST, Pittsburgh, PA 15201-",https://data.wprdc.org/dataset/pli-permits
OLP-2023-01402,pittsburgh,2023-05-05,0,Occupant Load Placard Permit,NEW,false,Completed,-79.9463297422,40.4849090113,"5688 BUTLER ST, Pittsburgh, 15201-",https://data.wprdc.org/dataset/pli-permits
MP-2021-14029,pittsburgh,2022-03-10,0,MECHANICAL,NEW CONSTRUCTION,false,Completed,-79.9424354286,40.4437333149,"5135 MARGARET MORRISON ST, Pittsburgh, PA 15213-",https://data.wprdc.org/dataset/pli-permits
MP-2020-12789,pittsburgh,2020-09-02,0,MECHANICAL,NEW CONSTRUCTION,true,Completed,-80.0422080715,40.4133734957,"1354 CARNAHAN RD, Pittsburgh, PA 15220-",https://data.wprdc.org/dataset/pli-permits
BP-2020-02992,pittsburgh,2021-02-16,0,BUILDING,NEW CONSTRUCTION,true,Completed,-79.9193800261,40.4557546882,"313 DENNISTON ST, Pittsburgh, PA 15206-",https://data.wprdc.org/dataset/pli-permits
MP-2024-06668,pittsburgh,2024-05-03,0,MECHANICAL,NEW CONSTRUCTION,true,Completed,-79.9819997078,40.4398191177,"1738 REED ST #424, Pittsburgh, PA 15219-",https://data.wprdc.org/dataset/pli-permits
FAS-2023-13324,pittsburgh,2023-09-14,0,Fire Alarm Permit,NEW SYSTEM,false,Completed,-79.9114649997,40.4661519408,"624 LARIMER AVE, Pittsburgh, PA 15206-",https://data.wprdc.org/dataset/pli-permits
SP-2020-04717,pittsburgh,2020-06-18,0,Sign Permit,NEW,false,Completed,-79.9604436441,40.4709751352,"193 43RD ST, Pittsburgh, PA 15201-",https://data.wprdc.org/dataset/pli-permits
EP-2020-00083,pittsburgh,2020-05-14,0,ELECTRICAL,NEW CONSTRUCTION,true,Completed,-79.986816396,40.4514740245,"1746 WATERFRONT PL, Pittsburgh, PA 15222-",https://data.wprdc.org/dataset/pli-permits
BP-2022-07007,pittsburgh,2023-05-26,0,BUILDING,NEW CONSTRUCTION,false,Completed,-79.9493131384,40.4632755987,"210 PEARL ST, Pittsburgh, PA 15224-",https://data.wprdc.org/dataset/pli-permits
SP-2021-10087,pittsburgh,2021-11-16,0,Sign Permit,NEW,false,Completed,-79.9771668661,40.4288254958,"2009 E CARSON ST, Pittsburgh, PA 15203-",https://data.wprdc.org/dataset/pli-permits
SP-2019-09726,pittsburgh,2020-02-10,0,Sign Permit,NEW,false,Expired,-79.9600781749,40.4232040305,"3247 E CARSON ST, Pittsburgh, 15203-",https://data.wprdc.org/dataset/pli-permits
EP-2022-14384,pittsburgh,2022-09-13,0,ELECTRICAL,NEW CONSTRUCTION,true,Completed,-79.9501165053,40.4808890596,"5307 HOLMES ST, Pittsburgh, 15201-",https://data.wprdc.org/dataset/pli-permits
SSP-2023-19848,pittsburgh,2023-12-05,0,Suppression System Permit,NEW SYSTEM,false,Completed,-80.0009494272,40.4403059117,"429 WOOD ST, Pittsburgh, PA 15222-",https://data.wprdc.org/dataset/pli-permits
FAS-2020-08005,pittsburgh,2020-09-23,0,Fire Alarm Permit,NEW SYSTEM,false,Completed,-79.9668667715,40.4625965737,"207 34TH ST #314, Pittsburgh, PA 15201-",https://data.wprdc.org/dataset/pli-permits
SSP-2022-00534,pittsburgh,2022-01-28,0,Suppression System Permit,NEW SYSTEM,false,Completed,-79.9708693847,40.4278579578,"2400 E CARSON ST, Pittsburgh, 15203-",https://data.wprdc.org/dataset/pli-permits
MP-2021-05619,pittsburgh,2021-11-17,0,MECHANICAL,NEW CONSTRUCTION,true,Completed,-80.022759842,40.4344167807,"450 SWEETBRIAR ST, Pittsburgh, PA 15211-",https://data.wprdc.org/dataset/pli-permits
SP-2024-03152,pittsburgh,2024-03-05,0,Sign Permit,NEW,false,Issued,-80.0080661064,40.4468565587,"220 NORTH SHORE DR #628, Pittsburgh, PA 15212-",https://data.wprdc.org/dataset/pli-permits
BP-2020-01057,pittsburgh,2020-06-18,0,BUILDING,NEW CONSTRUCTION,false,Completed,-79.9162070297,40.4562370919,"6501 LIVING PL, Pittsburgh, PA 15206-",https://data.wprdc.org/dataset/pli-permits
EP-2022-01290,pittsburgh,2022-02-01,0,ELECTRICAL,NEW CONSTRUCTION,true,Completed,-80.0685910896,40.4238006628,"147 ANGENA DR, Pittsburgh, 15205-",https://data.wprdc.org/dataset/pli-permits
SP-2021-20339,pittsburgh,2022-06-06,0,Sign Permit,NEW,false,Completed,-79.992512301,40.4220949215,"831 E WARRINGTON AVE, Pittsburgh, 15210-",https://data.wprdc.org/dataset/pli-permits
EP-2022-14473,pittsburgh,2022-09-14,0,ELECTRICAL,NEW CONSTRUCTION,true,Completed,-80.0088601912,40.4598298294,"17 LANE Way, Pittsburgh, PA 15212-",https://data.wprdc.org/dataset/pli-permits
SSP-2020-09823,pittsburgh,2020-08-12,0,Suppression System Permit,NEW SYSTEM,false,Completed,-79.9816941799,40.4368426269,"308 MILTENBERGER ST #302, Pittsburgh, PA 15219-",https://data.wprdc.org/dataset/pli-permits
MP-2024-08031,pittsburgh,2024-06-05,0,MECHANICAL,NEW CONSTRUCTION,false,Completed,-79.9914618561,40.4415602968,"626 WASHINGTON PL #2501, Pittsburgh, PA 15219-",https://data.wprdc.org/dataset/pli-permits
SSP-2023-06757,pittsburgh,2023-07-24,0,Suppression System Permit,NEW SYSTEM,false,Completed,-79.9572139554,40.47697243,"4837 BUTLER ST #202, Pittsburgh, PA 15201-",https://data.wprdc.org/dataset/pli-permits
BP-2019-09389,pittsburgh,2020-08-25,0,BUILDING,NEW CONSTRUCTION,true,Completed,-80.0253776732,40.4361235399,"419 CLARENCE ST, Pittsburgh, PA 15211-",https://data.wprdc.org/dataset/pli-permits
SP-2023-00226,pittsburgh,2023-01-25,0,Sign Permit,NEW,false,Completed,-79.9231011297,40.4304976507,"2345 MURRAY AVE #320, Pittsburgh, PA 15217-",https://data.wprdc.org/dataset/pli-permits
EP-2021-09333,pittsburgh,2021-06-08,0,ELECTRICAL,NEW CONSTRUCTION,true,Completed,-80.0187067735,40.4921002591,"24 RADIUM ST, Pittsburgh, PA 15214-",https://data.wprdc.org/dataset/pli-permits
MP-2023-16377,pittsburgh,2023-10-04,0,MECHANICAL,NEW CONSTRUCTION,true,Completed,-79.9562678277,40.4711538426,"4600 DAVISON ST, Pittsburgh, PA 15201-",https://data.wprdc.org/dataset/pli-permits
EP-2019-11187,pittsburgh,2021-09-17,0,ELECTRICAL,NEW CONSTRUCTION,false,Completed,-79.9653329962,40.4695679428,"129 39TH ST, Pittsburgh, PA 15201-",https://data.wprdc.org/dataset/pli-permits
MP-2023-06246,pittsburgh,2023-05-10,0,MECHANICAL,NEW CONSTRUCTION,true,Completed,-80.041715858,40.4127756302,"1336 CARNAHAN RD, Pittsburgh, PA 15220-",https://data.wprdc.org/dataset/pli-permits
MP-2021-19893,pittsburgh,2021-12-27,0,MECHANICAL,NEW CONSTRUCTION,true,Completed,-80.0248377594,40.4603007292,"1232 KUNKLE AVE, Pittsburgh, PA 15212-",https://data.wprdc.org/dataset/pli-permits
MP-2020-02433,pittsburgh,2020-07-23,0,MECHANICAL,NEW CONSTRUCTION,false,Completed,-79.9623431987,40.4250979403,"2984 SIDNEY ST, Pittsburgh, PA 15203-",https://data.wprdc.org/dataset/pli-permits
MP-2021-20805,pittsburgh,2022-05-27,0,MECHANICAL,NEW CONSTRUCTION,true,Completed,-79.9385861354,40.4672761476,"5249 BROWN Way, Pittsburgh, PA 15224-",https://data.wprdc.org/dataset/pli-permits
SP-2019-10996,pittsburgh,2020-01-03,0,Sign Permit,NEW,false,Revoked,-80.0013501862,40.4417923813,"606 LIBERTY AVE, Pittsburgh, 15222-",https://data.wprdc.org/dataset/pli-permits
OLP-2021-20463,pittsburgh,2022-04-05,0,Occupant Load Placard Permit,NEW,false,Completed,-79.9874875891,40.4517877123,"1759 WATERFRONT PL #572, Pittsburgh, PA 15222-",https://data.wprdc.org/dataset/pli-permits
BP-2019-08660,pittsburgh,2020-03-13,0,BUILDING,NEW CONSTRUCTION,true,Completed,-79.966902345,40.4397091347,"110 BURROWS ST, Pittsburgh, PA 15213-",https://data.wprdc.org/dataset/pli-permits
EP-2020-20039,pittsburgh,2020-12-15,0,ELECTRICAL,NEW CONSTRUCTION,true,Completed,-79.9487145528,40.4847624225,"138 56TH ST, Pittsburgh, PA 15201-",https://data.wprdc.org/dataset/pli-permits
MP-2020-00069,pittsburgh,2020-01-09,0,MECHANICAL,NEW CONSTRUCTION,true,Completed,-79.9531857587,40.479150247,"5177 KEYSTONE ST, Pittsburgh, PA 15201-",https://data.wprdc.org/dataset/pli-permits
OLP-2023-07389,pittsburgh,2023-08-09,0,Occupant Load Placard Permit,NEW,false,Completed,-80.0062348098,40.4391332671,"11 STANWIX ST #150, Pittsburgh, PA 15222-",https://data.wprdc.org/dataset/pli-permits
EP-2023-03899,pittsburgh,2023-08-11,0,ELECTRICAL,NEW CONSTRUCTION,false,Completed,-80.0809420052,40.4498763913,"1862 BROADHEAD FORDING RD, Pittsburgh, PA 15205-",https://data.wprdc.org/dataset/pli-permits
EP-2022-14126,pittsburgh,2022-12-14,0,ELECTRICAL,NEW CONSTRUCTION,false,Completed,-79.9188369644,40.4170787472,"1614 PARKVIEW BLVD, Pittsburgh, PA 15217-",https://data.wprdc.org/dataset/pli-permits
EP-2022-00020,pittsburgh,2022-01-18,0,ELECTRICAL,NEW CONSTRUCTION,true,Completed,-80.0139370977,40.3878217443,"1330 BERKSHIRE AVE, Pittsburgh, 15226-",https://data.wprdc.org/dataset/pli-permits
EP-2022-08594,pittsburgh,2022-06-03,0,ELECTRICAL,NEW CONSTRUCTION,true,Completed,-80.0128506699,40.4351330523,"527 GRANDVIEW AVE #3, Pittsburgh, PA 15211-",https://data.wprdc.org/dataset/pli-permits
MP-2023-07901,pittsburgh,2023-06-02,0,MECHANICAL,NEW CONSTRUCTION,true,Completed,-79.9149359684,40.4625415637,"163 AUBURN ST, Pittsburgh, PA 15206-",https://data.wprdc.org/dataset/pli-permits
SP-2021-14828,pittsburgh,2021-09-13,0,Sign Permit,NEW,false,Completed,-80.005125866,40.4386640696,"20 STANWIX ST #2000, Pittsburgh, PA 15222-",https://data.wprdc.org/dataset/pli-permits
SSP-2024-02175,pittsburgh,2024-05-23,0,Suppression System Permit,NEW SYSTEM,false,Completed,-80.0172257439,40.451576173,"919 WESTERN AVE, Pittsburgh, PA 15233-",https://data.wprdc.org/dataset/pli-permits
FAS-2024-14549,pittsburgh,2024-12-24,0,Fire Alarm Permit,NEW SYSTEM,false,Completed,-79.8891460801,40.4879321345,"873 FREEPORT RD, Pittsburgh, PA 15238-",https://data.wprdc.org/dataset/pli-permits
EP-2021-16050,pittsburgh,2021-12-10,0,ELECTRICAL,NEW CONSTRUCTION,false,Completed,-79.9684280981,40.4603506967,"3234 LIBERTY AVE #562, Pittsburgh, PA 15201-",https://data.wprdc.org/dataset/pli-permits
SSP-2022-03378,pittsburgh,2022-07-08,0,Suppression System Permit,NEW SYSTEM,false,Completed,-79.9586741342,40.4396582241,"3510 FORBES AVE, Pittsburgh, PA 15213-",https://data.wprdc.org/dataset/pli-permits
SP-2021-18446,pittsburgh,2022-02-15,0,Sign Permit,NEW,false,Completed,-79.9809615427,40.4290789354,"1733 E CARSON ST, Pittsburgh, PA 15203-",https://data.wprdc.org/dataset/pli-permits
EP-2021-03457,pittsburgh,2021-03-09,0,ELECTRICAL,NEW CONSTRUCTION,true,Completed,-79.987325136,40.4298648424,"1106 MURIEL ST, Pittsburgh, 15203-",https://data.wprdc.org/dataset/pli-permits
FAS-2021-16238,pittsburgh,2022-01-14,0,Fire Alarm Permit,NEW SYSTEM,false,Completed,-79.9678780585,40.4600244522,"3220 SASSAFRAS Way #414, Pittsburgh, PA 15201-",https://data.wprdc.org/dataset/pli-permits
SP-2020-16795,pittsburgh,2020-11-23,0,Sign Permit,NEW,false,Completed,-80.0859878913,40.4426931777,"463 NAPOR BLVD #121, Pittsburgh, PA 15205-",https://data.wprdc.org/dataset/pli-permits
SP-2023-01102,pittsburgh,2023-05-24,0,Sign Permit,NEW,false,Completed,-79.9639546282,40.4244737758,"E CARSON ST, Pittsburgh, PA 15203-",https://data.wprdc.org/dataset/pli-permits
MP-2023-11863,pittsburgh,2023-09-18,0,MECHANICAL,NEW CONSTRUCTION,true,Completed,-80.0794308566,40.4498994083,"104 CEDARWOOD PL, Pittsburgh, PA 15205-",https://data.wprdc.org/dataset/pli-permits
SP-2023-05308,pittsburgh,2023-04-12,0,Sign Permit,NEW,false,Issued,-79.9904734633,40.4385494905,"1014 5TH AVE #404, Pittsburgh, PA 15219-",https://data.wprdc.org/dataset/pli-permits
OOP-2022-06193,pittsburgh,2023-04-20,0,Occupancy Only Permit,NEW USE,false,Issued,-79.9569706637,40.4108626628,"1000 BECKS RUN RD, Pittsburgh, 15210-",https://data.wprdc.org/dataset/pli-permits
MP-2022-02806,pittsburgh,2022-03-07,0,MECHANICAL,NEW CONSTRUCTION,true,Completed,-79.9133217409,40.4652844329,"116 WINSLOW ST, Pittsburgh, PA 15206-",https://data.wprdc.org/dataset/pli-permits
BP-2023-17255,pittsburgh,2023-11-09,0,BUILDING,NEW CONSTRUCTION,true,Issued,-79.8983615671,40.4304326329,"1111 RICHMOND ST, Pittsburgh, 15218-",https://data.wprdc.org/dataset/pli-permits
MP-2022-05461,pittsburgh,2022-05-04,0,MECHANICAL,NEW CONSTRUCTION,true,Completed,-79.9650490091,40.4629791843,"3448 1/2 LIGONIER ST, Pittsburgh, PA 15201-",https://data.wprdc.org/dataset/pli-permits
EP-2022-00472,pittsburgh,2022-04-05,0,ELECTRICAL,NEW CONSTRUCTION,false,Completed,-79.9491343074,40.4171431368,"4339 LYTLE ST, Pittsburgh, PA 15207-",https://data.wprdc.org/dataset/pli-permits
BP-2020-07951,pittsburgh,2021-03-03,0,BUILDING,NEW CONSTRUCTION,false,Completed,-79.9640089066,40.4330887045,"743 TECHNOLOGY DR #2, Pittsburgh, PA 15219-",https://data.wprdc.org/dataset/pli-permits
MP-2020-19579,pittsburgh,2020-12-17,0,MECHANICAL,NEW CONSTRUCTION,true,Issued,-79.9879833534,40.4506874991,"1660 WATERFRONT PL, Pittsburgh, PA 15222-",https://data.wprdc.org/dataset/pli-permits
FAS-2022-08773,pittsburgh,2022-07-21,0,Fire Alarm Permit,NEW SYSTEM,false,Completed,-79.9073768539,40.4645909788,"1105 WASHINGTON BLVD, Pittsburgh, PA 15206-",https://data.wprdc.org/dataset/pli-permits
MP-2021-19900,pittsburgh,2021-12-22,0,MECHANICAL,NEW CONSTRUCTION,true,Completed,-80.0252811063,40.4602214928,"1252 KUNKLE AVE, Pittsburgh, PA 15212-",https://data.wprdc.org/dataset/pli-permits
SP-2020-18976,pittsburgh,2021-02-01,0,Sign Permit,NEW,false,Completed,-79.961224919,40.4692902129,"4030 BUTLER ST, Pittsburgh, 15201-",https://data.wprdc.org/dataset/pli-permits
MP-2021-05236,pittsburgh,2021-11-15,0,MECHANICAL,NEW CONSTRUCTION,true,Completed,-79.9507066294,40.4785676304,"5219 POE Way, Pittsburgh, PA 15201-",https://data.wprdc.org/dataset/pli-permits
OLP-2024-07113,pittsburgh,2024-12-03,0,Occupant Load Placard Permit,NEW,false,Completed,-79.9939993802,40.4394880147,"500 ROSS ST, Pittsburgh, PA 15219",https://data.wprdc.org/dataset/pli-permits
SP-2021-17532,pittsburgh,2022-01-11,0,Sign Permit,NEW,false,Issued,-79.9578909752,40.4417116122,"109 ATWOOD ST, Pittsburgh, PA 15213-",https://data.wprdc.org/dataset/pli-permits
MP-2023-15302,pittsburgh,2023-09-14,0,MECHANICAL,NEW CONSTRUCTION,true,Completed,-80.0794308566,40.4498994083,"104 CEDARWOOD PL, Pittsburgh, PA 15205-",https://data.wprdc.org/dataset/pli-permits
MP-2021-03034,pittsburgh,2021-04-12,0,MECHANICAL,NEW CONSTRUCTION,true,Completed,-80.0094957381,40.4594946746,"128 E JEFFERSON ST, Pittsburgh, PA 15212-",https://data.wprdc.org/dataset/pli-permits
FAS-2020-15425,pittsburgh,2020-09-28,0,Fire Alarm Permit,NEW SYSTEM,false,Completed,-79.9965441666,40.4580743758,"838 CONCORD ST, Pittsburgh, PA 15212-",https://data.wprdc.org/dataset/pli-permits
EP-2021-20450,pittsburgh,2021-12-27,0,ELECTRICAL,NEW CONSTRUCTION,true,Issued,-79.9832313418,40.4656643399,"1807 EBERHARDT AVE, Pittsburgh, PA 15212-",https://data.wprdc.org/dataset/pli-permits
OOP-2021-05249,pittsburgh,2022-01-24,0,Occupancy Only Permit,NEW USE,true,Expired,-80.0140602338,40.4015014101,"612 MAYVILLE AVE, Pittsburgh, 15226-",https://data.wprdc.org/dataset/pli-permits
OLP-2024-00154,pittsburgh,2024-03-06,0,Occupant Load Placard Permit,NEW,false,Completed,-79.9862209244,40.4290359459,"16 BEDFORD SQ #300, Pittsburgh, PA 15203-",https://data.wprdc.org/dataset/pli-permits
OLP-2024-04591,pittsburgh,2024-05-20,0,Occupant Load Placard Permit,NEW,false,Completed,-79.9447698054,40.44544646,"4765 FORBES AVE, Pittsburgh, PA 15213-",https://data.wprdc.org/dataset/pli-permits
MP-2023-12248,pittsburgh,2024-02-21,0,MECHANICAL,NEW CONSTRUCTION,false,Completed,-79.9493131384,40.4632755987,"210 PEARL ST, Pittsburgh, PA 15224-",https://data.wprdc.org/dataset/pli-permits
SSP-2023-12194,pittsburgh,2023-10-27,0,Suppression System Permit,NEW SYSTEM,false,Completed,-79.9988011993,40.4309583346,"59 S 2ND ST, Pittsburgh, PA 15219-",https://data.wprdc.org/dataset/pli-permits
BP-2020-15235,pittsburgh,2020-12-15,0,BUILDING,NEW CONSTRUCTION,true,Completed,-79.953368126,40.4807961934,"5228 DRESDEN Way, Pittsburgh, PA 15201-",https://data.wprdc.org/dataset/pli-permits
SSP-2019-10732,pittsburgh,2020-12-02,0,Suppression System Permit,NEW SYSTEM,false,Completed,-79.9489174443,40.4801311067,"5312 DUNCAN ST, Pittsburgh, 15201-",https://data.wprdc.org/dataset/pli-permits
MP-2022-07870,pittsburgh,2022-07-01,0,MECHANICAL,NEW CONSTRUCTION,true,Completed,-79.9585406198,40.4635835459,"3927 HOWLEY ST, Pittsburgh, 15224-",https://data.wprdc.org/dataset/pli-permits
SP-2020-16711,pittsburgh,2020-12-02,0,Sign Permit,NEW,false,Completed,-79.966442558,40.4271731068,"2746 SIDNEY ST, Pittsburgh, PA 15203-",https://data.wprdc.org/dataset/pli-permits
BP-2024-00973,pittsburgh,2024-03-26,0,BUILDING,NEW CONSTRUCTION,false,Issued,-79.9914618561,40.4415602968,"626 WASHINGTON PL #2501, Pittsburgh, PA 15219-",https://data.wprdc.org/dataset/pli-permits
BP-2023-10044,pittsburgh,2023-07-31,0,BUILDING,NEW CONSTRUCTION,true,Completed,-79.9562678277,40.4711538426,"4600 DAVISON ST, Pittsburgh, PA 15201-",https://data.wprdc.org/dataset/pli-permits
MP-2022-18696,pittsburgh,2023-01-10,0,MECHANICAL,NEW CONSTRUCTION,false,Completed,-80.0168426545,40.4522326218,"911 GALVESTON AVE, Pittsburgh, PA 15233-",https://data.wprdc.org/dataset/pli-permits
BP-2022-14282,pittsburgh,2023-05-23,0,BUILDING,NEW CONSTRUCTION,true,Completed,-79.9622514679,40.4703850982,"167 41ST ST, Pittsburgh, PA 15201-",https://data.wprdc.org/dataset/pli-permits
EP-2020-11009,pittsburgh,2021-08-20,0,ELECTRICAL,NEW CONSTRUCTION,false,Completed,-80.0751049363,40.4174148704,"923 BELL AVE, Pittsburgh, 15106-",https://data.wprdc.org/dataset/pli-permits
OOP-2020-15319,pittsburgh,2021-02-04,0,Occupancy Only Permit,NEW USE,true,Completed,-80.0573260132,40.4426407206,"1720 STRATMORE ST, Pittsburgh, PA 15205-",https://data.wprdc.org/dataset/pli-permits
MP-2020-16898,pittsburgh,2021-09-29,0,MECHANICAL,NEW CONSTRUCTION,false,Completed,-79.9796122559,40.4549553695,"2552 SMALLMAN ST, Pittsburgh, PA 15222-",https://data.wprdc.org/dataset/pli-permits
EP-2020-08027,pittsburgh,2020-06-18,0,ELECTRICAL,NEW CONSTRUCTION,true,Issued,-80.0550951369,40.42958129,"1831 CHESSLAND ST, Pittsburgh, 15205-",https://data.wprdc.org/dataset/pli-permits
MP-2024-01283,pittsburgh,2024-02-05,0,MECHANICAL,NEW CONSTRUCTION,true,Issued,-80.0197836159,40.4387700516,"1318 GRANDVIEW AVE, Pittsburgh, PA 15211",https://data.wprdc.org/dataset/pli-permits
MP-2020-18832,pittsburgh,2020-12-17,0,MECHANICAL,NEW CONSTRUCTION,true,Completed,-79.9878333698,40.4506348221,No primary address specified,https://data.wprdc.org/dataset/pli-permits
MP-2024-12048,pittsburgh,2024-09-24,0,MECHANICAL,NEW CONSTRUCTION,true,Completed,-79.9965873203,40.4225790626,"618 EXCELSIOR ST, Pittsburgh, 15210-",https://data.wprdc.org/dataset/pli-permits
SP-2020-16708,pittsburgh,2020-11-03,0,Sign Permit,NEW,false,Completed,-79.9783669978,40.4289123776,"1915 E CARSON ST, Pittsburgh, 15203-",https://data.wprdc.org/dataset/pli-permits
FAS-2023-19737,pittsburgh,2024-04-23,0,Fire Alarm Permit,NEW SYSTEM,false,Completed,-79.9607398273,40.4705089046,"4203 BUTLER ST, Pittsburgh, PA 15201-",https://data.wprdc.org/dataset/pli-permits
MP-2023-05248,pittsburgh,2023-03-27,0,MECHANICAL,NEW CONSTRUCTION,true,Completed,-79.9082578545,40.4612536812,"546 LINCOLN AVE, Pittsburgh, PA 15206-",https://data.wprdc.org/dataset/pli-permits
FAS-2020-10250,pittsburgh,2020-08-20,0,Fire Alarm Permit,NEW SYSTEM,false,Completed,-79.999520529,40.4539407092,"540 E OHIO ST, Pittsburgh, 15212-",https://data.wprdc.org/dataset/pli-permits
EP-2021-19472,pittsburgh,2021-12-27,0,ELECTRICAL,NEW CONSTRUCTION,true,Completed,-80.0025734198,40.3811951257,"295 GEORGETTE ST, Pittsburgh, 15234-",https://data.wprdc.org/dataset/pli-permits
SSP-2022-03486,pittsburgh,2022-06-30,0,Suppression System Permit,NEW SYSTEM,false,Completed,-79.9082888168,40.4578274511,"6936 5TH AVE, Pittsburgh, PA 15208-",https://data.wprdc.org/dataset/pli-permits
SP-2023-02278,pittsburgh,2023-03-14,0,Sign Permit,NEW,false,Completed,-79.9568955179,40.4413381344,"3716 FORBES AVE, Pittsburgh, PA 15213-",https://data.wprdc.org/dataset/pli-permits
SSP-2020-15396,pittsburgh,2020-10-19,0,Suppression System Permit,NEW SYSTEM,false,Completed,-79.8965233719,40.4560090529,No primary address specified,https://data.wprdc.org/dataset/pli-permits
MP-2022-01405,pittsburgh,2022-02-08,0,MECHANICAL,NEW CONSTRUCTION,true,Issued,-79.9951595605,40.4563689476,"905 CHESTNUT ST, Pittsburgh, 15212-",https://data.wprdc.org/dataset/pli-permits
FAS-2022-17423,pittsburgh,2022-12-09,0,Fire Alarm Permit,NEW SYSTEM,false,Completed,-80.0265620218,40.3989298521,"2571 WENZELL AVE, Pittsburgh, PA 15216-",https://data.wprdc.org/dataset/pli-permits
EP-2020-21013,pittsburgh,2020-12-31,0,ELECTRICAL,NEW CONSTRUCTION,true,Completed,-80.0073440013,40.4284630756,"20 GREENBUSH ST, Pittsburgh, PA 15211-",https://data.wprdc.org/dataset/pli-permits
BP-2020-04752,pittsburgh,2021-05-05,0,BUILDING,NEW CONSTRUCTION,false,Completed,-79.9589277056,40.4223563803,"3381 E CARSON ST, Pittsburgh, PA 15203-",https://data.wprdc.org/dataset/pli-permits
BP-2023-02297,pittsburgh,2023-07-12,0,BUILDING,NEW CONSTRUCTION,false,Completed,-80.0093046886,40.4460312776,"271 NORTH SHORE DR #700, Pittsburgh, PA 15212-",https://data.wprdc.org/dataset/pli-permits
BP-2024-08791,pittsburgh,2024-09-05,0,BUILDING,NEW CONSTRUCTION,false,Completed,-79.9590168681,40.4704397556,"233 43RD ST, Pittsburgh, PA 15201-",https://data.wprdc.org/dataset/pli-permits
SP-2020-19051,pittsburgh,2020-12-17,0,Sign Permit,NEW,false,Completed,-80.0792053742,40.4416671053,"15 INGRAM AVE, Pittsburgh, PA 15205-",https://data.wprdc.org/dataset/pli-permits
SP-2020-19769,pittsburgh,2021-01-06,0,Sign Permit,NEW,false,Expired,-80.0025064755,40.4428073363,"146 6TH ST, Pittsburgh, PA 15222-",https://data.wprdc.org/dataset/pli-permits
BP-2020-02127,pittsburgh,2020-12-10,0,BUILDING,NEW CONSTRUCTION,true,Completed,-79.9129207668,40.4650521708,"132 WINSLOW ST, Pittsburgh, PA 15206-",https://data.wprdc.org/dataset/pli-permits
EP-2020-16166,pittsburgh,2021-03-12,0,ELECTRICAL,NEW CONSTRUCTION,false,Completed,-79.94390358,40.4417684612,"4927 MARGARET MORRISON ST, Pittsburgh, PA 15213-",https://data.wprdc.org/dataset/pli-permits
OLP-2020-16105,pittsburgh,2020-10-14,0,Occupant Load Placard Permit,NEW,false,Completed,-80.0109623817,40.4534312683,"301 CEDAR AVE, Pittsburgh, PA 15212-",https://data.wprdc.org/dataset/pli-permits
MP-2022-09082,pittsburgh,2022-06-13,0,MECHANICAL,NEW CONSTRUCTION,true,Completed,-79.9233372929,40.4731885664,"934 MELLON ST, Pittsburgh, 15206-",https://data.wprdc.org/dataset/pli-permits
MP-2023-09254,pittsburgh,2023-06-07,0,MECHANICAL,NEW CONSTRUCTION,true,Completed,-79.9532098885,40.4793140806,"442 52ND ST, Pittsburgh, PA 15201-",https://data.wprdc.org/dataset/pli-permits
EP-2022-16245,pittsburgh,2022-10-17,0,ELECTRICAL,NEW CONSTRUCTION,true,Completed,-79.9495848222,40.4792633209,"5255 WICKLIFF ST, Pittsburgh, PA 15201-",https://data.wprdc.org/dataset/pli-permits
MP-2023-03817,pittsburgh,2023-06-28,0,MECHANICAL,NEW CONSTRUCTION,false,Completed,-79.9590168681,40.4704397556,"233 43RD ST, Pittsburgh, PA 15201-",https://data.wprdc.org/dataset/pli-permits
MP-2023-15228,pittsburgh,2023-09-14,0,MECHANICAL,NEW CONSTRUCTION,true,Completed,-80.0794308566,40.4498994083,"104 CEDARWOOD PL, Pittsburgh, PA 15205-",https://data.wprdc.org/dataset/pli-permits
SP-2020-02890,pittsburgh,2020-07-31,0,Sign Permit,NEW,false,Completed,-80.0072681222,40.4110968429,"880 SAW MILL RUN BLVD, Pittsburgh, PA 15226-",https://data.wprdc.org/dataset/pli-permits
MP-2021-19129,pittsburgh,2022-02-07,0,MECHANICAL,NEW CONSTRUCTION,true,Completed,-79.9282551867,40.4414133789,"1452 WIGHTMAN ST, Pittsburgh, PA 15217-",https://data.wprdc.org/dataset/pli-permits
MP-2023-12320,pittsburgh,2023-07-27,0,MECHANICAL,NEW CONSTRUCTION,true,Completed,-79.9352318031,40.4671814261,"305 N AIKEN AVE, Pittsburgh, PA 15206-",https://data.wprdc.org/dataset/pli-permits
MP-2022-07752,pittsburgh,2022-06-15,0,MECHANICAL,NEW CONSTRUCTION,true,Completed,-79.9567764002,40.4700545473,"302 45TH ST, Pittsburgh, 15201-",https://data.wprdc.org/dataset/pli-permits
MP-2023-21369,pittsburgh,2024-01-22,0,MECHANICAL,NEW CONSTRUCTION,true,Completed,-79.9032491324,40.4576563546,"6920 1/2 BENNETT ST #101, Pittsburgh, PA 15208-",https://data.wprdc.org/dataset/pli-permits
SP-2023-09216,pittsburgh,2023-07-10,0,Sign Permit,NEW,false,Issued,-80.0047047368,40.4486133742,"203 FEDERAL ST, Pittsburgh, PA 15212-",https://data.wprdc.org/dataset/pli-permits
BP-2022-15431,pittsburgh,2023-08-23,0,BUILDING,NEW CONSTRUCTION,true,Issued,-80.0080625473,40.4588940147,"6 ALPINE AVE, Pittsburgh, PA 15212-",https://data.wprdc.org/dataset/pli-permits
OLP-2023-17106,pittsburgh,2023-11-01,0,Occupant Load Placard Permit,NEW,false,Completed,-79.9211500204,40.4383461482,"5847 FORBES AVE, Pittsburgh, PA 15217-",https://data.wprdc.org/dataset/pli-permits
SSP-2021-02074,pittsburgh,2021-03-26,0,Suppression System Permit,NEW SYSTEM,false,Completed,-80.0220889833,40.3948816899,"620 BROOKLINE BLVD, Pittsburgh, 15226-",https://data.wprdc.org/dataset/pli-permits
FAS-2023-09103,pittsburgh,2023-08-31,0,Fire Alarm Permit,NEW SYSTEM,false,Completed,-79.9308895036,40.4617406931,"200 AMBER ST #104, Pittsburgh, PA 15206-",https://data.wprdc.org/dataset/pli-permits
SP-2023-18118,pittsburgh,2023-11-17,0,Sign Permit,NEW,false,Completed,-79.9473815875,40.4844534144,"5608 BUTLER ST, Pittsburgh, PA 15201-",https://data.wprdc.org/dataset/pli-permits
BP-2021-08816,pittsburgh,2021-08-27,0,BUILDING,NEW CONSTRUCTION,true,Issued,-79.9685937526,40.4559800194,"3011 PAULOWNA ST, Pittsburgh, PA 15219-",https://data.wprdc.org/dataset/pli-permits
SSP-2020-14768,pittsburgh,2021-06-24,0,Suppression System Permit,NEW SYSTEM,false,Completed,-79.9271135515,40.45782655,"235 SPAHR ST, Pittsburgh, 15232-",https://data.wprdc.org/dataset/pli-permits
MP-2021-03026,pittsburgh,2021-04-12,0,MECHANICAL,NEW CONSTRUCTION,true,Completed,-80.0095614886,40.4594821912,"130 E JEFFERSON ST, Pittsburgh, PA 15212-",https://data.wprdc.org/dataset/pli-permits
SP-2021-06709,pittsburgh,2021-06-22,0,Sign Permit,NEW,false,Completed,-80.0001276301,40.4375351122,"114 SMITHFIELD ST, Pittsburgh, 15222-",https://data.wprdc.org/dataset/pli-permits
BP-2022-00720,pittsburgh,2022-04-29,0,BUILDING,NEW CONSTRUCTION,false,Completed,-79.9765905494,40.459215123,"2865 RAILROAD ST #301, Pittsburgh, PA 15222-",https://data.wprdc.org/dataset/pli-permits
OLP-2023-12841,pittsburgh,2023-08-07,0,Occupant Load Placard Permit,NEW,false,Completed,-80.0040325032,40.4517047116,"2 ALLEGHENY CENTER, Pittsburgh, PA 15212-",https://data.wprdc.org/dataset/pli-permits
SSP-2020-01413,pittsburgh,2020-03-11,0,Suppression System Permit,NEW SYSTEM,false,Completed,-79.9194634806,40.479150818,"5700 BUNKERHILL ST #4, Pittsburgh, PA 15206-",https://data.wprdc.org/dataset/pli-permits
BP-2022-02600,pittsburgh,2022-05-20,0,BUILDING,NEW CONSTRUCTION,true,Completed,-79.9496344299,40.4821458016,"5409 KEYSTONE ST, Pittsburgh, 15201-",https://data.wprdc.org/dataset/pli-permits
SSP-2020-03628,pittsburgh,2020-05-07,0,Suppression System Permit,NEW SYSTEM,false,Completed,-79.9261975894,40.4641197705,"5809 HARVARD ST #303, Pittsburgh, PA 15206-",https://data.wprdc.org/dataset/pli-permits
EP-2024-12734,pittsburgh,2024-10-17,0,ELECTRICAL,NEW CONSTRUCTION,true,Issued,-79.9931662843,40.4271114307,"620 WINDOM ST, Pittsburgh, PA 15203-",https://data.wprdc.org/dataset/pli-permits
SSP-2023-06451,pittsburgh,2023-04-28,0,Suppression System Permit,NEW SYSTEM,false,Completed,-79.94390358,40.4417684612,"4927 MARGARET MORRISON ST, Pittsburgh, PA 15213-",https://data.wprdc.org/dataset/pli-permits
EP-2021-01087,pittsburgh,2021-09-24,0,ELECTRICAL,NEW CONSTRUCTION,false,Completed,-79.9946266331,40.4353091287,"700 2ND AVE #533, Pittsburgh, PA 15219-",https://data.wprdc.org/dataset/pli-permits
SP-2021-12264,pittsburgh,2021-08-04,0,Sign Permit,NEW,false,Completed,-79.9401755564,40.4573786627,"5259 LIBERTY AVE, Pittsburgh, PA 15224-",https://data.wprdc.org/dataset/pli-permits
MP-2023-15299,pittsburgh,2023-09-14,0,MECHANICAL,NEW CONSTRUCTION,true,Completed,-80.0794308566,40.4498994083,"104 CEDARWOOD PL, Pittsburgh, PA 15205-",https://data.wprdc.org/dataset/pli-permits
SSP-2020-08069,pittsburgh,2020-10-28,0,Suppression System Permit,NEW SYSTEM,false,Completed,-79.9401755564,40.4573786627,"5259 LIBERTY AVE, Pittsburgh, PA 15224-",https://data.wprdc.org/dataset/pli-permits
SP-2020-13157,pittsburgh,2020-09-01,0,Sign Permit,NEW,false,Completed,-79.9878644368,40.4372503667,"1304 FORBES AVE, Pittsburgh, PA 15282-",https://data.wprdc.org/dataset/pli-permits
MP-2023-00008,pittsburgh,2023-02-01,0,MECHANICAL,NEW CONSTRUCTION,true,Completed,-79.962341723,40.462680187,"502 37TH ST, Pittsburgh, PA 15201-",https://data.wprdc.org/dataset/pli-permits
MP-2020-12489,pittsburgh,2020-08-28,0,MECHANICAL,NEW CONSTRUCTION,true,Completed,-80.0249156457,40.4398673457,"214 SEWARD ST, Pittsburgh, PA 15211-",https://data.wprdc.org/dataset/pli-permits
BP-2023-14008,pittsburgh,2024-01-03,0,BUILDING,NEW CONSTRUCTION,true,Completed,-79.9934394126,40.4241058397,"814 MCLAIN ST, Pittsburgh, PA 15210-",https://data.wprdc.org/dataset/pli-permits
MP-2020-18273,pittsburgh,2021-01-25,0,MECHANICAL,NEW CONSTRUCTION,true,Completed,-80.0249156457,40.4398673457,"214 SEWARD ST, Pittsburgh, PA 15211-",https://data.wprdc.org/dataset/pli-permits
FAS-2023-02146,pittsburgh,2023-12-01,0,Fire Alarm Permit,NEW SYSTEM,false,Completed,-79.9914618561,40.4415602968,"626 WASHINGTON PL #2501, Pittsburgh, PA 15219-",https://data.wprdc.org/dataset/pli-permits
BP-2021-14516,pittsburgh,2022-01-25,0,BUILDING,NEW CONSTRUCTION,false,Completed,-79.9210860992,40.46075395,"6231 PENN AVE, Pittsburgh, 15206-",https://data.wprdc.org/dataset/pli-permits
SSP-2024-13852,pittsburgh,2024-12-11,0,Suppression System Permit,NEW SYSTEM,false,Completed,-79.9700087119,40.4599985975,"3129 LIBERTY AVE #511, Pittsburgh, PA 15201-",https://data.wprdc.org/dataset/pli-permits
SP-2023-09439,pittsburgh,2023-10-20,0,Sign Permit,NEW,false,Application Finalization,-79.9662815451,40.4284602373,"424 S 27TH ST #306, Pittsburgh, PA 15203-",https://data.wprdc.org/dataset/pli-permits
BP-2022-07003,pittsburgh,2023-05-26,0,BUILDING,NEW CONSTRUCTION,false,Completed,-79.9491820242,40.4634147375,"204 PEARL ST, Pittsburgh, PA 15224-",https://data.wprdc.org/dataset/pli-permits
EP-2020-07221,pittsburgh,2020-06-03,0,ELECTRICAL,NEW CONSTRUCTION,true,Completed,-79.9502160297,40.484030221,"143 55TH ST, Pittsburgh, PA 15201-",https://data.wprdc.org/dataset/pli-permits
BP-2022-08217,pittsburgh,2022-12-14,0,BUILDING,NEW CONSTRUCTION,true,Completed,-80.0794308566,40.4498994083,"104 CEDARWOOD PL, Pittsburgh, PA 15205-",https://data.wprdc.org/dataset/pli-permits
EP-2021-09955,pittsburgh,2022-01-24,0,ELECTRICAL,NEW CONSTRUCTION,false,Completed,-80.080342908,40.4450218346,"2260 ROSWELL DR #115, Pittsburgh, PA 15205-",https://data.wprdc.org/dataset/pli-permits
MP-2022-07893,pittsburgh,2022-06-03,0,MECHANICAL,NEW CONSTRUCTION,true,Completed,-79.9561496111,40.4712500237,"4604 DAVISON ST, Pittsburgh, PA 15201-",https://data.wprdc.org/dataset/pli-permits
BP-2020-02850,pittsburgh,2021-05-03,0,BUILDING,NEW CONSTRUCTION,true,Completed,-79.8916190217,40.4517119688,"518 N BRADDOCK AVE, Pittsburgh, PA 15208-",https://data.wprdc.org/dataset/pli-permits
MP-2020-04791,pittsburgh,2020-07-01,0,MECHANICAL,NEW CONSTRUCTION,true,Completed,-79.9256049511,40.4709526063,"5620 STANTON AVE, Pittsburgh, 15206-",https://data.wprdc.org/dataset/pli-permits
BP-2021-16144,pittsburgh,2022-03-11,0,BUILDING,NEW CONSTRUCTION,true,Completed,-80.0041077907,40.4279429241,"424 WILLIAM ST, Pittsburgh, PA 15211-",https://data.wprdc.org/dataset/pli-permits
BP-2021-01901,pittsburgh,2021-06-17,0,BUILDING,NEW CONSTRUCTION,false,Completed,-80.0430510996,40.4748309616,"3300 PREBLE AVE #420, Pittsburgh, PA 15233-",https://data.wprdc.org/dataset/pli-permits
OOP-2022-01519,pittsburgh,2022-08-19,0,Occupancy Only Permit,NEW USE,true,Completed,-80.0342114915,40.4834215341,"3700 PARVISS ST, Pittsburgh, PA 15212-",https://data.wprdc.org/dataset/pli-permits
SSP-2020-03101,pittsburgh,2020-05-20,0,Suppression System Permit,NEW SYSTEM,false,Completed,-79.9731285128,40.462436536,"24 32ND ST, Pittsburgh, PA 15201-",https://data.wprdc.org/dataset/pli-permits
SSP-2022-07296,pittsburgh,2022-07-01,0,Suppression System Permit,NEW SYSTEM,false,Completed,-80.0103660708,40.4458399202,"337 NORTH SHORE DR, Pittsburgh, PA 15212-",https://data.wprdc.org/dataset/pli-permits
MP-2022-11949,pittsburgh,2023-06-26,0,MECHANICAL,NEW CONSTRUCTION,false,Issued,-79.963396791,40.4242912804,"3045 SARAH ST, Pittsburgh, PA 15203-",https://data.wprdc.org/dataset/pli-permits
MP-2020-14037,pittsburgh,2020-10-08,0,MECHANICAL,NEW CONSTRUCTION,true,Completed,-79.9496035349,40.4843680773,"5549 BERLIN Way, Pittsburgh, PA 15201-",https://data.wprdc.org/dataset/pli-permits
OLP-2023-19232,pittsburgh,2023-12-15,0,Occupant Load Placard Permit,NEW,false,Expired,-79.9287894046,40.4621581093,"141 S SAINT CLAIR ST #601, Pittsburgh, PA 15206-",https://data.wprdc.org/dataset/pli-permits
MP-2020-04300,pittsburgh,2020-05-04,0,MECHANICAL,NEW CONSTRUCTION,true,Completed,-79.9565155336,40.4623812815,"4012 EWING ST, Pittsburgh, 15224-",https://data.wprdc.org/dataset/pli-permits
MP-2020-11326,pittsburgh,2020-09-23,0,MECHANICAL,NEW CONSTRUCTION,true,Completed,-79.9500751108,40.4842187129,"5521 BERLIN Way, Pittsburgh, PA 15201-",https://data.wprdc.org/dataset/pli-permits
BP-2020-08636,pittsburgh,2021-05-25,0,BUILDING,NEW CONSTRUCTION,true,Completed,-80.0094096675,40.4583008089,"1514 ARCH ST, Pittsburgh, PA 15212-",https://data.wprdc.org/dataset/pli-permits
BP-2020-06960,pittsburgh,2021-03-15,0,BUILDING,NEW CONSTRUCTION,true,Issued,-80.0144993078,40.4289052748,"466 GRACE ST, Pittsburgh, PA 15211-",https://data.wprdc.org/dataset/pli-permits
SP-2023-06395,pittsburgh,2023-06-05,0,Sign Permit,NEW,false,Issued,-79.9470039009,40.4541811589,"4828 BAUM BLVD, Pittsburgh, PA 15213-",https://data.wprdc.org/dataset/pli-permits
SSP-2023-04333,pittsburgh,2023-05-16,0,Suppression System Permit,NEW SYSTEM,false,Completed,-80.000039462,40.4538408514,"520 E OHIO ST, Pittsburgh, PA 15212-",https://data.wprdc.org/dataset/pli-permits
EP-2019-10206,pittsburgh,2020-02-25,0,ELECTRICAL,NEW CONSTRUCTION,false,Completed,-79.9931020561,40.4283032086,"134 S 7TH ST, Pittsburgh, 15203-",https://data.wprdc.org/dataset/pli-permits
OLP-2022-12333,pittsburgh,2022-08-07,0,Occupant Load Placard Permit,NEW,false,Completed,-79.9296214621,40.4623681682,"141 S SAINT CLAIR ST #601, Pittsburgh, PA 15206-",https://data.wprdc.org/dataset/pli-permits
EP-2021-02828,pittsburgh,2021-06-08,0,ELECTRICAL,NEW CONSTRUCTION,false,Completed,-80.033481893,40.4104561195,"1102 CHAPPEL AVE, Pittsburgh, PA 15216-",https://data.wprdc.org/dataset/pli-permits
MP-2020-04130,pittsburgh,2020-06-04,0,MECHANICAL,NEW CONSTRUCTION,false,Completed,-79.9835922908,40.436106554,"1622 LOCUST ST, Pittsburgh, PA 15219-",https://data.wprdc.org/dataset/pli-permits
MP-2021-08834,pittsburgh,2021-07-26,0,MECHANICAL,NEW CONSTRUCTION,false,Completed,-79.999742107,40.4437901909,"731 PENN AVE #1113, Pittsburgh, PA 15222-",https://data.wprdc.org/dataset/pli-permits
EP-2020-00669,pittsburgh,2020-01-14,0,ELECTRICAL,NEW CONSTRUCTION,true,Completed,-79.9585507867,40.4644846775,"3932 WOOLSLAYER Way, Pittsburgh, PA 15224-",https://data.wprdc.org/dataset/pli-permits
BP-2022-07255,pittsburgh,2022-07-15,0,BUILDING,NEW CONSTRUCTION,false,Completed,-79.9275121138,40.4620321579,"5836 PENN AVE, Pittsburgh, PA 15206-",https://data.wprdc.org/dataset/pli-permits
SP-2022-05250,pittsburgh,2022-06-08,0,Sign Permit,NEW,false,Issued,-79.9351693224,40.4576927779,"5604 BAUM BLVD, Pittsburgh, PA 15232-",https://data.wprdc.org/dataset/pli-permits
SP-2020-02785,pittsburgh,2020-03-17,0,Sign Permit,NEW,false,Completed,-79.9537141644,40.465694454,"4314 PENN AVE, Pittsburgh, 15224-",https://data.wprdc.org/dataset/pli-permits
FAS-2024-08444,pittsburgh,2024-10-18,0,Fire Alarm Permit,NEW SYSTEM,false,Completed,-79.9465743822,40.4135183581,"4601 Composite ST, Pittsburgh, PA 15207-",https://data.wprdc.org/dataset/pli-permits
SSP-2024-13534,pittsburgh,2024-12-16,0,Suppression System Permit,NEW SYSTEM,false,Issued,-79.9745783674,40.4597006087,"102 30TH ST #631, Pittsburgh, PA 15201-",https://data.wprdc.org/dataset/pli-permits
EP-2020-19787,pittsburgh,2020-12-07,0,ELECTRICAL,NEW CONSTRUCTION,true,Completed,-79.9492238372,40.4846560403,"5577 BERLIN Way, Pittsburgh, PA 15201-",https://data.wprdc.org/dataset/pli-permits
MP-2021-05032,pittsburgh,2021-04-08,0,MECHANICAL,NEW CONSTRUCTION,true,Completed,-79.9275409964,40.4654340887,"315 N SAINT CLAIR ST, Pittsburgh, PA 15206-",https://data.wprdc.org/dataset/pli-permits
BDA-2024-04227,pittsburgh,2024-12-19,0,Building & Development Application,New Construction,false,Issued,-79.9897311309,40.4420584444,"1217 WYLIE AVE, Pittsburgh, PA 15219-",https://data.wprdc.org/dataset/pli-permits
EP-2023-03183,pittsburgh,2023-05-04,0,ELECTRICAL,NEW CONSTRUCTION,false,Completed,-79.9598453087,40.4424544322,"200 LOTHROP ST, Pittsburgh, PA 15213-",https://data.wprdc.org/dataset/pli-permits
MP-2024-12004,pittsburgh,2024-09-25,0,MECHANICAL,NEW CONSTRUCTION,true,Completed,-79.9961076424,40.4240001894,"6 MILLBRIDGE ST, Pittsburgh, PA 15210-",https://data.wprdc.org/dataset/pli-permits
SSP-2020-20443,pittsburgh,2021-04-16,0,Suppression System Permit,NEW SYSTEM,false,Completed,-80.018863621,40.4902215459,"3917 PERRYSVILLE AVE #203, Pittsburgh, PA 15214-",https://data.wprdc.org/dataset/pli-permits
FAS-2020-03935,pittsburgh,2020-06-01,0,Fire Alarm Permit,NEW SYSTEM,false,Completed,-80.0226560215,40.3960540293,"521 BROOKLINE BLVD, Pittsburgh, 15226-",https://data.wprdc.org/dataset/pli-permits
MP-2020-08406,pittsburgh,2020-07-09,0,MECHANICAL,NEW CONSTRUCTION,true,Completed,-80.025486432,40.4574549621,"1708 FULTON ST, Pittsburgh, 15233-",https://data.wprdc.org/dataset/pli-permits
EP-2022-03079,pittsburgh,2022-03-11,0,ELECTRICAL,NEW CONSTRUCTION,true,Completed,-79.9668464886,40.4394591989,"120 BURROWS ST, Pittsburgh, PA 15213-",https://data.wprdc.org/dataset/pli-permits
BP-2024-08786,pittsburgh,2024-10-03,0,BUILDING,NEW CONSTRUCTION,false,Application Finalization,-79.9590168681,40.4704397556,"233 43RD ST, Pittsburgh, PA 15201-",https://data.wprdc.org/dataset/pli-permits
FAS-2020-00091,pittsburgh,2020-05-04,0,Fire Alarm Permit,NEW SYSTEM,false,Completed,-79.897058498,40.4562691828,"7181 FLEURY Way, Pittsburgh, 15208-",https://data.wprdc.org/dataset/pli-permits
SSP-2022-14997,pittsburgh,2023-02-08,0,Suppression System Permit,NEW SYSTEM,false,Completed,-79.9448572294,40.4542668193,"288 MOREWOOD AVE, Pittsburgh, 15213-",https://data.wprdc.org/dataset/pli-permits
MP-2022-00354,pittsburgh,2022-02-02,0,MECHANICAL,NEW CONSTRUCTION,true,Completed,-79.9589667723,40.4736644724,"188 HOME ST, Pittsburgh, PA 15201-",https://data.wprdc.org/dataset/pli-permits
EP-2022-01842,pittsburgh,2022-02-11,0,ELECTRICAL,NEW CONSTRUCTION,true,Completed,-79.9292114003,40.4832787948,"1622 MORNINGSIDE AVE, Pittsburgh, 15206-",https://data.wprdc.org/dataset/pli-permits
MP-2022-14097,pittsburgh,2022-09-28,0,MECHANICAL,NEW CONSTRUCTION,true,Completed,-79.9622496794,40.4699340884,"176 41ST ST #2, Pittsburgh, PA 15201-",https://data.wprdc.org/dataset/pli-permits
EP-2022-17077,pittsburgh,2022-12-02,0,ELECTRICAL,NEW CONSTRUCTION,false,Completed,-80.0158442446,40.4096566827,"1519 WEST LIBERTY AVE, Pittsburgh, 15226-",https://data.wprdc.org/dataset/pli-permits
MP-2020-11328,pittsburgh,2020-09-23,0,MECHANICAL,NEW CONSTRUCTION,true,Completed,-79.9500063171,40.4841232787,"5517 BERLIN Way, Pittsburgh, PA 15201-",https://data.wprdc.org/dataset/pli-permits
FAS-2022-02444,pittsburgh,2022-03-10,0,Fire Alarm Permit,NEW SYSTEM,false,Completed,-79.9397408558,40.4445944176,"5093 FORBES AVE, Pittsburgh, PA 15213-",https://data.wprdc.org/dataset/pli-permits
EP-2023-10293,pittsburgh,2023-06-21,0,ELECTRICAL,NEW CONSTRUCTION,true,Issued,-79.9354974238,40.4672967128,"5377 ROSETTA ST, Pittsburgh, 15224-",https://data.wprdc.org/dataset/pli-permits
EP-2020-08056,pittsburgh,2020-06-10,0,ELECTRICAL,NEW CONSTRUCTION,true,Completed,-80.0249770449,40.4397999521,"216 SEWARD ST, Pittsburgh, 15211-",https://data.wprdc.org/dataset/pli-permits
EP-2021-09853,pittsburgh,2021-06-17,0,ELECTRICAL,NEW CONSTRUCTION,true,Completed,-80.0238937263,40.4345607807,"454 WYOLA ST, Pittsburgh, PA 15211-",https://data.wprdc.org/dataset/pli-permits
SP-2020-11936,pittsburgh,2020-08-31,0,Sign Permit,NEW,false,Completed,-79.9941578381,40.3823790301,"2413 SAINT NORBERT ST, Pittsburgh, 15234-",https://data.wprdc.org/dataset/pli-permits
SSP-2021-09303,pittsburgh,2021-07-14,0,Suppression System Permit,NEW SYSTEM,false,Completed,-80.0164392143,40.4495737458,"915 RIDGE AVE, Pittsburgh, 15212-",https://data.wprdc.org/dataset/pli-permits
EP-2022-03939,pittsburgh,2022-07-19,0,ELECTRICAL,NEW CONSTRUCTION,false,Completed,-79.9892654826,40.4493658629,"131 15TH ST, Pittsburgh, PA 15222-",https://data.wprdc.org/dataset/pli-permits
EP-2021-18859,pittsburgh,2022-04-18,0,ELECTRICAL,NEW CONSTRUCTION,false,Completed,-79.9874931934,40.4380318427,"118 STEVENSON ST, Pittsburgh, PA 15219-",https://data.wprdc.org/dataset/pli-permits
SP-2022-13950,pittsburgh,2022-11-02,0,Sign Permit,NEW,false,Issued,-79.963396791,40.4242912804,"3045 SARAH ST, Pittsburgh, PA 15203-",https://data.wprdc.org/dataset/pli-permits
OOP-2021-00242,pittsburgh,2022-01-21,0,Occupancy Only Permit,NEW USE,true,Expired,-80.0198748064,40.4914538629,"4010 PERRYSVILLE AVE, Pittsburgh, PA 15214-",https://data.wprdc.org/dataset/pli-permits
MP-2021-00514,pittsburgh,2021-06-30,0,MECHANICAL,NEW CONSTRUCTION,false,Completed,-79.8881285993,40.4507517898,"7745 TIOGA ST, Pittsburgh, PA 15208-",https://data.wprdc.org/dataset/pli-permits
MP-2021-01348,pittsburgh,2021-04-19,0,MECHANICAL,NEW CONSTRUCTION,true,Completed,-79.9489937491,40.4847584099,"5589 BERLIN Way, Pittsburgh, PA 15201-",https://data.wprdc.org/dataset/pli-permits
BP-2023-03547,pittsburgh,2023-05-03,0,BUILDING,NEW CONSTRUCTION,true,Completed,-79.9936825286,40.4567233818,"904 AHLERS Way, Pittsburgh, PA 15212-",https://data.wprdc.org/dataset/pli-permits
EP-2021-20832,pittsburgh,2022-01-03,0,ELECTRICAL,NEW CONSTRUCTION,true,Issued,-79.9205681539,40.4655054595,"500 N SHERIDAN AVE, Pittsburgh, PA 15206-",https://data.wprdc.org/dataset/pli-permits
SP-2024-04280,pittsburgh,2024-04-15,0,Sign Permit,NEW,false,Issued,-80.0839226561,40.4486052545,"MAZETTE RD, Pittsburgh, PA 15205-",https://data.wprdc.org/dataset/pli-permits
SP-2020-00936,pittsburgh,2020-05-15,0,Sign Permit,NEW,false,Completed,-79.9838714065,40.438263794,"1600 5TH AVE, Pittsburgh, PA 15219-",https://data.wprdc.org/dataset/pli-permits
SSP-2022-08238,pittsburgh,2022-07-14,0,Suppression System Permit,NEW SYSTEM,false,Issued,-79.94390358,40.4417684612,"4927 MARGARET MORRISON ST, Pittsburgh, PA 15213-",https://data.wprdc.org/dataset/pli-permits
SSP-2019-11646,pittsburgh,2020-11-30,0,Suppression System Permit,NEW SYSTEM,false,Completed,-79.9488564386,40.480164103,"5314 DUNCAN ST, Pittsburgh, 15201-",https://data.wprdc.org/dataset/pli-permits
SP-2023-06389,pittsburgh,2023-05-03,0,Sign Permit,NEW,false,Completed,-79.9267939223,40.4616242251,"5900 PENN AVE, Pittsburgh, 15206-",https://data.wprdc.org/dataset/pli-permits
SSP-2021-06819,pittsburgh,2021-06-17,0,Suppression System Permit,NEW SYSTEM,false,Completed,-79.9977672045,40.4579617012,"1212 MADISON AVE, Pittsburgh, 15212-",https://data.wprdc.org/dataset/pli-permits
BP-2021-02095,pittsburgh,2021-06-24,0,BUILDING,NEW CONSTRUCTION,true,Issued,-80.0128618474,40.4592665608,"418 W JEFFERSON ST, Pittsburgh, PA 15212-",https://data.wprdc.org/dataset/pli-permits
EP-2021-16209,pittsburgh,2021-10-28,0,ELECTRICAL,NEW CONSTRUCTION,true,Completed,-80.0460408154,40.4094164693,"267 ORIOLE DR, Pittsburgh, 15220-",https://data.wprdc.org/dataset/pli-permits
SSP-2021-19474,pittsburgh,2021-12-17,0,Suppression System Permit,NEW SYSTEM,false,Completed,-79.9946266331,40.4353091287,"700 2ND AVE #533, Pittsburgh, PA 15219-",https://data.wprdc.org/dataset/pli-permits
SP-2022-07847,pittsburgh,2022-09-19,0,Sign Permit,NEW,false,Issued,-79.9569600408,40.4419638514,"3807 FORBES AVE, Pittsburgh, PA 15213-",https://data.wprdc.org/dataset/pli-permits
SSP-2021-13130,pittsburgh,2021-09-15,0,Suppression System Permit,NEW SYSTEM,false,Completed,-79.964597393,40.4668584018,"3725 BUTLER ST, Pittsburgh, PA 15201",https://data.wprdc.org/dataset/pli-permits
EP-2021-18068,pittsburgh,2021-11-02,0,ELECTRICAL,NEW CONSTRUCTION,true,Completed,-79.9223623031,40.4744807081,"5708 HAMPTON ST, Pittsburgh, 15206-",https://data.wprdc.org/dataset/pli-permits
MP-2022-11382,pittsburgh,2023-12-19,0,MECHANICAL,NEW CONSTRUCTION,false,Completed,-80.0430510996,40.4748309616,"3300 PREBLE AVE #420, Pittsburgh, PA 15233-",https://data.wprdc.org/dataset/pli-permits
EP-2024-02429,pittsburgh,2024-03-04,0,ELECTRICAL,NEW CONSTRUCTION,true,Completed,-79.9395946278,40.4117175053,"337 FLOWERS AVE, Pittsburgh, PA 15207-",https://data.wprdc.org/dataset/pli-permits
SSP-2023-04394,pittsburgh,2023-09-06,0,Suppression System Permit,NEW SYSTEM,false,Completed,-79.9872587236,40.4496848497,"1644 SMALLMAN ST, Pittsburgh, PA 15222-",https://data.wprdc.org/dataset/pli-permits
EP-2024-08229,pittsburgh,2024-06-20,0,ELECTRICAL,NEW CONSTRUCTION,false,Completed,-79.9914618561,40.4415602968,"626 WASHINGTON PL #2501, Pittsburgh, PA 15219-",https://data.wprdc.org/dataset/pli-permits
FAS-2021-19473,pittsburgh,2022-02-07,0,Fire Alarm Permit,NEW SYSTEM,false,Completed,-79.9708693847,40.4278579578,"2400 E CARSON ST, Pittsburgh, 15203-",https://data.wprdc.org/dataset/pli-permits
FP-2023-08382,pittsburgh,2023-12-06,0,Floodplain Permit,New Construction,false,Issued,-79.9842097179,40.4530446649,"2128 RAILROAD ST, Pittsburgh, PA 15222-",https://data.wprdc.org/dataset/pli-permits
OLP-2020-15135,pittsburgh,2020-09-24,0,Occupant Load Placard Permit,NEW,false,Completed,-79.9964759922,40.4304363882,"68 S 4TH ST #11, Pittsburgh, PA 15219-",https://data.wprdc.org/dataset/pli-permits
MP-2021-07764,pittsburgh,2022-05-16,0,MECHANICAL,NEW CONSTRUCTION,true,Completed,-79.9668934587,40.4396528501,"112 BURROWS ST, Pittsburgh, PA 15213-",https://data.wprdc.org/dataset/pli-permits
FAS-2021-01500,pittsburgh,2021-04-15,0,Fire Alarm Permit,NEW SYSTEM,false,Expired,-79.9165012702,40.4377407417,"1700 BEECHWOOD BLVD, Pittsburgh, PA 15217-",https://data.wprdc.org/dataset/pli-permits
MP-2022-06154,pittsburgh,2022-05-09,0,MECHANICAL,NEW CONSTRUCTION,true,Issued,-79.9368796228,40.4662458766,"5334 KINCAID ST, Pittsburgh, 15224-",https://data.wprdc.org/dataset/pli-permits
BP-2020-12556,pittsburgh,2020-09-14,0,BUILDING,NEW CONSTRUCTION,true,Completed,-79.9620497702,40.4737565911,"120 LOCARNA Way, Pittsburgh, PA 15201-",https://data.wprdc.org/dataset/pli-permits
MP-2020-06803,pittsburgh,2020-08-03,0,MECHANICAL,NEW CONSTRUCTION,true,Completed,-79.9312044652,40.4698168029,"5454 BLACK ST, Pittsburgh, PA 15206-",https://data.wprdc.org/dataset/pli-permits
SP-2024-10486,pittsburgh,2024-11-12,0,Sign Permit,NEW,false,Completed,-80.0079043955,40.4462851009,"225 NORTH SHORE DR #202, Pittsburgh, PA 15212-",https://data.wprdc.org/dataset/pli-permits
FAS-2020-12496,pittsburgh,2020-09-09,0,Fire Alarm Permit,NEW SYSTEM,false,Completed,-79.8961068508,40.4699170979,"7061 LEMINGTON AVE, Pittsburgh, 15206-",https://data.wprdc.org/dataset/pli-permits
SSP-2023-16229,pittsburgh,2023-11-01,0,Suppression System Permit,NEW SYSTEM,false,Completed,-79.9231934238,40.460015708,"6226 PENN AVE, Pittsburgh, PA 15206-",https://data.wprdc.org/dataset/pli-permits
SP-2021-15105,pittsburgh,2021-09-16,0,Sign Permit,NEW,false,Completed,-79.9157299194,40.4570395031,"177 BAKERY SQUARE BLVD, Pittsburgh, PA 15206-",https://data.wprdc.org/dataset/pli-permits
MP-2021-19897,pittsburgh,2021-12-22,0,MECHANICAL,NEW CONSTRUCTION,true,Completed,-80.0256426065,40.4601753468,"1266 KUNKLE AVE, Pittsburgh, PA 15212-",https://data.wprdc.org/dataset/pli-permits
SP-2022-06860,pittsburgh,2022-05-19,0,Sign Permit,NEW,false,Issued,-79.9605859591,40.4625329419,"3809 LIBERTY AVE #403, Pittsburgh, PA 15201-",https://data.wprdc.org/dataset/pli-permits
SSP-2021-07098,pittsburgh,2021-09-10,0,Suppression System Permit,NEW SYSTEM,false,Issued,-79.9653667311,40.4580430951,"3211 DOBSON ST, Pittsburgh, PA 15219-",https://data.wprdc.org/dataset/pli-permits
OLP-2023-07003,pittsburgh,2024-02-14,0,Occupant Load Placard Permit,NEW,false,Completed,-80.0011019216,40.4371456095,"1 SMITHFIELD ST, Pittsburgh, 15222-",https://data.wprdc.org/dataset/pli-permits
SSP-2023-07449,pittsburgh,2023-08-18,0,Suppression System Permit,NEW SYSTEM,false,Completed,-80.0430510996,40.4748309616,"3300 PREBLE AVE #420, Pittsburgh, PA 15233-",https://data.wprdc.org/dataset/pli-permits
BP-2020-18414,pittsburgh,2021-10-11,0,BUILDING,NEW CONSTRUCTION,true,Completed,-79.9282551867,40.4414133789,"1452 WIGHTMAN ST, Pittsburgh, PA 15217-",https://data.wprdc.org/dataset/pli-permits
EP-2021-07917,pittsburgh,2021-05-13,0,ELECTRICAL,NEW CONSTRUCTION,true,Completed,-79.9274984667,40.4654949376,"317 N SAINT CLAIR ST, Pittsburgh, PA 15206-",https://data.wprdc.org/dataset/pli-permits
BP-2022-04929,pittsburgh,2022-06-01,0,BUILDING,NEW CONSTRUCTION,true,Application Finalization,-80.0235786583,40.4341865501,"475 WYOLA ST, Pittsburgh, PA 15211-",https://data.wprdc.org/dataset/pli-permits
OLP-2021-20768,pittsburgh,2021-12-27,0,Occupant Load Placard Permit,NEW,false,Completed,-79.9158210788,40.4565717777,"161 BAKERY SQUARE BLVD, Pittsburgh, PA 15206-",https://data.wprdc.org/dataset/pli-permits
MP-2022-04768,pittsburgh,2022-04-01,0,MECHANICAL,NEW CONSTRUCTION,true,Completed,-79.9136094101,40.4636495981,"6321 CARVER ST, Pittsburgh, PA 15206-",https://data.wprdc.org/dataset/pli-permits
EP-2022-03109,pittsburgh,2022-03-07,0,ELECTRICAL,NEW CONSTRUCTION,true,Completed,-80.0148246955,40.428416795,"492 GRACE ST, Pittsburgh, PA 15211-",https://data.wprdc.org/dataset/pli-permits
MP-2021-15542,pittsburgh,2021-10-05,0,MECHANICAL,NEW CONSTRUCTION,true,Completed,-79.9263195595,40.4664423176,"418 N SAINT CLAIR ST, Pittsburgh, PA 15206-",https://data.wprdc.org/dataset/pli-permits
MP-2024-01037,pittsburgh,2024-03-27,0,MECHANICAL,NEW CONSTRUCTION,false,Completed,-79.9914618561,40.4415602968,"626 WASHINGTON PL #2501, Pittsburgh, PA 15219-",https://data.wprdc.org/dataset/pli-permits
EP-2021-07050,pittsburgh,2021-05-06,0,ELECTRICAL,NEW CONSTRUCTION,true,Completed,-79.953368126,40.4807961934,"5228 DRESDEN Way, Pittsburgh, PA 15201-",https://data.wprdc.org/dataset/pli-permits
BP-2022-18444,pittsburgh,2023-06-20,0,BUILDING,NEW CONSTRUCTION,false,Completed,-79.9586741342,40.4396582241,"3510 FORBES AVE, Pittsburgh, PA 15213-",https://data.wprdc.org/dataset/pli-permits
EP-2024-12537,pittsburgh,2024-10-07,0,ELECTRICAL,NEW CONSTRUCTION,true,Completed,-79.9833222267,40.446882921,"841 LEDLIE ST, Pittsburgh, PA 15219-",https://data.wprdc.org/dataset/pli-permits
MP-2021-11839,pittsburgh,2021-07-20,0,MECHANICAL,NEW CONSTRUCTION,true,Issued,-79.9784182121,40.4298755577,"1912 FOX Way, Pittsburgh, PA 15203-",https://data.wprdc.org/dataset/pli-permits
EP-2023-00536,pittsburgh,2023-01-17,0,ELECTRICAL,NEW CONSTRUCTION,true,Completed,-79.9869088388,40.4459379217,"1703 CLIFF ST, Pittsburgh, PA 15219-",https://data.wprdc.org/dataset/pli-permits
MP-2020-10146,pittsburgh,2020-09-24,0,MECHANICAL,NEW CONSTRUCTION,true,Application Finalization,-80.0297509405,40.4793408998,"3425 DIPLOMA ST, Pittsburgh, 15212-",https://data.wprdc.org/dataset/pli-permits
BP-2021-13370,pittsburgh,2022-03-18,0,BUILDING,NEW CONSTRUCTION,false,Completed,-79.9653329962,40.4695679428,"129 39TH ST, Pittsburgh, PA 15201-",https://data.wprdc.org/dataset/pli-permits
SSP-2023-19687,pittsburgh,2024-01-04,0,Suppression System Permit,NEW SYSTEM,false,Completed,-79.9587958431,40.4732784945,"4609 BUTLER ST, Pittsburgh, 15201-",https://data.wprdc.org/dataset/pli-permits
SSP-2022-01871,pittsburgh,2022-06-15,0,Suppression System Permit,NEW SYSTEM,false,Completed,-79.9491343074,40.4171431368,"4339 LYTLE ST, Pittsburgh, PA 15207-",https://data.wprdc.org/dataset/pli-permits
EP-2023-04863,pittsburgh,2023-03-24,0,ELECTRICAL,NEW CONSTRUCTION,true,Issued,-79.9869862591,40.4267908164,"1111 FREYBURG ST, Pittsburgh, PA 15203-",https://data.wprdc.org/dataset/pli-permits
MP-2021-07754,pittsburgh,2021-10-04,0,MECHANICAL,NEW CONSTRUCTION,true,Completed,-79.9668464886,40.4394591989,"120 BURROWS ST, Pittsburgh, PA 15213-",https://data.wprdc.org/dataset/pli-permits
BP-2022-00647,pittsburgh,2022-04-25,0,BUILDING,NEW CONSTRUCTION,false,Completed,-80.0080661064,40.4468565587,"220 NORTH SHORE DR #628, Pittsburgh, PA 15212-",https://data.wprdc.org/dataset/pli-permits
SP-2021-20209,pittsburgh,2021-12-29,0,Sign Permit,NEW,false,Completed,-79.9231982935,40.4612135732,"6107 PENN AVE, Pittsburgh, PA 15206-",https://data.wprdc.org/dataset/pli-permits
BP-2022-08215,pittsburgh,2022-12-14,0,BUILDING,NEW CONSTRUCTION,true,Completed,-80.0794308566,40.4498994083,"104 CEDARWOOD PL, Pittsburgh, PA 15205-",https://data.wprdc.org/dataset/pli-permits
MP-2024-01597,pittsburgh,2024-02-01,0,MECHANICAL,NEW CONSTRUCTION,true,Completed,-79.9930921456,40.4270853995,"622 WINDOM ST, Pittsburgh, 15203-",https://data.wprdc.org/dataset/pli-permits
SP-2023-13702,pittsburgh,2023-11-21,0,Sign Permit,NEW,false,Completed,-79.9778517878,40.4569425432,"2701 SMALLMAN ST, Pittsburgh, 15222-",https://data.wprdc.org/dataset/pli-permits
BP-2023-01310,pittsburgh,2023-09-08,0,BUILDING,NEW CONSTRUCTION,false,Completed,-79.9307133259,40.4639531997,"5585 PENN AVE, Pittsburgh, PA 15206-",https://data.wprdc.org/dataset/pli-permits
SP-2023-06409,pittsburgh,2023-06-26,0,Sign Permit,NEW,false,Issued,-80.0184620609,40.3922580938,"930 BROOKLINE BLVD #3, Pittsburgh, PA 15226-",https://data.wprdc.org/dataset/pli-permits
EP-2020-08880,pittsburgh,2020-08-21,0,ELECTRICAL,NEW CONSTRUCTION,false,Completed,-80.0859878913,40.4426931777,"463 NAPOR BLVD #121, Pittsburgh, PA 15205-",https://data.wprdc.org/dataset/pli-permits
SSP-2022-15739,pittsburgh,2023-01-26,0,Suppression System Permit,NEW SYSTEM,false,Completed,-79.9892654826,40.4493658629,"131 15TH ST, Pittsburgh, PA 15222-",https://data.wprdc.org/dataset/pli-permits
SP-2022-08755,pittsburgh,2023-09-14,0,Sign Permit,NEW,false,Issued,-79.9175982828,40.4588956659,"6401 PENN AVE #290, Pittsburgh, PA 15206-",https://data.wprdc.org/dataset/pli-permits
MP-2024-02943,pittsburgh,2024-03-06,0,MECHANICAL,NEW CONSTRUCTION,true,Completed,-79.9671230102,40.4411460381,"3119 ELLERS ST, Pittsburgh, PA 15213-",https://data.wprdc.org/dataset/pli-permits
OLP-2020-20805,pittsburgh,2021-03-05,0,Occupant Load Placard Permit,NEW,false,Completed,-79.9915511953,40.4533082956,"910 RIVER AVE, Pittsburgh, 15212-",https://data.wprdc.org/dataset/pli-permits
BDA-2024-01050,pittsburgh,2024-12-13,0,Building & Development Application,New Construction,true,Issued,-79.8902059054,40.4592270899,"7413 HERMITAGE ST, Pittsburgh, PA 15208-",https://data.wprdc.org/dataset/pli-permits
MP-2023-02346,pittsburgh,2023-05-01,0,MECHANICAL,NEW CONSTRUCTION,false,Completed,-80.0011658005,40.4529308553,"404 AVERY ST #3, Pittsburgh, PA 15212-",https://data.wprdc.org/dataset/pli-permits
SP-2021-09503,pittsburgh,2021-06-24,0,Sign Permit,NEW,false,Completed,-79.984219065,40.4506318112,"1904 PENN AVE, Pittsburgh, PA 15222-",https://data.wprdc.org/dataset/pli-permits
SSP-2020-13302,pittsburgh,2020-09-18,0,Suppression System Permit,NEW SYSTEM,false,Completed,-80.0009211473,40.4395106325,"406 WOOD ST, Pittsburgh, PA 15222-",https://data.wprdc.org/dataset/pli-permits
BP-2020-13991,pittsburgh,2021-02-11,0,BUILDING,NEW CONSTRUCTION,false,Completed,-80.0139533372,40.4506632114,"808 RIDGE AVE, Pittsburgh, PA 15212-",https://data.wprdc.org/dataset/pli-permits
SSP-2021-02005,pittsburgh,2021-06-24,0,Suppression System Permit,NEW SYSTEM,false,Completed,-79.9821031662,40.4386324646,"1709 5TH AVE #101, Pittsburgh, PA 15219-",https://data.wprdc.org/dataset/pli-permits
EP-2022-05382,pittsburgh,2022-04-29,0,ELECTRICAL,NEW CONSTRUCTION,true,Completed,-79.9335405296,40.4665608265,"5438 ROSETTA ST, Pittsburgh, PA 15206-",https://data.wprdc.org/dataset/pli-permits
SSP-2022-04543,pittsburgh,2022-05-11,0,Suppression System Permit,NEW SYSTEM,false,Completed,-79.9708693847,40.4278579578,"2400 E CARSON ST, Pittsburgh, 15203-",https://data.wprdc.org/dataset/pli-permits
OLP-2022-08132,pittsburgh,2022-06-09,0,Occupant Load Placard Permit,NEW,false,Issued,-79.9662815451,40.4284602373,"424 S 27TH ST #306, Pittsburgh, PA 15203-",https://data.wprdc.org/dataset/pli-permits
BP-2021-10089,pittsburgh,2021-09-01,0,BUILDING,NEW CONSTRUCTION,true,Completed,-79.9271587097,40.4651503388,"308 N SAINT CLAIR ST, Pittsburgh, PA 15206-",https://data.wprdc.org/dataset/pli-permits
MP-2024-12045,pittsburgh,2024-09-23,0,MECHANICAL,NEW CONSTRUCTION,true,Completed,-79.9936196793,40.4239980757,"6 ALLEN ST, Pittsburgh, PA 15210-",https://data.wprdc.org/dataset/pli-permits
MP-2019-10162,pittsburgh,2020-01-17,0,MECHANICAL,NEW CONSTRUCTION,false,Completed,-79.9489764372,40.4800954688,"5310 DUNCAN ST, Pittsburgh, 15201-",https://data.wprdc.org/dataset/pli-permits
MP-2021-07786,pittsburgh,2021-05-14,0,MECHANICAL,NEW CONSTRUCTION,true,Completed,-79.953368126,40.4807961934,"5228 DRESDEN Way, Pittsburgh, PA 15201-",https://data.wprdc.org/dataset/pli-permits
EP-2024-08563,pittsburgh,2024-06-04,0,ELECTRICAL,NEW CONSTRUCTION,true,Completed,-79.938829449,40.4692769622,"5205 COLUMBO ST, Pittsburgh, PA 15224-",https://data.wprdc.org/dataset/pli-permits
SP-2022-05729,pittsburgh,2022-05-27,0,Sign Permit,NEW,false,Issued,-79.9647702332,40.4666494672,"3709 BUTLER ST, Pittsburgh, 15201-",https://data.wprdc.org/dataset/pli-permits
MP-2022-09067,pittsburgh,2022-06-28,0,MECHANICAL,NEW CONSTRUCTION,true,Completed,-79.9537451843,40.4296961561,"3203 PARKVIEW AVE, Pittsburgh, 15213-",https://data.wprdc.org/dataset/pli-permits
BP-2022-17641,pittsburgh,2023-02-06,0,BUILDING,NEW CONSTRUCTION,true,Completed,-80.0390347167,40.4384986702,"525 WESTON Way, Pittsburgh, PA 15220-",https://data.wprdc.org/dataset/pli-permits
BP-2021-11634,pittsburgh,2022-01-14,0,BUILDING,NEW CONSTRUCTION,false,Completed,-79.9484456346,40.4159064666,"4339 LYTLE ST, Pittsburgh, PA 15207-",https://data.wprdc.org/dataset/pli-permits
FAS-2021-08399,pittsburgh,2021-11-19,0,Fire Alarm Permit,NEW SYSTEM,false,Completed,-80.0192879747,40.4381168713,"1225 GRANDVIEW AVE, Pittsburgh, PA 15211-",https://data.wprdc.org/dataset/pli-permits
OLP-2022-07845,pittsburgh,2022-06-01,0,Occupant Load Placard Permit,NEW,false,Completed,-79.9971517672,40.4453600798,"1000 FORT DUQUESNE BLVD, Pittsburgh, PA 15222",https://data.wprdc.org/dataset/pli-permits
OLP-2023-17252,pittsburgh,2023-11-01,0,Occupant Load Placard Permit,NEW,false,Completed,-80.0138191834,40.4501384828,"807 RIDGE AVE, Pittsburgh, PA 15212-",https://data.wprdc.org/dataset/pli-permits
SP-2021-02087,pittsburgh,2021-05-10,0,Sign Permit,NEW,false,Expired,-79.9899102762,40.4385232181,"1030 5TH AVE #LL-01, Pittsburgh, PA 15219-",https://data.wprdc.org/dataset/pli-permits
MP-2022-04270,pittsburgh,2022-05-10,0,MECHANICAL,NEW CONSTRUCTION,true,Completed,-80.0128618474,40.4592665608,"418 W JEFFERSON ST, Pittsburgh, PA 15212-",https://data.wprdc.org/dataset/pli-permits
OOP-2020-15260,pittsburgh,2021-08-12,0,Occupancy Only Permit,NEW USE,true,Completed,-80.0356009907,40.4413384206,"191 STEUBEN ST #3, Pittsburgh, PA 15220-",https://data.wprdc.org/dataset/pli-permits
BP-2023-14179,pittsburgh,2024-03-25,0,BUILDING,NEW CONSTRUCTION,true,Completed,-79.981645253,40.4410720618,"1829 REED ST, Pittsburgh, PA 15219-",https://data.wprdc.org/dataset/pli-permits
MP-2020-18395,pittsburgh,2021-02-17,0,MECHANICAL,NEW CONSTRUCTION,true,Completed,-80.0250359659,40.4397346942,"218 SEWARD ST, Pittsburgh, PA 15211-",https://data.wprdc.org/dataset/pli-permits
EP-2021-04700,pittsburgh,2022-02-22,0,ELECTRICAL,NEW CONSTRUCTION,false,Completed,-79.9655922462,40.4279562921,"440 CINEMA DR, Pittsburgh, PA 15203-",https://data.wprdc.org/dataset/pli-permits
BP-2023-11238,pittsburgh,2023-10-03,0,BUILDING,NEW CONSTRUCTION,false,Completed,-79.9296214621,40.4623681682,"141 S SAINT CLAIR ST #601, Pittsburgh, PA 15206-",https://data.wprdc.org/dataset/pli-permits
SP-2022-19835,pittsburgh,2023-01-17,0,Sign Permit,NEW,false,Amendment Application Incomplete,-79.9853753862,40.4360938132,"1400 LOCUST ST, Pittsburgh, 15219-",https://data.wprdc.org/dataset/pli-permits
SP-2021-01879,pittsburgh,2021-03-26,0,Sign Permit,NEW,false,Completed,-79.9247619383,40.4159388101,"4582 BROWNS HILL RD, Pittsburgh, PA 15217-",https://data.wprdc.org/dataset/pli-permits
BP-2019-07230,pittsburgh,2020-08-25,0,BUILDING,NEW CONSTRUCTION,false,Completed,-79.9653329962,40.4695679428,"129 39TH ST, Pittsburgh, PA 15201-",https://data.wprdc.org/dataset/pli-permits
BP-2019-08735,pittsburgh,2020-03-17,0,BUILDING,NEW CONSTRUCTION,true,Completed,-79.9668234657,40.4393620089,"124 BURROWS ST, Pittsburgh, PA 15213-",https://data.wprdc.org/dataset/pli-permits
MP-2021-01978,pittsburgh,2021-07-20,0,MECHANICAL,NEW CONSTRUCTION,false,Completed,-80.0034461455,40.4418955326,"120 5TH AVE, Pittsburgh, 15222-",https://data.wprdc.org/dataset/pli-permits
SP-2023-00161,pittsburgh,2023-02-17,0,Sign Permit,NEW,false,Issued,-79.9591854665,40.4717496854,"216 45TH ST, Pittsburgh, 15201-",https://data.wprdc.org/dataset/pli-permits
OLP-2021-05141,pittsburgh,2021-05-04,0,Occupant Load Placard Permit,NEW,false,Completed,-79.9220804462,40.4291543797,"5844 FORWARD AVE #205, Pittsburgh, PA 15217-",https://data.wprdc.org/dataset/pli-permits
SSP-2023-04386,pittsburgh,2023-05-05,0,Suppression System Permit,NEW SYSTEM,false,Completed,-79.9532432276,40.4552952804,"451 MELWOOD AVE, Pittsburgh, 15213-",https://data.wprdc.org/dataset/pli-permits
MP-2024-05738,pittsburgh,2024-05-15,0,MECHANICAL,NEW CONSTRUCTION,false,Completed,-79.9162070297,40.4562370919,"6501 LIVING PL, Pittsburgh, PA 15206-",https://data.wprdc.org/dataset/pli-permits
EP-2020-00078,pittsburgh,2020-02-27,0,ELECTRICAL,NEW CONSTRUCTION,true,Expired,-79.9867034088,40.4515557728,"1754 WATERFRONT PL, Pittsburgh, PA 15222-",https://data.wprdc.org/dataset/pli-permits
MP-2020-05513,pittsburgh,2021-01-19,0,MECHANICAL,NEW CONSTRUCTION,true,Expired,-79.9322767574,40.4512936028,"808 IVY ST, Pittsburgh, 15232-",https://data.wprdc.org/dataset/pli-permits
SP-2022-05627,pittsburgh,2022-06-03,0,Sign Permit,NEW,false,Completed,-79.9267939223,40.4616242251,"5900 PENN AVE, Pittsburgh, 15206-",https://data.wprdc.org/dataset/pli-permits
SP-2023-05066,pittsburgh,2023-04-14,0,Sign Permit,NEW,false,Issued,-80.0036660227,40.4511081985,No primary address specified,https://data.wprdc.org/dataset/pli-permits
BP-2022-16380,pittsburgh,2023-03-22,0,BUILDING,NEW CONSTRUCTION,false,Completed,-80.0071609396,40.4556645012,"6 W NORTH AVE #212, Pittsburgh, PA 15212-",https://data.wprdc.org/dataset/pli-permits
EP-2021-19003,pittsburgh,2021-12-01,0,ELECTRICAL,NEW CONSTRUCTION,true,Completed,-80.0182830687,40.4380468692,"1204 GRANDVIEW AVE, Pittsburgh, PA 15211-",https://data.wprdc.org/dataset/pli-permits
BP-2020-06243,pittsburgh,2020-06-10,0,BUILDING,NEW CONSTRUCTION,true,Completed,-80.0250943216,40.4579063858,"1247 COLUMBUS AVE, Pittsburgh, 15233-",https://data.wprdc.org/dataset/pli-permits
OLP-2024-05244,pittsburgh,2024-04-23,0,Occupant Load Placard Permit,NEW,false,Expired,-79.9518229125,40.4485852708,"4450 BAYARD ST, Pittsburgh, PA 15213-",https://data.wprdc.org/dataset/pli-permits
SP-2022-03871,pittsburgh,2022-04-27,0,Sign Permit,NEW,false,Completed,-79.9927808828,40.4215310792,"820 E WARRINGTON AVE, Pittsburgh, 15210-",https://data.wprdc.org/dataset/pli-permits
BP-2019-06099,pittsburgh,2020-11-05,0,BUILDING,NEW CONSTRUCTION,true,Completed,-80.0151516334,40.4581599511,"1603 BUENA VISTA ST, Pittsburgh, PA 15212-",https://data.wprdc.org/dataset/pli-permits
EP-2020-16335,pittsburgh,2020-10-13,0,ELECTRICAL,NEW CONSTRUCTION,true,Completed,-80.0230201685,40.4368082545,"325 AUGUSTA ST, Pittsburgh, PA 15211-",https://data.wprdc.org/dataset/pli-permits
BP-2019-09676,pittsburgh,2020-01-30,0,BUILDING,NEW CONSTRUCTION,false,Completed,-79.9637163209,40.4673352849,"204 39TH ST, Pittsburgh, PA 15201-",https://data.wprdc.org/dataset/pli-permits
SP-2022-13106,pittsburgh,2022-09-01,0,Sign Permit,NEW,false,Revoked,-79.9648273521,40.4276700429,"425 CINEMA DR #201, Pittsburgh, PA 15203-",https://data.wprdc.org/dataset/pli-permits
BP-2022-10856,pittsburgh,2022-12-14,0,BUILDING,NEW CONSTRUCTION,true,Completed,-79.9879335135,40.445388572,"1547 CLIFF ST, Pittsburgh, PA 15219-",https://data.wprdc.org/dataset/pli-permits
MP-2022-02808,pittsburgh,2022-03-04,0,MECHANICAL,NEW CONSTRUCTION,true,Completed,-79.9133217409,40.4652844329,"116 WINSLOW ST, Pittsburgh, PA 15206-",https://data.wprdc.org/dataset/pli-permits
EP-2022-00457,pittsburgh,2022-01-18,0,ELECTRICAL,NEW CONSTRUCTION,true,Completed,-79.9970262144,40.4061009926,"360 TARRAGONNA ST, Pittsburgh, 15210-",https://data.wprdc.org/dataset/pli-permits
SSP-2024-04837,pittsburgh,2024-03-27,0,Suppression System Permit,NEW SYSTEM,false,Completed,-79.9231934238,40.460015708,"6226 PENN AVE, Pittsburgh, PA 15206-",https://data.wprdc.org/dataset/pli-permits
EP-2023-03898,pittsburgh,2023-03-14,0,ELECTRICAL,NEW CONSTRUCTION,true,Completed,-80.0794308566,40.4498994083,"104 CEDARWOOD PL, Pittsburgh, PA 15205-",https://data.wprdc.org/dataset/pli-permits
SP-2023-03038,pittsburgh,2023-03-06,0,Sign Permit,NEW,false,Completed,-79.9648273521,40.4276700429,"425 CINEMA DR #201, Pittsburgh, PA 15203-",https://data.wprdc.org/dataset/pli-permits
OLP-2023-19841,pittsburgh,2024-01-03,0,Occupant Load Placard Permit,NEW,false,Completed,-80.0220131787,40.4471260635,"757 CASINO DR, Pittsburgh, PA 15212-",https://data.wprdc.org/dataset/pli-permits
MP-2022-14099,pittsburgh,2022-09-27,0,MECHANICAL,NEW CONSTRUCTION,true,Completed,-79.9622930312,40.4699712282,"174 41ST ST #2, Pittsburgh, PA 15201-",https://data.wprdc.org/dataset/pli-permits
SP-2022-03910,pittsburgh,2022-07-05,0,Sign Permit,NEW,false,Issued,-79.9424354286,40.4437333149,"5135 MARGARET MORRISON ST, Pittsburgh, PA 15213-",https://data.wprdc.org/dataset/pli-permits
MP-2020-20755,pittsburgh,2020-12-28,0,MECHANICAL,NEW CONSTRUCTION,true,Completed,-79.9614018051,40.4592922936,"3501 MELWOOD AVE, Pittsburgh, PA 15213-",https://data.wprdc.org/dataset/pli-permits
BP-2020-03925,pittsburgh,2021-01-20,0,BUILDING,NEW CONSTRUCTION,true,Completed,-79.9665588168,40.4570595621,"3116 DOBSON ST, Pittsburgh, PA 15219-",https://data.wprdc.org/dataset/pli-permits
MP-2021-07746,pittsburgh,2021-10-04,0,MECHANICAL,NEW CONSTRUCTION,true,Completed,-79.9668109335,40.439313985,"126 BURROWS ST, Pittsburgh, PA 15213-",https://data.wprdc.org/dataset/pli-permits
OLP-2022-04093,pittsburgh,2022-04-07,0,Occupant Load Placard Permit,NEW,false,Completed,-79.9988991059,40.437604584,"463 BLVD OF THE ALLIES, Pittsburgh, 15219-",https://data.wprdc.org/dataset/pli-permits
OOP-2021-13795,pittsburgh,2021-12-17,0,Occupancy Only Permit,NEW USE,false,Expired,-79.9378397918,40.4556729394,"5408 CENTRE AVE, Pittsburgh, PA 15232-",https://data.wprdc.org/dataset/pli-permits
FP-2023-08455,pittsburgh,2023-11-13,0,Floodplain Permit,New Construction,false,Issued,-79.9842097179,40.4530446649,"2128 RAILROAD ST, Pittsburgh, PA 15222-",https://data.wprdc.org/dataset/pli-permits
SP-2022-00718,pittsburgh,2022-01-24,0,Sign Permit,NEW,false,Completed,-79.9606644314,40.4404717087,"3471 5TH AVE, Pittsburgh, 15213-",https://data.wprdc.org/dataset/pli-permits
FAS-2021-15109,pittsburgh,2021-12-16,0,Fire Alarm Permit,NEW SYSTEM,false,Completed,-79.9605859591,40.4625329419,"3809 LIBERTY AVE #403, Pittsburgh, PA 15201-",https://data.wprdc.org/dataset/pli-permits
EP-2024-10655,pittsburgh,2024-08-08,0,ELECTRICAL,NEW CONSTRUCTION,true,Completed,-79.9944171242,40.4234997207,"734 EUREKA ST, Pittsburgh, PA 15210-",https://data.wprdc.org/dataset/pli-permits
MP-2021-17883,pittsburgh,2021-12-09,0,MECHANICAL,NEW CONSTRUCTION,false,Completed,-80.0132119162,40.4593042018,"508 W JEFFERSON ST, Pittsburgh, PA 15212-",https://data.wprdc.org/dataset/pli-permits
EP-2020-12600,pittsburgh,2020-09-23,0,ELECTRICAL,NEW CONSTRUCTION,false,Completed,-79.9872587236,40.4496848497,"1644 SMALLMAN ST, Pittsburgh, PA 15222-",https://data.wprdc.org/dataset/pli-permits
BP-2024-08783,pittsburgh,2024-10-21,0,BUILDING,NEW CONSTRUCTION,false,Application Finalization,-79.9590168681,40.4704397556,"233 43RD ST, Pittsburgh, PA 15201-",https://data.wprdc.org/dataset/pli-permits
OLP-2020-06734,pittsburgh,2020-07-17,0,Occupant Load Placard Permit,NEW,false,Completed,-79.9628064655,40.4695597693,"177 40TH ST, Pittsburgh, 15201-",https://data.wprdc.org/dataset/pli-permits
EP-2020-20936,pittsburgh,2021-03-05,0,ELECTRICAL,NEW CONSTRUCTION,false,Completed,-79.9977672045,40.4579617012,"1212 MADISON AVE, Pittsburgh, 15212-",https://data.wprdc.org/dataset/pli-permits
SP-2022-16950,pittsburgh,2022-12-06,0,Sign Permit,NEW,false,Completed,-79.9983361881,40.4396403468,"440 SMITHFIELD ST, Pittsburgh, PA 15222-",https://data.wprdc.org/dataset/pli-permits
EP-2021-10503,pittsburgh,2021-10-13,0,ELECTRICAL,NEW CONSTRUCTION,false,Completed,-79.9764731199,40.4581127332,"115 28TH ST, Pittsburgh, PA 15222-",https://data.wprdc.org/dataset/pli-permits
OLP-2021-06141,pittsburgh,2021-04-15,0,Occupant Load Placard Permit,NEW,false,Completed,-79.999742107,40.4437901909,"731 PENN AVE #1113, Pittsburgh, PA 15222-",https://data.wprdc.org/dataset/pli-permits
MP-2022-02162,pittsburgh,2022-04-18,0,MECHANICAL,NEW CONSTRUCTION,false,Completed,-79.9838559973,40.4544393982,"2239 RAILROAD ST, Pittsburgh, 15222-",https://data.wprdc.org/dataset/pli-permits
BP-2024-04808,pittsburgh,2024-08-19,0,BUILDING,NEW CONSTRUCTION,false,Completed,-79.9639972173,40.4685327573,"3913 BUTLER ST, Pittsburgh, PA 15201-",https://data.wprdc.org/dataset/pli-permits
EP-2020-20993,pittsburgh,2021-01-26,0,ELECTRICAL,NEW CONSTRUCTION,true,Completed,-80.0096758609,40.4594150218,"134 E JEFFERSON ST, Pittsburgh, PA 15212-",https://data.wprdc.org/dataset/pli-permits
FAS-2024-11453,pittsburgh,2024-10-04,0,Fire Alarm Permit,NEW SYSTEM,false,Completed,-79.9819997078,40.4398191177,"1738 REED ST #424, Pittsburgh, PA 15219-",https://data.wprdc.org/dataset/pli-permits
MP-2023-01029,pittsburgh,2023-06-08,0,MECHANICAL,NEW CONSTRUCTION,false,Completed,-79.9586741342,40.4396582241,"3510 FORBES AVE, Pittsburgh, PA 15213-",https://data.wprdc.org/dataset/pli-permits
EP-2023-07036,pittsburgh,2023-04-26,0,ELECTRICAL,NEW CONSTRUCTION,true,Completed,-79.9263787293,40.4663444597,"414 N SAINT CLAIR ST, Pittsburgh, PA 15206-",https://data.wprdc.org/dataset/pli-permits
BP-2019-08665,pittsburgh,2020-03-17,0,BUILDING,NEW CONSTRUCTION,true,Completed,-79.9668464886,40.4394591989,"120 BURROWS ST, Pittsburgh, PA 15213-",https://data.wprdc.org/dataset/pli-permits
SP-2024-04122,pittsburgh,2024-03-27,0,Sign Permit,NEW,false,Completed,-80.0080661064,40.4468565587,"220 NORTH SHORE DR #628, Pittsburgh, PA 15212-",https://data.wprdc.org/dataset/pli-permits
BP-2021-03154,pittsburgh,2022-03-08,0,BUILDING,NEW CONSTRUCTION,true,Completed,-79.9254269921,40.4661876613,"420 N EUCLID AVE, Pittsburgh, PA 15206-",https://data.wprdc.org/dataset/pli-permits
MP-2024-13040,pittsburgh,2024-10-22,0,MECHANICAL,NEW CONSTRUCTION,true,Completed,-79.9050909695,40.4197163748,"1137 POCONO ST, Pittsburgh, PA 15218-",https://data.wprdc.org/dataset/pli-permits
BP-2020-06857,pittsburgh,2023-09-08,0,BUILDING,NEW CONSTRUCTION,true,Completed,-79.9355521919,40.4676213335,"5354 HILLCREST ST, Pittsburgh, PA 15224-",https://data.wprdc.org/dataset/pli-permits
MP-2019-10471,pittsburgh,2020-03-03,0,MECHANICAL,NEW CONSTRUCTION,false,Completed,-79.999742107,40.4437901909,"731 PENN AVE #1113, Pittsburgh, PA 15222-",https://data.wprdc.org/dataset/pli-permits
EP-2020-03874,pittsburgh,2020-12-18,0,ELECTRICAL,NEW CONSTRUCTION,false,Completed,-80.0304998267,40.412096729,"1523 BANKSVILLE RD, Pittsburgh, PA 15216-",https://data.wprdc.org/dataset/pli-permits
SP-2019-06692,pittsburgh,2020-02-06,0,Sign Permit,NEW,false,Expired,-79.9788951463,40.428843332,"1903 E CARSON ST, Pittsburgh, 15203-",https://data.wprdc.org/dataset/pli-permits
BP-2020-02710,pittsburgh,2020-08-25,0,BUILDING,NEW CONSTRUCTION,false,Completed,-79.9602843911,40.4387932007,"3422 FORBES AVE, Pittsburgh, PA 15213-",https://data.wprdc.org/dataset/pli-permits
SP-2020-19362,pittsburgh,2020-12-28,0,Sign Permit,NEW,false,Completed,-79.9377649239,40.4270899832,"4044 BEECHWOOD BLVD, Pittsburgh, PA 15217-",https://data.wprdc.org/dataset/pli-permits
FAS-2021-09402,pittsburgh,2021-08-13,0,Fire Alarm Permit,NEW SYSTEM,false,Completed,-79.96809753,40.4560035381,"3021 PAULOWNA ST, Pittsburgh, PA 15219-",https://data.wprdc.org/dataset/pli-permits
BP-2022-19382,pittsburgh,2023-11-21,0,BUILDING,NEW CONSTRUCTION,true,Completed,-80.00621552,40.4564274224,"1213 BOYLE ST, Pittsburgh, PA 15212-",https://data.wprdc.org/dataset/pli-permits
EP-2021-09109,pittsburgh,2021-08-12,0,ELECTRICAL,NEW CONSTRUCTION,false,Completed,-79.994859348,40.4413703466,"600 GRANT ST #5382, Pittsburgh, PA 15219-",https://data.wprdc.org/dataset/pli-permits
EP-2020-17445,pittsburgh,2020-10-27,0,ELECTRICAL,NEW CONSTRUCTION,true,Completed,-79.9273116033,40.4700768597,"705 N NEGLEY AVE, Pittsburgh, 15206-",https://data.wprdc.org/dataset/pli-permits
SP-2021-09289,pittsburgh,2021-08-27,0,Sign Permit,NEW,false,Completed,-79.9458306973,40.4476132808,"4735 5TH AVE, Pittsburgh, PA 15213-",https://data.wprdc.org/dataset/pli-permits
SP-2020-18477,pittsburgh,2021-08-03,0,Sign Permit,NEW,false,Completed,-79.960508573,40.4697495839,"4112 BUTLER ST #10, Pittsburgh, PA 15201-",https://data.wprdc.org/dataset/pli-permits
SP-2023-09853,pittsburgh,2023-07-11,0,Sign Permit,NEW,false,Completed,-79.9586741342,40.4396582241,"3510 FORBES AVE, Pittsburgh, PA 15213-",https://data.wprdc.org/dataset/pli-permits
SSP-2021-19016,pittsburgh,2021-12-17,0,Suppression System Permit,NEW SYSTEM,false,Completed,-79.9272498386,40.4605417428,"5923 BAUM BLVD, Pittsburgh, 15206-",https://data.wprdc.org/dataset/pli-permits
BP-2023-13516,pittsburgh,2024-03-27,0,BUILDING,NEW CONSTRUCTION,false,Completed,-79.9641984402,40.4367420054,"3221 FORBES AVE #516, Pittsburgh, PA 15213-",https://data.wprdc.org/dataset/pli-permits
MP-2019-08866,pittsburgh,2020-03-05,0,MECHANICAL,NEW CONSTRUCTION,false,Completed,-79.9261975894,40.4641197705,"5809 HARVARD ST #303, Pittsburgh, PA 15206-",https://data.wprdc.org/dataset/pli-permits
EP-2022-15531,pittsburgh,2022-11-14,0,ELECTRICAL,NEW CONSTRUCTION,false,Completed,-79.9590168681,40.4704397556,"233 43RD ST, Pittsburgh, PA 15201-",https://data.wprdc.org/dataset/pli-permits
SP-2021-12277,pittsburgh,2021-08-05,0,Sign Permit,NEW,false,Completed,-79.9772956006,40.4315981566,"2019 WHARTON ST, Pittsburgh, PA 15203-",https://data.wprdc.org/dataset/pli-permits
BP-2021-09077,pittsburgh,2021-08-06,0,BUILDING,NEW CONSTRUCTION,true,Issued,-80.0176417765,40.4366356193,"122 HALLOCK ST, Pittsburgh, PA 15211-",https://data.wprdc.org/dataset/pli-permits
MP-2024-12304,pittsburgh,2024-10-09,0,MECHANICAL,NEW CONSTRUCTION,true,Completed,-79.9947664643,40.4234944527,"726 EUREKA ST, Pittsburgh, PA 15210-",https://data.wprdc.org/dataset/pli-permits
FAS-2024-03548,pittsburgh,2024-04-23,0,Fire Alarm Permit,NEW SYSTEM,false,Completed,-79.9802268694,40.4441473484,"2007 CENTRE AVE, Pittsburgh, 15219-",https://data.wprdc.org/dataset/pli-permits
EP-2021-20437,pittsburgh,2023-03-21,0,ELECTRICAL,NEW CONSTRUCTION,false,Completed,-79.9974299804,40.3907430675,"2140 SAW MILL RUN BLVD, Pittsburgh, 15210-",https://data.wprdc.org/dataset/pli-permits
SP-2020-04616,pittsburgh,2020-05-18,0,Sign Permit,NEW,false,Completed,-79.9766845481,40.4283574966,"2020 E CARSON ST, Pittsburgh, PA 15203-",https://data.wprdc.org/dataset/pli-permits
SP-2022-00822,pittsburgh,2022-07-07,0,Sign Permit,NEW,false,Completed,-79.9653329962,40.4695679428,"129 39TH ST, Pittsburgh, PA 15201-",https://data.wprdc.org/dataset/pli-permits
MP-2021-09281,pittsburgh,2021-07-12,0,MECHANICAL,NEW CONSTRUCTION,true,Issued,-79.9295748995,40.4442241393,"1220 BELLEROCK ST, Pittsburgh, PA 15217-",https://data.wprdc.org/dataset/pli-permits
SSP-2024-00367,pittsburgh,2024-08-14,0,Suppression System Permit,NEW SYSTEM,false,Completed,-79.9255463383,40.4568199116,"316 S HIGHLAND AVE #402, Pittsburgh, PA 15206-",https://data.wprdc.org/dataset/pli-permits
SP-2023-09398,pittsburgh,2023-07-14,0,Sign Permit,NEW,false,Completed,-79.8928229029,40.4871226119,"843 FREEPORT RD, Pittsburgh, 15238-",https://data.wprdc.org/dataset/pli-permits
EP-2022-03301,pittsburgh,2023-11-21,0,ELECTRICAL,NEW CONSTRUCTION,false,Completed,-79.9275565313,40.4621549752,"5818 PENN AVE, Pittsburgh, PA 15206-",https://data.wprdc.org/dataset/pli-permits
BP-2021-10091,pittsburgh,2021-08-17,0,BUILDING,NEW CONSTRUCTION,true,Completed,-79.9270159573,40.4652513791,"314 N SAINT CLAIR ST, Pittsburgh, PA 15206-",https://data.wprdc.org/dataset/pli-permits
EP-2022-14956,pittsburgh,2023-02-06,0,ELECTRICAL,NEW CONSTRUCTION,false,Issued,-79.958925331,40.396426069,"1000 AGNEW RD, Pittsburgh, PA 15207",https://data.wprdc.org/dataset/pli-permits
SSP-2020-03631,pittsburgh,2020-05-07,0,Suppression System Permit,NEW SYSTEM,false,Completed,-79.9261975894,40.4641197705,"5809 HARVARD ST #303, Pittsburgh, PA 15206-",https://data.wprdc.org/dataset/pli-permits
MP-2021-16240,pittsburgh,2021-10-04,0,MECHANICAL,NEW CONSTRUCTION,true,Completed,-80.0099155839,40.4581871811,"1511 ARCH ST, Pittsburgh, PA 15212-",https://data.wprdc.org/dataset/pli-permits
SSP-2020-11744,pittsburgh,2020-09-03,0,Suppression System Permit,NEW SYSTEM,false,Completed,-79.9612759382,40.4711040525,"174 43RD ST, Pittsburgh, 15201-",https://data.wprdc.org/dataset/pli-permits
SP-2020-08417,pittsburgh,2020-07-06,0,Sign Permit,NEW,false,Completed,-79.9537141644,40.465694454,"4314 PENN AVE, Pittsburgh, 15224-",https://data.wprdc.org/dataset/pli-permits
OOP-2021-11169,pittsburgh,2022-06-16,0,Occupancy Only Permit,NEW USE,true,Completed,-79.9383805553,40.4420584169,"10 ROSELAWN TER #8, Pittsburgh, PA 15213-",https://data.wprdc.org/dataset/pli-permits
MP-2020-16183,pittsburgh,2020-12-23,0,MECHANICAL,NEW CONSTRUCTION,true,Completed,-80.0422648936,40.4135715192,"1357 KIRSOPP AVE, Pittsburgh, PA 15220-",https://data.wprdc.org/dataset/pli-permits
EP-2021-20553,pittsburgh,2022-01-07,0,ELECTRICAL,NEW CONSTRUCTION,true,Completed,-80.0101684625,40.4581746278,"213 ALPINE AVE, Pittsburgh, PA 15212-",https://data.wprdc.org/dataset/pli-permits
OLP-2024-05133,pittsburgh,2024-06-17,0,Occupant Load Placard Permit,NEW,false,Completed,-79.9586651861,40.4412466463,"3606 5TH AVE, Pittsburgh, PA 15213-",https://data.wprdc.org/dataset/pli-permits
EP-2022-00279,pittsburgh,2022-01-12,0,ELECTRICAL,NEW CONSTRUCTION,true,Completed,-79.9950755966,40.4574484941,"1014 CHESTNUT ST, Pittsburgh, 15212-",https://data.wprdc.org/dataset/pli-permits
EP-2024-09969,pittsburgh,2024-09-19,0,ELECTRICAL,NEW CONSTRUCTION,false,Issued,-79.9650612184,40.4652827911,"3604 BUTLER ST, Pittsburgh, PA 15201-",https://data.wprdc.org/dataset/pli-permits
BP-2020-16387,pittsburgh,2021-01-20,0,BUILDING,NEW CONSTRUCTION,false,Completed,-79.9934940382,40.4346430496,"950 2ND AVE, Pittsburgh, PA 15219-",https://data.wprdc.org/dataset/pli-permits
SP-2021-08443,pittsburgh,2021-11-04,0,Sign Permit,NEW,false,Application Finalization,-79.9964759922,40.4304363882,"68 S 4TH ST #11, Pittsburgh, PA 15219-",https://data.wprdc.org/dataset/pli-permits
MP-2024-13367,pittsburgh,2024-12-31,0,MECHANICAL,NEW CONSTRUCTION,false,Completed,-79.9903585214,40.4486022823,"1447 SMALLMAN ST, Pittsburgh, PA 15222-",https://data.wprdc.org/dataset/pli-permits
EP-2023-11738,pittsburgh,2023-07-13,0,ELECTRICAL,NEW CONSTRUCTION,true,Revoked,-79.9359349963,40.4660279676,"213 N AIKEN AVE, Pittsburgh, 15206-",https://data.wprdc.org/dataset/pli-permits
EP-2020-08031,pittsburgh,2020-06-24,0,ELECTRICAL,NEW CONSTRUCTION,true,Issued,-80.0551807626,40.4293916883,"1839 CHESSLAND ST, Pittsburgh, PA 15205",https://data.wprdc.org/dataset/pli-permits
BP-2021-12464,pittsburgh,2021-09-10,0,BUILDING,NEW CONSTRUCTION,true,Completed,-79.9651530856,40.4673510102,"180 38TH ST, Pittsburgh, 15201-",https://data.wprdc.org/dataset/pli-permits
SP-2022-12001,pittsburgh,2022-09-16,0,Sign Permit,NEW,false,Issued,-79.9574229818,40.4415267063,"3717 FORBES AVE, Pittsburgh, PA 15213-",https://data.wprdc.org/dataset/pli-permits
BP-2022-07262,pittsburgh,2022-07-15,0,BUILDING,NEW CONSTRUCTION,false,Completed,-79.9275121138,40.4620321579,"5836 PENN AVE, Pittsburgh, PA 15206-",https://data.wprdc.org/dataset/pli-permits
EP-2020-07399,pittsburgh,2020-06-18,0,ELECTRICAL,NEW CONSTRUCTION,true,Completed,-80.0282887132,40.4568787321,"1426 JUNIATA ST, Pittsburgh, PA 15233-",https://data.wprdc.org/dataset/pli-permits
MP-2023-03507,pittsburgh,2023-03-01,0,MECHANICAL,NEW CONSTRUCTION,true,Completed,-79.9869088388,40.4459379217,"1703 CLIFF ST, Pittsburgh, PA 15219-",https://data.wprdc.org/dataset/pli-permits
SP-2021-19865,pittsburgh,2021-12-16,0,Sign Permit,NEW,false,Completed,-79.9256952904,40.4600579959,"5995 CENTRE AVE, Pittsburgh, PA 15206-",https://data.wprdc.org/dataset/pli-permits
EP-2023-03940,pittsburgh,2023-03-14,0,ELECTRICAL,NEW CONSTRUCTION,true,Completed,-80.0794308566,40.4498994083,"104 CEDARWOOD PL, Pittsburgh, PA 15205-",https://data.wprdc.org/dataset/pli-permits
SSP-2020-21069,pittsburgh,2021-02-15,0,Suppression System Permit,NEW SYSTEM,false,Completed,-79.9401755564,40.4573786627,"5259 LIBERTY AVE, Pittsburgh, PA 15224-",https://data.wprdc.org/dataset/pli-permits
SSP-2020-17999,pittsburgh,2020-12-17,0,Suppression System Permit,NEW SYSTEM,false,Completed,-79.9296214621,40.4623681682,"141 S SAINT CLAIR ST #601, Pittsburgh, PA 15206-",https://data.wprdc.org/dataset/pli-permits
OOP-2021-02496,pittsburgh,2021-06-11,0,Occupancy Only Permit,NEW USE,false,Expired,-79.9860661392,40.449435915,"1658 PENN AVE, Pittsburgh, PA 15222-",https://data.wprdc.org/dataset/pli-permits
OOP-2021-10751,pittsburgh,2022-03-10,0,Occupancy Only Permit,NEW USE,false,Completed,-80.0553715872,40.455351479,"3021 LANDIS ST, Pittsburgh, PA 15204-",https://data.wprdc.org/dataset/pli-permits
MP-2020-20638,pittsburgh,2021-02-02,0,MECHANICAL,NEW CONSTRUCTION,true,Expired,-79.9513958435,40.4591539665,"458 CEDARVILLE ST, Pittsburgh, 15224-",https://data.wprdc.org/dataset/pli-permits
BP-2019-07202,pittsburgh,2020-08-27,0,BUILDING,NEW CONSTRUCTION,false,Completed,-79.9653329962,40.4695679428,"129 39TH ST, Pittsburgh, PA 15201-",https://data.wprdc.org/dataset/pli-permits
BP-2021-02130,pittsburgh,2021-03-17,0,BUILDING,NEW CONSTRUCTION,false,Completed,-79.9639972173,40.4685327573,"3913 BUTLER ST, Pittsburgh, PA 15201-",https://data.wprdc.org/dataset/pli-permits
SP-2021-07110,pittsburgh,2021-05-13,0,Sign Permit,NEW,false,Issued,-79.9604633211,40.4645783712,"3824 PENN AVE, Pittsburgh, 15201-",https://data.wprdc.org/dataset/pli-permits
FP-2023-08449,pittsburgh,2023-11-13,0,Floodplain Permit,New Construction,false,Issued,-79.9842097179,40.4530446649,"2128 RAILROAD ST, Pittsburgh, PA 15222-",https://data.wprdc.org/dataset/pli-permits
BP-2022-00335,pittsburgh,2022-10-20,0,BUILDING,NEW CONSTRUCTION,true,Issued,-79.999220269,40.4547899422,"804 MIDDLE ST, Pittsburgh, PA 15212-",https://data.wprdc.org/dataset/pli-permits
FP-2023-08446,pittsburgh,2023-11-13,0,Floodplain Permit,New Construction,false,Issued,-79.9842097179,40.4530446649,"2128 RAILROAD ST, Pittsburgh, PA 15222-",https://data.wprdc.org/dataset/pli-permits
BP-2023-14178,pittsburgh,2024-03-25,0,BUILDING,NEW CONSTRUCTION,true,Completed,-79.981645253,40.4410720618,"1829 REED ST, Pittsburgh, PA 15219-",https://data.wprdc.org/dataset/pli-permits
BP-2022-01101,pittsburgh,2022-06-06,0,BUILDING,NEW CONSTRUCTION,false,Completed,-79.9590168681,40.4704397556,"233 43RD ST, Pittsburgh, PA 15201-",https://data.wprdc.org/dataset/pli-permits
BP-2020-04818,pittsburgh,2020-07-06,0,BUILDING,NEW CONSTRUCTION,true,Issued,-79.9604993778,40.4743073732,"143 46TH ST, Pittsburgh, PA 15201-",https://data.wprdc.org/dataset/pli-permits
BP-2023-15632,pittsburgh,2023-12-12,0,BUILDING,NEW CONSTRUCTION,true,Completed,-79.9394958047,40.4117599738,"341 FLOWERS AVE, Pittsburgh, PA 15207-",https://data.wprdc.org/dataset/pli-permits
SSP-2020-11323,pittsburgh,2020-08-31,0,Suppression System Permit,NEW SYSTEM,false,Completed,-80.0109623817,40.4534312683,"301 CEDAR AVE, Pittsburgh, PA 15212-",https://data.wprdc.org/dataset/pli-permits
MP-2022-12651,pittsburgh,2023-01-10,0,MECHANICAL,NEW CONSTRUCTION,true,Completed,-79.9879335135,40.445388572,"1547 CLIFF ST, Pittsburgh, PA 15219-",https://data.wprdc.org/dataset/pli-permits
EP-2024-14147,pittsburgh,2024-12-13,0,ELECTRICAL,NEW CONSTRUCTION,true,Completed,-79.9490820575,40.4794298656,"726 53RD ST, Pittsburgh, PA 15201-",https://data.wprdc.org/dataset/pli-permits
FAS-2022-13489,pittsburgh,2022-09-09,0,Fire Alarm Permit,NEW SYSTEM,false,Completed,-79.980643832,40.4531028523,"2330 PENN AVE #801, Pittsburgh, PA 15222-",https://data.wprdc.org/dataset/pli-permits
EP-2022-15536,pittsburgh,2022-11-14,0,ELECTRICAL,NEW CONSTRUCTION,false,Completed,-79.9590168681,40.4704397556,"233 43RD ST, Pittsburgh, PA 15201-",https://data.wprdc.org/dataset/pli-permits
SSP-2020-10134,pittsburgh,2020-08-11,0,Suppression System Permit,NEW SYSTEM,false,Completed,-79.9744385881,40.4585898175,"2916 SMALLMAN ST #320, Pittsburgh, PA 15201-",https://data.wprdc.org/dataset/pli-permits
MP-2020-09025,pittsburgh,2020-07-02,0,MECHANICAL,NEW CONSTRUCTION,true,Completed,-79.9502575613,40.4840775502,"139 55TH ST, Pittsburgh, PA 15201-",https://data.wprdc.org/dataset/pli-permits
MP-2024-10496,pittsburgh,2024-10-17,0,MECHANICAL,NEW CONSTRUCTION,false,Completed,-79.9211060768,40.4587972853,"163 SHADY AVE #114, Pittsburgh, PA 15206-",https://data.wprdc.org/dataset/pli-permits
SP-2022-17733,pittsburgh,2023-05-26,0,Sign Permit,NEW,false,Completed,-79.9280145371,40.4193295658,"828 HAZELWOOD AVE, Pittsburgh, PA 15217-",https://data.wprdc.org/dataset/pli-permits
BP-2020-01341,pittsburgh,2020-07-08,0,BUILDING,NEW CONSTRUCTION,false,Completed,-79.9458306973,40.4476132808,"4735 5TH AVE, Pittsburgh, PA 15213-",https://data.wprdc.org/dataset/pli-permits
SP-2022-07383,pittsburgh,2022-06-29,0,Sign Permit,NEW,false,Completed,-79.9983361881,40.4396403468,"440 SMITHFIELD ST, Pittsburgh, PA 15222-",https://data.wprdc.org/dataset/pli-permits
SP-2023-01556,pittsburgh,2023-02-10,0,Sign Permit,NEW,false,Completed,-79.948365565,40.4448400224,"413 S CRAIG ST, Pittsburgh, PA 15213-",https://data.wprdc.org/dataset/pli-permits
MP-2020-13651,pittsburgh,2021-01-12,0,MECHANICAL,NEW CONSTRUCTION,false,Completed,-79.9212721747,40.4325494989,"5845 PHILLIPS AVE, Pittsburgh, 15217-",https://data.wprdc.org/dataset/pli-permits
MP-2022-13439,pittsburgh,2022-09-09,0,MECHANICAL,NEW CONSTRUCTION,true,Completed,-79.9685937526,40.4559800194,"3011 PAULOWNA ST, Pittsburgh, PA 15219-",https://data.wprdc.org/dataset/pli-permits
OLP-2021-15341,pittsburgh,2021-09-16,0,Occupant Load Placard Permit,NEW,false,Completed,-80.0071423376,40.4307393396,"131 SHILOH ST, Pittsburgh, 15211-",https://data.wprdc.org/dataset/pli-permits
MP-2023-04915,pittsburgh,2023-05-12,0,MECHANICAL,NEW CONSTRUCTION,true,Issued,-79.9791104437,40.4114806641,"509 FISHER ST, Pittsburgh, 15210-",https://data.wprdc.org/dataset/pli-permits
BP-2023-14152,pittsburgh,2024-03-25,0,BUILDING,NEW CONSTRUCTION,true,Completed,-79.9819997078,40.4398191177,"1738 REED ST #424, Pittsburgh, PA 15219-",https://data.wprdc.org/dataset/pli-permits
EP-2022-12609,pittsburgh,2022-12-15,0,ELECTRICAL,NEW CONSTRUCTION,true,Completed,-79.9879335135,40.445388572,"1547 CLIFF ST, Pittsburgh, PA 15219-",https://data.wprdc.org/dataset/pli-permits
EP-2024-10652,pittsburgh,2024-08-08,0,ELECTRICAL,NEW CONSTRUCTION,true,Completed,-79.9933875273,40.4229774226,"807 EXCELSIOR ST, Pittsburgh, PA 15210-",https://data.wprdc.org/dataset/pli-permits
MP-2021-06040,pittsburgh,2021-04-15,0,MECHANICAL,NEW CONSTRUCTION,true,Completed,-80.0253776732,40.4361235399,"419 CLARENCE ST, Pittsburgh, PA 15211-",https://data.wprdc.org/dataset/pli-permits
SP-2023-03861,pittsburgh,2023-04-03,0,Sign Permit,NEW,false,Completed,-79.9256642278,40.4593635997,"5990 CENTRE AVE, Pittsburgh, PA 15206-",https://data.wprdc.org/dataset/pli-permits
EP-2020-09998,pittsburgh,2020-07-16,0,ELECTRICAL,NEW CONSTRUCTION,true,Completed,-79.9878333698,40.4506348221,No primary address specified,https://data.wprdc.org/dataset/pli-permits
OLP-2024-01488,pittsburgh,2024-11-12,0,Occupant Load Placard Permit,NEW,false,Revoked,-79.8952955427,40.4538953558,"7304 HAMILTON AVE, Pittsburgh, PA 15208-",https://data.wprdc.org/dataset/pli-permits
FAS-2022-08954,pittsburgh,2022-08-19,0,Fire Alarm Permit,NEW SYSTEM,false,Completed,-80.0071609396,40.4556645012,"6 W NORTH AVE #212, Pittsburgh, PA 15212-",https://data.wprdc.org/dataset/pli-permits
OLP-2023-21261,pittsburgh,2024-01-16,0,Occupant Load Placard Permit,NEW,false,Completed,-80.0272583642,40.4490434179,"1501 REEDSDALE ST #2008, Pittsburgh, PA 15233-",https://data.wprdc.org/dataset/pli-permits
BP-2021-08689,pittsburgh,2021-07-01,0,BUILDING,NEW CONSTRUCTION,true,Completed,-80.0256426065,40.4601753468,"1266 KUNKLE AVE, Pittsburgh, PA 15212-",https://data.wprdc.org/dataset/pli-permits
MP-2020-20156,pittsburgh,2021-05-12,0,MECHANICAL,NEW CONSTRUCTION,false,Completed,-79.9602108519,40.4367623558,"300 HALKET ST, Pittsburgh, PA 15213-",https://data.wprdc.org/dataset/pli-permits
EP-2020-00086,pittsburgh,2020-02-27,0,ELECTRICAL,NEW CONSTRUCTION,true,Completed,-79.9869462368,40.451401571,"1740 WATERFRONT PL, Pittsburgh, PA 15222-",https://data.wprdc.org/dataset/pli-permits
EP-2020-08020,pittsburgh,2020-06-24,0,ELECTRICAL,NEW CONSTRUCTION,true,Completed,-80.0549483724,40.4299146216,"1819 CHESSLAND ST, Pittsburgh, 15205-",https://data.wprdc.org/dataset/pli-permits
EP-2021-16748,pittsburgh,2021-10-12,0,ELECTRICAL,NEW CONSTRUCTION,true,Completed,-79.9261550749,40.4677322292,"509 N SAINT CLAIR ST, Pittsburgh, PA 15206-",https://data.wprdc.org/dataset/pli-permits
FAS-2020-03853,pittsburgh,2020-05-20,0,Fire Alarm Permit,NEW SYSTEM,false,Completed,-79.9966959086,40.4439205119,"936 PENN AVE, Pittsburgh, 15222-",https://data.wprdc.org/dataset/pli-permits
EP-2024-09806,pittsburgh,2024-10-31,0,ELECTRICAL,NEW CONSTRUCTION,false,Completed,-79.9814716979,40.4403107392,"1800 REED ST #616, Pittsburgh, PA 15219-",https://data.wprdc.org/dataset/pli-permits
BP-2021-18838,pittsburgh,2022-04-08,0,BUILDING,NEW CONSTRUCTION,false,Completed,-79.9874931934,40.4380318427,"118 STEVENSON ST, Pittsburgh, PA 15219-",https://data.wprdc.org/dataset/pli-permits
BP-2023-18499,pittsburgh,2024-01-31,0,BUILDING,NEW CONSTRUCTION,true,Completed,-79.9945071017,40.4236005848,"732 EUREKA ST, Pittsburgh, PA 15210-",https://data.wprdc.org/dataset/pli-permits
SSP-2020-01174,pittsburgh,2020-06-03,0,Suppression System Permit,NEW SYSTEM,false,Completed,-79.9788120911,40.4549763163,"2549 PENN AVE, Pittsburgh, 15222-",https://data.wprdc.org/dataset/pli-permits
EP-2023-11342,pittsburgh,2023-07-06,0,ELECTRICAL,NEW CONSTRUCTION,true,Completed,-79.9360459491,40.4665608842,"5347 KINCAID ST, Pittsburgh, 15224-",https://data.wprdc.org/dataset/pli-permits
BP-2020-02907,pittsburgh,2020-05-11,0,BUILDING,NEW CONSTRUCTION,true,Completed,-79.9304397698,40.4877551335,"6512 ADELPHIA ST, Pittsburgh, PA 15206-",https://data.wprdc.org/dataset/pli-permits
MP-2022-09955,pittsburgh,2024-02-12,0,MECHANICAL,NEW CONSTRUCTION,false,Completed,-80.009766984,40.4653584818,"201 LAFAYETTE AVE, Pittsburgh, PA 15214-",https://data.wprdc.org/dataset/pli-permits
BP-2023-12857,pittsburgh,2024-07-08,0,BUILDING,NEW CONSTRUCTION,false,Issued,-79.9955584715,40.4136150067,"408 MATHEWS AVE, Pittsburgh, PA 15210-",https://data.wprdc.org/dataset/pli-permits
EP-2021-17442,pittsburgh,2021-10-22,0,ELECTRICAL,NEW CONSTRUCTION,true,Completed,-79.9668109335,40.439313985,"126 BURROWS ST, Pittsburgh, PA 15213-",https://data.wprdc.org/dataset/pli-permits
FAS-2020-16130,pittsburgh,2020-11-04,0,Fire Alarm Permit,NEW SYSTEM,false,Completed,-79.9679223176,40.4471929002,"2621 CENTRE AVE, Pittsburgh, 15219-",https://data.wprdc.org/dataset/pli-permits
FAS-2021-18589,pittsburgh,2022-03-14,0,Fire Alarm Permit,NEW SYSTEM,false,Completed,-79.9698760428,40.4611691528,"3205 PENN AVE #634, Pittsburgh, PA 15201-",https://data.wprdc.org/dataset/pli-permits
MP-2024-05211,pittsburgh,2024-08-15,0,MECHANICAL,NEW CONSTRUCTION,false,Completed,-79.9455790183,40.4651130984,"4842 PENN AVE #303, Pittsburgh, PA 15224-",https://data.wprdc.org/dataset/pli-permits
FAS-2023-11894,pittsburgh,2023-08-22,0,Fire Alarm Permit,NEW SYSTEM,false,Completed,-79.9892990452,40.4380964887,"1045 FORBES AVE #1125, Pittsburgh, PA 15219-",https://data.wprdc.org/dataset/pli-permits
FAS-2020-05906,pittsburgh,2020-07-02,0,Fire Alarm Permit,NEW SYSTEM,false,Completed,-79.9261975894,40.4641197705,"5809 HARVARD ST #303, Pittsburgh, PA 15206-",https://data.wprdc.org/dataset/pli-permits
MP-2023-15326,pittsburgh,2023-09-14,0,MECHANICAL,NEW CONSTRUCTION,true,Completed,-80.0794308566,40.4498994083,"104 CEDARWOOD PL, Pittsburgh, PA 15205-",https://data.wprdc.org/dataset/pli-permits
BP-2022-00038,pittsburgh,2022-03-01,0,BUILDING,NEW CONSTRUCTION,true,Completed,-79.9590181417,40.4737018101,"186 HOME ST, Pittsburgh, PA 15201-",https://data.wprdc.org/dataset/pli-permits
SP-2022-11482,pittsburgh,2022-08-18,0,Sign Permit,NEW,false,Completed,-79.8922008885,40.4884285327,"980 FREEPORT RD, Pittsburgh, PA 15238",https://data.wprdc.org/dataset/pli-permits
OOP-2020-03816,pittsburgh,2020-05-21,0,Occupancy Only Permit,NEW USE,false,Completed,-79.910956273,40.4585210253,"131 TORRENS ST, Pittsburgh, PA 15206-",https://data.wprdc.org/dataset/pli-permits
BP-2022-09530,pittsburgh,2022-12-14,0,BUILDING,NEW CONSTRUCTION,true,Completed,-80.0794308566,40.4498994083,"104 CEDARWOOD PL, Pittsburgh, PA 15205-",https://data.wprdc.org/dataset/pli-permits
SP-2020-01946,pittsburgh,2020-05-20,0,Sign Permit,NEW,false,Completed,-79.9484456346,40.4159064666,"4339 LYTLE ST, Pittsburgh, PA 15207-",https://data.wprdc.org/dataset/pli-permits
SSP-2023-00529,pittsburgh,2023-03-01,0,Suppression System Permit,NEW SYSTEM,false,Completed,-79.9470039009,40.4541811589,"4828 BAUM BLVD, Pittsburgh, PA 15213-",https://data.wprdc.org/dataset/pli-permits
EP-2020-01673,pittsburgh,2020-06-01,0,ELECTRICAL,NEW CONSTRUCTION,false,Completed,-79.9617216464,40.4310612357,"350 TECHNOLOGY DR #611, Pittsburgh, PA 15219-",https://data.wprdc.org/dataset/pli-permits
SSP-2020-14631,pittsburgh,2020-10-01,0,Suppression System Permit,NEW SYSTEM,false,Completed,-79.947180464,40.4474831748,"617 N NEVILLE ST #8, Pittsburgh, PA 15213-",https://data.wprdc.org/dataset/pli-permits
EP-2020-00081,pittsburgh,2020-02-27,0,ELECTRICAL,NEW CONSTRUCTION,true,Expired,-79.9867609738,40.4515102832,"1750 WATERFRONT PL, Pittsburgh, PA 15222-",https://data.wprdc.org/dataset/pli-permits
EP-2023-03893,pittsburgh,2023-03-14,0,ELECTRICAL,NEW CONSTRUCTION,true,Completed,-80.0794308566,40.4498994083,"104 CEDARWOOD PL, Pittsburgh, PA 15205-",https://data.wprdc.org/dataset/pli-permits
MP-2021-03493,pittsburgh,2021-04-22,0,MECHANICAL,NEW CONSTRUCTION,true,Completed,-80.0238402579,40.434652209,"450 WYOLA ST, Pittsburgh, PA 15211-",https://data.wprdc.org/dataset/pli-permits
FAS-2021-00333,pittsburgh,2021-02-12,0,Fire Alarm Permit,NEW SYSTEM,false,Completed,-79.9886576661,40.4139668745,"320 BROWNSVILLE RD, Pittsburgh, PA 15210-",https://data.wprdc.org/dataset/pli-permits
BP-2019-05456,pittsburgh,2021-01-12,0,BUILDING,NEW CONSTRUCTION,true,Completed,-79.9274984667,40.4654949376,"317 N SAINT CLAIR ST, Pittsburgh, PA 15206-",https://data.wprdc.org/dataset/pli-permits
EP-2023-06060,pittsburgh,2023-05-11,0,ELECTRICAL,NEW CONSTRUCTION,false,Issued,-80.0051214362,40.4401066629,"201 STANWIX ST, Pittsburgh, PA 15222-",https://data.wprdc.org/dataset/pli-permits
SSP-2021-13158,pittsburgh,2021-12-03,0,Suppression System Permit,NEW SYSTEM,false,Completed,-79.9397408558,40.4445944176,"5093 FORBES AVE, Pittsburgh, PA 15213-",https://data.wprdc.org/dataset/pli-permits
OLP-2022-08959,pittsburgh,2022-09-19,0,Occupant Load Placard Permit,NEW,false,Completed,-79.9967302585,40.4435397614,"937 LIBERTY AVE, Pittsburgh, 15222-",https://data.wprdc.org/dataset/pli-permits
BP-2022-02007,pittsburgh,2022-07-25,0,BUILDING,NEW CONSTRUCTION,true,Completed,-80.041715858,40.4127756302,"1336 CARNAHAN RD, Pittsburgh, PA 15220-",https://data.wprdc.org/dataset/pli-permits
MP-2022-06153,pittsburgh,2023-10-03,0,MECHANICAL,NEW CONSTRUCTION,false,Completed,-79.9611220382,40.4239643883,"3175 E CARSON ST, Pittsburgh, 15203-",https://data.wprdc.org/dataset/pli-permits
SP-2021-16065,pittsburgh,2021-10-08,0,Sign Permit,NEW,false,Completed,-80.0056689847,40.4469552209,"115 FEDERAL ST, Pittsburgh, PA 15212-",https://data.wprdc.org/dataset/pli-permits
FAS-2021-15898,pittsburgh,2021-11-02,0,Fire Alarm Permit,NEW SYSTEM,false,Completed,-79.9796733487,40.4444195389,"2033 CENTRE AVE #101, Pittsburgh, PA 15219-",https://data.wprdc.org/dataset/pli-permits
OOP-2020-06061,pittsburgh,2020-08-27,0,Occupancy Only Permit,NEW USE,true,Completed,-79.9290444377,40.4453420145,"5524 FAIR OAKS ST, Pittsburgh, 15217-",https://data.wprdc.org/dataset/pli-permits
BP-2021-08132,pittsburgh,2021-08-25,0,BUILDING,NEW CONSTRUCTION,false,Completed,-79.9586741342,40.4396582241,"3510 FORBES AVE, Pittsburgh, PA 15213-",https://data.wprdc.org/dataset/pli-permits
OLP-2024-04529,pittsburgh,2024-08-28,0,Occupant Load Placard Permit,NEW,false,Completed,-79.9211060768,40.4587972853,"163 SHADY AVE #114, Pittsburgh, PA 15206-",https://data.wprdc.org/dataset/pli-permits
SP-2020-13618,pittsburgh,2020-09-14,0,Sign Permit,NEW,false,Completed,-80.043250561,40.3998346817,"3105 BANKSVILLE RD, Pittsburgh, PA 15216-",https://data.wprdc.org/dataset/pli-permits
MP-2024-06815,pittsburgh,2024-05-03,0,MECHANICAL,NEW CONSTRUCTION,true,Completed,-79.9819997078,40.4398191177,"1738 REED ST #424, Pittsburgh, PA 15219-",https://data.wprdc.org/dataset/pli-permits
SP-2023-06003,pittsburgh,2023-06-13,0,Sign Permit,NEW,false,Completed,-79.9259042586,40.4604481936,"5954 BAUM BLVD, Pittsburgh, PA 15206-",https://data.wprdc.org/dataset/pli-permits
OOP-2020-00649,pittsburgh,2020-11-10,0,Occupancy Only Permit,NEW USE,true,Completed,-79.9831681914,40.3934840566,"148 MADELINE ST, Pittsburgh, 15210-",https://data.wprdc.org/dataset/pli-permits
SP-2019-06658,pittsburgh,2021-01-06,0,Sign Permit,NEW,false,Completed,-79.9765226046,40.4282622405,"2026 E CARSON ST, Pittsburgh, 15203-",https://data.wprdc.org/dataset/pli-permits
MP-2024-06659,pittsburgh,2024-05-03,0,MECHANICAL,NEW CONSTRUCTION,true,Completed,-79.9819997078,40.4398191177,"1738 REED ST #424, Pittsburgh, PA 15219-",https://data.wprdc.org/dataset/pli-permits
EP-2023-08843,pittsburgh,2023-05-26,0,ELECTRICAL,NEW CONSTRUCTION,true,Revoked,-79.9350314977,40.4665592327,"234 N AIKEN AVE, Pittsburgh, 15206-",https://data.wprdc.org/dataset/pli-permits
EP-2022-02412,pittsburgh,2022-08-03,0,ELECTRICAL,NEW CONSTRUCTION,false,Completed,-79.9658194883,40.4294901026,"2695 SOUTH WATER ST #442, Pittsburgh, PA 15203-",https://data.wprdc.org/dataset/pli-permits
SSP-2023-11248,pittsburgh,2023-08-25,0,Suppression System Permit,NEW SYSTEM,false,Completed,-79.9473559831,40.4604873903,"4786 LIBERTY AVE, Pittsburgh, 15224-",https://data.wprdc.org/dataset/pli-permits
BP-2020-10830,pittsburgh,2021-05-18,0,BUILDING,NEW CONSTRUCTION,true,Completed,-80.0099155839,40.4581871811,"1511 ARCH ST, Pittsburgh, PA 15212-",https://data.wprdc.org/dataset/pli-permits
MP-2020-13147,pittsburgh,2021-04-01,0,MECHANICAL,NEW CONSTRUCTION,false,Completed,-79.964597393,40.4668584018,"3725 BUTLER ST, Pittsburgh, PA 15201",https://data.wprdc.org/dataset/pli-permits
FAS-2020-05921,pittsburgh,2020-07-06,0,Fire Alarm Permit,NEW SYSTEM,false,Completed,-79.9261975894,40.4641197705,"5809 HARVARD ST #303, Pittsburgh, PA 15206-",https://data.wprdc.org/dataset/pli-permits
SP-2021-09426,pittsburgh,2021-07-13,0,Sign Permit,NEW,false,Completed,-79.92131999,40.4382502823,"5843 FORBES AVE, Pittsburgh, 15217-",https://data.wprdc.org/dataset/pli-permits
SSP-2024-10377,pittsburgh,2024-07-19,0,Suppression System Permit,NEW SYSTEM,false,Completed,-79.9740815055,40.4588292868,"2930 SMALLMAN ST #408, Pittsburgh, PA 15201-",https://data.wprdc.org/dataset/pli-permits
FAS-2019-08592,pittsburgh,2020-01-30,0,Fire Alarm Permit,NEW SYSTEM,false,Revoked,-79.9904496777,40.4274480812,"808 SELBY Way, Pittsburgh, 15203-",https://data.wprdc.org/dataset/pli-permits
SP-2022-08422,pittsburgh,2022-08-01,0,Sign Permit,NEW,false,Issued,-79.9594765865,40.440110015,"3501 FORBES AVE, Pittsburgh, 15213-",https://data.wprdc.org/dataset/pli-permits
SP-2022-11405,pittsburgh,2022-07-28,0,Sign Permit,NEW,false,Issued,-79.9280145371,40.4193295658,"828 HAZELWOOD AVE, Pittsburgh, PA 15217-",https://data.wprdc.org/dataset/pli-permits
SSP-2022-02791,pittsburgh,2022-10-17,0,Suppression System Permit,NEW SYSTEM,false,Completed,-80.025208133,40.414235547,"1400 BEECHVIEW AVE #3, Pittsburgh, PA 15216-",https://data.wprdc.org/dataset/pli-permits
MP-2023-13861,pittsburgh,2023-11-28,0,MECHANICAL,NEW CONSTRUCTION,false,Completed,-79.9776779877,40.455798496,"2635 PENN AVE #508, Pittsburgh, PA 15222-",https://data.wprdc.org/dataset/pli-permits
BP-2020-04121,pittsburgh,2020-11-16,0,BUILDING,NEW CONSTRUCTION,false,Completed,-80.0080661064,40.4468565587,"220 NORTH SHORE DR #628, Pittsburgh, PA 15212-",https://data.wprdc.org/dataset/pli-permits
EP-2022-10577,pittsburgh,2022-07-26,0,ELECTRICAL,NEW CONSTRUCTION,true,Completed,-79.9508651862,40.4786412317,"5218 DUNCAN ST, Pittsburgh, 15201-",https://data.wprdc.org/dataset/pli-permits
SP-2020-11417,pittsburgh,2021-02-25,0,Sign Permit,NEW,false,Completed,-79.9890695088,40.4395909213,"1027 5TH AVE, Pittsburgh, PA 15219-",https://data.wprdc.org/dataset/pli-permits
EP-2023-03809,pittsburgh,2023-03-14,0,ELECTRICAL,NEW CONSTRUCTION,true,Completed,-80.0794308566,40.4498994083,"104 CEDARWOOD PL, Pittsburgh, PA 15205-",https://data.wprdc.org/dataset/pli-permits
EP-2023-03695,pittsburgh,2023-03-03,0,ELECTRICAL,NEW CONSTRUCTION,true,Completed,-79.9638318173,40.4662210869,"222 38TH ST, Pittsburgh, PA 15201-",https://data.wprdc.org/dataset/pli-permits
EP-2021-20302,pittsburgh,2021-12-27,0,ELECTRICAL,NEW CONSTRUCTION,true,Completed,-80.0196501623,40.3960632969,"707 ROSSMORE AVE, Pittsburgh, PA 15226-",https://data.wprdc.org/dataset/pli-permits
SSP-2023-07039,pittsburgh,2023-09-14,0,Suppression System Permit,NEW SYSTEM,false,Completed,-79.9648273521,40.4276700429,"425 CINEMA DR #201, Pittsburgh, PA 15203-",https://data.wprdc.org/dataset/pli-permits
MP-2020-11324,pittsburgh,2020-09-23,0,MECHANICAL,NEW CONSTRUCTION,true,Completed,-79.9501117849,40.4842622773,"5523 BERLIN Way, Pittsburgh, PA 15201-",https://data.wprdc.org/dataset/pli-permits
EP-2022-09321,pittsburgh,2022-08-09,0,ELECTRICAL,NEW CONSTRUCTION,false,Completed,-80.0064101287,40.4311464305,"5 GRANDVIEW AVE #2, Pittsburgh, PA 15211-",https://data.wprdc.org/dataset/pli-permits
OOP-2020-02148,pittsburgh,2020-05-21,0,Occupancy Only Permit,NEW USE,true,Expired,-79.9204185993,40.4471436858,"1226 DENNISTON ST, Pittsburgh, PA 15217-",https://data.wprdc.org/dataset/pli-permits
BP-2019-05835,pittsburgh,2021-09-03,0,BUILDING,NEW CONSTRUCTION,true,Issued,-80.0045168923,40.4277664615,"437 NEFF ST, Pittsburgh, PA 15211-",https://data.wprdc.org/dataset/pli-permits
EP-2020-03675,pittsburgh,2020-05-05,0,ELECTRICAL,NEW CONSTRUCTION,true,Completed,-80.0249156457,40.4398673457,"214 SEWARD ST, Pittsburgh, PA 15211-",https://data.wprdc.org/dataset/pli-permits
SSP-2021-08302,pittsburgh,2021-09-03,0,Suppression System Permit,NEW SYSTEM,false,Completed,-79.8952514739,40.4477341308,"141 N BRADDOCK AVE, Pittsburgh, PA 15208-",https://data.wprdc.org/dataset/pli-permits
EP-2020-18791,pittsburgh,2020-11-24,0,ELECTRICAL,NEW CONSTRUCTION,false,Completed,-79.9494369949,40.4845610782,"5563 BERLIN Way, Pittsburgh, PA 15201-",https://data.wprdc.org/dataset/pli-permits
SSP-2023-21120,pittsburgh,2024-01-02,0,Suppression System Permit,NEW SYSTEM,false,Completed,-79.962266529,40.4386625166,"3368 5TH AVE #102, Pittsburgh, PA 15213-",https://data.wprdc.org/dataset/pli-permits
EP-2024-13068,pittsburgh,2024-10-21,0,ELECTRICAL,NEW CONSTRUCTION,true,Completed,-79.9481472522,40.480855961,"5406 DUNCAN ST, Pittsburgh, PA 15201-",https://data.wprdc.org/dataset/pli-permits
SP-2020-08172,pittsburgh,2021-03-10,0,Sign Permit,NEW,false,Application Finalization,-79.9630526677,40.4759865857,"210 48TH ST, Pittsburgh, PA 15201-",https://data.wprdc.org/dataset/pli-permits
OLP-2020-19772,pittsburgh,2020-12-21,0,Occupant Load Placard Permit,NEW,false,Completed,-79.9962833318,40.4510221241,"234 VOEGHTLY ST, Pittsburgh, PA 15212-",https://data.wprdc.org/dataset/pli-permits
SSP-2022-19221,pittsburgh,2023-09-13,0,Suppression System Permit,NEW SYSTEM,false,Completed,-79.9969112357,40.4430425908,"705 SMITHFIELD ST #601, Pittsburgh, PA 15222-",https://data.wprdc.org/dataset/pli-permits
MP-2023-02709,pittsburgh,2023-03-10,0,MECHANICAL,NEW CONSTRUCTION,true,Completed,-79.9638318173,40.4662210869,"222 38TH ST, Pittsburgh, PA 15201-",https://data.wprdc.org/dataset/pli-permits
EP-2023-19409,pittsburgh,2024-02-19,0,ELECTRICAL,NEW CONSTRUCTION,true,Issued,-79.9747843234,40.4305723244,"2130 MERRIMAN Way, Pittsburgh, PA 15203-",https://data.wprdc.org/dataset/pli-permits
SP-2023-14456,pittsburgh,2023-10-17,0,Sign Permit,NEW,false,Completed,-80.0093046886,40.4460312776,"271 NORTH SHORE DR #700, Pittsburgh, PA 15212-",https://data.wprdc.org/dataset/pli-permits
EP-2023-11990,pittsburgh,2023-07-19,0,ELECTRICAL,NEW CONSTRUCTION,true,Completed,-79.92981515,40.440710473,"1455 INVERNESS AVE, Pittsburgh, 15217-",https://data.wprdc.org/dataset/pli-permits
EP-2020-06587,pittsburgh,2020-05-21,0,ELECTRICAL,NEW CONSTRUCTION,true,Completed,-79.9646152587,40.4353699488,"210 OPHELIA ST, Pittsburgh, PA 15213-",https://data.wprdc.org/dataset/pli-permits
BP-2021-14633,pittsburgh,2023-03-06,0,BUILDING,NEW CONSTRUCTION,true,Completed,-79.9346354016,40.4667583522,"5410 ROSETTA ST, Pittsburgh, PA 15206-",https://data.wprdc.org/dataset/pli-permits
SSP-2019-09485,pittsburgh,2020-11-10,0,Suppression System Permit,NEW SYSTEM,false,Completed,-79.9510314375,40.4777799784,"724 52ND ST, Pittsburgh, PA 15201-",https://data.wprdc.org/dataset/pli-permits
MP-2020-18292,pittsburgh,2021-01-11,0,MECHANICAL,NEW CONSTRUCTION,true,Completed,-80.0251173411,40.4396448438,"220 SEWARD ST, Pittsburgh, 15211-",https://data.wprdc.org/dataset/pli-permits
SSP-2021-06042,pittsburgh,2021-04-16,0,Suppression System Permit,NEW SYSTEM,false,Completed,-80.018863621,40.4902215459,"3917 PERRYSVILLE AVE #203, Pittsburgh, PA 15214-",https://data.wprdc.org/dataset/pli-permits
OLP-2020-18958,pittsburgh,2020-11-25,0,Occupant Load Placard Permit,NEW,false,Completed,-79.9162070297,40.4562370919,"6501 LIVING PL, Pittsburgh, PA 15206-",https://data.wprdc.org/dataset/pli-permits
SP-2021-10789,pittsburgh,2021-08-06,0,Sign Permit,NEW,false,Completed,-79.970490222,40.427745064,"2416 E CARSON ST, Pittsburgh, PA 15203-",https://data.wprdc.org/dataset/pli-permits
FAS-2022-02913,pittsburgh,2022-04-05,0,Fire Alarm Permit,NEW SYSTEM,false,Completed,-79.9491343074,40.4171431368,"4339 LYTLE ST, Pittsburgh, PA 15207-",https://data.wprdc.org/dataset/pli-permits
BP-2023-13542,pittsburgh,2024-02-02,0,BUILDING,NEW CONSTRUCTION,false,Issued,-79.9598453087,40.4424544322,"200 LOTHROP ST, Pittsburgh, PA 15213-",https://data.wprdc.org/dataset/pli-permits
BP-2022-17615,pittsburgh,2023-05-23,0,BUILDING,NEW CONSTRUCTION,true,Completed,-79.9325955416,40.4459913367,"5422 WILKINS AVE, Pittsburgh, PA 15217-",https://data.wprdc.org/dataset/pli-permits
BP-2020-02126,pittsburgh,2020-12-10,0,BUILDING,NEW CONSTRUCTION,true,Completed,-79.9129207668,40.4650521708,"132 WINSLOW ST, Pittsburgh, PA 15206-",https://data.wprdc.org/dataset/pli-permits
EP-2021-14430,pittsburgh,2021-09-10,0,ELECTRICAL,NEW CONSTRUCTION,true,Completed,-79.9239019311,40.4183233093,"3242 BEECHWOOD BLVD, Pittsburgh, PA 15217-",https://data.wprdc.org/dataset/pli-permits
EP-2020-08021,pittsburgh,2020-06-24,0,ELECTRICAL,NEW CONSTRUCTION,true,Completed,-80.0550531577,40.4297125885,"1827 CHESSLAND ST, Pittsburgh, 15205-",https://data.wprdc.org/dataset/pli-permits
SP-2022-08827,pittsburgh,2022-08-25,0,Sign Permit,NEW,false,Issued,-80.022426709,40.3958879815,"533 BROOKLINE BLVD, Pittsburgh, 15226-",https://data.wprdc.org/dataset/pli-permits
MP-2022-09718,pittsburgh,2022-06-24,0,MECHANICAL,NEW CONSTRUCTION,true,Issued,-79.9769714421,40.4465300019,"620 KIRKPATRICK ST #2, Pittsburgh, PA 15219-",https://data.wprdc.org/dataset/pli-permits
EP-2024-03982,pittsburgh,2024-08-14,0,ELECTRICAL,NEW CONSTRUCTION,false,Issued,-79.974992254,40.4378382184,"2120 5TH AVE #414, Pittsburgh, PA 15219-",https://data.wprdc.org/dataset/pli-permits
MP-2024-03477,pittsburgh,2024-03-12,0,MECHANICAL,NEW CONSTRUCTION,true,Completed,-79.9933882162,40.4566870825,"903 RICKENBACH ST, Pittsburgh, PA 15212-",https://data.wprdc.org/dataset/pli-permits
SSP-2022-02721,pittsburgh,2022-03-30,0,Suppression System Permit,NEW SYSTEM,false,Completed,-80.0071609396,40.4556645012,"6 W NORTH AVE #212, Pittsburgh, PA 15212-",https://data.wprdc.org/dataset/pli-permits
MP-2021-12506,pittsburgh,2021-12-06,0,MECHANICAL,NEW CONSTRUCTION,true,Completed,-79.9784930205,40.4247518292,"1962 JOSEPHINE ST, Pittsburgh, 15203-",https://data.wprdc.org/dataset/pli-permits
EP-2020-11904,pittsburgh,2020-09-14,0,ELECTRICAL,NEW CONSTRUCTION,true,Issued,-79.9886047813,40.4502758872,"1618 WATERFRONT PL, Pittsburgh, PA 15222-",https://data.wprdc.org/dataset/pli-permits
FAS-2023-04219,pittsburgh,2023-06-16,0,Fire Alarm Permit,NEW SYSTEM,false,Completed,-79.9424354286,40.4437333149,"5135 MARGARET MORRISON ST, Pittsburgh, PA 15213-",https://data.wprdc.org/dataset/pli-permits
BP-2023-02513,pittsburgh,2023-08-22,0,BUILDING,NEW CONSTRUCTION,false,Completed,-79.9059928624,40.4618991147,"975 WASHINGTON BLVD #308, Pittsburgh, PA 15206-",https://data.wprdc.org/dataset/pli-permits
EP-2022-00402,pittsburgh,2022-01-18,0,ELECTRICAL,NEW CONSTRUCTION,true,Completed,-79.9347698676,40.4753765107,"5123 ROSECREST DR, Pittsburgh, 15201-",https://data.wprdc.org/dataset/pli-permits
SP-2022-12991,pittsburgh,2023-10-09,0,Sign Permit,NEW,false,Issued,-79.9982472075,40.4412252342,"535 SMITHFIELD ST #300, Pittsburgh, PA 15222-",https://data.wprdc.org/dataset/pli-permits
MP-2023-15673,pittsburgh,2023-09-27,0,MECHANICAL,NEW CONSTRUCTION,true,Completed,-80.0794308566,40.4498994083,"104 CEDARWOOD PL, Pittsburgh, PA 15205-",https://data.wprdc.org/dataset/pli-permits
SP-2020-00347,pittsburgh,2020-02-25,0,Sign Permit,NEW,false,Completed,-79.9865822593,40.4693404627,"1926 SPRING GARDEN AVE, Pittsburgh, PA 15212-",https://data.wprdc.org/dataset/pli-permits
SP-2022-19688,pittsburgh,2023-06-07,0,Sign Permit,NEW,false,Issued,-79.8873663204,40.487941063,"977 FREEPORT RD, Pittsburgh, PA 15238-",https://data.wprdc.org/dataset/pli-permits
EP-2020-14917,pittsburgh,2020-09-22,0,ELECTRICAL,NEW CONSTRUCTION,true,Completed,-80.0255148393,40.4575478583,"1714 FULTON ST, Pittsburgh, 15233-",https://data.wprdc.org/dataset/pli-permits
SSP-2021-00278,pittsburgh,2021-03-08,0,Suppression System Permit,NEW SYSTEM,false,Completed,-79.997857246,40.4391499632,"429 FORBES AVE #1002, Pittsburgh, PA 15219-",https://data.wprdc.org/dataset/pli-permits
MP-2020-13513,pittsburgh,2020-11-23,0,MECHANICAL,NEW CONSTRUCTION,true,Completed,-79.9496344299,40.4821458016,"5409 KEYSTONE ST, Pittsburgh, 15201-",https://data.wprdc.org/dataset/pli-permits
FAS-2023-13004,pittsburgh,2023-11-09,0,Fire Alarm Permit,NEW SYSTEM,false,Issued,-79.9096616987,40.4546249307,"6735 THOMAS BLVD, Pittsburgh, 15208-",https://data.wprdc.org/dataset/pli-permits
FAS-2021-14471,pittsburgh,2021-12-08,0,Fire Alarm Permit,NEW SYSTEM,false,Completed,-80.0034461455,40.4418955326,"120 5TH AVE, Pittsburgh, 15222-",https://data.wprdc.org/dataset/pli-permits
EP-2019-08128,pittsburgh,2020-01-30,0,ELECTRICAL,NEW CONSTRUCTION,false,Completed,-79.948342372,40.4094255309,"54 HAZELWOOD AVE, Pittsburgh, PA 15217-",https://data.wprdc.org/dataset/pli-permits
EP-2020-04143,pittsburgh,2020-05-28,0,ELECTRICAL,NEW CONSTRUCTION,true,Completed,-79.9531857587,40.479150247,"5177 KEYSTONE ST, Pittsburgh, PA 15201-",https://data.wprdc.org/dataset/pli-permits
EP-2024-11111,pittsburgh,2024-09-13,0,ELECTRICAL,NEW CONSTRUCTION,true,Completed,-79.9465540754,40.4519566005,"4766 WALLINGFORD ST, Pittsburgh, 15213-",https://data.wprdc.org/dataset/pli-permits
BP-2022-05871,pittsburgh,2023-01-06,0,BUILDING,NEW CONSTRUCTION,false,Issued,-79.9611658858,40.466660821,"254 40TH ST, Pittsburgh, PA 15201-",https://data.wprdc.org/dataset/pli-permits
SSP-2022-06391,pittsburgh,2022-07-07,0,Suppression System Permit,NEW SYSTEM,false,Completed,-79.9229964275,40.4293998406,"5808 FORWARD AVE, Pittsburgh, PA 15217-",https://data.wprdc.org/dataset/pli-permits
MP-2019-05937,pittsburgh,2020-08-10,0,MECHANICAL,NEW CONSTRUCTION,false,Revoked,-80.0354997304,40.484705271,"1276 BENTON AVE, Pittsburgh, PA 15212-",https://data.wprdc.org/dataset/pli-permits
EP-2023-14058,pittsburgh,2023-08-22,0,ELECTRICAL,NEW CONSTRUCTION,true,Completed,-80.0428134875,40.4403859065,"800 HERSCHEL ST, Pittsburgh, PA 15220-",https://data.wprdc.org/dataset/pli-permits
SP-2022-09394,pittsburgh,2022-07-06,0,Sign Permit,NEW,false,Completed,-79.9164755976,40.4571499652,"177 BAKERY SQUARE BLVD, Pittsburgh, PA 15206-",https://data.wprdc.org/dataset/pli-permits
EP-2023-01875,pittsburgh,2023-03-03,0,ELECTRICAL,NEW CONSTRUCTION,true,Completed,-79.9194770211,40.4686816861,"6045 SAINT MARIE ST, Pittsburgh, PA 15206-",https://data.wprdc.org/dataset/pli-permits
FAS-2023-01585,pittsburgh,2023-05-01,0,Fire Alarm Permit,NEW SYSTEM,false,Completed,-80.0068050042,40.4427177744,No primary address specified,https://data.wprdc.org/dataset/pli-permits
SP-2023-10047,pittsburgh,2023-09-12,0,Sign Permit,NEW,false,Issued,-79.9555195154,40.4633497625,"4047 LIBERTY AVE, Pittsburgh, PA 15224-",https://data.wprdc.org/dataset/pli-permits
MP-2021-11647,pittsburgh,2021-10-05,0,MECHANICAL,NEW CONSTRUCTION,false,Completed,-79.9772398962,40.458771362,"75 HOPPER PL #301, Pittsburgh, PA 15222-",https://data.wprdc.org/dataset/pli-permits
FAS-2023-21351,pittsburgh,2024-03-25,0,Fire Alarm Permit,NEW SYSTEM,false,Completed,-79.9059928624,40.4618991147,"975 WASHINGTON BLVD #308, Pittsburgh, PA 15206-",https://data.wprdc.org/dataset/pli-permits
OLP-2022-14986,pittsburgh,2022-09-27,0,Occupant Load Placard Permit,NEW,false,Completed,-79.9231934238,40.460015708,"6226 PENN AVE, Pittsburgh, PA 15206-",https://data.wprdc.org/dataset/pli-permits
OLP-2020-03371,pittsburgh,2022-01-05,0,Occupant Load Placard Permit,NEW,false,Completed,-79.9263974413,40.486811861,"1820 MORNINGSIDE AVE, Pittsburgh, PA 15206-",https://data.wprdc.org/dataset/pli-permits
SP-2020-20538,pittsburgh,2021-01-07,0,Sign Permit,NEW,false,Completed,-79.9239801424,40.4363183907,"5743 BARTLETT ST, Pittsburgh, 15217-",https://data.wprdc.org/dataset/pli-permits
OOP-2022-17113,pittsburgh,2022-12-23,0,Occupancy Only Permit,NEW USE,false,Completed,-79.9577090383,40.4202557558,"3447 E CARSON ST, Pittsburgh, PA 15203-",https://data.wprdc.org/dataset/pli-permits
EP-2023-13394,pittsburgh,2023-08-22,0,ELECTRICAL,NEW CONSTRUCTION,true,Completed,-79.9346354016,40.4667583522,"5410 ROSETTA ST, Pittsburgh, PA 15206-",https://data.wprdc.org/dataset/pli-permits
SSP-2024-13037,pittsburgh,2024-12-16,0,Suppression System Permit,NEW SYSTEM,false,Completed,-79.9745783674,40.4597006087,"102 30TH ST #631, Pittsburgh, PA 15201-",https://data.wprdc.org/dataset/pli-permits
BP-2020-13133,pittsburgh,2020-11-04,0,BUILDING,NEW CONSTRUCTION,false,Completed,-79.9301157775,40.4075678874,"965 RIVERMONT DR #206, Pittsburgh, PA 15207-",https://data.wprdc.org/dataset/pli-permits
EP-2022-15989,pittsburgh,2022-10-13,0,ELECTRICAL,NEW CONSTRUCTION,true,Completed,-80.0178487406,40.4368014683,"121 MERIDAN ST, Pittsburgh, PA 15211-",https://data.wprdc.org/dataset/pli-permits
BP-2022-01097,pittsburgh,2022-06-06,0,BUILDING,NEW CONSTRUCTION,false,Completed,-79.9590168681,40.4704397556,"233 43RD ST, Pittsburgh, PA 15201-",https://data.wprdc.org/dataset/pli-permits
MP-2023-12779,pittsburgh,2023-09-14,0,MECHANICAL,NEW CONSTRUCTION,false,Completed,-79.9085709893,40.457435176,"6916 5TH AVE, Pittsburgh, PA 15208-",https://data.wprdc.org/dataset/pli-permits
BP-2021-12086,pittsburgh,2021-10-26,0,BUILDING,NEW CONSTRUCTION,false,Completed,-79.9296214621,40.4623681682,"141 S SAINT CLAIR ST #601, Pittsburgh, PA 15206-",https://data.wprdc.org/dataset/pli-permits
EP-2022-18479,pittsburgh,2023-04-28,0,ELECTRICAL,NEW CONSTRUCTION,false,Issued,-79.9073800027,40.4686889152,"6345 ALLEMANNIA Way, Pittsburgh, PA 15206-",https://data.wprdc.org/dataset/pli-permits
BP-2022-09499,pittsburgh,2022-12-14,0,BUILDING,NEW CONSTRUCTION,true,Completed,-80.0794308566,40.4498994083,"104 CEDARWOOD PL, Pittsburgh, PA 15205-",https://data.wprdc.org/dataset/pli-permits
SP-2020-04051,pittsburgh,2020-05-29,0,Sign Permit,NEW,false,Expired,-80.0055851481,40.4506180555,"116 ALLEGHENY CENTER Mall, Pittsburgh, PA 15212-",https://data.wprdc.org/dataset/pli-permits
BP-2020-06246,pittsburgh,2020-06-03,0,BUILDING,NEW CONSTRUCTION,true,Completed,-80.0255148393,40.4575478583,"1714 FULTON ST, Pittsburgh, 15233-",https://data.wprdc.org/dataset/pli-permits
EP-2020-18636,pittsburgh,2020-11-17,0,ELECTRICAL,NEW CONSTRUCTION,true,Completed,-80.0283623985,40.4586790977,"1410 ADAMS ST, Pittsburgh, 15233-",https://data.wprdc.org/dataset/pli-permits
OLP-2019-11791,pittsburgh,2020-01-03,0,Occupant Load Placard Permit,NEW,false,Completed,-79.9107938291,40.4576365765,"6600 HAMILTON AVE, Pittsburgh, PA 15206-",https://data.wprdc.org/dataset/pli-permits
SP-2020-03752,pittsburgh,2020-06-26,0,Sign Permit,NEW,false,Completed,-79.9524609809,40.4542739251,"4627 BAUM BLVD, Pittsburgh, 15213-",https://data.wprdc.org/dataset/pli-permits
EP-2020-01583,pittsburgh,2020-02-03,0,ELECTRICAL,NEW CONSTRUCTION,true,Completed,-79.9517074758,40.4819657697,"5310 DRESDEN Way, Pittsburgh, PA 15201-",https://data.wprdc.org/dataset/pli-permits
OLP-2022-10627,pittsburgh,2022-07-07,0,Occupant Load Placard Permit,NEW,false,Completed,-79.9252426905,40.4631183454,"211 N WHITFIELD ST, Pittsburgh, PA 15206-",https://data.wprdc.org/dataset/pli-permits
FAS-2020-04771,pittsburgh,2020-06-03,0,Fire Alarm Permit,NEW SYSTEM,false,Completed,-79.9835922908,40.436106554,"1622 LOCUST ST, Pittsburgh, PA 15219-",https://data.wprdc.org/dataset/pli-permits
BP-2022-08218,pittsburgh,2022-12-14,0,BUILDING,NEW CONSTRUCTION,true,Completed,-80.0794308566,40.4498994083,"104 CEDARWOOD PL, Pittsburgh, PA 15205-",https://data.wprdc.org/dataset/pli-permits
MP-2020-16268,pittsburgh,2021-04-20,0,MECHANICAL,NEW CONSTRUCTION,false,Completed,-79.94390358,40.4417684612,"4927 MARGARET MORRISON ST, Pittsburgh, PA 15213-",https://data.wprdc.org/dataset/pli-permits
FAS-2024-00869,pittsburgh,2024-02-08,0,Fire Alarm Permit,NEW SYSTEM,false,Completed,-79.9780676001,40.4555325665,"2623 PENN AVE, Pittsburgh, PA 15222-",https://data.wprdc.org/dataset/pli-permits
OLP-2023-15625,pittsburgh,2023-09-20,0,Occupant Load Placard Permit,NEW,false,Completed,-79.9586741342,40.4396582241,"3510 FORBES AVE, Pittsburgh, PA 15213-",https://data.wprdc.org/dataset/pli-permits
OLP-2019-11412,pittsburgh,2020-01-06,0,Occupant Load Placard Permit,NEW,false,Expired,-80.002483007,40.4412188557,"484 GRAEME ST, Pittsburgh, 15222-",https://data.wprdc.org/dataset/pli-permits
MP-2023-11889,pittsburgh,2023-09-14,0,MECHANICAL,NEW CONSTRUCTION,true,Completed,-80.0794308566,40.4498994083,"104 CEDARWOOD PL, Pittsburgh, PA 15205-",https://data.wprdc.org/dataset/pli-permits
SP-2023-09041,pittsburgh,2023-06-12,0,Sign Permit,NEW,false,Completed,-79.9878644368,40.4372503667,"1304 FORBES AVE, Pittsburgh, PA 15282-",https://data.wprdc.org/dataset/pli-permits
EP-2021-16712,pittsburgh,2022-03-22,0,ELECTRICAL,NEW CONSTRUCTION,false,Completed,-79.9776779877,40.455798496,"2635 PENN AVE #508, Pittsburgh, PA 15222-",https://data.wprdc.org/dataset/pli-permits
SSP-2020-09819,pittsburgh,2020-08-11,0,Suppression System Permit,NEW SYSTEM,false,Completed,-79.9820075982,40.4368142278,"1721 LOCUST ST #302, Pittsburgh, PA 15219-",https://data.wprdc.org/dataset/pli-permits
EP-2022-17813,pittsburgh,2022-12-23,0,ELECTRICAL,NEW CONSTRUCTION,true,Completed,-79.9378888546,40.4798327646,"1167 STANTON TER, Pittsburgh, 15201-",https://data.wprdc.org/dataset/pli-permits
FAS-2022-03384,pittsburgh,2022-04-21,0,Fire Alarm Permit,NEW SYSTEM,false,Completed,-79.9569600408,40.4419638514,"3807 FORBES AVE, Pittsburgh, PA 15213-",https://data.wprdc.org/dataset/pli-permits
EP-2023-11741,pittsburgh,2023-08-02,0,ELECTRICAL,NEW CONSTRUCTION,true,Revoked,-79.9352318031,40.4671814261,"305 N AIKEN AVE, Pittsburgh, PA 15206-",https://data.wprdc.org/dataset/pli-permits
BP-2023-04755,pittsburgh,2023-07-19,0,BUILDING,NEW CONSTRUCTION,false,Issued,-79.9630222969,40.4271980872,"2810 SOUTH WATER ST, Pittsburgh, PA 15203-",https://data.wprdc.org/dataset/pli-permits
BP-2020-00622,pittsburgh,2020-05-01,0,BUILDING,NEW CONSTRUCTION,false,Expired,-80.0391830421,40.4676674232,"2839 NEW BEAVER AVE, Pittsburgh, PA 15233-",https://data.wprdc.org/dataset/pli-permits
OLP-2023-18174,pittsburgh,2023-12-01,0,Occupant Load Placard Permit,NEW,false,Completed,-79.8896806798,40.486872355,"907 FREEPORT RD, Pittsburgh, 15238-",https://data.wprdc.org/dataset/pli-permits
SP-2023-06918,pittsburgh,2023-10-17,0,Sign Permit,NEW,false,Completed,-79.9275565313,40.4621549752,"5818 PENN AVE, Pittsburgh, PA 15206-",https://data.wprdc.org/dataset/pli-permits
SSP-2020-04246,pittsburgh,2021-04-06,0,Suppression System Permit,NEW SYSTEM,false,Completed,-79.9904302653,40.4292169011,"44 S 9TH ST, Pittsburgh, 15203-",https://data.wprdc.org/dataset/pli-permits
BP-2022-09550,pittsburgh,2022-12-14,0,BUILDING,NEW CONSTRUCTION,true,Completed,-80.0794308566,40.4498994083,"104 CEDARWOOD PL, Pittsburgh, PA 15205-",https://data.wprdc.org/dataset/pli-permits
BP-2021-07407,pittsburgh,2021-07-19,0,BUILDING,NEW CONSTRUCTION,true,Completed,-79.9133217409,40.4652844329,"116 WINSLOW ST, Pittsburgh, PA 15206-",https://data.wprdc.org/dataset/pli-permits
SP-2021-06530,pittsburgh,2024-06-05,0,Sign Permit,NEW,false,Completed,-79.9256642278,40.4593635997,"5990 CENTRE AVE, Pittsburgh, PA 15206-",https://data.wprdc.org/dataset/pli-permits
OLP-2023-17764,pittsburgh,2024-01-04,0,Occupant Load Placard Permit,NEW,false,Completed,-80.0172257439,40.451576173,"919 WESTERN AVE, Pittsburgh, PA 15233-",https://data.wprdc.org/dataset/pli-permits
OLP-2022-15421,pittsburgh,2022-11-04,0,Occupant Load Placard Permit,NEW,false,Completed,-79.9974816318,40.4437172818,"914 PENN AVE, Pittsburgh, PA 15222-",https://data.wprdc.org/dataset/pli-permits
FAS-2021-15492,pittsburgh,2021-11-17,0,Fire Alarm Permit,NEW SYSTEM,false,Completed,-79.9934940382,40.4346430496,"950 2ND AVE, Pittsburgh, PA 15219-",https://data.wprdc.org/dataset/pli-permits
BP-2024-00728,pittsburgh,2024-12-24,0,BUILDING,NEW CONSTRUCTION,false,Issued,-80.0235052807,40.4403019962,"1607 GRANDVIEW AVE, Pittsburgh, PA 15211-",https://data.wprdc.org/dataset/pli-permits
SSP-2020-03474,pittsburgh,2022-07-25,0,Suppression System Permit,NEW SYSTEM,false,Completed,-80.0138191834,40.4501384828,"807 RIDGE AVE, Pittsburgh, PA 15212-",https://data.wprdc.org/dataset/pli-permits
SP-2024-04227,pittsburgh,2024-09-06,0,Sign Permit,NEW,false,Completed,-79.9234762771,40.4606134279,"6112 PENN AVE, Pittsburgh, PA 15206",https://data.wprdc.org/dataset/pli-permits
FAS-2021-04822,pittsburgh,2021-06-15,0,Fire Alarm Permit,NEW SYSTEM,false,Completed,-80.0164392143,40.4495737458,"915 RIDGE AVE, Pittsburgh, 15212-",https://data.wprdc.org/dataset/pli-permits
SP-2020-08219,pittsburgh,2020-06-24,0,Sign Permit,NEW,false,Completed,-80.0801705146,40.4412946775,"2405 WOODMERE DR, Pittsburgh, PA 15205-",https://data.wprdc.org/dataset/pli-permits
FAS-2021-08291,pittsburgh,2021-07-20,0,Fire Alarm Permit,NEW SYSTEM,false,Completed,-79.952951594,40.4829181033,"5301 BUTLER ST #300, Pittsburgh, PA 15201-",https://data.wprdc.org/dataset/pli-permits
SP-2024-11970,pittsburgh,2024-09-17,0,Sign Permit,NEW,false,Issued,-79.9442403049,40.4091201421,"4918 2ND AVE, Pittsburgh, 15207-",https://data.wprdc.org/dataset/pli-permits
BP-2019-07478,pittsburgh,2020-03-05,0,BUILDING,NEW CONSTRUCTION,false,Issued,-79.9271135515,40.45782655,"235 SPAHR ST, Pittsburgh, 15232-",https://data.wprdc.org/dataset/pli-permits
OLP-2020-09697,pittsburgh,2022-06-03,0,Occupant Load Placard Permit,NEW,false,Completed,-79.9406841024,40.462372757,"250 S PACIFIC AVE, Pittsburgh, 15224-",https://data.wprdc.org/dataset/pli-permits
MP-2021-12779,pittsburgh,2021-09-10,0,MECHANICAL,NEW CONSTRUCTION,false,Completed,-79.9421056235,40.464508809,"5119 CORAL ST, Pittsburgh, 15224-",https://data.wprdc.org/dataset/pli-permits
EP-2023-03879,pittsburgh,2023-03-14,0,ELECTRICAL,NEW CONSTRUCTION,true,Completed,-80.0794308566,40.4498994083,"104 CEDARWOOD PL, Pittsburgh, PA 15205-",https://data.wprdc.org/dataset/pli-permits
SSP-2024-03199,pittsburgh,2024-04-09,0,Suppression System Permit,NEW SYSTEM,false,Completed,-79.9516551313,40.4402874712,"372 JONCAIRE ST #2, Pittsburgh, PA 15213-",https://data.wprdc.org/dataset/pli-permits
MP-2020-07910,pittsburgh,2021-04-06,0,MECHANICAL,NEW CONSTRUCTION,false,Completed,-79.9874875891,40.4517877123,"1759 WATERFRONT PL #572, Pittsburgh, PA 15222-",https://data.wprdc.org/dataset/pli-permits
EP-2023-02880,pittsburgh,2023-05-11,0,ELECTRICAL,NEW CONSTRUCTION,true,Completed,-80.024550235,40.435890094,"417 EDITH ST, Pittsburgh, PA 15211-",https://data.wprdc.org/dataset/pli-permits
MP-2024-12005,pittsburgh,2024-09-24,0,MECHANICAL,NEW CONSTRUCTION,true,Completed,-79.9950334736,40.4229180369,"719 EXCELSIOR ST, Pittsburgh, PA 15210-",https://data.wprdc.org/dataset/pli-permits
MP-2023-13959,pittsburgh,2023-10-03,0,MECHANICAL,NEW CONSTRUCTION,true,Completed,-79.9772760107,40.4439788867,"2119 ROSE ST, Pittsburgh, PA 15219-",https://data.wprdc.org/dataset/pli-permits
MP-2021-15160,pittsburgh,2021-09-14,0,MECHANICAL,NEW CONSTRUCTION,true,Completed,-79.9324405275,40.4350561525,"5429 BARTLETT ST, Pittsburgh, PA 15217-",https://data.wprdc.org/dataset/pli-permits
MP-2020-05734,pittsburgh,2020-06-25,0,MECHANICAL,NEW CONSTRUCTION,true,Completed,-79.9866335674,40.4516096054,"1758 WATERFRONT PL, Pittsburgh, PA 15222-",https://data.wprdc.org/dataset/pli-permits
FP-2022-19864,pittsburgh,2024-01-17,0,Floodplain Permit,New Construction,false,Completed,-79.9962833318,40.4510221241,"234 VOEGHTLY ST, Pittsburgh, PA 15212-",https://data.wprdc.org/dataset/pli-permits
OOP-2022-01312,pittsburgh,2022-03-18,0,Occupancy Only Permit,NEW USE,true,Expired,-80.0427571348,40.4855190097,"3921 CALIFORNIA AVE, Pittsburgh, 15212-",https://data.wprdc.org/dataset/pli-permits
MP-2023-12281,pittsburgh,2023-07-26,0,MECHANICAL,NEW CONSTRUCTION,true,Completed,-79.9358486233,40.4673337211,"5361 ROSETTA ST, Pittsburgh, 15224-",https://data.wprdc.org/dataset/pli-permits
SP-2020-11719,pittsburgh,2020-09-29,0,Sign Permit,NEW,false,Issued,-79.9236304593,40.4619196772,"6024 BROAD ST, Pittsburgh, 15206-",https://data.wprdc.org/dataset/pli-permits
SSP-2024-10057,pittsburgh,2024-07-19,0,Suppression System Permit,NEW SYSTEM,false,Completed,-79.9211060768,40.4587972853,"163 SHADY AVE #114, Pittsburgh, PA 15206-",https://data.wprdc.org/dataset/pli-permits
SP-2021-18557,pittsburgh,2024-01-04,0,Sign Permit,NEW,false,Issued,-80.0308950251,40.4554890812,"1600 METROPOLITAN ST, Pittsburgh, 15233-",https://data.wprdc.org/dataset/pli-permits
EP-2020-05109,pittsburgh,2020-07-15,0,ELECTRICAL,NEW CONSTRUCTION,false,Completed,-80.0869698352,40.4432092565,"519 NAPOR BLVD, Pittsburgh, PA 15205-",https://data.wprdc.org/dataset/pli-permits
EP-2020-04157,pittsburgh,2020-05-28,0,ELECTRICAL,NEW CONSTRUCTION,true,Completed,-79.9003487476,40.4457612,"7317 REYNOLDS ST, Pittsburgh, PA 15208-",https://data.wprdc.org/dataset/pli-permits
SP-2020-12299,pittsburgh,2020-10-29,0,Sign Permit,NEW,false,Expired,-80.0105241195,40.4334233293,"315 GRANDVIEW AVE, Pittsburgh, PA 15211-",https://data.wprdc.org/dataset/pli-permits
MP-2019-07238,pittsburgh,2020-09-14,0,MECHANICAL,NEW CONSTRUCTION,false,Completed,-79.9653329962,40.4695679428,"129 39TH ST, Pittsburgh, PA 15201-",https://data.wprdc.org/dataset/pli-permits
EP-2020-14919,pittsburgh,2020-09-22,0,ELECTRICAL,NEW CONSTRUCTION,true,Completed,-80.0255908858,40.4577991409,"1732 FULTON ST, Pittsburgh, 15233-",https://data.wprdc.org/dataset/pli-permits
BP-2020-14497,pittsburgh,2020-12-15,0,BUILDING,NEW CONSTRUCTION,true,Completed,-79.9534047098,40.4807501532,"5226 DRESDEN Way, Pittsburgh, PA 15201-",https://data.wprdc.org/dataset/pli-permits
SSP-2020-04191,pittsburgh,2020-05-11,0,Suppression System Permit,NEW SYSTEM,false,Completed,-79.9480487037,40.446701187,"4630 5TH AVE #35, Pittsburgh, PA 15213-",https://data.wprdc.org/dataset/pli-permits
BP-2022-15430,pittsburgh,2023-08-23,0,BUILDING,NEW CONSTRUCTION,true,Issued,-80.0081396062,40.4588785675,"8 ALPINE AVE, Pittsburgh, PA 15212-",https://data.wprdc.org/dataset/pli-permits
SP-2021-16544,pittsburgh,2021-11-22,0,Sign Permit,NEW,false,Completed,-79.9125014533,40.4588398692,"6545 HAMILTON AVE, Pittsburgh, 15206-",https://data.wprdc.org/dataset/pli-permits
SP-2020-03185,pittsburgh,2020-05-28,0,Sign Permit,NEW,false,Completed,-79.9244562771,40.4609630832,"105 S HIGHLAND AVE, Pittsburgh, PA 15206-",https://data.wprdc.org/dataset/pli-permits
EP-2020-03236,pittsburgh,2021-05-04,0,ELECTRICAL,NEW CONSTRUCTION,false,Completed,-79.9639972173,40.4685327573,"3913 BUTLER ST, Pittsburgh, PA 15201-",https://data.wprdc.org/dataset/pli-permits
SP-2023-13579,pittsburgh,2023-08-25,0,Sign Permit,NEW,false,Completed,-80.0430510996,40.4748309616,"3300 PREBLE AVE #420, Pittsburgh, PA 15233-",https://data.wprdc.org/dataset/pli-permits
BP-2020-16590,pittsburgh,2021-04-23,0,BUILDING,NEW CONSTRUCTION,true,Completed,-80.0147808111,40.42848785,"488 GRACE ST, Pittsburgh, PA 15211-",https://data.wprdc.org/dataset/pli-permits
EP-2023-08845,pittsburgh,2023-05-26,0,ELECTRICAL,NEW CONSTRUCTION,true,Revoked,-79.9346354016,40.4667583522,"5410 ROSETTA ST, Pittsburgh, PA 15206-",https://data.wprdc.org/dataset/pli-permits
MP-2020-12492,pittsburgh,2020-08-28,0,MECHANICAL,NEW CONSTRUCTION,true,Completed,-80.0249770449,40.4397999521,"216 SEWARD ST, Pittsburgh, 15211-",https://data.wprdc.org/dataset/pli-permits
FAS-2024-13484,pittsburgh,2024-11-15,0,Fire Alarm Permit,NEW SYSTEM,false,Completed,-79.9442056368,40.4116286437,"125 HAZELWOOD AVE #202, Pittsburgh, PA 15207-",https://data.wprdc.org/dataset/pli-permits
EP-2021-18466,pittsburgh,2021-11-15,0,ELECTRICAL,NEW CONSTRUCTION,true,Completed,-79.9212285956,40.3826475276,"4427 CASSABILL DR, Pittsburgh, 15120-",https://data.wprdc.org/dataset/pli-permits
BP-2020-13655,pittsburgh,2021-05-04,0,BUILDING,NEW CONSTRUCTION,false,Completed,-79.9450471647,40.456658606,"5111 BAUM BLVD, Pittsburgh, 15224-",https://data.wprdc.org/dataset/pli-permits
BP-2020-13429,pittsburgh,2021-11-03,0,BUILDING,NEW CONSTRUCTION,true,Completed,-80.0055544283,40.4583072476,"1427 SANDUSKY ST, Pittsburgh, PA 15212-",https://data.wprdc.org/dataset/pli-permits
FAS-2020-04211,pittsburgh,2021-06-09,0,Fire Alarm Permit,NEW SYSTEM,false,Completed,-79.9903585214,40.4486022823,"1447 SMALLMAN ST, Pittsburgh, PA 15222-",https://data.wprdc.org/dataset/pli-permits
MP-2023-11877,pittsburgh,2023-09-08,0,MECHANICAL,NEW CONSTRUCTION,true,Completed,-80.0794308566,40.4498994083,"104 CEDARWOOD PL, Pittsburgh, PA 15205-",https://data.wprdc.org/dataset/pli-permits
BP-2020-02121,pittsburgh,2020-10-01,0,BUILDING,NEW CONSTRUCTION,true,Completed,-79.9261215635,40.4677967124,"511 N SAINT CLAIR ST, Pittsburgh, PA 15206-",https://data.wprdc.org/dataset/pli-permits
BDA-2024-01278,pittsburgh,2024-08-30,0,Building & Development Application,New Construction,false,Completed,-79.9765905494,40.459215123,"2865 RAILROAD ST #301, Pittsburgh, PA 15222-",https://data.wprdc.org/dataset/pli-permits
MP-2022-02014,pittsburgh,2022-03-04,0,MECHANICAL,NEW CONSTRUCTION,true,Completed,-80.0077097254,40.4653534095,"304 LAFAYETTE AVE, Pittsburgh, PA 15214-",https://data.wprdc.org/dataset/pli-permits
EP-2024-02363,pittsburgh,2024-02-20,0,ELECTRICAL,NEW CONSTRUCTION,true,Completed,-79.9290798822,40.4733604127,"5436 JACKSON ST, Pittsburgh, PA 15206-",https://data.wprdc.org/dataset/pli-permits
EP-2023-11649,pittsburgh,2023-09-26,0,ELECTRICAL,NEW CONSTRUCTION,false,Completed,-80.0093046886,40.4460312776,"271 NORTH SHORE DR #700, Pittsburgh, PA 15212-",https://data.wprdc.org/dataset/pli-permits
EP-2020-01420,pittsburgh,2020-02-13,0,ELECTRICAL,NEW CONSTRUCTION,true,Completed,-79.958430797,40.4601935184,"3711 MELWOOD AVE, Pittsburgh, PA 15213-",https://data.wprdc.org/dataset/pli-permits
BP-2021-08546,pittsburgh,2021-11-16,0,BUILDING,NEW CONSTRUCTION,false,Completed,-79.9586741342,40.4396582241,"3510 FORBES AVE, Pittsburgh, PA 15213-",https://data.wprdc.org/dataset/pli-permits
EP-2022-19279,pittsburgh,2024-07-10,0,ELECTRICAL,NEW CONSTRUCTION,false,Completed,-79.9863619454,40.4492489145,"1636 PENN AVE, Pittsburgh, PA 15222-",https://data.wprdc.org/dataset/pli-permits
FAS-2020-10330,pittsburgh,2020-08-27,0,Fire Alarm Permit,NEW SYSTEM,false,Completed,-79.9509298914,40.4208144482,"4165 BLAIR ST, Pittsburgh, PA 15207-",https://data.wprdc.org/dataset/pli-permits
EP-2024-08833,pittsburgh,2024-07-26,0,ELECTRICAL,NEW CONSTRUCTION,false,Issued,-79.9565452402,40.4719191329,"265 46TH ST #2316, Pittsburgh, PA 15201-",https://data.wprdc.org/dataset/pli-permits
SSP-2022-01552,pittsburgh,2022-03-10,0,Suppression System Permit,NEW SYSTEM,false,Completed,-79.9684280981,40.4603506967,"3234 LIBERTY AVE #562, Pittsburgh, PA 15201-",https://data.wprdc.org/dataset/pli-permits
BP-2019-04173,pittsburgh,2020-03-11,0,BUILDING,NEW CONSTRUCTION,true,Completed,-79.9614018051,40.4592922936,"3501 MELWOOD AVE, Pittsburgh, PA 15213-",https://data.wprdc.org/dataset/pli-permits
SP-2023-05539,pittsburgh,2024-02-27,0,Sign Permit,NEW,false,Completed,-80.0038598636,40.442773067,"515 PENN AVE, Pittsburgh, 15222-",https://data.wprdc.org/dataset/pli-permits
EP-2020-16547,pittsburgh,2021-06-24,0,ELECTRICAL,NEW CONSTRUCTION,false,Completed,-79.9776779877,40.455798496,"2635 PENN AVE #508, Pittsburgh, PA 15222-",https://data.wprdc.org/dataset/pli-permits
MP-2021-01353,pittsburgh,2021-04-28,0,MECHANICAL,NEW CONSTRUCTION,true,Completed,-79.9487145528,40.4847624225,"138 56TH ST, Pittsburgh, PA 15201-",https://data.wprdc.org/dataset/pli-permits
OLP-2020-02062,pittsburgh,2020-06-04,0,Occupant Load Placard Permit,NEW,false,Completed,-80.0058421329,40.4337686185,"225 W STATION SQUARE DR, Pittsburgh, PA 15219-",https://data.wprdc.org/dataset/pli-permits
FAS-2021-12520,pittsburgh,2021-09-20,0,Fire Alarm Permit,NEW SYSTEM,false,Issued,-80.0330861987,40.4614267462,"2235 BEAVER AVE, Pittsburgh, 15233-",https://data.wprdc.org/dataset/pli-permits
SP-2022-16517,pittsburgh,2022-11-10,0,Sign Permit,NEW,false,Completed,-79.9853753862,40.4360938132,"1400 LOCUST ST, Pittsburgh, 15219-",https://data.wprdc.org/dataset/pli-permits
EP-2023-04113,pittsburgh,2023-03-15,0,ELECTRICAL,NEW CONSTRUCTION,true,Completed,-79.9637811413,40.466180676,"224 38TH ST, Pittsburgh, PA 15201-",https://data.wprdc.org/dataset/pli-permits
FAS-2022-19230,pittsburgh,2023-03-21,0,Fire Alarm Permit,NEW SYSTEM,false,Completed,-79.9414900759,40.413375848,"327 HAZELWOOD AVE #317, Pittsburgh, PA 15207-",https://data.wprdc.org/dataset/pli-permits
MP-2023-15688,pittsburgh,2023-09-20,0,MECHANICAL,NEW CONSTRUCTION,true,Completed,-80.0794308566,40.4498994083,"104 CEDARWOOD PL, Pittsburgh, PA 15205-",https://data.wprdc.org/dataset/pli-permits
MP-2020-18231,pittsburgh,2021-01-19,0,MECHANICAL,NEW CONSTRUCTION,true,Completed,-80.0249770449,40.4397999521,"216 SEWARD ST, Pittsburgh, 15211-",https://data.wprdc.org/dataset/pli-permits
MP-2022-05240,pittsburgh,2022-04-12,0,MECHANICAL,NEW CONSTRUCTION,true,Completed,-80.0113452731,40.4592855101,"238 E JEFFERSON ST, Pittsburgh, PA 15212-",https://data.wprdc.org/dataset/pli-permits
FAS-2021-17704,pittsburgh,2021-12-13,0,Fire Alarm Permit,NEW SYSTEM,false,Completed,-79.978219192,40.4248496793,"1962 JOSEPHINE ST, Pittsburgh, PA 15203-",https://data.wprdc.org/dataset/pli-permits
BP-2020-02125,pittsburgh,2020-12-10,0,BUILDING,NEW CONSTRUCTION,true,Completed,-79.9129207668,40.4650521708,"132 WINSLOW ST, Pittsburgh, PA 15206-",https://data.wprdc.org/dataset/pli-permits
EP-2022-00445,pittsburgh,2022-01-18,0,ELECTRICAL,NEW CONSTRUCTION,true,Completed,-79.9392080482,40.4835101956,"1114 DOWNLOOK ST, Pittsburgh, 15201-",https://data.wprdc.org/dataset/pli-permits
BP-2021-10373,pittsburgh,2021-10-04,0,BUILDING,NEW CONSTRUCTION,false,Issued,-79.9639972173,40.4685327573,"3913 BUTLER ST, Pittsburgh, PA 15201-",https://data.wprdc.org/dataset/pli-permits
MP-2020-04402,pittsburgh,2020-08-26,0,MECHANICAL,NEW CONSTRUCTION,false,Completed,-79.9903585214,40.4486022823,"1447 SMALLMAN ST, Pittsburgh, PA 15222-",https://data.wprdc.org/dataset/pli-permits
SSP-2022-13392,pittsburgh,2022-10-06,0,Suppression System Permit,NEW SYSTEM,false,Completed,-80.0103017491,40.4504159652,"620 BANK ST, Pittsburgh, 15212-",https://data.wprdc.org/dataset/pli-permits
BP-2024-10701,pittsburgh,2024-12-13,0,BUILDING,NEW CONSTRUCTION,true,Issued,-79.8899454117,40.4591688656,"7427 HERMITAGE ST, Pittsburgh, PA 15208-",https://data.wprdc.org/dataset/pli-permits
EP-2022-04004,pittsburgh,2022-03-21,0,ELECTRICAL,NEW CONSTRUCTION,true,Completed,-80.0068512858,40.431078252,"117 SHILOH ST, Pittsburgh, 15211-",https://data.wprdc.org/dataset/pli-permits
SP-2024-01011,pittsburgh,2024-01-31,0,Sign Permit,NEW,false,Issued,-79.9287894046,40.4621581093,"141 S SAINT CLAIR ST #601, Pittsburgh, PA 15206-",https://data.wprdc.org/dataset/pli-permits
BP-2020-05411,pittsburgh,2020-10-16,0,BUILDING,NEW CONSTRUCTION,false,Completed,-79.967178151,40.4632209194,"3433 BUTLER ST #404, Pittsburgh, PA 15201-",https://data.wprdc.org/dataset/pli-permits
MP-2020-12494,pittsburgh,2020-09-11,0,MECHANICAL,NEW CONSTRUCTION,true,Completed,-80.0250359659,40.4397346942,"218 SEWARD ST, Pittsburgh, PA 15211-",https://data.wprdc.org/dataset/pli-permits
SSP-2020-18435,pittsburgh,2021-11-10,0,Suppression System Permit,NEW SYSTEM,false,Completed,-79.960508573,40.4697495839,"4112 BUTLER ST #10, Pittsburgh, PA 15201-",https://data.wprdc.org/dataset/pli-permits
BP-2022-07588,pittsburgh,2023-07-28,0,BUILDING,NEW CONSTRUCTION,true,Completed,-79.9436639964,40.4107507883,"4826 CHATSWORTH AVE, Pittsburgh, PA 15207-",https://data.wprdc.org/dataset/pli-permits
FAS-2020-15829,pittsburgh,2020-10-15,0,Fire Alarm Permit,NEW SYSTEM,false,Completed,-79.9216062739,40.4377589453,"5834 FORBES AVE, Pittsburgh, 15217-",https://data.wprdc.org/dataset/pli-permits
BP-2020-06570,pittsburgh,2020-09-24,0,BUILDING,NEW CONSTRUCTION,true,Completed,-80.0238937263,40.4345607807,"454 WYOLA ST, Pittsburgh, PA 15211-",https://data.wprdc.org/dataset/pli-permits
SSP-2019-01852,pittsburgh,2020-02-13,0,Suppression System Permit,NEW SYSTEM,false,Completed,-79.9938674977,40.4386961211,No primary address specified,https://data.wprdc.org/dataset/pli-permits
FAS-2024-10695,pittsburgh,2024-09-05,0,Fire Alarm Permit,NEW SYSTEM,false,Completed,-79.981645253,40.4410720618,"1829 REED ST, Pittsburgh, PA 15219-",https://data.wprdc.org/dataset/pli-permits
FAS-2020-09281,pittsburgh,2020-09-28,0,Fire Alarm Permit,NEW SYSTEM,false,Completed,-79.9718808362,40.4423839981,No primary address specified,https://data.wprdc.org/dataset/pli-permits
SSP-2024-13361,pittsburgh,2024-11-15,0,Suppression System Permit,NEW SYSTEM,false,Completed,-79.9442056368,40.4116286437,"125 HAZELWOOD AVE #202, Pittsburgh, PA 15207-",https://data.wprdc.org/dataset/pli-permits
EP-2020-06638,pittsburgh,2020-06-26,0,ELECTRICAL,NEW CONSTRUCTION,true,Completed,-79.9873657392,40.4511141051,"1712 WATERFRONT PL, Pittsburgh, PA 15222-",https://data.wprdc.org/dataset/pli-permits
BP-2021-06395,pittsburgh,2021-10-14,0,BUILDING,NEW CONSTRUCTION,true,Revoked,-79.9493358025,40.4804674016,"5312 LOTUS Way, Pittsburgh, PA 15201-",https://data.wprdc.org/dataset/pli-permits
EP-2023-19427,pittsburgh,2024-02-19,0,ELECTRICAL,NEW CONSTRUCTION,true,Issued,-79.974722612,40.4304038427,"2133 WHARTON ST, Pittsburgh, PA 15203-",https://data.wprdc.org/dataset/pli-permits
MP-2022-08656,pittsburgh,2022-06-08,0,MECHANICAL,NEW CONSTRUCTION,true,Issued,-79.9200975012,40.4276067977,"6358 ALDERSON ST, Pittsburgh, PA 15217-",https://data.wprdc.org/dataset/pli-permits
OLP-2019-09903,pittsburgh,2020-03-10,0,Occupant Load Placard Permit,NEW,false,Completed,-79.9856309338,40.4496964796,"1700 PENN AVE, Pittsburgh, 15222-",https://data.wprdc.org/dataset/pli-permits
FAS-2023-12249,pittsburgh,2023-12-15,0,Fire Alarm Permit,NEW SYSTEM,false,Completed,-79.9085709893,40.457435176,"6916 5TH AVE, Pittsburgh, PA 15208-",https://data.wprdc.org/dataset/pli-permits
BP-2024-06742,pittsburgh,2024-10-07,0,BUILDING,NEW CONSTRUCTION,true,Completed,-79.9388375843,40.466183373,"5217 BROAD ST, Pittsburgh, 15224-",https://data.wprdc.org/dataset/pli-permits
SP-2022-00932,pittsburgh,2022-04-01,0,Sign Permit,NEW,false,Completed,-79.9878644368,40.4372503667,"1304 FORBES AVE, Pittsburgh, PA 15282-",https://data.wprdc.org/dataset/pli-permits
BP-2019-07739,pittsburgh,2020-01-29,0,BUILDING,NEW CONSTRUCTION,false,Completed,-79.9816941799,40.4368426269,"308 MILTENBERGER ST #302, Pittsburgh, PA 15219-",https://data.wprdc.org/dataset/pli-permits
EP-2023-14143,pittsburgh,2023-08-23,0,ELECTRICAL,NEW CONSTRUCTION,true,Completed,-79.9353850843,40.4661276679,"5400 KINCAID ST, Pittsburgh, PA 15206-",https://data.wprdc.org/dataset/pli-permits
MP-2024-12055,pittsburgh,2024-11-12,0,MECHANICAL,NEW CONSTRUCTION,false,Completed,-79.9211060768,40.4587972853,"163 SHADY AVE #114, Pittsburgh, PA 15206-",https://data.wprdc.org/dataset/pli-permits
EP-2020-09560,pittsburgh,2020-12-18,0,ELECTRICAL,NEW CONSTRUCTION,false,Completed,-79.9718808362,40.4423839981,No primary address specified,https://data.wprdc.org/dataset/pli-permits
SSP-2023-13679,pittsburgh,2023-09-26,0,Suppression System Permit,NEW SYSTEM,false,Completed,-79.9114649997,40.4661519408,"624 LARIMER AVE, Pittsburgh, PA 15206-",https://data.wprdc.org/dataset/pli-permits
FAS-2023-11188,pittsburgh,2023-11-13,0,Fire Alarm Permit,NEW SYSTEM,false,Completed,-79.9831405606,40.4410504426,"346 MILLER ST #303, Pittsburgh, PA 15219-",https://data.wprdc.org/dataset/pli-permits
SP-2021-18642,pittsburgh,2022-04-01,0,Sign Permit,NEW,false,Issued,-79.9639972173,40.4685327573,"3913 BUTLER ST, Pittsburgh, PA 15201-",https://data.wprdc.org/dataset/pli-permits
MP-2024-13025,pittsburgh,2024-11-05,0,MECHANICAL,NEW CONSTRUCTION,true,Completed,-79.9833222267,40.446882921,"841 LEDLIE ST, Pittsburgh, PA 15219-",https://data.wprdc.org/dataset/pli-permits
EP-2023-04442,pittsburgh,2023-03-15,0,ELECTRICAL,NEW CONSTRUCTION,true,Completed,-80.041715858,40.4127756302,"1336 CARNAHAN RD, Pittsburgh, PA 15220-",https://data.wprdc.org/dataset/pli-permits
EP-2021-10798,pittsburgh,2022-08-04,0,ELECTRICAL,NEW CONSTRUCTION,false,Completed,-79.9373961933,40.4481567579,"5131 5TH AVE, Pittsburgh, PA 15232-",https://data.wprdc.org/dataset/pli-permits
SSP-2020-01090,pittsburgh,2020-06-02,0,Suppression System Permit,NEW SYSTEM,false,Completed,-79.9674064613,40.4622244447,"3350 PENN AVE #312, Pittsburgh, PA 15201-",https://data.wprdc.org/dataset/pli-permits
BP-2019-08740,pittsburgh,2020-03-17,0,BUILDING,NEW CONSTRUCTION,true,Completed,-79.9667617022,40.4391144437,"134 BURROWS ST, Pittsburgh, PA 15213-",https://data.wprdc.org/dataset/pli-permits
OLP-2022-02863,pittsburgh,2022-06-10,0,Occupant Load Placard Permit,NEW,false,Completed,-80.0023964576,40.4480773105,"106 ISABELLA ST #102, Pittsburgh, PA 15212-",https://data.wprdc.org/dataset/pli-permits
MP-2023-10343,pittsburgh,2023-07-07,0,MECHANICAL,NEW CONSTRUCTION,true,Completed,-79.935616674,40.4672985628,"5375 ROSETTA ST, Pittsburgh, 15224-",https://data.wprdc.org/dataset/pli-permits
BP-2021-17714,pittsburgh,2022-02-24,0,BUILDING,NEW CONSTRUCTION,false,Completed,-79.9231934238,40.460015708,"6226 PENN AVE, Pittsburgh, PA 15206-",https://data.wprdc.org/dataset/pli-permits
SSP-2021-07139,pittsburgh,2021-06-11,0,Suppression System Permit,NEW SYSTEM,false,Completed,-79.985593478,40.4454177584,"1727 BEDFORD AVE, Pittsburgh, PA 15219-",https://data.wprdc.org/dataset/pli-permits
SSP-2023-19176,pittsburgh,2024-03-14,0,Suppression System Permit,NEW SYSTEM,false,Completed,-79.9974299804,40.3907430675,"2140 SAW MILL RUN BLVD, Pittsburgh, 15210-",https://data.wprdc.org/dataset/pli-permits
SSP-2024-05750,pittsburgh,2024-05-23,0,Suppression System Permit,NEW SYSTEM,false,Completed,-79.9814716979,40.4403107392,"1800 REED ST #616, Pittsburgh, PA 15219-",https://data.wprdc.org/dataset/pli-permits
MP-2021-03382,pittsburgh,2021-03-23,0,MECHANICAL,NEW CONSTRUCTION,true,Expired,-79.9625205423,40.4652479261,"264 38TH ST, Pittsburgh, PA 15201-",https://data.wprdc.org/dataset/pli-permits
EP-2021-06850,pittsburgh,2021-05-20,0,ELECTRICAL,NEW CONSTRUCTION,true,Completed,-79.9349123813,40.4158708714,"540 BLACKSTONE ST, Pittsburgh, PA 15207-",https://data.wprdc.org/dataset/pli-permits
BP-2020-03537,pittsburgh,2020-08-18,0,BUILDING,NEW CONSTRUCTION,false,Completed,-79.9903585214,40.4486022823,"1447 SMALLMAN ST, Pittsburgh, PA 15222-",https://data.wprdc.org/dataset/pli-permits
EP-2022-06918,pittsburgh,2022-05-06,0,ELECTRICAL,NEW CONSTRUCTION,true,Completed,-79.9233756724,40.473127136,"932 MELLON ST, Pittsburgh, 15206-",https://data.wprdc.org/dataset/pli-permits
EP-2023-03895,pittsburgh,2023-03-14,0,ELECTRICAL,NEW CONSTRUCTION,true,Completed,-80.0794308566,40.4498994083,"104 CEDARWOOD PL, Pittsburgh, PA 15205-",https://data.wprdc.org/dataset/pli-permits
BP-2019-06105,pittsburgh,2020-11-05,0,BUILDING,NEW CONSTRUCTION,true,Completed,-80.0152224251,40.4583788178,"1611 BUENA VISTA ST, Pittsburgh, PA 15212-",https://data.wprdc.org/dataset/pli-permits
OOP-2020-15974,pittsburgh,2020-10-14,0,Occupancy Only Permit,NEW USE,true,Issued,-79.938888129,40.4064455963,"321 JOHNSTON AVE, Pittsburgh, 15207-",https://data.wprdc.org/dataset/pli-permits
EP-2020-00687,pittsburgh,2020-03-05,0,ELECTRICAL,NEW CONSTRUCTION,false,Completed,-80.0152090867,40.4498621865,No primary address specified,https://data.wprdc.org/dataset/pli-permits
OLP-2021-13577,pittsburgh,2021-08-25,0,Occupant Load Placard Permit,NEW,false,Completed,-79.9964759922,40.4304363882,"68 S 4TH ST #11, Pittsburgh, PA 15219-",https://data.wprdc.org/dataset/pli-permits
EP-2023-03814,pittsburgh,2023-03-14,0,ELECTRICAL,NEW CONSTRUCTION,true,Completed,-80.0794308566,40.4498994083,"104 CEDARWOOD PL, Pittsburgh, PA 15205-",https://data.wprdc.org/dataset/pli-permits
SP-2020-01328,pittsburgh,2020-11-03,0,Sign Permit,NEW,false,Completed,-79.9525999311,40.4513898314,"4500 CENTRE AVE #1019, Pittsburgh, PA 15213-",https://data.wprdc.org/dataset/pli-permits
SP-2020-16710,pittsburgh,2021-01-06,0,Sign Permit,NEW,false,Completed,-79.9527675514,40.4646510477,"4411 HOWLEY ST, Pittsburgh, 15224-",https://data.wprdc.org/dataset/pli-permits
SSP-2024-08500,pittsburgh,2024-06-07,0,Suppression System Permit,NEW SYSTEM,false,Completed,-79.9211060768,40.4587972853,"163 SHADY AVE #114, Pittsburgh, PA 15206-",https://data.wprdc.org/dataset/pli-permits
MP-2024-06670,pittsburgh,2024-05-03,0,MECHANICAL,NEW CONSTRUCTION,true,Completed,-79.9819997078,40.4398191177,"1738 REED ST #424, Pittsburgh, PA 15219-",https://data.wprdc.org/dataset/pli-permits
EP-2021-01964,pittsburgh,2021-04-23,0,ELECTRICAL,NEW CONSTRUCTION,false,Completed,-80.0034461455,40.4418955326,"120 5TH AVE, Pittsburgh, 15222-",https://data.wprdc.org/dataset/pli-permits
FAS-2023-19620,pittsburgh,2024-01-25,0,Fire Alarm Permit,NEW SYSTEM,false,Completed,-79.9888952536,40.4296133273,"38 S 10TH ST, Pittsburgh, PA 15203-",https://data.wprdc.org/dataset/pli-permits
SP-2023-06687,pittsburgh,2023-07-05,0,Sign Permit,NEW,false,Completed,-80.001560198,40.4407843273,"222 5TH AVE #701, Pittsburgh, PA 15222-",https://data.wprdc.org/dataset/pli-permits
FAS-2020-20772,pittsburgh,2021-03-01,0,Fire Alarm Permit,NEW SYSTEM,false,Completed,-79.964597393,40.4668584018,"3725 BUTLER ST, Pittsburgh, PA 15201",https://data.wprdc.org/dataset/pli-permits
BP-2021-04796,pittsburgh,2021-09-03,0,BUILDING,NEW CONSTRUCTION,false,Completed,-79.9698760428,40.4611691528,"3205 PENN AVE #634, Pittsburgh, PA 15201-",https://data.wprdc.org/dataset/pli-permits
SP-2023-12059,pittsburgh,2023-11-14,0,Sign Permit,NEW,false,Completed,-80.0138191834,40.4501384828,"807 RIDGE AVE, Pittsburgh, PA 15212-",https://data.wprdc.org/dataset/pli-permits
SP-2021-14180,pittsburgh,2021-12-03,0,Sign Permit,NEW,false,Completed,-79.966442558,40.4271731068,"2746 SIDNEY ST, Pittsburgh, PA 15203-",https://data.wprdc.org/dataset/pli-permits
OLP-2021-10197,pittsburgh,2021-07-26,0,Occupant Load Placard Permit,NEW,false,Completed,-79.9983361881,40.4396403468,"440 SMITHFIELD ST, Pittsburgh, PA 15222-",https://data.wprdc.org/dataset/pli-permits
BP-2021-01137,pittsburgh,2021-09-14,0,BUILDING,NEW CONSTRUCTION,true,Completed,-80.0178080469,40.4368961327,"117 MERIDAN ST, Pittsburgh, PA 15211-",https://data.wprdc.org/dataset/pli-permits
OLP-2024-03667,pittsburgh,2024-03-11,0,Occupant Load Placard Permit,NEW,false,Expired,-80.0058421329,40.4337686185,"225 W STATION SQUARE DR, Pittsburgh, PA 15219-",https://data.wprdc.org/dataset/pli-permits
BP-2022-18488,pittsburgh,2023-01-06,0,BUILDING,NEW CONSTRUCTION,false,Issued,-80.0453579971,40.4111555489,No primary address specified,https://data.wprdc.org/dataset/pli-permits
BP-2021-10295,pittsburgh,2021-07-27,0,BUILDING,NEW CONSTRUCTION,true,Issued,-80.0182830687,40.4380468692,"1204 GRANDVIEW AVE, Pittsburgh, PA 15211-",https://data.wprdc.org/dataset/pli-permits
BP-2023-10159,pittsburgh,2023-11-15,0,BUILDING,NEW CONSTRUCTION,true,Issued,-80.0179311952,40.4523566837,"931 BEECH AVE, Pittsburgh, 15233-",https://data.wprdc.org/dataset/pli-permits
MP-2024-12428,pittsburgh,2024-10-04,0,MECHANICAL,NEW CONSTRUCTION,true,Completed,-79.9930008404,40.4591037251,"1122 VOSKAMP ST, Pittsburgh, 15212-",https://data.wprdc.org/dataset/pli-permits
EP-2022-14383,pittsburgh,2022-09-13,0,ELECTRICAL,NEW CONSTRUCTION,true,Completed,-79.9501755412,40.4808499674,"5305 HOLMES ST, Pittsburgh, 15201-",https://data.wprdc.org/dataset/pli-permits
OLP-2021-19276,pittsburgh,2022-02-09,0,Occupant Load Placard Permit,NEW,false,Completed,-79.9970380752,40.4399382103,"455 5TH AVE, Pittsburgh, PA 15219-",https://data.wprdc.org/dataset/pli-permits
EP-2024-07820,pittsburgh,2024-06-24,0,ELECTRICAL,NEW CONSTRUCTION,false,Completed,-79.9914618561,40.4415602968,"626 WASHINGTON PL #2501, Pittsburgh, PA 15219-",https://data.wprdc.org/dataset/pli-permits
OOP-2020-18839,pittsburgh,2020-12-29,0,Occupancy Only Permit,NEW USE,true,Expired,-80.0088303595,40.4575807071,"110 SAMPSONIA ST, Pittsburgh, 15212-",https://data.wprdc.org/dataset/pli-permits
EP-2022-11280,pittsburgh,2023-01-20,0,ELECTRICAL,NEW CONSTRUCTION,false,Completed,-79.8974718423,40.4442512964,"390 S BRADDOCK AVE, Pittsburgh, PA 15221-",https://data.wprdc.org/dataset/pli-permits
EP-2021-07910,pittsburgh,2021-05-13,0,ELECTRICAL,NEW CONSTRUCTION,true,Completed,-79.9275409964,40.4654340887,"315 N SAINT CLAIR ST, Pittsburgh, PA 15206-",https://data.wprdc.org/dataset/pli-permits
EP-2023-02033,pittsburgh,2023-02-03,0,ELECTRICAL,NEW CONSTRUCTION,true,Completed,-80.0236691753,40.4349457666,"440 WYOLA ST, Pittsburgh, PA 15211-",https://data.wprdc.org/dataset/pli-permits
OOP-2020-17691,pittsburgh,2020-10-28,0,Occupancy Only Permit,NEW USE,false,Completed,-79.9485604414,40.4618799508,"237 CEDARVILLE ST, Pittsburgh, 15224-",https://data.wprdc.org/dataset/pli-permits
EP-2022-08447,pittsburgh,2023-06-08,0,ELECTRICAL,NEW CONSTRUCTION,false,Completed,-79.9114649997,40.4661519408,"624 LARIMER AVE, Pittsburgh, PA 15206-",https://data.wprdc.org/dataset/pli-permits
OOP-2022-06903,pittsburgh,2022-05-27,0,Occupancy Only Permit,NEW USE,true,Completed,-80.0053216366,40.4838669899,"229 AMES ST, Pittsburgh, 15214-",https://data.wprdc.org/dataset/pli-permits
BP-2021-08685,pittsburgh,2021-07-09,0,BUILDING,NEW CONSTRUCTION,true,Completed,-80.0251424345,40.4602459896,"1246 KUNKLE AVE, Pittsburgh, PA 15212-",https://data.wprdc.org/dataset/pli-permits
EP-2020-11435,pittsburgh,2021-06-02,0,ELECTRICAL,NEW CONSTRUCTION,false,Completed,-79.9453294741,40.4654939897,"4827 PENN AVE, Pittsburgh, PA 15224-",https://data.wprdc.org/dataset/pli-permits
BP-2019-07469,pittsburgh,2020-05-04,0,BUILDING,NEW CONSTRUCTION,false,Completed,-79.9838559973,40.4544393982,"2239 RAILROAD ST, Pittsburgh, 15222-",https://data.wprdc.org/dataset/pli-permits
EP-2023-03894,pittsburgh,2023-03-14,0,ELECTRICAL,NEW CONSTRUCTION,true,Completed,-80.0794308566,40.4498994083,"104 CEDARWOOD PL, Pittsburgh, PA 15205-",https://data.wprdc.org/dataset/pli-permits
OLP-2023-19699,pittsburgh,2024-01-18,0,Occupant Load Placard Permit,NEW,false,Completed,-79.9981751649,40.4448811619,"912 FORT DUQUESNE BLVD, Pittsburgh, 15222-",https://data.wprdc.org/dataset/pli-permits
BP-2020-17065,pittsburgh,2021-01-06,0,BUILDING,NEW CONSTRUCTION,true,Issued,-79.9341649212,40.4660060655,"220 N GRAHAM ST, Pittsburgh, PA 15206-",https://data.wprdc.org/dataset/pli-permits
SSP-2021-01494,pittsburgh,2021-03-05,0,Suppression System Permit,NEW SYSTEM,false,Completed,-80.080342908,40.4450218346,"2260 ROSWELL DR #115, Pittsburgh, PA 15205-",https://data.wprdc.org/dataset/pli-permits
FAS-2020-11634,pittsburgh,2021-03-29,0,Fire Alarm Permit,NEW SYSTEM,false,Completed,-79.9718808362,40.4423839981,No primary address specified,https://data.wprdc.org/dataset/pli-permits
MP-2021-02956,pittsburgh,2021-03-12,0,MECHANICAL,NEW CONSTRUCTION,true,Completed,-80.0073440013,40.4284630756,"20 GREENBUSH ST, Pittsburgh, PA 15211-",https://data.wprdc.org/dataset/pli-permits
SSP-2022-12892,pittsburgh,2022-09-13,0,Suppression System Permit,NEW SYSTEM,false,Completed,-79.9970380752,40.4399382103,"455 5TH AVE, Pittsburgh, PA 15219-",https://data.wprdc.org/dataset/pli-permits
EP-2020-00707,pittsburgh,2020-01-17,0,ELECTRICAL,NEW CONSTRUCTION,true,Completed,-80.0128522733,40.4589230612,"501 W JEFFERSON ST, Pittsburgh, PA 15212-",https://data.wprdc.org/dataset/pli-permits
EP-2023-16993,pittsburgh,2023-10-10,0,ELECTRICAL,NEW CONSTRUCTION,true,Completed,-79.9605761831,40.4676851919,"249 40TH ST, Pittsburgh, 15201-",https://data.wprdc.org/dataset/pli-permits
OOP-2021-07473,pittsburgh,2021-08-25,0,Occupancy Only Permit,NEW USE,false,Expired,-79.9882241799,40.4389012022,"1225 5TH AVE, Pittsburgh, PA 15219-",https://data.wprdc.org/dataset/pli-permits
MP-2020-00480,pittsburgh,2020-01-17,0,MECHANICAL,NEW CONSTRUCTION,true,Completed,-79.9311121191,40.4697813583,"5456 BLACK ST, Pittsburgh, PA 15206-",https://data.wprdc.org/dataset/pli-permits
SSP-2024-07965,pittsburgh,2024-08-08,0,Suppression System Permit,NEW SYSTEM,false,Completed,-79.9255463383,40.4568199116,"316 S HIGHLAND AVE #402, Pittsburgh, PA 15206-",https://data.wprdc.org/dataset/pli-permits
MP-2021-12142,pittsburgh,2021-07-23,0,MECHANICAL,NEW CONSTRUCTION,true,Completed,-79.9529893842,40.4784265508,"5148 KEYSTONE ST, Pittsburgh, PA 15201-",https://data.wprdc.org/dataset/pli-permits
FAS-2024-00775,pittsburgh,2024-02-12,0,Fire Alarm Permit,NEW SYSTEM,false,Completed,-79.9798500457,40.4441741425,"2019 CENTRE AVE #302, Pittsburgh, PA 15219-",https://data.wprdc.org/dataset/pli-permits
SP-2020-10811,pittsburgh,2020-07-27,0,Sign Permit,NEW,false,Completed,-79.9254395684,40.4585300249,"214 S HIGHLAND AVE #P, Pittsburgh, PA 15206-",https://data.wprdc.org/dataset/pli-permits
EP-2020-09989,pittsburgh,2020-07-16,0,ELECTRICAL,NEW CONSTRUCTION,true,Expired,-79.9878333698,40.4506348221,No primary address specified,https://data.wprdc.org/dataset/pli-permits
SSP-2023-18359,pittsburgh,2023-12-15,0,Suppression System Permit,NEW SYSTEM,false,Completed,-79.9662146803,40.4644502537,"3513 BUTLER ST #3, Pittsburgh, PA 15201-",https://data.wprdc.org/dataset/pli-permits
SP-2021-09066,pittsburgh,2021-07-08,0,Sign Permit,NEW,false,Completed,-79.959761797,40.4299188257,"200 TECHNOLOGY DR, Pittsburgh, 15219-",https://data.wprdc.org/dataset/pli-permits
MP-2023-08334,pittsburgh,2023-05-18,0,MECHANICAL,NEW CONSTRUCTION,true,Issued,-79.9194770211,40.4686816861,"6045 SAINT MARIE ST, Pittsburgh, PA 15206-",https://data.wprdc.org/dataset/pli-permits
SSP-2020-14021,pittsburgh,2020-10-28,0,Suppression System Permit,NEW SYSTEM,false,Completed,-79.9157299194,40.4570395031,"177 BAKERY SQUARE BLVD, Pittsburgh, PA 15206-",https://data.wprdc.org/dataset/pli-permits
EP-2020-15336,pittsburgh,2020-12-08,0,ELECTRICAL,NEW CONSTRUCTION,false,Expired,-79.9520074267,40.448280121,"154 N BELLEFIELD AVE #96, Pittsburgh, PA 15213-",https://data.wprdc.org/dataset/pli-permits
EP-2020-03645,pittsburgh,2020-06-05,0,ELECTRICAL,NEW CONSTRUCTION,true,Completed,-79.9496344299,40.4821458016,"5409 KEYSTONE ST, Pittsburgh, 15201-",https://data.wprdc.org/dataset/pli-permits
EP-2020-17406,pittsburgh,2020-10-27,0,ELECTRICAL,NEW CONSTRUCTION,true,Completed,-79.9272527929,40.4702084103,"711 N NEGLEY AVE, Pittsburgh, 15206-",https://data.wprdc.org/dataset/pli-permits
SP-2023-17770,pittsburgh,2024-07-25,0,Sign Permit,NEW,false,Issued,-79.9576733526,40.4419466332,"3718 5TH AVE, Pittsburgh, 15213-",https://data.wprdc.org/dataset/pli-permits
EP-2020-20038,pittsburgh,2020-12-23,0,ELECTRICAL,NEW CONSTRUCTION,false,Completed,-79.9486760444,40.4847183246,"142 56TH ST, Pittsburgh, PA 15201-",https://data.wprdc.org/dataset/pli-permits
SSP-2022-04287,pittsburgh,2022-08-19,0,Suppression System Permit,NEW SYSTEM,false,Completed,-80.0179206755,40.4606134183,"1914 FLOCKER ST #203, Pittsburgh, PA 15212-",https://data.wprdc.org/dataset/pli-permits
FAS-2024-06996,pittsburgh,2024-07-10,0,Fire Alarm Permit,NEW SYSTEM,false,Completed,-79.9572139554,40.47697243,"4837 BUTLER ST #202, Pittsburgh, PA 15201-",https://data.wprdc.org/dataset/pli-permits
EP-2020-07195,pittsburgh,2020-05-29,0,ELECTRICAL,NEW CONSTRUCTION,true,Completed,-79.9312947477,40.4698533992,"5452 BLACK ST #2, Pittsburgh, PA 15206-",https://data.wprdc.org/dataset/pli-permits
SP-2022-12558,pittsburgh,2022-10-03,0,Sign Permit,NEW,false,Completed,-80.0265620218,40.3989298521,"2571 WENZELL AVE, Pittsburgh, PA 15216-",https://data.wprdc.org/dataset/pli-permits
SSP-2019-10730,pittsburgh,2020-11-30,0,Suppression System Permit,NEW SYSTEM,false,Completed,-79.9490340492,40.4800615577,"5308 DUNCAN ST, Pittsburgh, 15201-",https://data.wprdc.org/dataset/pli-permits
EP-2024-09618,pittsburgh,2024-09-30,0,ELECTRICAL,NEW CONSTRUCTION,false,Issued,-79.9964759922,40.4304363882,"68 S 4TH ST #11, Pittsburgh, PA 15219-",https://data.wprdc.org/dataset/pli-permits
OOP-2020-04306,pittsburgh,2020-12-17,0,Occupancy Only Permit,NEW USE,false,Completed,-79.9324164144,40.4509773895,"5526 COMET Way, Pittsburgh, PA 15232-",https://data.wprdc.org/dataset/pli-permits
OOP-2020-10796,pittsburgh,2021-02-08,0,Occupancy Only Permit,NEW USE,false,Completed,-79.9945831461,40.3799113242,"2586 SAW MILL RUN BLVD, Pittsburgh, PA 15227-",https://data.wprdc.org/dataset/pli-permits
BP-2022-17791,pittsburgh,2023-07-11,0,BUILDING,NEW CONSTRUCTION,true,Completed,-80.0075456422,40.4661539472,No primary address specified,https://data.wprdc.org/dataset/pli-permits
BP-2023-02527,pittsburgh,2023-08-03,0,BUILDING,NEW CONSTRUCTION,false,Completed,-79.9892990452,40.4380964887,"1045 FORBES AVE #1125, Pittsburgh, PA 15219-",https://data.wprdc.org/dataset/pli-permits
FAS-2020-00169,pittsburgh,2020-03-05,0,Fire Alarm Permit,NEW SYSTEM,false,Completed,-79.9533657652,40.4640528188,"4312 MAIN ST, Pittsburgh, PA 15224-",https://data.wprdc.org/dataset/pli-permits
BP-2022-19500,pittsburgh,2023-04-17,0,BUILDING,NEW CONSTRUCTION,true,Completed,-79.958490481,40.468345392,"273 MAIN ST, Pittsburgh, 15201-",https://data.wprdc.org/dataset/pli-permits
BDA-2024-01065,pittsburgh,2024-07-30,0,Building & Development Application,New Construction,false,Completed,-79.9692539172,40.4605242074,"325 32ND ST, Pittsburgh, 15201-",https://data.wprdc.org/dataset/pli-permits
SP-2022-08912,pittsburgh,2022-09-01,0,Sign Permit,NEW,false,Issued,-79.9222977845,40.4662393961,"514 N HIGHLAND AVE, Pittsburgh, 15206-",https://data.wprdc.org/dataset/pli-permits
SSP-2024-08730,pittsburgh,2024-08-26,0,Suppression System Permit,NEW SYSTEM,false,Completed,-79.9819997078,40.4398191177,"1738 REED ST #424, Pittsburgh, PA 15219-",https://data.wprdc.org/dataset/pli-permits
SSP-2023-13776,pittsburgh,2023-08-25,0,Suppression System Permit,NEW SYSTEM,false,Completed,-79.9114649997,40.4661519408,"624 LARIMER AVE, Pittsburgh, PA 15206-",https://data.wprdc.org/dataset/pli-permits
EP-2020-05974,pittsburgh,2020-12-18,0,ELECTRICAL,NEW CONSTRUCTION,false,Completed,-79.9328580186,40.4200304837,"705 HAZELWOOD AVE, Pittsburgh, PA 15217-",https://data.wprdc.org/dataset/pli-permits
EP-2023-03887,pittsburgh,2023-03-14,0,ELECTRICAL,NEW CONSTRUCTION,true,Completed,-80.0794308566,40.4498994083,"104 CEDARWOOD PL, Pittsburgh, PA 15205-",https://data.wprdc.org/dataset/pli-permits
OLP-2020-08273,pittsburgh,2020-06-17,0,Occupant Load Placard Permit,NEW,false,Completed,-80.0194817854,40.4498401387,"1020 RIDGE AVE, Pittsburgh, 15233-",https://data.wprdc.org/dataset/pli-permits
OLP-2022-13082,pittsburgh,2022-09-08,0,Occupant Load Placard Permit,NEW,false,Completed,-79.9513975669,40.4473171519,"120 N BELLEFIELD AVE, Pittsburgh, PA 15213-",https://data.wprdc.org/dataset/pli-permits
OLP-2023-06749,pittsburgh,2023-05-03,0,Occupant Load Placard Permit,NEW,false,Completed,-79.9397408558,40.4445944176,"5093 FORBES AVE, Pittsburgh, PA 15213-",https://data.wprdc.org/dataset/pli-permits
MP-2023-03734,pittsburgh,2023-08-08,0,MECHANICAL,NEW CONSTRUCTION,false,Completed,-79.9275565313,40.4621549752,"5818 PENN AVE, Pittsburgh, PA 15206-",https://data.wprdc.org/dataset/pli-permits
BP-2020-02630,pittsburgh,2021-04-13,0,BUILDING,NEW CONSTRUCTION,false,Completed,-79.9794685506,40.4446496962,"2033 CENTRE AVE, Pittsburgh, PA 15219",https://data.wprdc.org/dataset/pli-permits
FAS-2020-05809,pittsburgh,2020-10-15,0,Fire Alarm Permit,NEW SYSTEM,false,Completed,-79.9962833318,40.4510221241,"234 VOEGHTLY ST, Pittsburgh, PA 15212-",https://data.wprdc.org/dataset/pli-permits
SSP-2022-03863,pittsburgh,2022-04-25,0,Suppression System Permit,NEW SYSTEM,false,Completed,-79.9912748545,40.441712114,"626 WASHINGTON PL #2501, Pittsburgh, PA 15219-",https://data.wprdc.org/dataset/pli-permits
SP-2022-09412,pittsburgh,2023-02-01,0,Sign Permit,NEW,false,Issued,-80.0158442446,40.4096566827,"1519 WEST LIBERTY AVE, Pittsburgh, 15226-",https://data.wprdc.org/dataset/pli-permits
EP-2021-11740,pittsburgh,2021-07-16,0,ELECTRICAL,NEW CONSTRUCTION,true,Completed,-79.9667617022,40.4391144437,"134 BURROWS ST, Pittsburgh, PA 15213-",https://data.wprdc.org/dataset/pli-permits
SSP-2023-16719,pittsburgh,2024-01-22,0,Suppression System Permit,NEW SYSTEM,false,Completed,-79.9593808315,40.4714385891,"4402 BUTLER ST #203, Pittsburgh, PA 15201-",https://data.wprdc.org/dataset/pli-permits
SP-2019-08150,pittsburgh,2020-02-06,0,Sign Permit,NEW,false,Completed,-80.0159089105,40.4461591835,"100 ART ROONEY AVE, Pittsburgh, PA 15212-",https://data.wprdc.org/dataset/pli-permits
SSP-2020-05240,pittsburgh,2020-09-02,0,Suppression System Permit,NEW SYSTEM,false,Completed,-79.9612240262,40.471068157,"176 43RD ST, Pittsburgh, 15201-",https://data.wprdc.org/dataset/pli-permits
BP-2020-02123,pittsburgh,2020-12-10,0,BUILDING,NEW CONSTRUCTION,false,Completed,-79.9129207668,40.4650521708,"132 WINSLOW ST, Pittsburgh, PA 15206-",https://data.wprdc.org/dataset/pli-permits
SSP-2019-11647,pittsburgh,2020-11-30,0,Suppression System Permit,NEW SYSTEM,false,Completed,-79.9489174443,40.4801311067,"5312 DUNCAN ST, Pittsburgh, 15201-",https://data.wprdc.org/dataset/pli-permits
EP-2024-13831,pittsburgh,2024-11-22,0,ELECTRICAL,NEW CONSTRUCTION,true,Issued,-79.9682626986,40.4579374299,"314 HARMAR ST, Pittsburgh, PA 15219-",https://data.wprdc.org/dataset/pli-permits
BP-2021-17703,pittsburgh,2022-06-06,0,BUILDING,NEW CONSTRUCTION,false,Completed,-79.9590168681,40.4704397556,"233 43RD ST, Pittsburgh, PA 15201-",https://data.wprdc.org/dataset/pli-permits
EP-2023-03936,pittsburgh,2023-03-14,0,ELECTRICAL,NEW CONSTRUCTION,true,Completed,-80.0794308566,40.4498994083,"104 CEDARWOOD PL, Pittsburgh, PA 15205-",https://data.wprdc.org/dataset/pli-permits
FAS-2024-06938,pittsburgh,2024-10-17,0,Fire Alarm Permit,NEW SYSTEM,false,Completed,-79.9211060768,40.4587972853,"163 SHADY AVE #114, Pittsburgh, PA 15206-",https://data.wprdc.org/dataset/pli-permits
MP-2020-03105,pittsburgh,2020-03-12,0,MECHANICAL,NEW CONSTRUCTION,true,Completed,-79.9245708671,40.4362042135,"5711 BARTLETT ST, Pittsburgh, PA 15217-",https://data.wprdc.org/dataset/pli-permits
MP-2024-01994,pittsburgh,2024-06-27,0,MECHANICAL,NEW CONSTRUCTION,false,Issued,-79.974992254,40.4378382184,"2120 5TH AVE #414, Pittsburgh, PA 15219-",https://data.wprdc.org/dataset/pli-permits
SP-2021-05997,pittsburgh,2021-05-10,0,Sign Permit,NEW,false,Completed,-79.9157299194,40.4570395031,"177 BAKERY SQUARE BLVD, Pittsburgh, PA 15206-",https://data.wprdc.org/dataset/pli-permits
MP-2021-04582,pittsburgh,2022-07-01,0,MECHANICAL,NEW CONSTRUCTION,false,Completed,-79.9655922462,40.4279562921,"440 CINEMA DR, Pittsburgh, PA 15203-",https://data.wprdc.org/dataset/pli-permits
EP-2023-11220,pittsburgh,2023-09-07,0,ELECTRICAL,NEW CONSTRUCTION,false,Completed,-79.94911778,40.463482864,"202 PEARL ST, Pittsburgh, PA 15224-",https://data.wprdc.org/dataset/pli-permits
SSP-2021-06301,pittsburgh,2021-08-12,0,Suppression System Permit,NEW SYSTEM,false,Completed,-80.0164392143,40.4495737458,"915 RIDGE AVE, Pittsburgh, 15212-",https://data.wprdc.org/dataset/pli-permits
BP-2022-09546,pittsburgh,2022-12-14,0,BUILDING,NEW CONSTRUCTION,true,Completed,-80.0794308566,40.4498994083,"104 CEDARWOOD PL, Pittsburgh, PA 15205-",https://data.wprdc.org/dataset/pli-permits
BP-2020-04822,pittsburgh,2020-07-06,0,BUILDING,NEW CONSTRUCTION,true,Issued,-79.9604447539,40.4742681755,"145 46TH ST, Pittsburgh, PA 15201-",https://data.wprdc.org/dataset/pli-permits
SSP-2023-05703,pittsburgh,2024-02-01,0,Suppression System Permit,NEW SYSTEM,false,Completed,-79.9831405606,40.4410504426,"346 MILLER ST #303, Pittsburgh, PA 15219-",https://data.wprdc.org/dataset/pli-permits
SP-2023-19373,pittsburgh,2024-04-23,0,Sign Permit,NEW,false,Issued,-79.9412535052,40.4260419955,"531 GREENFIELD AVE, Pittsburgh, 15207-",https://data.wprdc.org/dataset/pli-permits
MP-2024-12044,pittsburgh,2024-09-24,0,MECHANICAL,NEW CONSTRUCTION,true,Completed,-79.9920602075,40.4230617985,"845 EXCELSIOR ST, Pittsburgh, 15210-",https://data.wprdc.org/dataset/pli-permits
SSP-2020-01828,pittsburgh,2020-03-18,0,Suppression System Permit,NEW SYSTEM,false,Completed,-79.9592824504,40.4715604,"4406 BUTLER ST #202, Pittsburgh, PA 15201-",https://data.wprdc.org/dataset/pli-permits
OLP-2023-05514,pittsburgh,2023-07-05,0,Occupant Load Placard Permit,NEW,false,Completed,-79.94390358,40.4417684612,"4927 MARGARET MORRISON ST, Pittsburgh, PA 15213-",https://data.wprdc.org/dataset/pli-permits
BP-2023-12595,pittsburgh,2024-01-03,0,BUILDING,NEW CONSTRUCTION,true,Completed,-79.9964788452,40.4225802111,"620 EXCELSIOR ST, Pittsburgh, PA 15210-",https://data.wprdc.org/dataset/pli-permits
SP-2022-11555,pittsburgh,2022-08-16,0,Sign Permit,NEW,false,Issued,-80.0244114355,40.4507563263,"1330 WESTERN AVE, Pittsburgh, PA 15233-",https://data.wprdc.org/dataset/pli-permits
SP-2020-07103,pittsburgh,2020-06-04,0,Sign Permit,NEW,false,Completed,-80.00539972,40.4423791118,"603 STANWIX ST #1399, Pittsburgh, PA 15222-",https://data.wprdc.org/dataset/pli-permits
SSP-2023-04910,pittsburgh,2023-04-04,0,Suppression System Permit,NEW SYSTEM,false,Completed,-79.9337853712,40.4514362193,"739 BELLEFONTE ST, Pittsburgh, PA 15232-",https://data.wprdc.org/dataset/pli-permits
SP-2020-02744,pittsburgh,2020-11-03,0,Sign Permit,NEW,false,Completed,-79.9352586785,40.4505752276,"811 S AIKEN AVE, Pittsburgh, PA 15232-",https://data.wprdc.org/dataset/pli-permits
SSP-2024-02993,pittsburgh,2024-04-08,0,Suppression System Permit,NEW SYSTEM,false,Completed,-79.9802268694,40.4441473484,"2007 CENTRE AVE, Pittsburgh, 15219-",https://data.wprdc.org/dataset/pli-permits
MP-2021-01289,pittsburgh,2021-04-27,0,MECHANICAL,NEW CONSTRUCTION,true,Completed,-79.9491574688,40.4845647185,"5573 BERLIN Way, Pittsburgh, PA 15201-",https://data.wprdc.org/dataset/pli-permits
FAS-2024-04826,pittsburgh,2024-06-25,0,Fire Alarm Permit,NEW SYSTEM,false,Completed,-80.009766984,40.4653584818,"201 LAFAYETTE AVE, Pittsburgh, PA 15214-",https://data.wprdc.org/dataset/pli-permits
SSP-2020-09378,pittsburgh,2020-08-04,0,Suppression System Permit,NEW SYSTEM,false,Completed,-79.9962833318,40.4510221241,"234 VOEGHTLY ST, Pittsburgh, PA 15212-",https://data.wprdc.org/dataset/pli-permits
EP-2024-12937,pittsburgh,2024-10-18,0,ELECTRICAL,NEW CONSTRUCTION,true,Completed,-79.9947498429,40.4226432349,"728 EXCELSIOR ST, Pittsburgh, PA 15210-",https://data.wprdc.org/dataset/pli-permits
EP-2022-01319,pittsburgh,2022-02-10,0,ELECTRICAL,NEW CONSTRUCTION,true,Completed,-80.002980912,40.3917304918,"1544 REAMER ST, Pittsburgh, 15226-",https://data.wprdc.org/dataset/pli-permits
FAS-2022-04621,pittsburgh,2022-06-27,0,Fire Alarm Permit,NEW SYSTEM,false,Completed,-80.0024142816,40.4401486786,"5 MARKET SQ, Pittsburgh, 15222-",https://data.wprdc.org/dataset/pli-permits
BP-2019-06307,pittsburgh,2021-03-15,0,BUILDING,NEW CONSTRUCTION,true,Completed,-80.0260125344,40.4363336849,"431 SHALER ST, Pittsburgh, PA 15211-",https://data.wprdc.org/dataset/pli-permits
SSP-2024-10312,pittsburgh,2024-08-15,0,Suppression System Permit,NEW SYSTEM,false,Completed,-80.0159089105,40.4461591835,"100 ART ROONEY AVE, Pittsburgh, PA 15212-",https://data.wprdc.org/dataset/pli-permits
SP-2022-13464,pittsburgh,2022-10-20,0,Sign Permit,NEW,false,Completed,-79.8959557388,40.489323592,"815 FREEPORT RD, Pittsburgh, 15215-",https://data.wprdc.org/dataset/pli-permits
SP-2020-05170,pittsburgh,2020-07-16,0,Sign Permit,NEW,false,Completed,-79.9401755564,40.4573786627,"5259 LIBERTY AVE, Pittsburgh, PA 15224-",https://data.wprdc.org/dataset/pli-permits
OOP-2019-03777,pittsburgh,2020-02-10,0,Occupancy Only Permit,NEW USE,true,Expired,-80.0115392665,40.4199473442,"666 BOGGS AVE, Pittsburgh, 15211-",https://data.wprdc.org/dataset/pli-permits
SP-2024-12983,pittsburgh,2024-11-19,0,Sign Permit,NEW,false,Issued,-79.9879197719,40.4410124668,"632 WASHINGTON PL, Pittsburgh, PA 15219",https://data.wprdc.org/dataset/pli-permits
OLP-2024-05212,pittsburgh,2024-05-23,0,Occupant Load Placard Permit,NEW,false,Completed,-79.9651927145,40.4261794565,"2835 E CARSON ST #300, Pittsburgh, PA 15203-",https://data.wprdc.org/dataset/pli-permits
MP-2023-11163,pittsburgh,2023-07-05,0,MECHANICAL,NEW CONSTRUCTION,true,Issued,-80.0176417765,40.4366356193,"122 HALLOCK ST, Pittsburgh, PA 15211-",https://data.wprdc.org/dataset/pli-permits
OLP-2021-11803,pittsburgh,2021-07-23,0,Occupant Load Placard Permit,NEW,false,Completed,-79.9171324253,40.4568753451,"6425 LIVING PL #400, Pittsburgh, PA 15206-",https://data.wprdc.org/dataset/pli-permits
EP-2020-09256,pittsburgh,2020-08-18,0,ELECTRICAL,NEW CONSTRUCTION,false,Completed,-79.9620887022,40.4420305122,"3500 TERRACE ST, Pittsburgh, 15213-",https://data.wprdc.org/dataset/pli-permits
EP-2024-11594,pittsburgh,2024-09-25,0,ELECTRICAL,NEW CONSTRUCTION,false,Completed,-79.9879197719,40.4410124668,"632 WASHINGTON PL, Pittsburgh, PA 15219",https://data.wprdc.org/dataset/pli-permits
SSP-2021-03566,pittsburgh,2022-08-09,0,Suppression System Permit,NEW SYSTEM,false,Completed,-79.9373961933,40.4481567579,"5131 5TH AVE, Pittsburgh, PA 15232-",https://data.wprdc.org/dataset/pli-permits
EP-2022-01186,pittsburgh,2022-06-01,0,ELECTRICAL,NEW CONSTRUCTION,false,Completed,-79.9229964275,40.4293998406,"5808 FORWARD AVE, Pittsburgh, PA 15217-",https://data.wprdc.org/dataset/pli-permits
OOP-2022-13847,pittsburgh,2022-09-16,0,Occupancy Only Permit,NEW USE,false,Completed,-79.9267408809,40.4606914088,"5935 BAUM BLVD, Pittsburgh, 15206-",https://data.wprdc.org/dataset/pli-permits
MP-2020-09994,pittsburgh,2020-07-08,0,MECHANICAL,NEW CONSTRUCTION,true,Expired,-79.9620257842,40.4642485196,"3708 PENN AVE #2, Pittsburgh, PA 15201-",https://data.wprdc.org/dataset/pli-permits
BP-2021-08002,pittsburgh,2021-09-30,0,BUILDING,NEW CONSTRUCTION,false,Completed,-79.9912748545,40.441712114,"626 WASHINGTON PL #2501, Pittsburgh, PA 15219-",https://data.wprdc.org/dataset/pli-permits
MP-2024-01291,pittsburgh,2024-02-27,0,MECHANICAL,NEW CONSTRUCTION,false,Completed,-79.9518450536,40.4401082078,"371 YARROW Way #2, Pittsburgh, PA 15213-",https://data.wprdc.org/dataset/pli-permits
SP-2024-00194,pittsburgh,2024-05-15,0,Sign Permit,NEW,false,Issued,-79.9874931934,40.4380318427,"118 STEVENSON ST, Pittsburgh, PA 15219-",https://data.wprdc.org/dataset/pli-permits
BP-2020-07874,pittsburgh,2021-01-04,0,BUILDING,NEW CONSTRUCTION,true,Issued,-79.9261550749,40.4677322292,"509 N SAINT CLAIR ST, Pittsburgh, PA 15206-",https://data.wprdc.org/dataset/pli-permits
EP-2022-14565,pittsburgh,2022-09-15,0,ELECTRICAL,NEW CONSTRUCTION,true,Completed,-80.0178890319,40.436707179,"125 MERIDAN ST, Pittsburgh, PA 15211-",https://data.wprdc.org/dataset/pli-permits
MP-2023-15278,pittsburgh,2023-09-27,0,MECHANICAL,NEW CONSTRUCTION,true,Completed,-79.9353850843,40.4661276679,"5400 KINCAID ST, Pittsburgh, PA 15206-",https://data.wprdc.org/dataset/pli-permits
OLP-2022-05984,pittsburgh,2022-06-07,0,Occupant Load Placard Permit,NEW,false,Completed,-79.9584066026,40.4737974363,"4635 BUTLER ST, Pittsburgh, PA 15201-",https://data.wprdc.org/dataset/pli-permits
EP-2020-02905,pittsburgh,2020-05-05,0,ELECTRICAL,NEW CONSTRUCTION,false,Completed,-79.9489174443,40.4801311067,"5312 DUNCAN ST, Pittsburgh, 15201-",https://data.wprdc.org/dataset/pli-permits
SSP-2022-04468,pittsburgh,2022-11-21,0,Suppression System Permit,NEW SYSTEM,false,Completed,-79.980643832,40.4531028523,"2330 PENN AVE #801, Pittsburgh, PA 15222-",https://data.wprdc.org/dataset/pli-permits
BP-2023-17993,pittsburgh,2024-01-31,0,BUILDING,NEW CONSTRUCTION,true,Completed,-79.9933875273,40.4229774226,"807 EXCELSIOR ST, Pittsburgh, PA 15210-",https://data.wprdc.org/dataset/pli-permits
SP-2023-05076,pittsburgh,2023-04-06,0,Sign Permit,NEW,false,Completed,-79.9764731199,40.4581127332,"115 28TH ST, Pittsburgh, PA 15222-",https://data.wprdc.org/dataset/pli-permits
SSP-2022-17829,pittsburgh,2023-01-09,0,Suppression System Permit,NEW SYSTEM,false,Completed,-79.9893260254,40.4277546747,"900 SARAH ST #208, Pittsburgh, PA 15203-",https://data.wprdc.org/dataset/pli-permits
EP-2021-04017,pittsburgh,2021-04-30,0,ELECTRICAL,NEW CONSTRUCTION,true,Completed,-79.9604447539,40.4742681755,"145 46TH ST, Pittsburgh, PA 15201-",https://data.wprdc.org/dataset/pli-permits
SSP-2020-03009,pittsburgh,2020-08-04,0,Suppression System Permit,NEW SYSTEM,false,Completed,-79.9590120238,40.4693253705,"250 42ND ST, Pittsburgh, 15201-",https://data.wprdc.org/dataset/pli-permits
EP-2022-18553,pittsburgh,2023-06-27,0,ELECTRICAL,NEW CONSTRUCTION,false,Completed,-79.9211060768,40.4587972853,"163 SHADY AVE #114, Pittsburgh, PA 15206-",https://data.wprdc.org/dataset/pli-permits
BDA-2024-00715,pittsburgh,2024-09-05,0,Building & Development Application,New Construction,false,Issued,-79.9914618561,40.4415602968,"626 WASHINGTON PL #2501, Pittsburgh, PA 15219-",https://data.wprdc.org/dataset/pli-permits
EP-2023-12556,pittsburgh,2023-07-28,0,ELECTRICAL,NEW CONSTRUCTION,true,Completed,-80.0260891186,40.4362402975,"439 SHALER ST, Pittsburgh, PA 15211-",https://data.wprdc.org/dataset/pli-permits
SSP-2021-02052,pittsburgh,2021-05-10,0,Suppression System Permit,NEW SYSTEM,false,Completed,-79.978328611,40.4559038309,"211 26TH ST #201, Pittsburgh, PA 15222-",https://data.wprdc.org/dataset/pli-permits
MP-2021-09844,pittsburgh,2021-07-12,0,MECHANICAL,NEW CONSTRUCTION,true,Issued,-80.0381102974,40.475039384,"1617 ANTRIM ST, Pittsburgh, 15212-",https://data.wprdc.org/dataset/pli-permits
EP-2024-14734,pittsburgh,2024-12-31,0,ELECTRICAL,NEW CONSTRUCTION,true,Completed,-80.0151285851,40.4519722616,"829 WESTERN AVE, Pittsburgh, PA 15233-",https://data.wprdc.org/dataset/pli-permits
BP-2020-13972,pittsburgh,2022-08-26,0,BUILDING,NEW CONSTRUCTION,false,Issued,-80.0262781848,40.4581942993,"1807 FULTON ST, Pittsburgh, PA 15233-",https://data.wprdc.org/dataset/pli-permits
MP-2023-15216,pittsburgh,2023-09-14,0,MECHANICAL,NEW CONSTRUCTION,true,Completed,-80.0794308566,40.4498994083,"104 CEDARWOOD PL, Pittsburgh, PA 15205-",https://data.wprdc.org/dataset/pli-permits
SP-2021-12171,pittsburgh,2021-08-02,0,Sign Permit,NEW,false,Issued,-80.0035680945,40.4399201571,"6 PPG PL #830, Pittsburgh, PA 15222-",https://data.wprdc.org/dataset/pli-permits
FAS-2022-09053,pittsburgh,2022-07-20,0,Fire Alarm Permit,NEW SYSTEM,false,Completed,-80.0051038566,40.4318527902,"115 W CARSON ST, Pittsburgh, PA 15219-",https://data.wprdc.org/dataset/pli-permits
OOP-2020-11054,pittsburgh,2020-07-29,0,Occupancy Only Permit,NEW USE,true,Completed,-80.0123896095,40.4746777686,"131 MARSHALL AVE, Pittsburgh, 15214-",https://data.wprdc.org/dataset/pli-permits
EP-2020-09549,pittsburgh,2021-02-18,0,ELECTRICAL,NEW CONSTRUCTION,false,Completed,-79.9718808362,40.4423839981,No primary address specified,https://data.wprdc.org/dataset/pli-permits
FP-2023-08436,pittsburgh,2023-11-06,0,Floodplain Permit,New Construction,false,Issued,-79.9842097179,40.4530446649,"2128 RAILROAD ST, Pittsburgh, PA 15222-",https://data.wprdc.org/dataset/pli-permits
OOP-2019-01025,pittsburgh,2021-08-03,0,Occupancy Only Permit,NEW USE,false,Completed,-79.9963958459,40.450703196,No primary address specified,https://data.wprdc.org/dataset/pli-permits
SP-2020-13826,pittsburgh,2020-10-14,0,Sign Permit,NEW,false,Expired,-79.9145239651,40.4578646848,"6487 DAHLEM PL, Pittsburgh, PA 15206-",https://data.wprdc.org/dataset/pli-permits
OLP-2022-17203,pittsburgh,2022-11-15,0,Occupant Load Placard Permit,NEW,false,Completed,-79.895407612,40.4488368125,"7514 THOMAS BLVD, Pittsburgh, PA 15208-",https://data.wprdc.org/dataset/pli-permits
BP-2021-15087,pittsburgh,2022-10-11,0,BUILDING,NEW CONSTRUCTION,false,Completed,-80.0462399238,40.4791642542,"3300 PREBLE AVE #840, Pittsburgh, PA 15233-",https://data.wprdc.org/dataset/pli-permits
EP-2022-00452,pittsburgh,2022-01-21,0,ELECTRICAL,NEW CONSTRUCTION,true,Completed,-79.9384915721,40.4828447638,"1143 PREMIER ST, Pittsburgh, 15201-",https://data.wprdc.org/dataset/pli-permits
OLP-2023-12953,pittsburgh,2024-02-16,0,Occupant Load Placard Permit,NEW,false,Completed,-79.9203991776,40.4377626426,"5864 FORBES AVE, Pittsburgh, 15217-",https://data.wprdc.org/dataset/pli-permits
OLP-2021-13067,pittsburgh,2021-08-23,0,Occupant Load Placard Permit,NEW,false,Completed,-79.9483982381,40.4449059835,"411 S CRAIG ST #2, Pittsburgh, PA 15213-",https://data.wprdc.org/dataset/pli-permits
BP-2023-21229,pittsburgh,2024-06-24,0,BUILDING,NEW CONSTRUCTION,false,Completed,-79.9442056368,40.4116286437,"125 HAZELWOOD AVE #202, Pittsburgh, PA 15207-",https://data.wprdc.org/dataset/pli-permits
FAS-2023-05911,pittsburgh,2023-05-23,0,Fire Alarm Permit,NEW SYSTEM,false,Completed,-79.9051617767,40.4477649891,"319 S LANG AVE, Pittsburgh, 15208-",https://data.wprdc.org/dataset/pli-permits
SP-2021-10656,pittsburgh,2021-09-07,0,Sign Permit,NEW,false,Issued,-79.9201909439,40.4377659577,"5872 FORBES AVE, Pittsburgh, PA 15217-",https://data.wprdc.org/dataset/pli-permits
MP-2023-15686,pittsburgh,2023-09-20,0,MECHANICAL,NEW CONSTRUCTION,true,Completed,-80.0794308566,40.4498994083,"104 CEDARWOOD PL, Pittsburgh, PA 15205-",https://data.wprdc.org/dataset/pli-permits
BDA-2024-02749,pittsburgh,2024-09-05,0,Building & Development Application,New Construction,true,Issued,-79.9931440105,40.4600326334,"1106 SPRING GARDEN AVE, Pittsburgh, PA 15212-",https://data.wprdc.org/dataset/pli-permits
BP-2020-04066,pittsburgh,2021-02-24,0,BUILDING,NEW CONSTRUCTION,false,Completed,-79.9397408558,40.4445944176,"5093 FORBES AVE, Pittsburgh, PA 15213-",https://data.wprdc.org/dataset/pli-permits
SP-2023-07427,pittsburgh,2023-06-12,0,Sign Permit,NEW,false,Issued,-79.9669038299,40.4636095569,"3459 BUTLER ST #413, Pittsburgh, PA 15201-",https://data.wprdc.org/dataset/pli-permits
EP-2020-15190,pittsburgh,2020-09-22,0,ELECTRICAL,NEW CONSTRUCTION,true,Completed,-79.9496035349,40.4843680773,"5549 BERLIN Way, Pittsburgh, PA 15201-",https://data.wprdc.org/dataset/pli-permits
BP-2021-19648,pittsburgh,2022-11-02,0,BUILDING,NEW CONSTRUCTION,true,Completed,-79.977054418,40.4440734281,"2127 ROSE ST, Pittsburgh, PA 15219-",https://data.wprdc.org/dataset/pli-permits
SSP-2021-09311,pittsburgh,2021-07-14,0,Suppression System Permit,NEW SYSTEM,false,Completed,-80.0009450331,40.4532382364,"417 E OHIO ST, Pittsburgh, 15212-",https://data.wprdc.org/dataset/pli-permits
BP-2021-00653,pittsburgh,2021-08-04,0,BUILDING,NEW CONSTRUCTION,true,Issued,-80.0146926323,40.4286292679,"480 GRACE ST, Pittsburgh, PA 15211-",https://data.wprdc.org/dataset/pli-permits
BP-2022-10430,pittsburgh,2022-10-10,0,BUILDING,NEW CONSTRUCTION,true,Completed,-79.9083520616,40.4612328319,"542 LINCOLN AVE, Pittsburgh, PA 15206-",https://data.wprdc.org/dataset/pli-permits
SP-2022-09636,pittsburgh,2022-06-28,0,Sign Permit,NEW,false,Completed,-79.9673149765,40.4274932671,"2635 E CARSON ST #214, Pittsburgh, PA 15203-",https://data.wprdc.org/dataset/pli-permits
SSP-2020-20341,pittsburgh,2021-02-26,0,Suppression System Permit,NEW SYSTEM,false,Completed,-80.0162362778,40.4539073484,"840 W NORTH AVE #407, Pittsburgh, PA 15233-",https://data.wprdc.org/dataset/pli-permits
SSP-2024-13383,pittsburgh,2024-12-17,0,Suppression System Permit,NEW SYSTEM,false,Completed,-79.9211060768,40.4587972853,"163 SHADY AVE #114, Pittsburgh, PA 15206-",https://data.wprdc.org/dataset/pli-permits
SP-2021-16350,pittsburgh,2022-01-03,0,Sign Permit,NEW,false,Completed,-79.8959557388,40.489323592,"815 FREEPORT RD, Pittsburgh, 15215-",https://data.wprdc.org/dataset/pli-permits
MP-2022-12381,pittsburgh,2022-08-09,0,MECHANICAL,NEW CONSTRUCTION,true,Completed,-79.9272326957,40.4650269766,"302 N SAINT CLAIR ST, Pittsburgh, PA 15206-",https://data.wprdc.org/dataset/pli-permits
EP-2023-10113,pittsburgh,2023-06-27,0,ELECTRICAL,NEW CONSTRUCTION,true,Issued,-79.9786162208,40.3916548483,"409 BRINWOOD AVE, Pittsburgh, PA 15227-",https://data.wprdc.org/dataset/pli-permits
MP-2020-08984,pittsburgh,2020-12-17,0,MECHANICAL,NEW CONSTRUCTION,true,Completed,-79.9873657392,40.4511141051,"1712 WATERFRONT PL, Pittsburgh, PA 15222-",https://data.wprdc.org/dataset/pli-permits
MP-2022-17928,pittsburgh,2022-12-09,0,MECHANICAL,NEW CONSTRUCTION,true,Revoked,-79.9590168681,40.4704397556,"233 43RD ST, Pittsburgh, PA 15201-",https://data.wprdc.org/dataset/pli-permits
OOP-2021-14543,pittsburgh,2021-10-13,0,Occupancy Only Permit,NEW USE,true,Expired,-79.9624564364,40.4698024455,"177 ALMOND Way, Pittsburgh, PA 15201-",https://data.wprdc.org/dataset/pli-permits
EP-2020-16690,pittsburgh,2020-10-15,0,ELECTRICAL,NEW CONSTRUCTION,true,Completed,-80.025486432,40.4574549621,"1708 FULTON ST, Pittsburgh, 15233-",https://data.wprdc.org/dataset/pli-permits
SSP-2020-18999,pittsburgh,2021-01-15,0,Suppression System Permit,NEW SYSTEM,false,Completed,-79.9904302653,40.4292169011,"44 S 9TH ST, Pittsburgh, 15203-",https://data.wprdc.org/dataset/pli-permits
EP-2022-06244,pittsburgh,2022-06-10,0,ELECTRICAL,NEW CONSTRUCTION,false,Completed,-79.980643832,40.4531028523,"2330 PENN AVE #801, Pittsburgh, PA 15222-",https://data.wprdc.org/dataset/pli-permits
MP-2024-01500,pittsburgh,2024-01-31,0,MECHANICAL,NEW CONSTRUCTION,true,Completed,-80.00621552,40.4564274224,"1213 BOYLE ST, Pittsburgh, PA 15212-",https://data.wprdc.org/dataset/pli-permits
OLP-2020-18469,pittsburgh,2020-11-13,0,Occupant Load Placard Permit,NEW,false,Completed,-79.9533657652,40.4640528188,"4312 MAIN ST, Pittsburgh, PA 15224-",https://data.wprdc.org/dataset/pli-permits
BP-2022-15055,pittsburgh,2023-11-09,0,BUILDING,NEW CONSTRUCTION,true,Issued,-79.9363663652,40.4828523457,"1361 HAWTHORNE ST, Pittsburgh, PA 15201-",https://data.wprdc.org/dataset/pli-permits
EP-2022-00750,pittsburgh,2022-02-10,0,ELECTRICAL,NEW CONSTRUCTION,true,Completed,-80.0202009423,40.4005125464,"2130 PIONEER AVE, Pittsburgh, 15226-",https://data.wprdc.org/dataset/pli-permits
MP-2022-05642,pittsburgh,2022-09-20,0,MECHANICAL,NEW CONSTRUCTION,false,Completed,-80.0071609396,40.4556645012,"6 W NORTH AVE #212, Pittsburgh, PA 15212-",https://data.wprdc.org/dataset/pli-permits
OLP-2024-06489,pittsburgh,2024-05-15,0,Occupant Load Placard Permit,NEW,false,Completed,-79.9812618033,40.4561914637,"2545 RAILROAD ST #301, Pittsburgh, PA 15222-",https://data.wprdc.org/dataset/pli-permits
MP-2020-12501,pittsburgh,2021-07-13,0,MECHANICAL,NEW CONSTRUCTION,false,Completed,-79.9314571941,40.4583462957,"5819 CENTRE AVE #101, Pittsburgh, PA 15206-",https://data.wprdc.org/dataset/pli-permits
EP-2020-00671,pittsburgh,2020-01-14,0,ELECTRICAL,NEW CONSTRUCTION,true,Completed,-79.9586247576,40.4644721925,"3930 WOOLSLAYER Way, Pittsburgh, PA 15224-",https://data.wprdc.org/dataset/pli-permits
FAS-2024-08685,pittsburgh,2024-06-05,0,Fire Alarm Permit,NEW SYSTEM,false,Completed,-79.9914618561,40.4415602968,"626 WASHINGTON PL #2501, Pittsburgh, PA 15219-",https://data.wprdc.org/dataset/pli-permits
FAS-2023-04215,pittsburgh,2023-06-20,0,Fire Alarm Permit,NEW SYSTEM,false,Completed,-79.9424354286,40.4437333149,"5135 MARGARET MORRISON ST, Pittsburgh, PA 15213-",https://data.wprdc.org/dataset/pli-permits
BDA-2024-02961,pittsburgh,2024-10-04,0,Building & Development Application,New Construction,false,Issued,-79.9650612184,40.4652827911,"3604 BUTLER ST, Pittsburgh, PA 15201-",https://data.wprdc.org/dataset/pli-permits
BP-2022-00982,pittsburgh,2022-08-15,0,BUILDING,NEW CONSTRUCTION,false,Completed,-80.0080661064,40.4468565587,"220 NORTH SHORE DR #628, Pittsburgh, PA 15212-",https://data.wprdc.org/dataset/pli-permits
EP-2023-08577,pittsburgh,2023-05-19,0,ELECTRICAL,NEW CONSTRUCTION,true,Completed,-79.9272270734,40.4484985052,"1046 MURRAY HILL AVE, Pittsburgh, PA 15217-",https://data.wprdc.org/dataset/pli-permits
BP-2020-06820,pittsburgh,2023-09-08,0,BUILDING,NEW CONSTRUCTION,true,Completed,-79.9356194061,40.4676292113,"5352 HILLCREST ST, Pittsburgh, PA 15224-",https://data.wprdc.org/dataset/pli-permits
SP-2019-07466,pittsburgh,2020-06-03,0,Sign Permit,NEW,false,Expired,-79.9964759922,40.4304363882,"68 S 4TH ST #11, Pittsburgh, PA 15219-",https://data.wprdc.org/dataset/pli-permits
SP-2023-12043,pittsburgh,2023-08-16,0,Sign Permit,NEW,false,Completed,-79.9232099111,40.4341639485,"2008 MURRAY AVE #D, Pittsburgh, PA 15217-",https://data.wprdc.org/dataset/pli-permits
BP-2021-14651,pittsburgh,2023-03-06,0,BUILDING,NEW CONSTRUCTION,true,Completed,-79.935616674,40.4672985628,"5375 ROSETTA ST, Pittsburgh, 15224-",https://data.wprdc.org/dataset/pli-permits
OOP-2021-18534,pittsburgh,2021-12-13,0,Occupancy Only Permit,NEW USE,true,Expired,-79.9372578582,40.4003478031,"1 ELLIS Way, Pittsburgh, PA 15207-",https://data.wprdc.org/dataset/pli-permits
BP-2023-18326,pittsburgh,2024-01-03,0,BUILDING,NEW CONSTRUCTION,true,Completed,-79.9949754744,40.4238791418,"719 EUREKA ST, Pittsburgh, PA 15210-",https://data.wprdc.org/dataset/pli-permits
BP-2023-02411,pittsburgh,2023-04-27,0,BUILDING,NEW CONSTRUCTION,false,Completed,-79.9480295193,40.4150172885,"4501 LYTLE ST, Pittsburgh, PA 15207-",https://data.wprdc.org/dataset/pli-permits
EP-2024-02355,pittsburgh,2024-02-20,0,ELECTRICAL,NEW CONSTRUCTION,true,Completed,-79.9934179571,40.4567726178,"905 RICKENBACH ST, Pittsburgh, PA 15212-",https://data.wprdc.org/dataset/pli-permits
OOP-2021-04182,pittsburgh,2021-06-02,0,Occupancy Only Permit,NEW USE,false,Completed,-79.9880886683,40.4289252138,"1009 E CARSON ST, Pittsburgh, 15203-",https://data.wprdc.org/dataset/pli-permits
MP-2022-09737,pittsburgh,2022-07-01,0,MECHANICAL,NEW CONSTRUCTION,true,Issued,-80.0371332038,40.4839922171,"1400 COOPER AVE, Pittsburgh, PA 15212-",https://data.wprdc.org/dataset/pli-permits
BP-2023-18504,pittsburgh,2024-01-31,0,BUILDING,NEW CONSTRUCTION,true,Completed,-79.9944171242,40.4234997207,"734 EUREKA ST, Pittsburgh, PA 15210-",https://data.wprdc.org/dataset/pli-permits
MP-2020-06092,pittsburgh,2020-07-29,0,MECHANICAL,NEW CONSTRUCTION,false,Completed,-79.9636151473,40.467267564,"206 39TH ST, Pittsburgh, PA 15201-",https://data.wprdc.org/dataset/pli-permits
SSP-2022-08157,pittsburgh,2022-08-11,0,Suppression System Permit,NEW SYSTEM,false,Completed,-79.94390358,40.4417684612,"4927 MARGARET MORRISON ST, Pittsburgh, PA 15213-",https://data.wprdc.org/dataset/pli-permits
SSP-2021-14446,pittsburgh,2021-12-15,0,Suppression System Permit,NEW SYSTEM,false,Completed,-80.0034461455,40.4418955326,"120 5TH AVE, Pittsburgh, 15222-",https://data.wprdc.org/dataset/pli-permits
BP-2022-08224,pittsburgh,2022-12-14,0,BUILDING,NEW CONSTRUCTION,true,Completed,-80.0794308566,40.4498994083,"104 CEDARWOOD PL, Pittsburgh, PA 15205-",https://data.wprdc.org/dataset/pli-permits
EP-2019-05914,pittsburgh,2020-06-29,0,ELECTRICAL,NEW CONSTRUCTION,false,Expired,-79.9193199649,40.4627521508,"155 LARIMER AVE, Pittsburgh, 15206-",https://data.wprdc.org/dataset/pli-permits
MP-2022-10979,pittsburgh,2022-07-25,0,MECHANICAL,NEW CONSTRUCTION,true,Completed,-79.9335405296,40.4665608265,"5438 ROSETTA ST, Pittsburgh, PA 15206-",https://data.wprdc.org/dataset/pli-permits
EP-2020-09711,pittsburgh,2020-08-10,0,ELECTRICAL,NEW CONSTRUCTION,false,Completed,-79.9162070297,40.4562370919,"6501 LIVING PL, Pittsburgh, PA 15206-",https://data.wprdc.org/dataset/pli-permits
SP-2021-00270,pittsburgh,2021-01-15,0,Sign Permit,NEW,false,Completed,-79.9573800822,40.441026464,"3700 FORBES AVE, Pittsburgh, PA 15213-",https://data.wprdc.org/dataset/pli-permits
FAS-2022-03814,pittsburgh,2022-05-13,0,Fire Alarm Permit,NEW SYSTEM,false,Completed,-80.0034461455,40.4418955326,"120 5TH AVE, Pittsburgh, 15222-",https://data.wprdc.org/dataset/pli-permits
SP-2022-02164,pittsburgh,2022-02-23,0,Sign Permit,NEW,false,Issued,-79.9417325159,40.4646173132,"5128 PENN AVE, Pittsburgh, PA 15224-",https://data.wprdc.org/dataset/pli-permits
MP-2021-18368,pittsburgh,2022-05-06,0,MECHANICAL,NEW CONSTRUCTION,true,Completed,-79.9185974509,40.3981938446,"4340 ARMORHILL AVE, Pittsburgh, PA 15120-",https://data.wprdc.org/dataset/pli-permits
EP-2022-05189,pittsburgh,2022-06-03,0,ELECTRICAL,NEW CONSTRUCTION,true,Completed,-79.9561496111,40.4712500237,"4604 DAVISON ST, Pittsburgh, PA 15201-",https://data.wprdc.org/dataset/pli-permits
BP-2021-09113,pittsburgh,2021-11-30,0,BUILDING,NEW CONSTRUCTION,true,Issued,-80.0238093419,40.4371468758,"319 EDITH ST, Pittsburgh, PA 15211-",https://data.wprdc.org/dataset/pli-permits
BP-2021-04387,pittsburgh,2021-10-29,0,BUILDING,NEW CONSTRUCTION,false,Completed,-80.0522835226,40.4372199399,"31 CLEARVIEW AVE, Pittsburgh, PA 15205-",https://data.wprdc.org/dataset/pli-permits
EP-2024-02959,pittsburgh,2024-05-28,0,ELECTRICAL,NEW CONSTRUCTION,false,Completed,-79.9275565313,40.4621549752,"5818 PENN AVE, Pittsburgh, PA 15206-",https://data.wprdc.org/dataset/pli-permits
SP-2023-04532,pittsburgh,2023-04-21,0,Sign Permit,NEW,false,Completed,-79.9332764416,40.451532934,"5513 WALNUT ST, Pittsburgh, 15232-",https://data.wprdc.org/dataset/pli-permits
MP-2024-09585,pittsburgh,2024-06-24,0,MECHANICAL,NEW CONSTRUCTION,true,Completed,-79.9172647316,40.4651314436,"26 MAYFLOWER ST, Pittsburgh, PA 15206-",https://data.wprdc.org/dataset/pli-permits
EP-2024-11881,pittsburgh,2024-09-16,0,ELECTRICAL,NEW CONSTRUCTION,true,Completed,-79.9964788452,40.4225802111,"620 EXCELSIOR ST, Pittsburgh, PA 15210-",https://data.wprdc.org/dataset/pli-permits
BP-2023-01855,pittsburgh,2024-09-18,0,BUILDING,NEW CONSTRUCTION,false,Issued,-79.9803076315,40.4556956177,"2558 RAILROAD ST #627, Pittsburgh, PA 15222-",https://data.wprdc.org/dataset/pli-permits
BP-2019-08989,pittsburgh,2020-01-30,0,BUILDING,NEW CONSTRUCTION,false,Completed,-79.9635398255,40.467214096,"208 39TH ST, Pittsburgh, PA 15201-",https://data.wprdc.org/dataset/pli-permits
MP-2020-03472,pittsburgh,2021-03-03,0,MECHANICAL,NEW CONSTRUCTION,false,Completed,-80.0138191834,40.4501384828,"807 RIDGE AVE, Pittsburgh, PA 15212-",https://data.wprdc.org/dataset/pli-permits
OLP-2023-21296,pittsburgh,2024-02-23,0,Occupant Load Placard Permit,NEW,false,Expired,-79.974992254,40.4378382184,"2120 5TH AVE #414, Pittsburgh, PA 15219-",https://data.wprdc.org/dataset/pli-permits
OOP-2020-06211,pittsburgh,2020-06-16,0,Occupancy Only Permit,NEW USE,false,Completed,-79.9878907256,40.4353468572,"1315 BLUFF ST, Pittsburgh, PA 15282-",https://data.wprdc.org/dataset/pli-permits
SSP-2021-04287,pittsburgh,2021-04-06,0,Suppression System Permit,NEW SYSTEM,false,Completed,-79.9837071943,40.4515911539,"2019 PENN AVE, Pittsburgh, 15222-",https://data.wprdc.org/dataset/pli-permits
BP-2020-05649,pittsburgh,2021-03-26,0,BUILDING,NEW CONSTRUCTION,false,Completed,-79.9397408558,40.4445944176,"5093 FORBES AVE, Pittsburgh, PA 15213-",https://data.wprdc.org/dataset/pli-permits
SSP-2019-11089,pittsburgh,2020-02-24,0,Suppression System Permit,NEW SYSTEM,false,Completed,-79.9463725557,40.4614048375,"4815 LIBERTY AVE, Pittsburgh, PA 15224-",https://data.wprdc.org/dataset/pli-permits
FAS-2020-00184,pittsburgh,2021-04-30,0,Fire Alarm Permit,NEW SYSTEM,false,Completed,-79.9372932262,40.4266377352,"4027 BEECHWOOD BLVD, Pittsburgh, 15217-",https://data.wprdc.org/dataset/pli-permits
SP-2021-06333,pittsburgh,2021-07-21,0,Sign Permit,NEW,false,Issued,-79.9654717755,40.4656373369,"3607 BUTLER ST #404, Pittsburgh, PA 15201-",https://data.wprdc.org/dataset/pli-permits
SSP-2022-06515,pittsburgh,2023-05-01,0,Suppression System Permit,NEW SYSTEM,false,Completed,-79.9867106163,40.4285959694,"1118 E CARSON ST, Pittsburgh, PA 15203-",https://data.wprdc.org/dataset/pli-permits
FAS-2022-12957,pittsburgh,2022-09-13,0,Fire Alarm Permit,NEW SYSTEM,false,Completed,-79.9538188535,40.4816363771,"5247 BUTLER ST, Pittsburgh, 15201-",https://data.wprdc.org/dataset/pli-permits
FAS-2023-13180,pittsburgh,2023-08-16,0,Fire Alarm Permit,NEW SYSTEM,false,Completed,-80.0803042229,40.4229991342,"65 BELLS RUN RD, Pittsburgh, PA 15205-",https://data.wprdc.org/dataset/pli-permits
OOP-2021-12736,pittsburgh,2021-12-21,0,Occupancy Only Permit,NEW USE,false,Expired,-80.0130119845,40.3919125385,"1200 BROOKLINE BLVD, Pittsburgh, 15226-",https://data.wprdc.org/dataset/pli-permits
SP-2022-07352,pittsburgh,2022-08-29,0,Sign Permit,NEW,false,Completed,-79.9662815451,40.4284602373,"424 S 27TH ST #306, Pittsburgh, PA 15203-",https://data.wprdc.org/dataset/pli-permits
EP-2023-19421,pittsburgh,2024-02-19,0,ELECTRICAL,NEW CONSTRUCTION,true,Issued,-79.9747996016,40.4304079251,"2131 WHARTON ST, Pittsburgh, PA 15203-",https://data.wprdc.org/dataset/pli-permits
EP-2024-05048,pittsburgh,2024-04-03,0,ELECTRICAL,NEW CONSTRUCTION,true,Completed,-79.9670215006,40.4411645987,"3121 ELLERS ST, Pittsburgh, PA 15213-",https://data.wprdc.org/dataset/pli-permits
MP-2023-17609,pittsburgh,2024-01-04,0,MECHANICAL,NEW CONSTRUCTION,false,Completed,-79.9307133259,40.4639531997,"5585 PENN AVE, Pittsburgh, PA 15206-",https://data.wprdc.org/dataset/pli-permits
EP-2023-01059,pittsburgh,2023-04-06,0,ELECTRICAL,NEW CONSTRUCTION,false,Completed,-79.9275121138,40.4620321579,"5836 PENN AVE, Pittsburgh, PA 15206-",https://data.wprdc.org/dataset/pli-permits
BP-2021-00532,pittsburgh,2022-11-07,0,BUILDING,NEW CONSTRUCTION,false,Completed,-80.0181507671,40.3920328598,"940 BROOKLINE BLVD, Pittsburgh, PA 15226-",https://data.wprdc.org/dataset/pli-permits
BP-2022-06015,pittsburgh,2022-07-07,0,BUILDING,NEW CONSTRUCTION,false,Completed,-79.9173673157,40.4682507936,"6200 STANTON AVE, Pittsburgh, 15206-",https://data.wprdc.org/dataset/pli-permits
FAS-2019-07242,pittsburgh,2021-06-09,0,Fire Alarm Permit,NEW SYSTEM,false,Completed,-79.9653329962,40.4695679428,"129 39TH ST, Pittsburgh, PA 15201-",https://data.wprdc.org/dataset/pli-permits
BP-2022-09576,pittsburgh,2024-02-12,0,BUILDING,NEW CONSTRUCTION,false,Completed,-80.009766984,40.4653584818,"201 LAFAYETTE AVE, Pittsburgh, PA 15214-",https://data.wprdc.org/dataset/pli-permits
BP-2022-11855,pittsburgh,2023-02-09,0,BUILDING,NEW CONSTRUCTION,false,Completed,-79.9532098885,40.4793140806,"442 52ND ST, Pittsburgh, PA 15201-",https://data.wprdc.org/dataset/pli-permits
EP-2020-09207,pittsburgh,2020-06-23,0,ELECTRICAL,NEW CONSTRUCTION,true,Completed,-79.949880438,40.4843646271,"5535 BERLIN Way, Pittsburgh, PA 15201-",https://data.wprdc.org/dataset/pli-permits
FAS-2021-03624,pittsburgh,2021-04-21,0,Fire Alarm Permit,NEW SYSTEM,false,Completed,-79.9123938153,40.465245987,"121 WINSLOW ST #3, Pittsburgh, PA 15206-",https://data.wprdc.org/dataset/pli-permits
BP-2020-02805,pittsburgh,2021-04-15,0,BUILDING,NEW CONSTRUCTION,true,Completed,-79.8915499672,40.4518101343,"520 N BRADDOCK AVE, Pittsburgh, PA 15208-",https://data.wprdc.org/dataset/pli-permits
MP-2024-12053,pittsburgh,2024-10-04,0,MECHANICAL,NEW CONSTRUCTION,false,Completed,-79.9211060768,40.4587972853,"163 SHADY AVE #114, Pittsburgh, PA 15206-",https://data.wprdc.org/dataset/pli-permits
BP-2020-00128,pittsburgh,2020-06-24,0,BUILDING,NEW CONSTRUCTION,false,Completed,-80.0430510996,40.4748309616,"3300 PREBLE AVE #420, Pittsburgh, PA 15233-",https://data.wprdc.org/dataset/pli-permits
BP-2023-19298,pittsburgh,2024-04-09,0,BUILDING,NEW CONSTRUCTION,true,Completed,-79.938829449,40.4692769622,"5205 COLUMBO ST, Pittsburgh, PA 15224-",https://data.wprdc.org/dataset/pli-permits
BP-2023-14181,pittsburgh,2024-03-27,0,BUILDING,NEW CONSTRUCTION,true,Completed,-79.981645253,40.4410720618,"1829 REED ST, Pittsburgh, PA 15219-",https://data.wprdc.org/dataset/pli-permits
MP-2022-05238,pittsburgh,2022-04-12,0,MECHANICAL,NEW CONSTRUCTION,true,Completed,-80.0115270624,40.4592507718,"242 E JEFFERSON ST, Pittsburgh, PA 15212-",https://data.wprdc.org/dataset/pli-permits
MP-2020-09792,pittsburgh,2020-10-29,0,MECHANICAL,NEW CONSTRUCTION,false,Completed,-79.9903585214,40.4486022823,"1447 SMALLMAN ST, Pittsburgh, PA 15222-",https://data.wprdc.org/dataset/pli-permits
FAS-2023-21366,pittsburgh,2024-01-19,0,Fire Alarm Permit,NEW SYSTEM,false,Completed,-79.9462983388,40.4488289632,"601 CLYDE ST, Pittsburgh, PA 15213-",https://data.wprdc.org/dataset/pli-permits
SSP-2020-17284,pittsburgh,2020-11-18,0,Suppression System Permit,NEW SYSTEM,false,Completed,-79.9890695088,40.4395909213,"1027 5TH AVE, Pittsburgh, PA 15219-",https://data.wprdc.org/dataset/pli-permits
BP-2023-03980,pittsburgh,2023-06-06,0,BUILDING,NEW CONSTRUCTION,false,Completed,-79.8928229029,40.4871226119,"843 FREEPORT RD, Pittsburgh, 15238-",https://data.wprdc.org/dataset/pli-permits
FAS-2023-21153,pittsburgh,2024-04-30,0,Fire Alarm Permit,NEW SYSTEM,false,Completed,-79.9354692136,40.4565271832,"5522 CENTRE AVE, Pittsburgh, 15232-",https://data.wprdc.org/dataset/pli-permits
SP-2023-03211,pittsburgh,2023-03-16,0,Sign Permit,NEW,false,Completed,-80.0294061465,40.3977177859,"2676 WEST LIBERTY AVE, Pittsburgh, PA 15216-",https://data.wprdc.org/dataset/pli-permits
SP-2020-15596,pittsburgh,2020-11-16,0,Sign Permit,NEW,false,Completed,-79.9267939223,40.4616242251,"5900 PENN AVE, Pittsburgh, 15206-",https://data.wprdc.org/dataset/pli-permits
SSP-2024-03205,pittsburgh,2024-04-09,0,Suppression System Permit,NEW SYSTEM,false,Completed,-79.9518450536,40.4401082078,"371 YARROW Way #2, Pittsburgh, PA 15213-",https://data.wprdc.org/dataset/pli-permits
SP-2020-11046,pittsburgh,2020-07-29,0,Sign Permit,NEW,false,Completed,-79.9336227948,40.4514265115,"5505 WALNUT ST, Pittsburgh, 15232-",https://data.wprdc.org/dataset/pli-permits
EP-2020-13590,pittsburgh,2021-05-25,0,ELECTRICAL,NEW CONSTRUCTION,false,Completed,-79.9903585214,40.4486022823,"1447 SMALLMAN ST, Pittsburgh, PA 15222-",https://data.wprdc.org/dataset/pli-permits
SP-2020-16422,pittsburgh,2020-11-09,0,Sign Permit,NEW,false,Expired,-79.9574266249,40.4417270376,"120 OAKLAND AVE, Pittsburgh, PA 15213-",https://data.wprdc.org/dataset/pli-permits
MP-2023-07535,pittsburgh,2023-08-07,0,MECHANICAL,NEW CONSTRUCTION,false,Completed,-79.9589277056,40.4223563803,"3381 E CARSON ST, Pittsburgh, PA 15203-",https://data.wprdc.org/dataset/pli-permits
OLP-2024-00807,pittsburgh,2024-01-18,0,Occupant Load Placard Permit,NEW,false,Completed,-80.0056689847,40.4469552209,"115 FEDERAL ST, Pittsburgh, PA 15212-",https://data.wprdc.org/dataset/pli-permits
FAS-2023-09056,pittsburgh,2023-08-03,0,Fire Alarm Permit,NEW SYSTEM,false,Completed,-80.0507005096,40.4312273014,"100 GUYLAND ST, Pittsburgh, 15205-",https://data.wprdc.org/dataset/pli-permits
BP-2022-15283,pittsburgh,2023-02-07,0,BUILDING,NEW CONSTRUCTION,true,Completed,-79.9496455929,40.4810453161,"5321 HOLMES ST, Pittsburgh, PA 15201-",https://data.wprdc.org/dataset/pli-permits
EP-2024-12557,pittsburgh,2024-10-04,0,ELECTRICAL,NEW CONSTRUCTION,true,Issued,-79.9651612234,40.4626501233,"3439 DENNY ST, Pittsburgh, 15201-",https://data.wprdc.org/dataset/pli-permits
FAS-2024-08451,pittsburgh,2024-07-31,0,Fire Alarm Permit,NEW SYSTEM,false,Completed,-79.9521824097,40.4630417905,"4428 LIBERTY AVE, Pittsburgh, PA 15224-",https://data.wprdc.org/dataset/pli-permits
MP-2020-04522,pittsburgh,2021-04-13,0,MECHANICAL,NEW CONSTRUCTION,false,Completed,-79.9776779877,40.455798496,"2635 PENN AVE #508, Pittsburgh, PA 15222-",https://data.wprdc.org/dataset/pli-permits
EP-2023-20321,pittsburgh,2023-12-07,0,ELECTRICAL,NEW CONSTRUCTION,true,Completed,-79.9771649275,40.4440258971,"2123 ROSE ST, Pittsburgh, PA 15219-",https://data.wprdc.org/dataset/pli-permits
OOP-2021-14160,pittsburgh,2022-01-11,0,Occupancy Only Permit,NEW USE,false,Completed,-79.9507186508,40.4504300505,"216 N CRAIG ST, Pittsburgh, 15213-",https://data.wprdc.org/dataset/pli-permits
BP-2021-07422,pittsburgh,2021-07-19,0,BUILDING,NEW CONSTRUCTION,true,Completed,-79.9133217409,40.4652844329,"116 WINSLOW ST, Pittsburgh, PA 15206-",https://data.wprdc.org/dataset/pli-permits
SP-2022-08133,pittsburgh,2022-08-17,0,Sign Permit,NEW,false,Completed,-79.9175982828,40.4588956659,"6401 PENN AVE #290, Pittsburgh, PA 15206-",https://data.wprdc.org/dataset/pli-permits
EP-2023-20988,pittsburgh,2024-02-07,0,ELECTRICAL,NEW CONSTRUCTION,false,Issued,-79.9946967361,40.4224385596,"731 CARNIVAL Way, Pittsburgh, PA 15210-",https://data.wprdc.org/dataset/pli-permits
FAS-2023-17102,pittsburgh,2023-10-23,0,Fire Alarm Permit,NEW SYSTEM,false,Completed,-80.080342908,40.4450218346,"2260 ROSWELL DR #115, Pittsburgh, PA 15205-",https://data.wprdc.org/dataset/pli-permits
BP-2022-03687,pittsburgh,2022-06-28,0,BUILDING,NEW CONSTRUCTION,false,Completed,-79.9527528068,40.4546339386,"419 MELWOOD AVE #1025, Pittsburgh, PA 15213-",https://data.wprdc.org/dataset/pli-permits
BP-2020-04745,pittsburgh,2020-09-09,0,BUILDING,NEW CONSTRUCTION,false,Completed,-79.9772398962,40.458771362,"75 HOPPER PL #301, Pittsburgh, PA 15222-",https://data.wprdc.org/dataset/pli-permits
SSP-2022-02719,pittsburgh,2022-08-19,0,Suppression System Permit,NEW SYSTEM,false,Completed,-80.0071609396,40.4556645012,"6 W NORTH AVE #212, Pittsburgh, PA 15212-",https://data.wprdc.org/dataset/pli-permits
SP-2021-16993,pittsburgh,2021-11-10,0,Sign Permit,NEW,false,Completed,-79.959761797,40.4299188257,"200 TECHNOLOGY DR, Pittsburgh, 15219-",https://data.wprdc.org/dataset/pli-permits
SP-2020-03367,pittsburgh,2020-05-04,0,Sign Permit,NEW,false,Issued,-79.9640738425,40.4479920104,"574 CHAMPIONS DR, Pittsburgh, PA 15219-",https://data.wprdc.org/dataset/pli-permits
SP-2022-00773,pittsburgh,2022-04-25,0,Sign Permit,NEW,false,Issued,-80.0557688212,40.4274479542,"2350 NOBLESTOWN RD, Pittsburgh, PA 15205-",https://data.wprdc.org/dataset/pli-permits
BP-2021-18142,pittsburgh,2022-07-01,0,BUILDING,NEW CONSTRUCTION,false,Completed,-79.9231934238,40.460015708,"6226 PENN AVE, Pittsburgh, PA 15206-",https://data.wprdc.org/dataset/pli-permits
SP-2022-11535,pittsburgh,2022-08-03,0,Sign Permit,NEW,false,Issued,-79.9491343074,40.4171431368,"4339 LYTLE ST, Pittsburgh, PA 15207-",https://data.wprdc.org/dataset/pli-permits
BP-2023-06095,pittsburgh,2023-08-22,0,BUILDING,NEW CONSTRUCTION,false,Completed,-79.9892236629,40.436191678,"450 MAGEE ST, Pittsburgh, PA 15282-",https://data.wprdc.org/dataset/pli-permits
FAS-2024-11370,pittsburgh,2024-09-24,0,Fire Alarm Permit,NEW SYSTEM,false,Completed,-79.9641984402,40.4367420054,"3221 FORBES AVE #516, Pittsburgh, PA 15213-",https://data.wprdc.org/dataset/pli-permits
EP-2024-00562,pittsburgh,2024-10-24,0,ELECTRICAL,NEW CONSTRUCTION,false,Issued,-79.8960532333,40.4545762561,"7225 HAMILTON AVE, Pittsburgh, PA 15208-",https://data.wprdc.org/dataset/pli-permits
MP-2022-14290,pittsburgh,2022-09-16,0,MECHANICAL,NEW CONSTRUCTION,true,Completed,-80.0178487406,40.4368014683,"121 MERIDAN ST, Pittsburgh, PA 15211-",https://data.wprdc.org/dataset/pli-permits
BP-2023-08967,pittsburgh,2023-09-15,0,BUILDING,NEW CONSTRUCTION,true,Issued,-79.9509465821,40.4604930992,"413 PEARL ST, Pittsburgh, PA 15224-",https://data.wprdc.org/dataset/pli-permits
MP-2024-08376,pittsburgh,2024-08-22,0,MECHANICAL,NEW CONSTRUCTION,false,Completed,-79.9819997078,40.4398191177,"1738 REED ST #424, Pittsburgh, PA 15219-",https://data.wprdc.org/dataset/pli-permits
FAS-2023-20579,pittsburgh,2024-01-11,0,Fire Alarm Permit,NEW SYSTEM,false,Completed,-79.9255081197,40.4670559176,"5715 EAST LIBERTY BLVD, Pittsburgh, 15206-",https://data.wprdc.org/dataset/pli-permits
BP-2022-00260,pittsburgh,2022-06-15,0,BUILDING,NEW CONSTRUCTION,false,Completed,-79.9231934238,40.460015708,"6226 PENN AVE, Pittsburgh, PA 15206-",https://data.wprdc.org/dataset/pli-permits
FAS-2024-04170,pittsburgh,2024-06-14,0,Fire Alarm Permit,NEW SYSTEM,false,Completed,-79.9914618561,40.4415602968,"626 WASHINGTON PL #2501, Pittsburgh, PA 15219-",https://data.wprdc.org/dataset/pli-permits
EP-2022-01562,pittsburgh,2022-06-21,0,ELECTRICAL,NEW CONSTRUCTION,true,Issued,-79.9155637588,40.4681917748,"6319 SAINT MARIE ST, Pittsburgh, 15206-",https://data.wprdc.org/dataset/pli-permits
SP-2021-04327,pittsburgh,2021-05-24,0,Sign Permit,NEW,false,Application Finalization,-80.0395836485,40.4037022363,"2875 BANKSVILLE RD, Pittsburgh, 15216-",https://data.wprdc.org/dataset/pli-permits
EP-2020-06230,pittsburgh,2020-08-07,0,ELECTRICAL,NEW CONSTRUCTION,false,Completed,-79.9418489039,40.4347042792,"4620 FREW ST, Pittsburgh, PA 15207-",https://data.wprdc.org/dataset/pli-permits
OOP-2019-06113,pittsburgh,2020-02-17,0,Occupancy Only Permit,NEW USE,true,Expired,-79.9296441243,40.4688931037,"5529 COLUMBO ST, Pittsburgh, 15206-",https://data.wprdc.org/dataset/pli-permits
BP-2024-08792,pittsburgh,2024-09-05,0,BUILDING,NEW CONSTRUCTION,false,Completed,-79.9590168681,40.4704397556,"233 43RD ST, Pittsburgh, PA 15201-",https://data.wprdc.org/dataset/pli-permits
EP-2022-16482,pittsburgh,2022-10-24,0,ELECTRICAL,NEW CONSTRUCTION,true,Completed,-80.0148955897,40.4520146239,"823 WESTERN AVE, Pittsburgh, PA 15233-",https://data.wprdc.org/dataset/pli-permits
EP-2021-19551,pittsburgh,2022-03-24,0,ELECTRICAL,NEW CONSTRUCTION,false,Completed,-79.9231934238,40.460015708,"6226 PENN AVE, Pittsburgh, PA 15206-",https://data.wprdc.org/dataset/pli-permits
SP-2022-11195,pittsburgh,2023-05-22,0,Sign Permit,NEW,false,Issued,-79.9481728234,40.4833627562,"450 56TH ST #150, Pittsburgh, PA 15201-",https://data.wprdc.org/dataset/pli-permits
BP-2021-19646,pittsburgh,2022-11-02,0,BUILDING,NEW CONSTRUCTION,true,Completed,-79.9771649275,40.4440258971,"2123 ROSE ST, Pittsburgh, PA 15219-",https://data.wprdc.org/dataset/pli-permits
SP-2020-15580,pittsburgh,2020-10-27,0,Sign Permit,NEW,false,Completed,-79.9570573879,40.4409184883,"209 ATWOOD ST, Pittsburgh, 15213-",https://data.wprdc.org/dataset/pli-permits
SSP-2021-06408,pittsburgh,2021-06-15,0,Suppression System Permit,NEW SYSTEM,false,Completed,-79.9123938153,40.465245987,"121 WINSLOW ST #3, Pittsburgh, PA 15206-",https://data.wprdc.org/dataset/pli-permits
BP-2019-05492,pittsburgh,2020-01-22,0,BUILDING,NEW CONSTRUCTION,false,Completed,-79.9691318132,40.4445641169,"239 BLAKEY CT #310, Pittsburgh, PA 15219-",https://data.wprdc.org/dataset/pli-permits
SSP-2023-02671,pittsburgh,2023-04-10,0,Suppression System Permit,NEW SYSTEM,false,Completed,-79.8889294282,40.4540001219,"705 BRUSHTON AVE, Pittsburgh, PA 15208-",https://data.wprdc.org/dataset/pli-permits
SP-2023-04570,pittsburgh,2023-05-04,0,Sign Permit,NEW,false,Completed,-79.9133217409,40.4652844329,"116 WINSLOW ST, Pittsburgh, PA 15206-",https://data.wprdc.org/dataset/pli-permits
SSP-2024-05741,pittsburgh,2024-04-29,0,Suppression System Permit,NEW SYSTEM,false,Completed,-79.9819997078,40.4398191177,"1738 REED ST #424, Pittsburgh, PA 15219-",https://data.wprdc.org/dataset/pli-permits
EP-2021-10795,pittsburgh,2022-08-04,0,ELECTRICAL,NEW CONSTRUCTION,false,Completed,-79.9373961933,40.4481567579,"5131 5TH AVE, Pittsburgh, PA 15232-",https://data.wprdc.org/dataset/pli-permits
FAS-2020-01942,pittsburgh,2020-07-13,0,Fire Alarm Permit,NEW SYSTEM,false,Completed,-79.9617216464,40.4310612357,"350 TECHNOLOGY DR #611, Pittsburgh, PA 15219-",https://data.wprdc.org/dataset/pli-permits
EP-2022-14761,pittsburgh,2022-11-03,0,ELECTRICAL,NEW CONSTRUCTION,true,Issued,-79.9138608057,40.450044067,"401 HASTINGS ST, Pittsburgh, PA 15206-",https://data.wprdc.org/dataset/pli-permits
MP-2020-11694,pittsburgh,2020-07-31,0,MECHANICAL,NEW CONSTRUCTION,true,Completed,-80.0422080715,40.4133734957,"1354 CARNAHAN RD, Pittsburgh, PA 15220-",https://data.wprdc.org/dataset/pli-permits
EP-2024-04958,pittsburgh,2024-04-04,0,ELECTRICAL,NEW CONSTRUCTION,true,Completed,-79.9819997078,40.4398191177,"1738 REED ST #424, Pittsburgh, PA 15219-",https://data.wprdc.org/dataset/pli-permits
FAS-2021-20549,pittsburgh,2022-07-26,0,Fire Alarm Permit,NEW SYSTEM,false,Completed,-79.9263157894,40.4635242262,"205 N BEATTY ST #417, Pittsburgh, PA 15206-",https://data.wprdc.org/dataset/pli-permits
EP-2021-03466,pittsburgh,2021-03-17,0,ELECTRICAL,NEW CONSTRUCTION,true,Completed,-79.9870932854,40.4298706686,"1118 MURIEL ST, Pittsburgh, 15203-",https://data.wprdc.org/dataset/pli-permits
SSP-2021-00605,pittsburgh,2021-03-25,0,Suppression System Permit,NEW SYSTEM,false,Completed,-80.0035680945,40.4399201571,"6 PPG PL #830, Pittsburgh, PA 15222-",https://data.wprdc.org/dataset/pli-permits
MP-2023-15225,pittsburgh,2023-09-14,0,MECHANICAL,NEW CONSTRUCTION,true,Completed,-80.0794308566,40.4498994083,"104 CEDARWOOD PL, Pittsburgh, PA 15205-",https://data.wprdc.org/dataset/pli-permits
SP-2023-21331,pittsburgh,2024-02-05,0,Sign Permit,NEW,false,Completed,-79.9851183315,40.4289730283,"1303 E CARSON ST, Pittsburgh, 15203-",https://data.wprdc.org/dataset/pli-permits
FAS-2021-19332,pittsburgh,2021-12-07,0,Fire Alarm Permit,NEW SYSTEM,false,Completed,-79.9220804462,40.4291543797,"5844 FORWARD AVE #205, Pittsburgh, PA 15217-",https://data.wprdc.org/dataset/pli-permits
EP-2024-08448,pittsburgh,2024-06-04,0,ELECTRICAL,NEW CONSTRUCTION,true,Completed,-79.9172647316,40.4651314436,"26 MAYFLOWER ST, Pittsburgh, PA 15206-",https://data.wprdc.org/dataset/pli-permits
EP-2021-10587,pittsburgh,2021-07-08,0,ELECTRICAL,NEW CONSTRUCTION,true,Completed,-80.0009514389,40.3929131126,"1647 BELLAIRE PL, Pittsburgh, 15226-",https://data.wprdc.org/dataset/pli-permits
SSP-2021-15730,pittsburgh,2022-02-14,0,Suppression System Permit,NEW SYSTEM,false,Completed,-79.9678780585,40.4600244522,"3220 SASSAFRAS Way #414, Pittsburgh, PA 15201-",https://data.wprdc.org/dataset/pli-permits
OOP-2020-12206,pittsburgh,2021-07-09,0,Occupancy Only Permit,NEW USE,false,Expired,-79.9720551815,40.4294395753,"2323 SIDNEY ST #3, Pittsburgh, PA 15203-",https://data.wprdc.org/dataset/pli-permits
EP-2020-19786,pittsburgh,2020-12-23,0,ELECTRICAL,NEW CONSTRUCTION,false,Completed,-79.9491864155,40.4846126397,"5575 BERLIN Way, Pittsburgh, PA 15201-",https://data.wprdc.org/dataset/pli-permits
OLP-2021-07233,pittsburgh,2021-05-18,0,Occupant Load Placard Permit,NEW,false,Completed,-80.0008844171,40.4390424489,"316 4TH AVE #910, Pittsburgh, PA 15222-",https://data.wprdc.org/dataset/pli-permits
BP-2023-14007,pittsburgh,2024-01-03,0,BUILDING,NEW CONSTRUCTION,true,Completed,-79.9961076424,40.4240001894,"6 MILLBRIDGE ST, Pittsburgh, PA 15210-",https://data.wprdc.org/dataset/pli-permits
EP-2021-16989,pittsburgh,2022-01-24,0,ELECTRICAL,NEW CONSTRUCTION,false,Issued,-80.0298169822,40.4513163888,"1729 W NORTH AVE, Pittsburgh, PA 15233-",https://data.wprdc.org/dataset/pli-permits
MP-2021-01592,pittsburgh,2021-04-08,0,MECHANICAL,NEW CONSTRUCTION,true,Completed,-79.91186612,40.4708399441,"6471 STANTON AVE, Pittsburgh, PA 15206-",https://data.wprdc.org/dataset/pli-permits
MP-2022-14101,pittsburgh,2022-09-27,0,MECHANICAL,NEW CONSTRUCTION,true,Completed,-79.9624564364,40.4698024455,"177 ALMOND Way, Pittsburgh, PA 15201-",https://data.wprdc.org/dataset/pli-permits
MP-2021-17300,pittsburgh,2021-11-04,0,MECHANICAL,NEW CONSTRUCTION,true,Completed,-79.9349123813,40.4158708714,"540 BLACKSTONE ST, Pittsburgh, PA 15207-",https://data.wprdc.org/dataset/pli-permits
MP-2023-11976,pittsburgh,2023-07-28,0,MECHANICAL,NEW CONSTRUCTION,true,Completed,-79.9360871928,40.4669297008,"5360 ROSETTA ST, Pittsburgh, PA 15224-",https://data.wprdc.org/dataset/pli-permits
OLP-2024-09658,pittsburgh,2024-07-31,0,Occupant Load Placard Permit,NEW,false,Completed,-79.9114649997,40.4661519408,"624 LARIMER AVE, Pittsburgh, PA 15206-",https://data.wprdc.org/dataset/pli-permits
BP-2024-07591,pittsburgh,2024-11-26,0,BUILDING,NEW CONSTRUCTION,false,Issued,-79.8896565204,40.4902941233,"900 FREEPORT RD, Pittsburgh, PA 15238-",https://data.wprdc.org/dataset/pli-permits
BP-2022-09508,pittsburgh,2022-12-14,0,BUILDING,NEW CONSTRUCTION,true,Completed,-80.0794308566,40.4498994083,"104 CEDARWOOD PL, Pittsburgh, PA 15205-",https://data.wprdc.org/dataset/pli-permits
EP-2023-03834,pittsburgh,2023-03-14,0,ELECTRICAL,NEW CONSTRUCTION,true,Completed,-80.0794308566,40.4498994083,"104 CEDARWOOD PL, Pittsburgh, PA 15205-",https://data.wprdc.org/dataset/pli-permits
EP-2022-07004,pittsburgh,2022-11-01,0,ELECTRICAL,NEW CONSTRUCTION,false,Completed,-79.9238505444,40.4605922849,"6100 PENN AVE, Pittsburgh, 15206-",https://data.wprdc.org/dataset/pli-permits
MP-2021-09456,pittsburgh,2021-07-15,0,MECHANICAL,NEW CONSTRUCTION,true,Completed,-80.0112679099,40.4210151172,"626 MINDORA ST, Pittsburgh, 15211-",https://data.wprdc.org/dataset/pli-permits
SSP-2021-13098,pittsburgh,2021-09-10,0,Suppression System Permit,NEW SYSTEM,false,Completed,-79.960508573,40.4697495839,"4112 BUTLER ST #10, Pittsburgh, PA 15201-",https://data.wprdc.org/dataset/pli-permits
MP-2024-12297,pittsburgh,2024-10-09,0,MECHANICAL,NEW CONSTRUCTION,true,Completed,-79.9942357158,40.423586157,"740 EUREKA ST, Pittsburgh, PA 15210-",https://data.wprdc.org/dataset/pli-permits
BP-2021-14638,pittsburgh,2023-03-06,0,BUILDING,NEW CONSTRUCTION,true,Completed,-79.9358706306,40.4660957477,"215 N AIKEN AVE, Pittsburgh, 15206-",https://data.wprdc.org/dataset/pli-permits
SSP-2020-01471,pittsburgh,2020-02-24,0,Suppression System Permit,NEW SYSTEM,false,Completed,-79.9148997702,40.4316587536,"2435 BEECHWOOD BLVD, Pittsburgh, 15217-",https://data.wprdc.org/dataset/pli-permits
OOP-2020-00948,pittsburgh,2020-05-01,0,Occupancy Only Permit,NEW USE,false,Expired,-79.9111183894,40.4610229973,"415 LINCOLN AVE, Pittsburgh, PA 15206-",https://data.wprdc.org/dataset/pli-permits
EP-2021-14571,pittsburgh,2021-09-16,0,ELECTRICAL,NEW CONSTRUCTION,true,Completed,-80.0115270624,40.4592507718,"242 E JEFFERSON ST, Pittsburgh, PA 15212-",https://data.wprdc.org/dataset/pli-permits
EP-2020-20041,pittsburgh,2020-12-15,0,ELECTRICAL,NEW CONSTRUCTION,true,Completed,-79.9487804271,40.4848524509,"130 56TH ST, Pittsburgh, PA 15201-",https://data.wprdc.org/dataset/pli-permits
EP-2020-09644,pittsburgh,2020-11-16,0,ELECTRICAL,NEW CONSTRUCTION,false,Completed,-79.9313253344,40.4531425099,"711 S NEGLEY AVE #301, Pittsburgh, PA 15232-",https://data.wprdc.org/dataset/pli-permits
BP-2023-00854,pittsburgh,2023-03-06,0,BUILDING,NEW CONSTRUCTION,true,Completed,-79.9263787293,40.4663444597,"414 N SAINT CLAIR ST, Pittsburgh, PA 15206-",https://data.wprdc.org/dataset/pli-permits
MP-2024-12302,pittsburgh,2024-10-09,0,MECHANICAL,NEW CONSTRUCTION,true,Completed,-79.9948544176,40.4234951571,"724 EUREKA ST, Pittsburgh, PA 15210-",https://data.wprdc.org/dataset/pli-permits
EP-2020-10059,pittsburgh,2020-07-16,0,ELECTRICAL,NEW CONSTRUCTION,true,Completed,-79.9878333698,40.4506348221,No primary address specified,https://data.wprdc.org/dataset/pli-permits
BP-2023-03550,pittsburgh,2023-05-02,0,BUILDING,NEW CONSTRUCTION,true,Completed,-79.9933882162,40.4566870825,"903 RICKENBACH ST, Pittsburgh, PA 15212-",https://data.wprdc.org/dataset/pli-permits
BP-2023-13872,pittsburgh,2024-02-23,0,BUILDING,NEW CONSTRUCTION,false,Issued,-79.974992254,40.4378382184,"2120 5TH AVE #414, Pittsburgh, PA 15219-",https://data.wprdc.org/dataset/pli-permits
MP-2020-08969,pittsburgh,2020-08-11,0,MECHANICAL,NEW CONSTRUCTION,false,Completed,-80.0859878913,40.4426931777,"463 NAPOR BLVD #121, Pittsburgh, PA 15205-",https://data.wprdc.org/dataset/pli-permits
BP-2021-05516,pittsburgh,2021-05-27,0,BUILDING,NEW CONSTRUCTION,true,Issued,-80.0146042466,40.4287711473,"472 GRACE ST, Pittsburgh, PA 15211-",https://data.wprdc.org/dataset/pli-permits
SP-2020-04184,pittsburgh,2020-07-28,0,Sign Permit,NEW,false,Completed,-79.9997022083,40.4400385679,"332 5TH AVE, Pittsburgh, PA 15222-",https://data.wprdc.org/dataset/pli-permits
SSP-2020-07745,pittsburgh,2020-09-25,0,Suppression System Permit,NEW SYSTEM,false,Completed,-79.9838559973,40.4544393982,"2239 RAILROAD ST, Pittsburgh, 15222-",https://data.wprdc.org/dataset/pli-permits
BP-2020-18351,pittsburgh,2020-12-03,0,BUILDING,NEW CONSTRUCTION,true,Completed,-79.9583000535,40.4602185683,"3721 MELWOOD AVE, Pittsburgh, PA 15213-",https://data.wprdc.org/dataset/pli-permits
OLP-2024-03927,pittsburgh,2024-04-25,0,Occupant Load Placard Permit,NEW,false,Completed,-79.9639972173,40.4685327573,"3913 BUTLER ST, Pittsburgh, PA 15201-",https://data.wprdc.org/dataset/pli-permits
EP-2023-20319,pittsburgh,2023-12-07,0,ELECTRICAL,NEW CONSTRUCTION,true,Completed,-79.9772760107,40.4439788867,"2119 ROSE ST, Pittsburgh, PA 15219-",https://data.wprdc.org/dataset/pli-permits
MP-2023-10344,pittsburgh,2023-07-07,0,MECHANICAL,NEW CONSTRUCTION,true,Completed,-79.9354974238,40.4672967128,"5377 ROSETTA ST, Pittsburgh, 15224-",https://data.wprdc.org/dataset/pli-permits
BP-2023-10239,pittsburgh,2024-04-03,0,BUILDING,NEW CONSTRUCTION,false,Completed,-79.9814716979,40.4403107392,"1800 REED ST #616, Pittsburgh, PA 15219-",https://data.wprdc.org/dataset/pli-permits
SSP-2021-10842,pittsburgh,2021-08-10,0,Suppression System Permit,NEW SYSTEM,false,Completed,-79.9388345506,40.4644404087,"5228 PENN AVE #301, Pittsburgh, PA 15224-",https://data.wprdc.org/dataset/pli-permits
OLP-2024-08811,pittsburgh,2024-10-09,0,Occupant Load Placard Permit,NEW,false,Completed,-79.9458769595,40.4461949142,"301 S NEVILLE ST, Pittsburgh, PA 15213-",https://data.wprdc.org/dataset/pli-permits
EP-2023-14737,pittsburgh,2023-12-15,0,ELECTRICAL,NEW CONSTRUCTION,false,Completed,-80.0003302639,40.4537870139,"510 E OHIO ST, Pittsburgh, PA 15212-",https://data.wprdc.org/dataset/pli-permits
MP-2021-07790,pittsburgh,2021-05-12,0,MECHANICAL,NEW CONSTRUCTION,true,Completed,-79.9930869616,40.385621826,"2346 WALTON AVE, Pittsburgh, PA 15210-",https://data.wprdc.org/dataset/pli-permits
SP-2023-18611,pittsburgh,2023-12-20,0,Sign Permit,NEW,false,Completed,-79.9337853712,40.4514362193,"739 BELLEFONTE ST, Pittsburgh, PA 15232-",https://data.wprdc.org/dataset/pli-permits
EP-2020-01803,pittsburgh,2020-02-14,0,ELECTRICAL,NEW CONSTRUCTION,true,Completed,-80.0179206755,40.4606134183,"1914 FLOCKER ST #203, Pittsburgh, PA 15212-",https://data.wprdc.org/dataset/pli-permits
MP-2023-15231,pittsburgh,2023-09-14,0,MECHANICAL,NEW CONSTRUCTION,true,Completed,-80.0794308566,40.4498994083,"104 CEDARWOOD PL, Pittsburgh, PA 15205-",https://data.wprdc.org/dataset/pli-permits
MP-2021-13018,pittsburgh,2021-08-05,0,MECHANICAL,NEW CONSTRUCTION,true,Completed,-79.9261550749,40.4677322292,"509 N SAINT CLAIR ST, Pittsburgh, PA 15206-",https://data.wprdc.org/dataset/pli-permits
BP-2021-13829,pittsburgh,2022-07-26,0,BUILDING,NEW CONSTRUCTION,true,Issued,-79.9745739128,40.430395525,"2137 WHARTON ST, Pittsburgh, PA 15203-",https://data.wprdc.org/dataset/pli-permits
EP-2021-20880,pittsburgh,2022-01-10,0,ELECTRICAL,NEW CONSTRUCTION,true,Issued,-79.9684342669,40.4147510135,"227 RINNE ST, Pittsburgh, 15210-",https://data.wprdc.org/dataset/pli-permits
FAS-2024-13339,pittsburgh,2024-12-20,0,Fire Alarm Permit,NEW SYSTEM,false,Completed,-79.8896565204,40.4902941233,"900 FREEPORT RD, Pittsburgh, PA 15238-",https://data.wprdc.org/dataset/pli-permits
EP-2022-12703,pittsburgh,2022-09-01,0,ELECTRICAL,NEW CONSTRUCTION,true,Issued,-79.959154267,40.47607814,"4728 HATFIELD ST, Pittsburgh, PA 15201-",https://data.wprdc.org/dataset/pli-permits
MP-2020-01423,pittsburgh,2020-03-18,0,MECHANICAL,NEW CONSTRUCTION,true,Completed,-79.9463800216,40.4674027689,"4718 MOSSFIELD ST, Pittsburgh, 15224-",https://data.wprdc.org/dataset/pli-permits
SP-2023-06306,pittsburgh,2023-05-01,0,Sign Permit,NEW,false,Issued,-79.9778511183,40.4283450856,"1930 E CARSON ST, Pittsburgh, 15203-",https://data.wprdc.org/dataset/pli-permits
MP-2024-12303,pittsburgh,2024-10-09,0,MECHANICAL,NEW CONSTRUCTION,true,Completed,-79.9945071017,40.4236005848,"732 EUREKA ST, Pittsburgh, PA 15210-",https://data.wprdc.org/dataset/pli-permits
BP-2023-04343,pittsburgh,2023-06-12,0,BUILDING,NEW CONSTRUCTION,false,Completed,-79.9473815875,40.4844534144,"5608 BUTLER ST, Pittsburgh, PA 15201-",https://data.wprdc.org/dataset/pli-permits
SSP-2023-11369,pittsburgh,2023-11-15,0,Suppression System Permit,NEW SYSTEM,false,Completed,-79.9658194883,40.4294901026,"2695 SOUTH WATER ST #442, Pittsburgh, PA 15203-",https://data.wprdc.org/dataset/pli-permits
EP-2022-04109,pittsburgh,2022-04-08,0,ELECTRICAL,NEW CONSTRUCTION,true,Completed,-79.9252631451,40.4673069867,"517 N EUCLID AVE, Pittsburgh, PA 15206-",https://data.wprdc.org/dataset/pli-permits
OLP-2021-17389,pittsburgh,2021-11-04,0,Occupant Load Placard Permit,NEW,false,Completed,-80.00473559,40.4331090422,"195 W STATION SQUARE DR, Pittsburgh, PA 15219-",https://data.wprdc.org/dataset/pli-permits
MP-2024-02945,pittsburgh,2024-03-06,0,MECHANICAL,NEW CONSTRUCTION,true,Completed,-79.9670215006,40.4411645987,"3121 ELLERS ST, Pittsburgh, PA 15213-",https://data.wprdc.org/dataset/pli-permits
SP-2021-00677,pittsburgh,2021-01-25,0,Sign Permit,NEW,false,Completed,-79.9224135538,40.4377352706,"5810 FORBES AVE, Pittsburgh, 15217-",https://data.wprdc.org/dataset/pli-permits
EP-2021-16412,pittsburgh,2021-10-07,0,ELECTRICAL,NEW CONSTRUCTION,true,Revoked,-79.8733075086,40.4514592285,"2075 CALISTOGA PL, Pittsburgh, 15221-",https://data.wprdc.org/dataset/pli-permits
SP-2020-20614,pittsburgh,2022-02-15,0,Sign Permit,NEW,false,Completed,-79.9952595826,40.4576578459,"1022 CHESTNUT ST, Pittsburgh, 15212-",https://data.wprdc.org/dataset/pli-permits
SSP-2019-11215,pittsburgh,2020-05-07,0,Suppression System Permit,NEW SYSTEM,false,Completed,-79.9623431987,40.4250979403,"2984 SIDNEY ST, Pittsburgh, PA 15203-",https://data.wprdc.org/dataset/pli-permits
SP-2021-04998,pittsburgh,2021-05-11,0,Sign Permit,NEW,false,Completed,-79.9246967989,40.4588439426,"201 S HIGHLAND AVE, Pittsburgh, 15206-",https://data.wprdc.org/dataset/pli-permits
SSP-2020-05400,pittsburgh,2020-09-04,0,Suppression System Permit,NEW SYSTEM,false,Completed,-79.9816941799,40.4368426269,"308 MILTENBERGER ST #302, Pittsburgh, PA 15219-",https://data.wprdc.org/dataset/pli-permits
SP-2022-09951,pittsburgh,2022-07-12,0,Sign Permit,NEW,false,Issued,-79.9611220382,40.4239643883,"3175 E CARSON ST, Pittsburgh, 15203-",https://data.wprdc.org/dataset/pli-permits
BP-2023-19344,pittsburgh,2023-12-01,0,BUILDING,NEW CONSTRUCTION,false,Completed,-79.9517622328,40.4400640167,"373 YARROW Way #2, Pittsburgh, PA 15213-",https://data.wprdc.org/dataset/pli-permits
EP-2021-15151,pittsburgh,2021-09-14,0,ELECTRICAL,NEW CONSTRUCTION,true,Completed,-79.9835428455,40.4468419873,"1870 CLIFF ST, Pittsburgh, PA 15219-",https://data.wprdc.org/dataset/pli-permits
BP-2021-14629,pittsburgh,2023-03-03,0,BUILDING,NEW CONSTRUCTION,true,Completed,-79.9360871928,40.4669297008,"5360 ROSETTA ST, Pittsburgh, PA 15224-",https://data.wprdc.org/dataset/pli-permits
SP-2024-11969,pittsburgh,2024-11-06,0,Sign Permit,NEW,false,Issued,-80.0025280493,40.4401975035,"3 MARKET SQ, Pittsburgh, 15222-",https://data.wprdc.org/dataset/pli-permits
SSP-2023-09044,pittsburgh,2023-07-14,0,Suppression System Permit,NEW SYSTEM,false,Completed,-80.0839226561,40.4486052545,"MAZETTE RD, Pittsburgh, PA 15205-",https://data.wprdc.org/dataset/pli-permits
SP-2023-12120,pittsburgh,2023-08-10,0,Sign Permit,NEW,false,Completed,-79.9516420088,40.4498329912,No primary address specified,https://data.wprdc.org/dataset/pli-permits
MP-2020-08407,pittsburgh,2020-07-09,0,MECHANICAL,NEW CONSTRUCTION,true,Completed,-80.024513657,40.4580101073,"1227 COLUMBUS AVE, Pittsburgh, 15233-",https://data.wprdc.org/dataset/pli-permits
BP-2019-06101,pittsburgh,2020-11-04,0,BUILDING,NEW CONSTRUCTION,true,Completed,-80.0151858968,40.4582657656,"1607 BUENA VISTA ST, Pittsburgh, PA 15212-",https://data.wprdc.org/dataset/pli-permits
EP-2022-05104,pittsburgh,2022-04-08,0,ELECTRICAL,NEW CONSTRUCTION,true,Completed,-79.9201339279,40.4745508029,"1114 N EUCLID AVE, Pittsburgh, 15206-",https://data.wprdc.org/dataset/pli-permits
FAS-2022-12215,pittsburgh,2022-11-07,0,Fire Alarm Permit,NEW SYSTEM,false,Completed,-79.9527528068,40.4546339386,"419 MELWOOD AVE #1025, Pittsburgh, PA 15213-",https://data.wprdc.org/dataset/pli-permits
SP-2020-01836,pittsburgh,2020-06-03,0,Sign Permit,NEW,false,Completed,-79.9489146332,40.4446736606,"420 S CRAIG ST, Pittsburgh, PA 15213-",https://data.wprdc.org/dataset/pli-permits
BP-2022-11473,pittsburgh,2024-04-26,0,BUILDING,NEW CONSTRUCTION,false,Completed,-79.888140356,40.4516360906,"331 HALE ST, Pittsburgh, PA 15208-",https://data.wprdc.org/dataset/pli-permits
SP-2021-02096,pittsburgh,2021-08-13,0,Sign Permit,NEW,false,Completed,-80.00473559,40.4331090422,"195 W STATION SQUARE DR, Pittsburgh, PA 15219-",https://data.wprdc.org/dataset/pli-permits
SSP-2022-11169,pittsburgh,2023-04-12,0,Suppression System Permit,NEW SYSTEM,false,Completed,-79.9473786824,40.4487848208,"569 N NEVILLE ST, Pittsburgh, PA 15213-",https://data.wprdc.org/dataset/pli-permits
EP-2024-09815,pittsburgh,2024-08-21,0,ELECTRICAL,NEW CONSTRUCTION,false,Completed,-79.981645253,40.4410720618,"1829 REED ST, Pittsburgh, PA 15219-",https://data.wprdc.org/dataset/pli-permits
EP-2023-03811,pittsburgh,2023-03-14,0,ELECTRICAL,NEW CONSTRUCTION,true,Completed,-80.0794308566,40.4498994083,"104 CEDARWOOD PL, Pittsburgh, PA 15205-",https://data.wprdc.org/dataset/pli-permits
OLP-2021-06296,pittsburgh,2021-04-19,0,Occupant Load Placard Permit,NEW,false,Completed,-79.9878644368,40.4372503667,"1304 FORBES AVE, Pittsburgh, PA 15282-",https://data.wprdc.org/dataset/pli-permits
BP-2022-11364,pittsburgh,2022-09-14,0,BUILDING,NEW CONSTRUCTION,true,Completed,-79.9149359684,40.4625415637,"163 AUBURN ST, Pittsburgh, PA 15206-",https://data.wprdc.org/dataset/pli-permits
BP-2020-19674,pittsburgh,2021-05-24,0,BUILDING,NEW CONSTRUCTION,false,Completed,-79.9684280981,40.4603506967,"3234 LIBERTY AVE #562, Pittsburgh, PA 15201-",https://data.wprdc.org/dataset/pli-permits
BDA-2024-00084,pittsburgh,2024-11-15,0,Building & Development Application,New Construction,false,Issued,-79.976702153,40.4558327029,"319 27TH ST, Pittsburgh, PA 15222-",https://data.wprdc.org/dataset/pli-permits
EP-2022-12063,pittsburgh,2022-08-03,0,ELECTRICAL,NEW CONSTRUCTION,true,Completed,-79.9624307684,40.4697757241,"179 ALMOND Way, Pittsburgh, PA 15201-",https://data.wprdc.org/dataset/pli-permits
BP-2021-18694,pittsburgh,2022-05-04,0,BUILDING,NEW CONSTRUCTION,false,Completed,-79.9527528068,40.4546339386,"419 MELWOOD AVE #1025, Pittsburgh, PA 15213-",https://data.wprdc.org/dataset/pli-permits
BP-2022-14036,pittsburgh,2022-11-07,0,BUILDING,NEW CONSTRUCTION,true,Issued,-79.9868610588,40.4222950791,"1035 E WARRINGTON AVE, Pittsburgh, PA 15210-",https://data.wprdc.org/dataset/pli-permits
SSP-2022-08021,pittsburgh,2022-08-04,0,Suppression System Permit,NEW SYSTEM,false,Completed,-79.9655922462,40.4279562921,"440 CINEMA DR, Pittsburgh, PA 15203-",https://data.wprdc.org/dataset/pli-permits
BP-2021-20601,pittsburgh,2022-03-25,0,BUILDING,NEW CONSTRUCTION,false,Completed,-79.9658194883,40.4294901026,"2695 SOUTH WATER ST #442, Pittsburgh, PA 15203-",https://data.wprdc.org/dataset/pli-permits
SP-2021-14555,pittsburgh,2021-11-01,0,Sign Permit,NEW,false,Issued,-79.9401755564,40.4573786627,"5259 LIBERTY AVE, Pittsburgh, PA 15224-",https://data.wprdc.org/dataset/pli-permits
OLP-2022-16613,pittsburgh,2022-11-10,0,Occupant Load Placard Permit,NEW,false,Completed,-79.9140697385,40.4561543526,"6515 PENN AVE, Pittsburgh, PA 15206-",https://data.wprdc.org/dataset/pli-permits
SSP-2023-17094,pittsburgh,2023-10-13,0,Suppression System Permit,NEW SYSTEM,false,Completed,-79.9454535108,40.4142192189,"4609 IRVINE ST, Pittsburgh, PA 15207-",https://data.wprdc.org/dataset/pli-permits
SP-2023-19239,pittsburgh,2024-01-04,0,Sign Permit,NEW,false,Completed,-79.992512301,40.4220949215,"831 E WARRINGTON AVE, Pittsburgh, 15210-",https://data.wprdc.org/dataset/pli-permits
SP-2022-03281,pittsburgh,2022-03-22,0,Sign Permit,NEW,false,Issued,-80.002273912,40.4383872486,"244 BLVD OF THE ALLIES, Pittsburgh, 15222-",https://data.wprdc.org/dataset/pli-permits
SP-2023-12408,pittsburgh,2023-11-13,0,Sign Permit,NEW,false,Issued,-79.9231934238,40.460015708,"6226 PENN AVE, Pittsburgh, PA 15206-",https://data.wprdc.org/dataset/pli-permits
MP-2019-08984,pittsburgh,2020-01-16,0,MECHANICAL,NEW CONSTRUCTION,false,Completed,-79.9420027182,40.4636893273,"148 URSULINE DR, Pittsburgh, PA 15224-",https://data.wprdc.org/dataset/pli-permits
SSP-2019-07708,pittsburgh,2022-06-30,0,Suppression System Permit,NEW SYSTEM,false,Revoked,-79.975989476,40.4260597401,"2121 MARY ST, Pittsburgh, PA 15203-",https://data.wprdc.org/dataset/pli-permits
OOP-2021-15526,pittsburgh,2021-11-17,0,Occupancy Only Permit,NEW USE,false,Expired,-79.9838869205,40.4441623799,"1812 ENOCH ST, Pittsburgh, PA 15219-",https://data.wprdc.org/dataset/pli-permits
MP-2020-00222,pittsburgh,2020-07-07,0,MECHANICAL,NEW CONSTRUCTION,false,Completed,-79.9203659474,40.4382763699,"5869 FORBES AVE, Pittsburgh, PA 15217-",https://data.wprdc.org/dataset/pli-permits
SP-2022-13500,pittsburgh,2023-05-22,0,Sign Permit,NEW,false,Completed,-79.9666536179,40.4639696627,"3495 BUTLER ST, Pittsburgh, 15201-",https://data.wprdc.org/dataset/pli-permits
EP-2020-19867,pittsburgh,2020-12-23,0,ELECTRICAL,NEW CONSTRUCTION,false,Completed,-79.9488593454,40.484577116,"5581 BERLIN Way, Pittsburgh, PA 15201-",https://data.wprdc.org/dataset/pli-permits
BP-2022-09502,pittsburgh,2022-12-14,0,BUILDING,NEW CONSTRUCTION,true,Completed,-80.0794308566,40.4498994083,"104 CEDARWOOD PL, Pittsburgh, PA 15205-",https://data.wprdc.org/dataset/pli-permits
BP-2021-05518,pittsburgh,2022-01-10,0,BUILDING,NEW CONSTRUCTION,true,Issued,-80.0145516009,40.4288392008,"468 GRACE ST, Pittsburgh, PA 15211-",https://data.wprdc.org/dataset/pli-permits
BP-2022-09541,pittsburgh,2022-12-14,0,BUILDING,NEW CONSTRUCTION,true,Completed,-80.0794308566,40.4498994083,"104 CEDARWOOD PL, Pittsburgh, PA 15205-",https://data.wprdc.org/dataset/pli-permits
SSP-2024-08954,pittsburgh,2024-09-13,0,Suppression System Permit,NEW SYSTEM,false,Completed,-80.0062742384,40.4558385656,"8 E NORTH AVE #1, Pittsburgh, PA 15212-",https://data.wprdc.org/dataset/pli-permits
SP-2020-01870,pittsburgh,2020-06-03,0,Sign Permit,NEW,false,Completed,-79.9644021732,40.4662203568,"3706 BUTLER ST, Pittsburgh, PA 15201-",https://data.wprdc.org/dataset/pli-permits
MP-2024-10064,pittsburgh,2024-07-29,0,MECHANICAL,NEW CONSTRUCTION,true,Completed,-79.9513642586,40.4592017075,"456 CEDARVILLE ST, Pittsburgh, 15224-",https://data.wprdc.org/dataset/pli-permits
BP-2020-06968,pittsburgh,2020-11-23,0,BUILDING,NEW CONSTRUCTION,true,Completed,-79.9369158061,40.4397622105,"202 SCHENLEY RD, Pittsburgh, 15217-",https://data.wprdc.org/dataset/pli-permits
BP-2023-14013,pittsburgh,2023-12-15,0,BUILDING,NEW CONSTRUCTION,false,Issued,-79.9287894046,40.4621581093,"141 S SAINT CLAIR ST #601, Pittsburgh, PA 15206-",https://data.wprdc.org/dataset/pli-permits
SP-2022-14627,pittsburgh,2022-12-09,0,Sign Permit,NEW,false,Completed,-79.9903585214,40.4486022823,"1447 SMALLMAN ST, Pittsburgh, PA 15222-",https://data.wprdc.org/dataset/pli-permits
SP-2022-18260,pittsburgh,2023-04-19,0,Sign Permit,NEW,false,Completed,-79.9469985539,40.4537325497,"4815 CENTRE AVE #107, Pittsburgh, PA 15213-",https://data.wprdc.org/dataset/pli-permits
FAS-2024-03176,pittsburgh,2024-07-17,0,Fire Alarm Permit,NEW SYSTEM,false,Completed,-79.9492671592,40.4633244597,"208 PEARL ST, Pittsburgh, PA 15224-",https://data.wprdc.org/dataset/pli-permits
BP-2019-07515,pittsburgh,2020-01-06,0,BUILDING,NEW CONSTRUCTION,false,Completed,-79.94390358,40.4417684612,"4927 MARGARET MORRISON ST, Pittsburgh, PA 15213-",https://data.wprdc.org/dataset/pli-permits
MP-2024-12050,pittsburgh,2024-09-25,0,MECHANICAL,NEW CONSTRUCTION,true,Completed,-79.9945051939,40.4238860563,"731 EUREKA ST, Pittsburgh, PA 15210-",https://data.wprdc.org/dataset/pli-permits
MP-2022-14378,pittsburgh,2022-12-02,0,MECHANICAL,NEW CONSTRUCTION,true,Completed,-80.0111776957,40.4605596246,"1854 CLAYTON AVE, Pittsburgh, PA 15214-",https://data.wprdc.org/dataset/pli-permits
OLP-2022-13523,pittsburgh,2023-08-11,0,Occupant Load Placard Permit,NEW,false,Completed,-80.0035680945,40.4399201571,"6 PPG PL #830, Pittsburgh, PA 15222-",https://data.wprdc.org/dataset/pli-permits
FAS-2024-06818,pittsburgh,2024-10-21,0,Fire Alarm Permit,NEW SYSTEM,false,Issued,-79.9598453087,40.4424544322,"200 LOTHROP ST, Pittsburgh, PA 15213-",https://data.wprdc.org/dataset/pli-permits
SP-2021-02630,pittsburgh,2021-03-03,0,Sign Permit,NEW,false,Completed,-80.0177995755,40.4077223063,"1701 WEST LIBERTY AVE, Pittsburgh, 15226-",https://data.wprdc.org/dataset/pli-permits
BP-2022-02311,pittsburgh,2022-06-21,0,BUILDING,NEW CONSTRUCTION,false,Completed,-79.9658194883,40.4294901026,"2695 SOUTH WATER ST #442, Pittsburgh, PA 15203-",https://data.wprdc.org/dataset/pli-permits
SP-2022-08086,pittsburgh,2023-01-03,0,Sign Permit,NEW,false,Issued,-79.9941578381,40.3823790301,"2413 SAINT NORBERT ST, Pittsburgh, 15234-",https://data.wprdc.org/dataset/pli-permits
OLP-2024-08091,pittsburgh,2024-08-20,0,Occupant Load Placard Permit,NEW,false,Completed,-79.9534671605,40.4672787218,"4401 PENN AVE #5300, Pittsburgh, PA 15224-",https://data.wprdc.org/dataset/pli-permits
FAS-2021-12306,pittsburgh,2021-12-29,0,Fire Alarm Permit,NEW SYSTEM,false,Completed,-80.0220131787,40.4471260635,"757 CASINO DR, Pittsburgh, PA 15212-",https://data.wprdc.org/dataset/pli-permits
MP-2022-17938,pittsburgh,2022-12-09,0,MECHANICAL,NEW CONSTRUCTION,true,Revoked,-79.9590168681,40.4704397556,"233 43RD ST, Pittsburgh, PA 15201-",https://data.wprdc.org/dataset/pli-permits
OOP-2019-11274,pittsburgh,2020-01-09,0,Occupancy Only Permit,NEW USE,true,Completed,-80.0713457187,40.4578776564,"3715 CHARTIERS AVE, Pittsburgh, 15204-",https://data.wprdc.org/dataset/pli-permits
BP-2023-18427,pittsburgh,2024-01-03,0,BUILDING,NEW CONSTRUCTION,true,Completed,-79.9948544176,40.4234951571,"724 EUREKA ST, Pittsburgh, PA 15210-",https://data.wprdc.org/dataset/pli-permits
MP-2024-12316,pittsburgh,2024-10-07,0,MECHANICAL,NEW CONSTRUCTION,true,Issued,-79.9931662843,40.4271114307,"620 WINDOM ST, Pittsburgh, PA 15203-",https://data.wprdc.org/dataset/pli-permits
SP-2022-01199,pittsburgh,2022-09-01,0,Sign Permit,NEW,false,Completed,-79.9343355065,40.4507361279,"5428 WALNUT ST, Pittsburgh, 15232-",https://data.wprdc.org/dataset/pli-permits
BP-2022-17403,pittsburgh,2023-02-09,0,BUILDING,NEW CONSTRUCTION,false,Completed,-80.0839226561,40.4486052545,"MAZETTE RD, Pittsburgh, PA 15205-",https://data.wprdc.org/dataset/pli-permits
SSP-2022-07479,pittsburgh,2022-07-20,0,Suppression System Permit,NEW SYSTEM,false,Completed,-79.9874931934,40.4380318427,"118 STEVENSON ST, Pittsburgh, PA 15219-",https://data.wprdc.org/dataset/pli-permits
SP-2023-16261,pittsburgh,2024-03-06,0,Sign Permit,NEW,false,Issued,-80.0075820344,40.4956285238,"4260 EVERGREEN RD, Pittsburgh, 15214-",https://data.wprdc.org/dataset/pli-permits
SP-2022-05283,pittsburgh,2022-05-04,0,Sign Permit,NEW,false,Completed,-79.9996443417,40.3983207148,"1701 SAW MILL RUN BLVD, Pittsburgh, PA 15210-",https://data.wprdc.org/dataset/pli-permits
SP-2021-11147,pittsburgh,2021-10-28,0,Sign Permit,NEW,false,Completed,-80.0412522397,40.4023884445,"2945 BANKSVILLE RD, Pittsburgh, 15216-",https://data.wprdc.org/dataset/pli-permits
EP-2024-08869,pittsburgh,2024-09-23,0,ELECTRICAL,NEW CONSTRUCTION,true,Completed,-79.961300599,40.4652551742,"290 39TH ST, Pittsburgh, PA 15201-",https://data.wprdc.org/dataset/pli-permits
FAS-2020-12017,pittsburgh,2020-09-16,0,Fire Alarm Permit,NEW SYSTEM,false,Issued,-79.9512168605,40.4499547085,"201 N CRAIG ST, Pittsburgh, 15213-",https://data.wprdc.org/dataset/pli-permits
BP-2019-09343,pittsburgh,2020-10-14,0,BUILDING,NEW CONSTRUCTION,false,Completed,-79.9373961933,40.4481567579,"5131 5TH AVE, Pittsburgh, PA 15232-",https://data.wprdc.org/dataset/pli-permits
BP-2023-02538,pittsburgh,2023-04-27,0,BUILDING,NEW CONSTRUCTION,false,Issued,-79.9271135515,40.45782655,"235 SPAHR ST, Pittsburgh, 15232-",https://data.wprdc.org/dataset/pli-permits
BP-2023-14504,pittsburgh,2023-12-08,0,BUILDING,NEW CONSTRUCTION,true,Completed,-79.9670215006,40.4411645987,"3121 ELLERS ST, Pittsburgh, PA 15213-",https://data.wprdc.org/dataset/pli-permits
BP-2020-02022,pittsburgh,2021-06-01,0,BUILDING,NEW CONSTRUCTION,false,Completed,-79.9764731199,40.4581127332,"115 28TH ST, Pittsburgh, PA 15222-",https://data.wprdc.org/dataset/pli-permits
EP-2021-14572,pittsburgh,2021-09-16,0,ELECTRICAL,NEW CONSTRUCTION,true,Issued,-79.9252631451,40.4673069867,"517 N EUCLID AVE, Pittsburgh, PA 15206-",https://data.wprdc.org/dataset/pli-permits
EP-2023-03891,pittsburgh,2023-03-14,0,ELECTRICAL,NEW CONSTRUCTION,true,Completed,-80.0794308566,40.4498994083,"104 CEDARWOOD PL, Pittsburgh, PA 15205-",https://data.wprdc.org/dataset/pli-permits
EP-2023-11079,pittsburgh,2023-08-22,0,ELECTRICAL,NEW CONSTRUCTION,true,Completed,-79.9358486233,40.4673337211,"5361 ROSETTA ST, Pittsburgh, 15224-",https://data.wprdc.org/dataset/pli-permits
MP-2022-12642,pittsburgh,2023-01-10,0,MECHANICAL,NEW CONSTRUCTION,true,Completed,-79.9879335135,40.445388572,"1547 CLIFF ST, Pittsburgh, PA 15219-",https://data.wprdc.org/dataset/pli-permits
OLP-2023-13707,pittsburgh,2023-11-02,0,Occupant Load Placard Permit,NEW,false,Completed,-79.9874931934,40.4380318427,"118 STEVENSON ST, Pittsburgh, PA 15219-",https://data.wprdc.org/dataset/pli-permits
OOP-2021-11525,pittsburgh,2022-06-16,0,Occupancy Only Permit,NEW USE,true,Completed,-79.9381686911,40.4417703336,"28 ROSELAWN TER #10, Pittsburgh, PA 15213-",https://data.wprdc.org/dataset/pli-permits
SP-2022-15314,pittsburgh,2022-10-10,0,Sign Permit,NEW,false,Completed,-79.9401755564,40.4573786627,"5259 LIBERTY AVE, Pittsburgh, PA 15224-",https://data.wprdc.org/dataset/pli-permits
OLP-2022-18060,pittsburgh,2023-02-07,0,Occupant Load Placard Permit,NEW,false,Completed,-79.8881285993,40.4507517898,"7745 TIOGA ST, Pittsburgh, PA 15208-",https://data.wprdc.org/dataset/pli-permits
SSP-2021-15592,pittsburgh,2021-10-11,0,Suppression System Permit,NEW SYSTEM,false,Completed,-80.0156799546,40.457830042,"1534 BRIGHTON RD, Pittsburgh, 15212-",https://data.wprdc.org/dataset/pli-permits
OLP-2022-10185,pittsburgh,2022-07-25,0,Occupant Load Placard Permit,NEW,false,Completed,-79.9529074439,40.4642444321,"4305 MAIN ST, Pittsburgh, 15224-",https://data.wprdc.org/dataset/pli-permits
BP-2022-18413,pittsburgh,2023-05-26,0,BUILDING,NEW CONSTRUCTION,false,Completed,-79.9211060768,40.4587972853,"163 SHADY AVE #114, Pittsburgh, PA 15206-",https://data.wprdc.org/dataset/pli-permits
FAS-2020-04168,pittsburgh,2020-06-12,0,Fire Alarm Permit,NEW SYSTEM,false,Completed,-79.9862209244,40.4290359459,"16 BEDFORD SQ #300, Pittsburgh, PA 15203-",https://data.wprdc.org/dataset/pli-permits
EP-2024-01298,pittsburgh,2024-02-02,0,ELECTRICAL,NEW CONSTRUCTION,true,Completed,-79.9395946278,40.4117175053,"337 FLOWERS AVE, Pittsburgh, PA 15207-",https://data.wprdc.org/dataset/pli-permits
EP-2023-01852,pittsburgh,2023-01-31,0,ELECTRICAL,NEW CONSTRUCTION,true,Completed,-79.9373961933,40.4481567579,"5131 5TH AVE, Pittsburgh, PA 15232-",https://data.wprdc.org/dataset/pli-permits
MP-2024-06639,pittsburgh,2024-05-03,0,MECHANICAL,NEW CONSTRUCTION,true,Completed,-79.9819997078,40.4398191177,"1738 REED ST #424, Pittsburgh, PA 15219-",https://data.wprdc.org/dataset/pli-permits
BP-2021-09836,pittsburgh,2022-05-23,0,BUILDING,NEW CONSTRUCTION,false,Completed,-79.980643832,40.4531028523,"2330 PENN AVE #801, Pittsburgh, PA 15222-",https://data.wprdc.org/dataset/pli-permits
SP-2021-00185,pittsburgh,2021-02-02,0,Sign Permit,NEW,false,Completed,-79.9988959005,40.442392583,"610 WOOD ST #3, Pittsburgh, PA 15222-",https://data.wprdc.org/dataset/pli-permits
BP-2023-17992,pittsburgh,2024-11-19,0,BUILDING,NEW CONSTRUCTION,true,Completed,-79.9934828595,40.4229770315,"805 EXCELSIOR ST, Pittsburgh, PA 15210-",https://data.wprdc.org/dataset/pli-permits
MP-2023-13957,pittsburgh,2023-10-03,0,MECHANICAL,NEW CONSTRUCTION,true,Completed,-79.9773291345,40.4439563935,"2117 ROSE ST, Pittsburgh, PA 15219-",https://data.wprdc.org/dataset/pli-permits
EP-2023-03949,pittsburgh,2023-03-14,0,ELECTRICAL,NEW CONSTRUCTION,true,Completed,-80.0794308566,40.4498994083,"104 CEDARWOOD PL, Pittsburgh, PA 15205-",https://data.wprdc.org/dataset/pli-permits
OOP-2021-20141,pittsburgh,2022-08-31,0,Occupancy Only Permit,NEW USE,false,Completed,-80.0559454745,40.4558436825,"3048 ASHLYN ST, Pittsburgh, PA 15204-",https://data.wprdc.org/dataset/pli-permits
BP-2023-13850,pittsburgh,2023-11-28,0,BUILDING,NEW CONSTRUCTION,false,Completed,-79.9776779877,40.455798496,"2635 PENN AVE #508, Pittsburgh, PA 15222-",https://data.wprdc.org/dataset/pli-permits
OLP-2024-09892,pittsburgh,2024-08-21,0,Occupant Load Placard Permit,NEW,false,Expired,-80.0184530102,40.4712927878,"514 MARSHALL AVE, Pittsburgh, PA 15214-",https://data.wprdc.org/dataset/pli-permits
EP-2022-16824,pittsburgh,2022-11-03,0,ELECTRICAL,NEW CONSTRUCTION,true,Completed,-80.0246087361,40.4395173164,"219 SEWARD ST, Pittsburgh, PA 15211-",https://data.wprdc.org/dataset/pli-permits
EP-2024-02028,pittsburgh,2024-02-15,0,ELECTRICAL,NEW CONSTRUCTION,true,Completed,-79.9396850403,40.4116705572,"333 FLOWERS AVE, Pittsburgh, PA 15207-",https://data.wprdc.org/dataset/pli-permits
SP-2023-18379,pittsburgh,2023-11-15,0,Sign Permit,NEW,false,Completed,-79.9395223255,40.4560932144,"5310 LIBERTY AVE, Pittsburgh, PA 15224-",https://data.wprdc.org/dataset/pli-permits
MP-2023-08717,pittsburgh,2023-07-27,0,MECHANICAL,NEW CONSTRUCTION,false,Completed,-79.943673062,40.4858844919,"5790 BUTLER ST, Pittsburgh, PA 15201-",https://data.wprdc.org/dataset/pli-permits
EP-2022-08968,pittsburgh,2022-06-10,0,ELECTRICAL,NEW CONSTRUCTION,true,Completed,-80.0101684625,40.4581746278,"213 ALPINE AVE, Pittsburgh, PA 15212-",https://data.wprdc.org/dataset/pli-permits
EP-2022-15554,pittsburgh,2022-10-05,0,ELECTRICAL,NEW CONSTRUCTION,true,Completed,-79.9201679188,40.4756955256,"5816 BRYANT ST, Pittsburgh, PA 15206-",https://data.wprdc.org/dataset/pli-permits
MP-2022-13846,pittsburgh,2022-11-23,0,MECHANICAL,NEW CONSTRUCTION,true,Issued,-79.907127158,40.4547905004,"6823 MCPHERSON BLVD, Pittsburgh, PA 15208-",https://data.wprdc.org/dataset/pli-permits
MP-2020-11327,pittsburgh,2020-09-23,0,MECHANICAL,NEW CONSTRUCTION,true,Completed,-79.950046147,40.4841707351,"5519 BERLIN Way, Pittsburgh, PA 15201-",https://data.wprdc.org/dataset/pli-permits
FAS-2024-12287,pittsburgh,2024-12-20,0,Fire Alarm Permit,NEW SYSTEM,false,Completed,-79.8896565204,40.4902941233,"900 FREEPORT RD, Pittsburgh, PA 15238-",https://data.wprdc.org/dataset/pli-permits
EP-2021-05546,pittsburgh,2021-04-16,0,ELECTRICAL,NEW CONSTRUCTION,true,Completed,-79.9598480034,40.462909095,"351 MANION Way, Pittsburgh, PA 15201-",https://data.wprdc.org/dataset/pli-permits
SSP-2022-07481,pittsburgh,2023-03-22,0,Suppression System Permit,NEW SYSTEM,false,Completed,-79.9670121915,40.4344006154,"3000 TECHNOLOGY DR, Pittsburgh, PA 15219-",https://data.wprdc.org/dataset/pli-permits
FAS-2024-13597,pittsburgh,2024-12-06,0,Fire Alarm Permit,NEW SYSTEM,false,Completed,-80.0582049547,40.4603794161,"446 STADIUM ST, Pittsburgh, PA 15204-",https://data.wprdc.org/dataset/pli-permits
SSP-2024-12174,pittsburgh,2024-11-05,0,Suppression System Permit,NEW SYSTEM,false,Issued,-79.9955584715,40.4136150067,"408 MATHEWS AVE, Pittsburgh, PA 15210-",https://data.wprdc.org/dataset/pli-permits
BP-2022-09547,pittsburgh,2022-12-14,0,BUILDING,NEW CONSTRUCTION,true,Completed,-80.0794308566,40.4498994083,"104 CEDARWOOD PL, Pittsburgh, PA 15205-",https://data.wprdc.org/dataset/pli-permits
MP-2024-02958,pittsburgh,2024-05-07,0,MECHANICAL,NEW CONSTRUCTION,false,Completed,-79.9275565313,40.4621549752,"5818 PENN AVE, Pittsburgh, PA 15206-",https://data.wprdc.org/dataset/pli-permits
BP-2019-11180,pittsburgh,2021-03-04,0,BUILDING,NEW CONSTRUCTION,false,Completed,-79.9653329962,40.4695679428,"129 39TH ST, Pittsburgh, PA 15201-",https://data.wprdc.org/dataset/pli-permits
SSP-2021-01230,pittsburgh,2024-06-13,0,Suppression System Permit,NEW SYSTEM,false,Completed,-80.0462399238,40.4791642542,"3300 PREBLE AVE #840, Pittsburgh, PA 15233-",https://data.wprdc.org/dataset/pli-permits
MP-2021-10806,pittsburgh,2022-11-08,0,MECHANICAL,NEW CONSTRUCTION,false,Completed,-79.9373961933,40.4481567579,"5131 5TH AVE, Pittsburgh, PA 15232-",https://data.wprdc.org/dataset/pli-permits
SP-2022-13952,pittsburgh,2022-09-08,0,Sign Permit,NEW,false,Completed,-79.896811336,40.4505987367,"7443 THOMAS BLVD, Pittsburgh, PA 15208-",https://data.wprdc.org/dataset/pli-permits
BP-2023-12549,pittsburgh,2023-12-12,0,BUILDING,NEW CONSTRUCTION,false,Issued,-79.9700087119,40.4599985975,"3129 LIBERTY AVE #511, Pittsburgh, PA 15201-",https://data.wprdc.org/dataset/pli-permits
BP-2021-09079,pittsburgh,2021-08-06,0,BUILDING,NEW CONSTRUCTION,true,Completed,-80.0176679943,40.436537543,"126 HALLOCK ST, Pittsburgh, PA 15211-",https://data.wprdc.org/dataset/pli-permits
SSP-2021-04681,pittsburgh,2021-06-08,0,Suppression System Permit,NEW SYSTEM,false,Completed,-79.9872587236,40.4496848497,"1644 SMALLMAN ST, Pittsburgh, PA 15222-",https://data.wprdc.org/dataset/pli-permits
SSP-2020-17178,pittsburgh,2022-05-16,0,Suppression System Permit,NEW SYSTEM,false,Completed,-79.9508657032,40.4780841232,"713 52ND ST, Pittsburgh, PA 15201-",https://data.wprdc.org/dataset/pli-permits
SP-2021-10885,pittsburgh,2021-08-05,0,Sign Permit,NEW,false,Issued,-79.9824821107,40.4553812995,"40 24TH ST, Pittsburgh, 15222-",https://data.wprdc.org/dataset/pli-permits
FP-2023-08454,pittsburgh,2023-11-13,0,Floodplain Permit,New Construction,false,Issued,-79.9842097179,40.4530446649,"2128 RAILROAD ST, Pittsburgh, PA 15222-",https://data.wprdc.org/dataset/pli-permits
SSP-2024-13035,pittsburgh,2024-11-15,0,Suppression System Permit,NEW SYSTEM,false,Completed,-79.9744889146,40.4592203327,"SMALLMAN ST, Pittsburgh, PA 15201-",https://data.wprdc.org/dataset/pli-permits
MP-2022-12952,pittsburgh,2022-08-30,0,MECHANICAL,NEW CONSTRUCTION,true,Completed,-79.9530373342,40.4777409894,"5105 HOLMES ST, Pittsburgh, 15201-",https://data.wprdc.org/dataset/pli-permits
EP-2024-09085,pittsburgh,2024-10-11,0,ELECTRICAL,NEW CONSTRUCTION,false,Completed,-79.9819997078,40.4398191177,"1738 REED ST #424, Pittsburgh, PA 15219-",https://data.wprdc.org/dataset/pli-permits
OOP-2021-04286,pittsburgh,2021-03-17,0,Occupancy Only Permit,NEW USE,true,Completed,-79.9507424683,40.4598216824,"428 CEDARVILLE ST, Pittsburgh, 15224-",https://data.wprdc.org/dataset/pli-permits
EP-2022-02016,pittsburgh,2022-02-18,0,ELECTRICAL,NEW CONSTRUCTION,true,Issued,-80.0197836159,40.4387700516,"1318 GRANDVIEW AVE, Pittsburgh, PA 15211",https://data.wprdc.org/dataset/pli-permits
EP-2019-08114,pittsburgh,2020-01-29,0,ELECTRICAL,NEW CONSTRUCTION,false,Completed,-79.948342372,40.4094255309,"54 HAZELWOOD AVE, Pittsburgh, PA 15217-",https://data.wprdc.org/dataset/pli-permits
OLP-2024-12409,pittsburgh,2024-10-29,0,Occupant Load Placard Permit,NEW,false,Completed,-79.994859348,40.4413703466,"600 GRANT ST #5382, Pittsburgh, PA 15219-",https://data.wprdc.org/dataset/pli-permits
OLP-2021-01789,pittsburgh,2021-02-19,0,Occupant Load Placard Permit,NEW,false,Completed,-79.9157299194,40.4570395031,"177 BAKERY SQUARE BLVD, Pittsburgh, PA 15206-",https://data.wprdc.org/dataset/pli-permits
BP-2019-06308,pittsburgh,2020-02-04,0,BUILDING,NEW CONSTRUCTION,true,Completed,-80.0253322331,40.4361976811,"415 CLARENCE ST, Pittsburgh, PA 15211-",https://data.wprdc.org/dataset/pli-permits
MP-2023-15320,pittsburgh,2023-09-14,0,MECHANICAL,NEW CONSTRUCTION,true,Completed,-80.0794308566,40.4498994083,"104 CEDARWOOD PL, Pittsburgh, PA 15205-",https://data.wprdc.org/dataset/pli-permits
BP-2024-00726,pittsburgh,2024-12-24,0,BUILDING,NEW CONSTRUCTION,false,Issued,-80.0236520731,40.4403797902,"1611 GRANDVIEW AVE, Pittsburgh, PA 15211-",https://data.wprdc.org/dataset/pli-permits
SP-2023-01858,pittsburgh,2023-03-03,0,Sign Permit,NEW,false,Issued,-79.9408760308,40.4645056534,"5152 PENN AVE, Pittsburgh, 15224-",https://data.wprdc.org/dataset/pli-permits
FAS-2022-03254,pittsburgh,2022-06-14,0,Fire Alarm Permit,NEW SYSTEM,false,Issued,-79.942767912,40.40353753,"5344 2ND AVE, Pittsburgh, 15207-",https://data.wprdc.org/dataset/pli-permits
BP-2023-15068,pittsburgh,2023-11-15,0,BUILDING,NEW CONSTRUCTION,true,Completed,-79.9290798822,40.4733604127,"5436 JACKSON ST, Pittsburgh, PA 15206-",https://data.wprdc.org/dataset/pli-permits
SP-2022-05211,pittsburgh,2022-05-18,0,Sign Permit,NEW,false,Completed,-79.8987403929,40.4487432754,"7301 PENN AVE, Pittsburgh, 15208-",https://data.wprdc.org/dataset/pli-permits
SSP-2020-07087,pittsburgh,2020-07-15,0,Suppression System Permit,NEW SYSTEM,false,Completed,-79.9965441666,40.4580743758,"838 CONCORD ST, Pittsburgh, PA 15212-",https://data.wprdc.org/dataset/pli-permits
SP-2023-13146,pittsburgh,2023-08-14,0,Sign Permit,NEW,false,Completed,-79.9521824097,40.4630417905,"4428 LIBERTY AVE, Pittsburgh, PA 15224-",https://data.wprdc.org/dataset/pli-permits
SP-2022-03930,pittsburgh,2022-06-30,0,Sign Permit,NEW,false,Issued,-79.9447698054,40.44544646,"4765 FORBES AVE, Pittsburgh, PA 15213-",https://data.wprdc.org/dataset/pli-permits
EP-2020-19651,pittsburgh,2020-12-09,0,ELECTRICAL,NEW CONSTRUCTION,true,Completed,-79.9243233103,40.4580703295,"233 CARRON ST, Pittsburgh, 15206-",https://data.wprdc.org/dataset/pli-permits
EP-2020-11611,pittsburgh,2020-08-13,0,ELECTRICAL,NEW CONSTRUCTION,true,Issued,-79.9883394225,40.4504505091,"1634 WATERFRONT PL, Pittsburgh, PA 15222-",https://data.wprdc.org/dataset/pli-permits
BP-2023-08549,pittsburgh,2024-05-17,0,BUILDING,NEW CONSTRUCTION,false,Issued,-79.9295556678,40.4614381395,"201 AMBER ST, Pittsburgh, PA 15206-",https://data.wprdc.org/dataset/pli-permits
BP-2022-17642,pittsburgh,2023-02-06,0,BUILDING,NEW CONSTRUCTION,true,Completed,-80.0391745251,40.4385344355,"529 WESTON Way, Pittsburgh, PA 15220-",https://data.wprdc.org/dataset/pli-permits
EP-2021-12101,pittsburgh,2021-10-28,0,ELECTRICAL,NEW CONSTRUCTION,false,Completed,-79.9296214621,40.4623681682,"141 S SAINT CLAIR ST #601, Pittsburgh, PA 15206-",https://data.wprdc.org/dataset/pli-permits
BP-2023-20825,pittsburgh,2024-02-28,0,BUILDING,NEW CONSTRUCTION,false,Completed,-79.9211060768,40.4587972853,"163 SHADY AVE #114, Pittsburgh, PA 15206-",https://data.wprdc.org/dataset/pli-permits
MP-2020-01048,pittsburgh,2020-02-05,0,MECHANICAL,NEW CONSTRUCTION,true,Completed,-80.0086310148,40.4581867096,"26 JACKSONIA ST, Pittsburgh, 15212-",https://data.wprdc.org/dataset/pli-permits
SSP-2021-02350,pittsburgh,2021-03-26,0,Suppression System Permit,NEW SYSTEM,false,Completed,-80.0099648494,40.4251240379,"160 SOUTHERN AVE #9, Pittsburgh, PA 15211-",https://data.wprdc.org/dataset/pli-permits
MP-2021-01426,pittsburgh,2021-04-29,0,MECHANICAL,NEW CONSTRUCTION,true,Completed,-79.9487804271,40.4848524509,"130 56TH ST, Pittsburgh, PA 15201-",https://data.wprdc.org/dataset/pli-permits
FAS-2021-13584,pittsburgh,2021-09-21,0,Fire Alarm Permit,NEW SYSTEM,false,Completed,-80.00473559,40.4331090422,"195 W STATION SQUARE DR, Pittsburgh, PA 15219-",https://data.wprdc.org/dataset/pli-permits
SP-2023-11085,pittsburgh,2023-08-18,0,Sign Permit,NEW,false,Issued,-80.0523518869,40.4279724417,"1258 POPLAR ST, Pittsburgh, PA 15205-",https://data.wprdc.org/dataset/pli-permits
MP-2023-12314,pittsburgh,2023-08-18,0,MECHANICAL,NEW CONSTRUCTION,true,Completed,-79.9367170648,40.4677857498,"5322 HILLCREST ST, Pittsburgh, PA 15224-",https://data.wprdc.org/dataset/pli-permits
OLP-2024-10108,pittsburgh,2024-09-23,0,Occupant Load Placard Permit,NEW,false,Completed,-80.0002302979,40.4027530359,"1371 SAW MILL RUN BLVD, Pittsburgh, PA 15226-",https://data.wprdc.org/dataset/pli-permits
FAS-2023-11395,pittsburgh,2023-08-03,0,Fire Alarm Permit,NEW SYSTEM,false,Completed,-79.9448572294,40.4542668193,"288 MOREWOOD AVE, Pittsburgh, 15213-",https://data.wprdc.org/dataset/pli-permits
BP-2024-09601,pittsburgh,2024-11-21,0,BUILDING,NEW CONSTRUCTION,false,Issued,-79.976702153,40.4558327029,"319 27TH ST, Pittsburgh, PA 15222-",https://data.wprdc.org/dataset/pli-permits
EP-2019-10214,pittsburgh,2020-02-25,0,ELECTRICAL,NEW CONSTRUCTION,false,Completed,-79.9931020561,40.4283032086,"134 S 7TH ST, Pittsburgh, 15203-",https://data.wprdc.org/dataset/pli-permits
SP-2024-00171,pittsburgh,2024-03-26,0,Sign Permit,NEW,false,Issued,-79.966442558,40.4271731068,"2746 SIDNEY ST, Pittsburgh, PA 15203-",https://data.wprdc.org/dataset/pli-permits
MP-2021-16239,pittsburgh,2021-11-23,0,MECHANICAL,NEW CONSTRUCTION,true,Completed,-80.0098823456,40.458133248,"1509 ARCH ST, Pittsburgh, PA 15212-",https://data.wprdc.org/dataset/pli-permits
MP-2023-18442,pittsburgh,2023-11-29,0,MECHANICAL,NEW CONSTRUCTION,true,Completed,-79.9482935753,40.4242300759,"14 YODER ST, Pittsburgh, PA 15207-",https://data.wprdc.org/dataset/pli-permits
MP-2023-05446,pittsburgh,2023-08-31,0,MECHANICAL,NEW CONSTRUCTION,false,Completed,-79.9231934238,40.460015708,"6226 PENN AVE, Pittsburgh, PA 15206-",https://data.wprdc.org/dataset/pli-permits
OLP-2024-12008,pittsburgh,2024-10-01,0,Occupant Load Placard Permit,NEW,false,Completed,-79.9184839247,40.4603126296,"6314 BROAD ST, Pittsburgh, 15206-",https://data.wprdc.org/dataset/pli-permits
SP-2022-18854,pittsburgh,2023-11-13,0,Sign Permit,NEW,false,Issued,-80.0000370291,40.4015217717,"1521 SAW MILL RUN BLVD, Pittsburgh, 15210-",https://data.wprdc.org/dataset/pli-permits
SSP-2022-11124,pittsburgh,2022-11-14,0,Suppression System Permit,NEW SYSTEM,false,Completed,-79.9946266331,40.4353091287,"700 2ND AVE #533, Pittsburgh, PA 15219-",https://data.wprdc.org/dataset/pli-permits
EP-2022-03394,pittsburgh,2022-06-07,0,ELECTRICAL,NEW CONSTRUCTION,false,Issued,-80.0381437506,40.4153981785,"260 BANKSVILLE PARK DR, Pittsburgh, PA 15220-",https://data.wprdc.org/dataset/pli-permits
MP-2024-01892,pittsburgh,2024-02-14,0,MECHANICAL,NEW CONSTRUCTION,true,Completed,-79.9395946278,40.4117175053,"337 FLOWERS AVE, Pittsburgh, PA 15207-",https://data.wprdc.org/dataset/pli-permits
SP-2020-02049,pittsburgh,2020-05-07,0,Sign Permit,NEW,false,Completed,-79.9469244864,40.4851652898,"5645 BUTLER ST, Pittsburgh, PA 15201-",https://data.wprdc.org/dataset/pli-permits
OLP-2023-12980,pittsburgh,2023-08-09,0,Occupant Load Placard Permit,NEW,false,Completed,-79.9984457101,40.4421877011,"325 6TH AVE, Pittsburgh, PA 15222-",https://data.wprdc.org/dataset/pli-permits
FAS-2022-06168,pittsburgh,2022-07-14,0,Fire Alarm Permit,NEW SYSTEM,false,Completed,-80.0350925733,40.4736213945,"3178 MCCLURE AVE, Pittsburgh, 15212-",https://data.wprdc.org/dataset/pli-permits
MP-2021-05237,pittsburgh,2021-11-17,0,MECHANICAL,NEW CONSTRUCTION,true,Completed,-80.0227986455,40.4343312738,"452 SWEETBRIAR ST, Pittsburgh, PA 15211-",https://data.wprdc.org/dataset/pli-permits
MP-2023-15204,pittsburgh,2023-09-14,0,MECHANICAL,NEW CONSTRUCTION,true,Completed,-80.0794308566,40.4498994083,"104 CEDARWOOD PL, Pittsburgh, PA 15205-",https://data.wprdc.org/dataset/pli-permits
EP-2023-10285,pittsburgh,2023-06-21,0,ELECTRICAL,NEW CONSTRUCTION,true,Issued,-79.9358486233,40.4673337211,"5361 ROSETTA ST, Pittsburgh, 15224-",https://data.wprdc.org/dataset/pli-permits
SSP-2021-05517,pittsburgh,2021-05-24,0,Suppression System Permit,NEW SYSTEM,false,Completed,-80.0071423376,40.4307393396,"131 SHILOH ST, Pittsburgh, 15211-",https://data.wprdc.org/dataset/pli-permits
MP-2022-01231,pittsburgh,2022-05-03,0,MECHANICAL,NEW CONSTRUCTION,false,Completed,-79.9796733487,40.4444195389,"2033 CENTRE AVE #101, Pittsburgh, PA 15219-",https://data.wprdc.org/dataset/pli-permits
SSP-2021-08650,pittsburgh,2021-07-30,0,Suppression System Permit,NEW SYSTEM,false,Completed,-79.94390358,40.4417684612,"4927 MARGARET MORRISON ST, Pittsburgh, PA 15213-",https://data.wprdc.org/dataset/pli-permits
OLP-2021-18401,pittsburgh,2022-02-21,0,Occupant Load Placard Permit,NEW,false,Completed,-79.9610412562,40.470172252,"4123 BUTLER ST, Pittsburgh, 15201-",https://data.wprdc.org/dataset/pli-permits
EP-2022-14313,pittsburgh,2022-09-15,0,ELECTRICAL,NEW CONSTRUCTION,true,Completed,-79.9623158167,40.4624988343,"506 37TH ST, Pittsburgh, PA 15201-",https://data.wprdc.org/dataset/pli-permits
BP-2023-19865,pittsburgh,2024-01-31,0,BUILDING,NEW CONSTRUCTION,true,Completed,-79.995653726,40.4226612161,"702 EXCELSIOR ST, Pittsburgh, PA 15210-",https://data.wprdc.org/dataset/pli-permits
BP-2023-08890,pittsburgh,2024-08-02,0,BUILDING,NEW CONSTRUCTION,false,Completed,-79.9211060768,40.4587972853,"163 SHADY AVE #114, Pittsburgh, PA 15206-",https://data.wprdc.org/dataset/pli-permits
EP-2023-12039,pittsburgh,2023-07-19,0,ELECTRICAL,NEW CONSTRUCTION,true,Completed,-79.9345821032,40.4682224942,"429 N AIKEN AVE, Pittsburgh, PA 15206-",https://data.wprdc.org/dataset/pli-permits
MP-2024-13637,pittsburgh,2024-11-27,0,MECHANICAL,NEW CONSTRUCTION,true,Completed,-79.9638803543,40.4549823843,"3363 MONROE ST, Pittsburgh, PA 15213-",https://data.wprdc.org/dataset/pli-permits
FAS-2020-17666,pittsburgh,2021-02-17,0,Fire Alarm Permit,NEW SYSTEM,false,Completed,-79.8927680515,40.4719434053,"7157 MARY PECK BOND PL, Pittsburgh, PA 15206-",https://data.wprdc.org/dataset/pli-permits
BP-2023-01190,pittsburgh,2023-06-02,0,BUILDING,NEW CONSTRUCTION,false,Completed,-79.9903585214,40.4486022823,"1447 SMALLMAN ST, Pittsburgh, PA 15222-",https://data.wprdc.org/dataset/pli-permits
EP-2022-09108,pittsburgh,2022-06-13,0,ELECTRICAL,NEW CONSTRUCTION,true,Completed,-80.0441445673,40.4081401658,"2395 ROSEGARDEN RD, Pittsburgh, 15220-",https://data.wprdc.org/dataset/pli-permits
MP-2020-03106,pittsburgh,2020-05-21,0,MECHANICAL,NEW CONSTRUCTION,true,Completed,-79.9576410454,40.4771973279,"4837 BLACKBERRY Way, Pittsburgh, PA 15201-",https://data.wprdc.org/dataset/pli-permits
BP-2022-07874,pittsburgh,2022-10-21,0,BUILDING,NEW CONSTRUCTION,false,Issued,-79.9356130256,40.4575610002,"5546 BAUM BLVD, Pittsburgh, PA 15232-",https://data.wprdc.org/dataset/pli-permits
OLP-2023-13150,pittsburgh,2023-09-14,0,Occupant Load Placard Permit,NEW,false,Completed,-79.897058498,40.4562691828,"7181 FLEURY Way, Pittsburgh, 15208-",https://data.wprdc.org/dataset/pli-permits
SSP-2021-02792,pittsburgh,2021-07-30,0,Suppression System Permit,NEW SYSTEM,false,Completed,-80.0080661064,40.4468565587,"220 NORTH SHORE DR #628, Pittsburgh, PA 15212-",https://data.wprdc.org/dataset/pli-permits
EP-2022-19601,pittsburgh,2023-03-21,0,ELECTRICAL,NEW CONSTRUCTION,false,Completed,-79.968599394,40.4609750407,"3223 LIBERTY AVE, Pittsburgh, PA 15201-",https://data.wprdc.org/dataset/pli-permits
MP-2023-11876,pittsburgh,2023-09-08,0,MECHANICAL,NEW CONSTRUCTION,true,Completed,-80.0794308566,40.4498994083,"104 CEDARWOOD PL, Pittsburgh, PA 15205-",https://data.wprdc.org/dataset/pli-permits
SSP-2021-00239,pittsburgh,2021-02-12,0,Suppression System Permit,NEW SYSTEM,false,Completed,-79.9886576661,40.4139668745,"320 BROWNSVILLE RD, Pittsburgh, PA 15210-",https://data.wprdc.org/dataset/pli-permits
SSP-2020-12164,pittsburgh,2020-09-11,0,Suppression System Permit,NEW SYSTEM,false,Completed,-79.9590120238,40.4693253705,"250 42ND ST, Pittsburgh, 15201-",https://data.wprdc.org/dataset/pli-permits
OLP-2022-17186,pittsburgh,2022-11-15,0,Occupant Load Placard Permit,NEW,false,Completed,-79.9538188535,40.4816363771,"5247 BUTLER ST, Pittsburgh, 15201-",https://data.wprdc.org/dataset/pli-permits
MP-2022-15312,pittsburgh,2022-09-29,0,MECHANICAL,NEW CONSTRUCTION,true,Completed,-79.9468422508,40.464755397,"210 S MATHILDA ST, Pittsburgh, 15224-",https://data.wprdc.org/dataset/pli-permits
MP-2023-17164,pittsburgh,2023-10-13,0,MECHANICAL,NEW CONSTRUCTION,true,Completed,-79.9771075922,40.4440508681,"2125 ROSE ST, Pittsburgh, PA 15219-",https://data.wprdc.org/dataset/pli-permits
SP-2021-12540,pittsburgh,2022-05-13,0,Sign Permit,NEW,false,Completed,-79.9290526728,40.4528691397,"5741 WALNUT ST, Pittsburgh, PA 15232-",https://data.wprdc.org/dataset/pli-permits
MP-2020-16230,pittsburgh,2021-04-12,0,MECHANICAL,NEW CONSTRUCTION,false,Completed,-79.9296214621,40.4623681682,"141 S SAINT CLAIR ST #601, Pittsburgh, PA 15206-",https://data.wprdc.org/dataset/pli-permits
EP-2021-08317,pittsburgh,2021-05-20,0,ELECTRICAL,NEW CONSTRUCTION,true,Completed,-80.0110509435,40.4614335762,"1818 UNIVERSITY AVE, Pittsburgh, PA 15214-",https://data.wprdc.org/dataset/pli-permits
OLP-2020-12383,pittsburgh,2020-08-20,0,Occupant Load Placard Permit,NEW,false,Completed,-79.9107938291,40.4576365765,"6600 HAMILTON AVE, Pittsburgh, PA 15206-",https://data.wprdc.org/dataset/pli-permits
SP-2024-00735,pittsburgh,2024-01-31,0,Sign Permit,NEW,false,Completed,-79.966442558,40.4271731068,"2746 SIDNEY ST, Pittsburgh, PA 15203-",https://data.wprdc.org/dataset/pli-permits
EP-2022-17652,pittsburgh,2022-11-17,0,ELECTRICAL,NEW CONSTRUCTION,true,Completed,-79.9271587097,40.4651503388,"308 N SAINT CLAIR ST, Pittsburgh, PA 15206-",https://data.wprdc.org/dataset/pli-permits
SP-2021-12039,pittsburgh,2021-12-30,0,Sign Permit,NEW,false,Issued,-79.9328580186,40.4200304837,"705 HAZELWOOD AVE, Pittsburgh, PA 15217-",https://data.wprdc.org/dataset/pli-permits
SSP-2021-04175,pittsburgh,2021-04-27,0,Suppression System Permit,NEW SYSTEM,false,Completed,-79.9548647856,40.4367958071,"410 SEMPLE ST, Pittsburgh, PA 15213-",https://data.wprdc.org/dataset/pli-permits
EP-2020-16627,pittsburgh,2020-10-15,0,ELECTRICAL,NEW CONSTRUCTION,true,Completed,-80.0422648936,40.4135715192,"1357 KIRSOPP AVE, Pittsburgh, PA 15220-",https://data.wprdc.org/dataset/pli-permits
BP-2024-02124,pittsburgh,2024-04-12,0,BUILDING,NEW CONSTRUCTION,true,Completed,-79.9934769393,40.4569435572,"911 RICKENBACH ST, Pittsburgh, PA 15212-",https://data.wprdc.org/dataset/pli-permits
MP-2023-12258,pittsburgh,2023-09-21,0,MECHANICAL,NEW CONSTRUCTION,false,Completed,-79.94911778,40.463482864,"202 PEARL ST, Pittsburgh, PA 15224-",https://data.wprdc.org/dataset/pli-permits
EP-2021-18596,pittsburgh,2021-11-15,0,ELECTRICAL,NEW CONSTRUCTION,true,Completed,-79.9638737722,40.463166589,"3604 MINTWOOD ST, Pittsburgh, 15201-",https://data.wprdc.org/dataset/pli-permits
FP-2023-10580,pittsburgh,2023-07-06,0,Floodplain Permit,New Construction,false,Completed,-79.9670121915,40.4344006154,"3000 TECHNOLOGY DR, Pittsburgh, PA 15219-",https://data.wprdc.org/dataset/pli-permits
EP-2022-19151,pittsburgh,2022-12-16,0,ELECTRICAL,NEW CONSTRUCTION,true,Completed,-79.9589667723,40.4736644724,"188 HOME ST, Pittsburgh, PA 15201-",https://data.wprdc.org/dataset/pli-permits
EP-2021-19566,pittsburgh,2021-12-08,0,ELECTRICAL,NEW CONSTRUCTION,true,Issued,-80.0427143761,40.4121789228,"1361 CARNAHAN RD, Pittsburgh, 15220-",https://data.wprdc.org/dataset/pli-permits
EP-2021-20734,pittsburgh,2022-01-10,0,ELECTRICAL,NEW CONSTRUCTION,true,Completed,-80.0130276867,40.3845358602,"1620 BARBADOES AVE, Pittsburgh, 15226-",https://data.wprdc.org/dataset/pli-permits
MP-2022-07898,pittsburgh,2022-05-23,0,MECHANICAL,NEW CONSTRUCTION,true,Completed,-80.0088601912,40.4598298294,"17 LANE Way, Pittsburgh, PA 15212-",https://data.wprdc.org/dataset/pli-permits
EP-2023-03806,pittsburgh,2023-03-14,0,ELECTRICAL,NEW CONSTRUCTION,true,Completed,-80.0794308566,40.4498994083,"104 CEDARWOOD PL, Pittsburgh, PA 15205-",https://data.wprdc.org/dataset/pli-permits
MP-2022-02804,pittsburgh,2022-03-07,0,MECHANICAL,NEW CONSTRUCTION,true,Completed,-79.9133217409,40.4652844329,"116 WINSLOW ST, Pittsburgh, PA 15206-",https://data.wprdc.org/dataset/pli-permits
OOP-2020-12889,pittsburgh,2020-09-10,0,Occupancy Only Permit,NEW USE,true,Expired,-79.9912118863,40.4040983202,"21 MINOOKA ST, Pittsburgh, 15210-",https://data.wprdc.org/dataset/pli-permits
MP-2022-04801,pittsburgh,2022-04-01,0,MECHANICAL,NEW CONSTRUCTION,true,Completed,-79.9137271043,40.4642496869,"6274 MEADOW ST, Pittsburgh, PA 15206-",https://data.wprdc.org/dataset/pli-permits
EP-2021-11389,pittsburgh,2021-09-27,0,ELECTRICAL,NEW CONSTRUCTION,false,Completed,-80.0234379644,40.4594777166,"1144 KIRKBRIDE ST #411, Pittsburgh, PA 15212-",https://data.wprdc.org/dataset/pli-permits
OOP-2020-00807,pittsburgh,2020-10-15,0,Occupancy Only Permit,NEW USE,false,Completed,-80.0110484158,40.4467823869,"130 CHUCK NOLL Way, Pittsburgh, PA 15212-",https://data.wprdc.org/dataset/pli-permits
SP-2021-18616,pittsburgh,2022-02-22,0,Sign Permit,NEW,false,Issued,-79.9388817599,40.4268815058,"4073 BEECHWOOD BLVD, Pittsburgh, 15207-",https://data.wprdc.org/dataset/pli-permits
BP-2021-01664,pittsburgh,2021-07-28,0,BUILDING,NEW CONSTRUCTION,false,Issued,-80.0430510996,40.4748309616,"3300 PREBLE AVE #420, Pittsburgh, PA 15233-",https://data.wprdc.org/dataset/pli-permits
FP-2022-16090,pittsburgh,2023-01-19,0,Floodplain Permit,New Construction,false,Completed,-79.9892654826,40.4493658629,"131 15TH ST, Pittsburgh, PA 15222-",https://data.wprdc.org/dataset/pli-permits
SSP-2024-11987,pittsburgh,2024-10-17,0,Suppression System Permit,NEW SYSTEM,false,Completed,-79.9641984402,40.4367420054,"3221 FORBES AVE #516, Pittsburgh, PA 15213-",https://data.wprdc.org/dataset/pli-permits
EP-2021-11496,pittsburgh,2021-08-10,0,ELECTRICAL,NEW CONSTRUCTION,false,Completed,-79.9401755564,40.4573786627,"5259 LIBERTY AVE, Pittsburgh, PA 15224-",https://data.wprdc.org/dataset/pli-permits
EP-2022-01300,pittsburgh,2022-02-02,0,ELECTRICAL,NEW CONSTRUCTION,true,Completed,-79.9407620623,40.4783475081,"1041 STANTON TER, Pittsburgh, 15201-",https://data.wprdc.org/dataset/pli-permits
EP-2022-15915,pittsburgh,2024-12-18,0,ELECTRICAL,NEW CONSTRUCTION,false,Completed,-79.9617216464,40.4310612357,"350 TECHNOLOGY DR #611, Pittsburgh, PA 15219-",https://data.wprdc.org/dataset/pli-permits
EP-2020-10595,pittsburgh,2020-11-05,0,ELECTRICAL,NEW CONSTRUCTION,false,Expired,-79.9878333698,40.4506348221,No primary address specified,https://data.wprdc.org/dataset/pli-permits
BP-2020-09048,pittsburgh,2021-01-19,0,BUILDING,NEW CONSTRUCTION,false,Completed,-79.9314571941,40.4583462957,"5819 CENTRE AVE #101, Pittsburgh, PA 15206-",https://data.wprdc.org/dataset/pli-permits
BP-2020-02074,pittsburgh,2020-06-24,0,BUILDING,NEW CONSTRUCTION,true,Completed,-79.9638318173,40.4662210869,"222 38TH ST, Pittsburgh, PA 15201-",https://data.wprdc.org/dataset/pli-permits
MP-2024-04700,pittsburgh,2024-05-03,0,MECHANICAL,NEW CONSTRUCTION,true,Completed,-79.9295745766,40.4714054642,"5438 BAYWOOD ST, Pittsburgh, PA 15206-",https://data.wprdc.org/dataset/pli-permits
SP-2021-01037,pittsburgh,2022-11-30,0,Sign Permit,NEW,false,Issued,-80.0550021463,40.4552650954,"3011 LANDIS ST, Pittsburgh, PA 15204-",https://data.wprdc.org/dataset/pli-permits
SP-2022-06746,pittsburgh,2022-05-11,0,Sign Permit,NEW,false,Completed,-79.9764731199,40.4581127332,"115 28TH ST, Pittsburgh, PA 15222-",https://data.wprdc.org/dataset/pli-permits
MP-2024-06831,pittsburgh,2024-05-08,0,MECHANICAL,NEW CONSTRUCTION,true,Completed,-79.981645253,40.4410720618,"1829 REED ST, Pittsburgh, PA 15219-",https://data.wprdc.org/dataset/pli-permits
SP-2020-03940,pittsburgh,2020-07-14,0,Sign Permit,NEW,false,Expired,-79.9576743917,40.4817867747,"27 51ST ST, Pittsburgh, 15201-",https://data.wprdc.org/dataset/pli-permits
SSP-2020-09113,pittsburgh,2021-01-19,0,Suppression System Permit,NEW SYSTEM,false,Completed,-79.9838559973,40.4544393982,"2239 RAILROAD ST, Pittsburgh, 15222-",https://data.wprdc.org/dataset/pli-permits
MP-2023-14010,pittsburgh,2023-10-20,0,MECHANICAL,NEW CONSTRUCTION,false,Completed,-79.9892990452,40.4380964887,"1045 FORBES AVE #1125, Pittsburgh, PA 15219-",https://data.wprdc.org/dataset/pli-permits
FAS-2022-16170,pittsburgh,2023-01-17,0,Fire Alarm Permit,NEW SYSTEM,false,Completed,-80.0080661064,40.4468565587,"220 NORTH SHORE DR #628, Pittsburgh, PA 15212-",https://data.wprdc.org/dataset/pli-permits
MP-2021-07751,pittsburgh,2021-10-04,0,MECHANICAL,NEW CONSTRUCTION,true,Completed,-79.9668339853,40.4394106615,"122 BURROWS ST, Pittsburgh, PA 15213-",https://data.wprdc.org/dataset/pli-permits
BP-2022-01095,pittsburgh,2022-06-06,0,BUILDING,NEW CONSTRUCTION,false,Completed,-79.9590168681,40.4704397556,"233 43RD ST, Pittsburgh, PA 15201-",https://data.wprdc.org/dataset/pli-permits
FAS-2020-12768,pittsburgh,2020-09-28,0,Fire Alarm Permit,NEW SYSTEM,false,Completed,-79.9725208918,40.4229576249,"2400 MISSION ST #1, Pittsburgh, PA 15203-",https://data.wprdc.org/dataset/pli-permits
FAS-2023-01662,pittsburgh,2023-02-27,0,Fire Alarm Permit,NEW SYSTEM,false,Completed,-79.894756778,40.4564159864,"7245 BENNETT ST #410, Pittsburgh, PA 15208-",https://data.wprdc.org/dataset/pli-permits
FAS-2021-00222,pittsburgh,2021-01-12,0,Fire Alarm Permit,NEW SYSTEM,false,Completed,-79.9496596266,40.4595732787,"614 EDMOND ST #2, Pittsburgh, PA 15224-",https://data.wprdc.org/dataset/pli-permits
EP-2022-12196,pittsburgh,2022-10-11,0,ELECTRICAL,NEW CONSTRUCTION,false,Completed,-79.9356611239,40.4899809167,"6300 AVRR ST, Pittsburgh, 15201-",https://data.wprdc.org/dataset/pli-permits
MP-2023-02663,pittsburgh,2023-07-25,0,MECHANICAL,NEW CONSTRUCTION,false,Completed,-79.9231934238,40.460015708,"6226 PENN AVE, Pittsburgh, PA 15206-",https://data.wprdc.org/dataset/pli-permits
MP-2020-18825,pittsburgh,2020-12-17,0,MECHANICAL,NEW CONSTRUCTION,true,Expired,-79.9878333698,40.4506348221,No primary address specified,https://data.wprdc.org/dataset/pli-permits
EP-2020-18790,pittsburgh,2020-11-24,0,ELECTRICAL,NEW CONSTRUCTION,false,Completed,-79.9493714782,40.4844709086,"5559 BERLIN Way, Pittsburgh, PA 15201-",https://data.wprdc.org/dataset/pli-permits
OLP-2022-14519,pittsburgh,2022-09-22,0,Occupant Load Placard Permit,NEW,false,Completed,-79.9765905494,40.459215123,"2865 RAILROAD ST #301, Pittsburgh, PA 15222-",https://data.wprdc.org/dataset/pli-permits
MP-2020-08726,pittsburgh,2020-08-19,0,MECHANICAL,NEW CONSTRUCTION,false,Completed,-79.9401755564,40.4573786627,"5259 LIBERTY AVE, Pittsburgh, PA 15224-",https://data.wprdc.org/dataset/pli-permits
MP-2022-07894,pittsburgh,2022-06-03,0,MECHANICAL,NEW CONSTRUCTION,true,Completed,-79.9560906736,40.4712980904,"4606 DAVISON ST, Pittsburgh, PA 15201-",https://data.wprdc.org/dataset/pli-permits
OLP-2021-13398,pittsburgh,2021-12-07,0,Occupant Load Placard Permit,NEW,false,Completed,-79.9946266331,40.4353091287,"700 2ND AVE #533, Pittsburgh, PA 15219-",https://data.wprdc.org/dataset/pli-permits
EP-2021-12234,pittsburgh,2021-12-15,0,ELECTRICAL,NEW CONSTRUCTION,false,Completed,-79.9794685506,40.4446496962,"2033 CENTRE AVE, Pittsburgh, PA 15219",https://data.wprdc.org/dataset/pli-permits
EP-2020-19871,pittsburgh,2020-12-23,0,ELECTRICAL,NEW CONSTRUCTION,false,Completed,-79.9489937491,40.4847584099,"5589 BERLIN Way, Pittsburgh, PA 15201-",https://data.wprdc.org/dataset/pli-permits
SP-2022-05471,pittsburgh,2022-05-19,0,Sign Permit,NEW,false,Issued,-79.9603895986,40.4767268012,"113 47TH ST, Pittsburgh, PA 15201-",https://data.wprdc.org/dataset/pli-permits
BP-2020-16418,pittsburgh,2020-11-18,0,BUILDING,NEW CONSTRUCTION,false,Expired,-80.002496423,40.4405438916,"50 MARKET SQ, Pittsburgh, PA 15222",https://data.wprdc.org/dataset/pli-permits
OOP-2022-02268,pittsburgh,2022-05-02,0,Occupancy Only Permit,NEW USE,false,Completed,-79.954824398,40.4803591471,"5171 BUTLER ST, Pittsburgh, 15201-",https://data.wprdc.org/dataset/pli-permits
MP-2020-19696,pittsburgh,2020-12-17,0,MECHANICAL,NEW CONSTRUCTION,true,Completed,-79.9878333698,40.4506348221,No primary address specified,https://data.wprdc.org/dataset/pli-permits
BP-2022-15455,pittsburgh,2022-11-14,0,BUILDING,NEW CONSTRUCTION,false,Completed,-79.9275565313,40.4621549752,"5818 PENN AVE, Pittsburgh, PA 15206-",https://data.wprdc.org/dataset/pli-permits
EP-2021-06262,pittsburgh,2021-04-21,0,ELECTRICAL,NEW CONSTRUCTION,true,Completed,-79.9261215635,40.4677967124,"511 N SAINT CLAIR ST, Pittsburgh, PA 15206-",https://data.wprdc.org/dataset/pli-permits
EP-2022-07052,pittsburgh,2022-05-06,0,ELECTRICAL,NEW CONSTRUCTION,true,Completed,-79.909294401,40.4479308261,"415 BUCKNELL ST, Pittsburgh, PA 15208-",https://data.wprdc.org/dataset/pli-permits
MP-2022-12644,pittsburgh,2023-01-10,0,MECHANICAL,NEW CONSTRUCTION,true,Completed,-79.9879335135,40.445388572,"1547 CLIFF ST, Pittsburgh, PA 15219-",https://data.wprdc.org/dataset/pli-permits
EP-2022-12037,pittsburgh,2022-08-03,0,ELECTRICAL,NEW CONSTRUCTION,true,Issued,-79.9933333678,40.460613149,"1108 HIGH ST, Pittsburgh, 15212-",https://data.wprdc.org/dataset/pli-permits
SSP-2020-05810,pittsburgh,2020-10-13,0,Suppression System Permit,NEW SYSTEM,false,Completed,-79.9162070297,40.4562370919,"6501 LIVING PL, Pittsburgh, PA 15206-",https://data.wprdc.org/dataset/pli-permits
EP-2020-04404,pittsburgh,2020-08-19,0,ELECTRICAL,NEW CONSTRUCTION,false,Completed,-79.9903585214,40.4486022823,"1447 SMALLMAN ST, Pittsburgh, PA 15222-",https://data.wprdc.org/dataset/pli-permits
OLP-2021-18494,pittsburgh,2021-11-09,0,Occupant Load Placard Permit,NEW,false,Completed,-79.942258962,40.4651275621,"5113 PENN AVE, Pittsburgh, 15224-",https://data.wprdc.org/dataset/pli-permits
FAS-2022-11293,pittsburgh,2022-09-01,0,Fire Alarm Permit,NEW SYSTEM,false,Completed,-80.0359438227,40.4859175566,"3854 BRIGHTON RD, Pittsburgh, PA 15212-",https://data.wprdc.org/dataset/pli-permits
MP-2024-13764,pittsburgh,2024-12-19,0,MECHANICAL,NEW CONSTRUCTION,false,Completed,-79.9879197719,40.4410124668,"632 WASHINGTON PL, Pittsburgh, PA 15219",https://data.wprdc.org/dataset/pli-permits
SSP-2021-16166,pittsburgh,2021-12-01,0,Suppression System Permit,NEW SYSTEM,false,Completed,-79.9065687193,40.4612277783,"945 WASHINGTON BLVD, Pittsburgh, 15206-",https://data.wprdc.org/dataset/pli-permits
BP-2020-17940,pittsburgh,2021-10-21,0,BUILDING,NEW CONSTRUCTION,true,Completed,-79.9622990197,40.4723917944,"125 43RD ST, Pittsburgh, PA 15201-",https://data.wprdc.org/dataset/pli-permits
EP-2022-19141,pittsburgh,2022-12-15,0,ELECTRICAL,NEW CONSTRUCTION,true,Completed,-79.9950755966,40.4574484941,"1014 CHESTNUT ST, Pittsburgh, 15212-",https://data.wprdc.org/dataset/pli-permits
SP-2020-13357,pittsburgh,2020-09-11,0,Sign Permit,NEW,false,Completed,-79.9515273732,40.4523064916,"4615 CENTRE AVE, Pittsburgh, 15213-",https://data.wprdc.org/dataset/pli-permits
EP-2023-11274,pittsburgh,2023-07-05,0,ELECTRICAL,NEW CONSTRUCTION,true,Completed,-79.935616674,40.4672985628,"5375 ROSETTA ST, Pittsburgh, 15224-",https://data.wprdc.org/dataset/pli-permits
BP-2021-04722,pittsburgh,2021-08-04,0,BUILDING,NEW CONSTRUCTION,false,Issued,-79.959204753,40.4760396322,"4726 HATFIELD ST, Pittsburgh, PA 15201-",https://data.wprdc.org/dataset/pli-permits
OOP-2020-03177,pittsburgh,2020-07-06,0,Occupancy Only Permit,NEW USE,true,Completed,-79.9635510099,40.4535395339,"3340 1/2 WEBSTER AVE, Pittsburgh, 15219-",https://data.wprdc.org/dataset/pli-permits
SP-2024-11649,pittsburgh,2024-11-06,0,Sign Permit,NEW,false,Issued,-79.9481728234,40.4833627562,"450 56TH ST #150, Pittsburgh, PA 15201-",https://data.wprdc.org/dataset/pli-permits
EP-2023-05968,pittsburgh,2023-04-06,0,ELECTRICAL,NEW CONSTRUCTION,true,Completed,-79.9285814852,40.4745075122,"5447 AVONDALE PL, Pittsburgh, 15206-",https://data.wprdc.org/dataset/pli-permits
EP-2023-13958,pittsburgh,2023-08-21,0,ELECTRICAL,NEW CONSTRUCTION,true,Completed,-79.9360871928,40.4669297008,"5360 ROSETTA ST, Pittsburgh, PA 15224-",https://data.wprdc.org/dataset/pli-permits
SSP-2024-02726,pittsburgh,2024-05-01,0,Suppression System Permit,NEW SYSTEM,false,Completed,-79.8945807439,40.4498933423,"7511 THOMAS BLVD, Pittsburgh, PA 15208-",https://data.wprdc.org/dataset/pli-permits
SP-2022-01730,pittsburgh,2022-03-09,0,Sign Permit,NEW,false,Issued,-80.0462399238,40.4791642542,"3300 PREBLE AVE #840, Pittsburgh, PA 15233-",https://data.wprdc.org/dataset/pli-permits
EP-2020-08848,pittsburgh,2020-08-04,0,ELECTRICAL,NEW CONSTRUCTION,true,Completed,-80.0417073556,40.4786518059,"1805 FAIRLEE ST, Pittsburgh, 15212-",https://data.wprdc.org/dataset/pli-permits
MP-2024-05789,pittsburgh,2024-04-17,0,MECHANICAL,NEW CONSTRUCTION,true,Completed,-79.9325955416,40.4459913367,"5422 WILKINS AVE, Pittsburgh, PA 15217-",https://data.wprdc.org/dataset/pli-permits
FAS-2024-04978,pittsburgh,2024-06-17,0,Fire Alarm Permit,NEW SYSTEM,false,Issued,-79.9379534387,40.4581474362,"447 S AIKEN AVE #7, Pittsburgh, PA 15232-",https://data.wprdc.org/dataset/pli-permits
EP-2020-19883,pittsburgh,2020-12-08,0,ELECTRICAL,NEW CONSTRUCTION,true,Completed,-79.9601947024,40.4641085582,"3829 MINTWOOD ST, Pittsburgh, 15201-",https://data.wprdc.org/dataset/pli-permits
BP-2022-09538,pittsburgh,2022-12-14,0,BUILDING,NEW CONSTRUCTION,true,Completed,-80.0794308566,40.4498994083,"104 CEDARWOOD PL, Pittsburgh, PA 15205-",https://data.wprdc.org/dataset/pli-permits
SP-2023-06170,pittsburgh,2023-06-06,0,Sign Permit,NEW,false,Completed,-79.9670121915,40.4344006154,"3000 TECHNOLOGY DR, Pittsburgh, PA 15219-",https://data.wprdc.org/dataset/pli-permits
EP-2023-20459,pittsburgh,2024-02-26,0,ELECTRICAL,NEW CONSTRUCTION,false,Completed,-79.9148674995,40.4661749672,"6223 MEADOW ST, Pittsburgh, 15206-",https://data.wprdc.org/dataset/pli-permits
MP-2021-01343,pittsburgh,2021-04-27,0,MECHANICAL,NEW CONSTRUCTION,true,Completed,-79.9488882803,40.484625374,"5583 BERLIN Way, Pittsburgh, PA 15201-",https://data.wprdc.org/dataset/pli-permits
MP-2023-14738,pittsburgh,2023-11-29,0,MECHANICAL,NEW CONSTRUCTION,false,Completed,-80.0003302639,40.4537870139,"510 E OHIO ST, Pittsburgh, PA 15212-",https://data.wprdc.org/dataset/pli-permits
EP-2021-10194,pittsburgh,2021-06-30,0,ELECTRICAL,NEW CONSTRUCTION,true,Completed,-79.9696189531,40.4200145344,"2725 COBDEN ST, Pittsburgh, 15203-",https://data.wprdc.org/dataset/pli-permits
SP-2023-21414,pittsburgh,2024-02-06,0,Sign Permit,NEW,false,Completed,-79.9229964275,40.4293998406,"5808 FORWARD AVE, Pittsburgh, PA 15217-",https://data.wprdc.org/dataset/pli-permits
SP-2019-10640,pittsburgh,2020-03-02,0,Sign Permit,NEW,false,Completed,-79.92486141,40.4569995329,"301 S HIGHLAND AVE #506, Pittsburgh, PA 15206-",https://data.wprdc.org/dataset/pli-permits
OLP-2020-17783,pittsburgh,2020-11-12,0,Occupant Load Placard Permit,NEW,false,Completed,-79.9963278776,40.4546657302,"820 E OHIO ST, Pittsburgh, PA 15212-",https://data.wprdc.org/dataset/pli-permits
BP-2020-03954,pittsburgh,2020-08-12,0,BUILDING,NEW CONSTRUCTION,true,Issued,-80.0259087283,40.4360472627,"424 CLARENCE ST, Pittsburgh, PA 15211-",https://data.wprdc.org/dataset/pli-permits
EP-2020-14599,pittsburgh,2020-09-16,0,ELECTRICAL,NEW CONSTRUCTION,false,Expired,-79.9508657032,40.4780841232,"713 52ND ST, Pittsburgh, PA 15201-",https://data.wprdc.org/dataset/pli-permits
SSP-2022-16138,pittsburgh,2023-04-18,0,Suppression System Permit,NEW SYSTEM,false,Completed,-79.9448572294,40.4542668193,"288 MOREWOOD AVE, Pittsburgh, 15213-",https://data.wprdc.org/dataset/pli-permits
SP-2022-07427,pittsburgh,2022-06-27,0,Sign Permit,NEW,false,Completed,-79.9296214621,40.4623681682,"141 S SAINT CLAIR ST #601, Pittsburgh, PA 15206-",https://data.wprdc.org/dataset/pli-permits
SSP-2022-04159,pittsburgh,2022-07-14,0,Suppression System Permit,NEW SYSTEM,false,Issued,-80.0159089105,40.4461591835,"100 ART ROONEY AVE, Pittsburgh, PA 15212-",https://data.wprdc.org/dataset/pli-permits
FAS-2020-17575,pittsburgh,2020-11-18,0,Fire Alarm Permit,NEW SYSTEM,false,Completed,-79.9148997702,40.4316587536,"2435 BEECHWOOD BLVD, Pittsburgh, 15217-",https://data.wprdc.org/dataset/pli-permits
EP-2021-10584,pittsburgh,2021-06-30,0,ELECTRICAL,NEW CONSTRUCTION,true,Completed,-80.0492131654,40.4417060338,"105 CEDARBROOK DR, Pittsburgh, 15220-",https://data.wprdc.org/dataset/pli-permits
SP-2020-14188,pittsburgh,2020-09-30,0,Sign Permit,NEW,false,Expired,-79.9619118319,40.440755797,"3459 5TH AVE #N709, Pittsburgh, PA 15213-",https://data.wprdc.org/dataset/pli-permits
EP-2021-20007,pittsburgh,2021-12-16,0,ELECTRICAL,NEW CONSTRUCTION,true,Completed,-79.9383558583,40.4220003128,"4276 GLEN LYTLE RD, Pittsburgh, 15217-",https://data.wprdc.org/dataset/pli-permits
BP-2021-10088,pittsburgh,2021-09-02,0,BUILDING,NEW CONSTRUCTION,true,Completed,-79.9271950041,40.4650881567,"306 N SAINT CLAIR ST, Pittsburgh, PA 15206-",https://data.wprdc.org/dataset/pli-permits
OLP-2022-12756,pittsburgh,2022-09-07,0,Occupant Load Placard Permit,NEW,false,Completed,-79.9241864716,40.4478254136,"107 WOODLAND RD, Pittsburgh, PA 15232-",https://data.wprdc.org/dataset/pli-permits
BP-2020-02077,pittsburgh,2020-06-24,0,BUILDING,NEW CONSTRUCTION,true,Completed,-79.9637811413,40.466180676,"224 38TH ST, Pittsburgh, PA 15201-",https://data.wprdc.org/dataset/pli-permits
OOP-2021-17070,pittsburgh,2022-06-29,0,Occupancy Only Permit,NEW USE,false,Completed,-80.0125329969,40.447583445,"792 W GENERAL ROBINSON ST, Pittsburgh, PA 15212-",https://data.wprdc.org/dataset/pli-permits
SSP-2022-08248,pittsburgh,2022-09-27,0,Suppression System Permit,NEW SYSTEM,false,Completed,-79.9343355065,40.4507361279,"5428 WALNUT ST, Pittsburgh, 15232-",https://data.wprdc.org/dataset/pli-permits
MP-2023-15293,pittsburgh,2023-11-29,0,MECHANICAL,NEW CONSTRUCTION,true,Completed,-80.0014575379,40.4536491837,"708 CEDAR AVE, Pittsburgh, PA 15212-",https://data.wprdc.org/dataset/pli-permits
BP-2022-13862,pittsburgh,2022-12-28,0,BUILDING,NEW CONSTRUCTION,false,Completed,-79.9397408558,40.4445944176,"5093 FORBES AVE, Pittsburgh, PA 15213-",https://data.wprdc.org/dataset/pli-permits
OLP-2022-15401,pittsburgh,2022-10-19,0,Occupant Load Placard Permit,NEW,false,Completed,-80.0035680945,40.4399201571,"6 PPG PL #830, Pittsburgh, PA 15222-",https://data.wprdc.org/dataset/pli-permits
EP-2019-11463,pittsburgh,2020-05-20,0,ELECTRICAL,NEW CONSTRUCTION,false,Completed,-79.9261975894,40.4641197705,"5809 HARVARD ST #303, Pittsburgh, PA 15206-",https://data.wprdc.org/dataset/pli-permits
EP-2023-07597,pittsburgh,2023-06-06,0,ELECTRICAL,NEW CONSTRUCTION,false,Completed,-79.943673062,40.4858844919,"5790 BUTLER ST, Pittsburgh, PA 15201-",https://data.wprdc.org/dataset/pli-permits
EP-2023-20326,pittsburgh,2023-12-07,0,ELECTRICAL,NEW CONSTRUCTION,true,Completed,-79.9773291345,40.4439563935,"2117 ROSE ST, Pittsburgh, PA 15219-",https://data.wprdc.org/dataset/pli-permits
SP-2024-11226,pittsburgh,2024-08-22,0,Sign Permit,NEW,false,Issued,-79.9483982381,40.4449059835,"411 S CRAIG ST #2, Pittsburgh, PA 15213-",https://data.wprdc.org/dataset/pli-permits
FAS-2024-05012,pittsburgh,2024-06-05,0,Fire Alarm Permit,NEW SYSTEM,false,Completed,-79.989322422,40.430909653,"249 S 9TH ST #3, Pittsburgh, PA 15203-",https://data.wprdc.org/dataset/pli-permits
EP-2023-11067,pittsburgh,2023-06-30,0,ELECTRICAL,NEW CONSTRUCTION,true,Completed,-79.9358350233,40.4668914917,"5368 ROSETTA ST, Pittsburgh, 15224-",https://data.wprdc.org/dataset/pli-permits
SP-2022-14309,pittsburgh,2022-09-14,0,Sign Permit,NEW,false,Completed,-79.9655922462,40.4279562921,"440 CINEMA DR, Pittsburgh, PA 15203-",https://data.wprdc.org/dataset/pli-permits
MP-2024-07839,pittsburgh,2024-05-17,0,MECHANICAL,NEW CONSTRUCTION,true,Completed,-79.9496455929,40.4810453161,"5321 HOLMES ST, Pittsburgh, PA 15201-",https://data.wprdc.org/dataset/pli-permits
MP-2024-12305,pittsburgh,2024-10-09,0,MECHANICAL,NEW CONSTRUCTION,true,Completed,-79.9944171242,40.4234997207,"734 EUREKA ST, Pittsburgh, PA 15210-",https://data.wprdc.org/dataset/pli-permits
BP-2023-14174,pittsburgh,2024-03-25,0,BUILDING,NEW CONSTRUCTION,true,Completed,-79.9819997078,40.4398191177,"1738 REED ST #424, Pittsburgh, PA 15219-",https://data.wprdc.org/dataset/pli-permits
EP-2023-03876,pittsburgh,2023-03-14,0,ELECTRICAL,NEW CONSTRUCTION,true,Completed,-80.0794308566,40.4498994083,"104 CEDARWOOD PL, Pittsburgh, PA 15205-",https://data.wprdc.org/dataset/pli-permits
MP-2020-04146,pittsburgh,2020-07-22,0,MECHANICAL,NEW CONSTRUCTION,true,Issued,-80.0551807626,40.4293916883,"1839 CHESSLAND ST, Pittsburgh, PA 15205",https://data.wprdc.org/dataset/pli-permits
BP-2020-02120,pittsburgh,2020-10-05,0,BUILDING,NEW CONSTRUCTION,true,Completed,-79.9260783769,40.4678613675,"513 N SAINT CLAIR ST, Pittsburgh, PA 15206-",https://data.wprdc.org/dataset/pli-permits
OLP-2022-19219,pittsburgh,2022-12-27,0,Occupant Load Placard Permit,NEW,false,Completed,-79.9955424552,40.4421320291,"436 7TH AVE, Pittsburgh, PA 15219-",https://data.wprdc.org/dataset/pli-permits
SP-2022-09093,pittsburgh,2022-08-26,0,Sign Permit,NEW,false,Completed,-80.0200611402,40.450284711,"1016 N LINCOLN AVE, Pittsburgh, 15233-",https://data.wprdc.org/dataset/pli-permits
OOP-2020-20550,pittsburgh,2021-07-28,0,Occupancy Only Permit,NEW USE,false,Completed,-80.0082379753,40.4478783492,"634 W GENERAL ROBINSON ST, Pittsburgh, PA 15212-",https://data.wprdc.org/dataset/pli-permits
SSP-2021-19282,pittsburgh,2022-01-10,0,Suppression System Permit,NEW SYSTEM,false,Completed,-79.9776779877,40.455798496,"2635 PENN AVE #508, Pittsburgh, PA 15222-",https://data.wprdc.org/dataset/pli-permits
OLP-2022-03834,pittsburgh,2023-05-24,0,Occupant Load Placard Permit,NEW,false,Completed,-79.9617400922,40.4695573413,"4055 BUTLER ST #301, Pittsburgh, PA 15201-",https://data.wprdc.org/dataset/pli-permits
EP-2023-18158,pittsburgh,2023-11-21,0,ELECTRICAL,NEW CONSTRUCTION,true,Completed,-80.0084936439,40.4568149117,"1236 BUTTERFIELD Way, Pittsburgh, PA 15212-",https://data.wprdc.org/dataset/pli-permits
EP-2020-17258,pittsburgh,2021-04-08,0,ELECTRICAL,NEW CONSTRUCTION,false,Completed,-79.9821031662,40.4386324646,"1709 5TH AVE #101, Pittsburgh, PA 15219-",https://data.wprdc.org/dataset/pli-permits
MP-2023-11610,pittsburgh,2023-07-19,0,MECHANICAL,NEW CONSTRUCTION,true,Completed,-79.9346940103,40.4680348094,"415 N AIKEN AVE, Pittsburgh, PA 15206-",https://data.wprdc.org/dataset/pli-permits
MP-2022-15917,pittsburgh,2024-12-12,0,MECHANICAL,NEW CONSTRUCTION,false,Completed,-79.9617216464,40.4310612357,"350 TECHNOLOGY DR #611, Pittsburgh, PA 15219-",https://data.wprdc.org/dataset/pli-permits
EP-2021-17443,pittsburgh,2021-10-22,0,ELECTRICAL,NEW CONSTRUCTION,true,Completed,-79.9668234657,40.4393620089,"124 BURROWS ST, Pittsburgh, PA 15213-",https://data.wprdc.org/dataset/pli-permits
MP-2023-13354,pittsburgh,2023-09-20,0,MECHANICAL,NEW CONSTRUCTION,false,Issued,-79.9905318204,40.430153204,"21 S 8TH ST, Pittsburgh, PA 15203-",https://data.wprdc.org/dataset/pli-permits
SP-2022-00744,pittsburgh,2022-02-02,0,Sign Permit,NEW,false,Completed,-79.9620887022,40.4420305122,"3500 TERRACE ST, Pittsburgh, 15213-",https://data.wprdc.org/dataset/pli-permits
BP-2022-07594,pittsburgh,2023-07-28,0,BUILDING,NEW CONSTRUCTION,true,Completed,-79.9435450293,40.4104935279,"4842 CHATSWORTH AVE, Pittsburgh, PA 15207-",https://data.wprdc.org/dataset/pli-permits
OOP-2020-15969,pittsburgh,2020-10-15,0,Occupancy Only Permit,NEW USE,true,Completed,-79.9259975628,40.4695726552,"5625 HAYS ST, Pittsburgh, 15206-",https://data.wprdc.org/dataset/pli-permits
SP-2021-13725,pittsburgh,2021-08-26,0,Sign Permit,NEW,false,Completed,-79.9702198342,40.4253100295,"130 S 26TH ST, Pittsburgh, PA 15203-",https://data.wprdc.org/dataset/pli-permits
FAS-2020-11635,pittsburgh,2021-04-05,0,Fire Alarm Permit,NEW SYSTEM,false,Completed,-79.9718808362,40.4423839981,No primary address specified,https://data.wprdc.org/dataset/pli-permits
SSP-2019-10359,pittsburgh,2020-02-24,0,Suppression System Permit,NEW SYSTEM,false,Completed,-80.0121385591,40.4547826029,"508 W NORTH AVE, Pittsburgh, 15212-",https://data.wprdc.org/dataset/pli-permits
BP-2021-05282,pittsburgh,2022-01-06,0,BUILDING,NEW CONSTRUCTION,false,Completed,-79.9776779877,40.455798496,"2635 PENN AVE #508, Pittsburgh, PA 15222-",https://data.wprdc.org/dataset/pli-permits
FAS-2021-07376,pittsburgh,2021-07-30,0,Fire Alarm Permit,NEW SYSTEM,false,Completed,-79.9955424552,40.4421320291,"436 7TH AVE, Pittsburgh, PA 15219-",https://data.wprdc.org/dataset/pli-permits
FAS-2020-01938,pittsburgh,2020-09-14,0,Fire Alarm Permit,NEW SYSTEM,false,Completed,-79.9617216464,40.4310612357,"350 TECHNOLOGY DR #611, Pittsburgh, PA 15219-",https://data.wprdc.org/dataset/pli-permits
FAS-2023-11655,pittsburgh,2023-07-17,0,Fire Alarm Permit,NEW SYSTEM,false,Completed,-79.9337853712,40.4514362193,"739 BELLEFONTE ST, Pittsburgh, PA 15232-",https://data.wprdc.org/dataset/pli-permits
SP-2022-00734,pittsburgh,2022-02-03,0,Sign Permit,NEW,false,Completed,-79.9600707348,40.441808982,"190 LOTHROP ST, Pittsburgh, PA 15261-",https://data.wprdc.org/dataset/pli-permits
EP-2024-10508,pittsburgh,2024-12-20,0,ELECTRICAL,NEW CONSTRUCTION,false,Completed,-79.9211060768,40.4587972853,"163 SHADY AVE #114, Pittsburgh, PA 15206-",https://data.wprdc.org/dataset/pli-permits
OLP-2019-11492,pittsburgh,2020-01-21,0,Occupant Load Placard Permit,NEW,false,Completed,-80.0756724713,40.4490667637,"1814 VILLAGE RD, Pittsburgh, 15205-",https://data.wprdc.org/dataset/pli-permits
EP-2021-17444,pittsburgh,2021-10-22,0,ELECTRICAL,NEW CONSTRUCTION,true,Completed,-79.9668339853,40.4394106615,"122 BURROWS ST, Pittsburgh, PA 15213-",https://data.wprdc.org/dataset/pli-permits
SP-2022-17454,pittsburgh,2022-12-16,0,Sign Permit,NEW,false,Completed,-79.9893260254,40.4277546747,"900 SARAH ST #208, Pittsburgh, PA 15203-",https://data.wprdc.org/dataset/pli-permits
EP-2023-02493,pittsburgh,2023-02-13,0,ELECTRICAL,NEW CONSTRUCTION,true,Completed,-80.0390347167,40.4384986702,"525 WESTON Way, Pittsburgh, PA 15220-",https://data.wprdc.org/dataset/pli-permits
EP-2021-08424,pittsburgh,2021-06-03,0,ELECTRICAL,NEW CONSTRUCTION,true,Completed,-79.9149232798,40.3971673257,"4316 Bench Way, Pittsburgh, PA 15120-",https://data.wprdc.org/dataset/pli-permits
BP-2024-02077,pittsburgh,2024-12-16,0,BUILDING,NEW CONSTRUCTION,false,Completed,-79.9903585214,40.4486022823,"1447 SMALLMAN ST, Pittsburgh, PA 15222-",https://data.wprdc.org/dataset/pli-permits
MP-2023-05188,pittsburgh,2023-03-27,0,MECHANICAL,NEW CONSTRUCTION,true,Completed,-80.0178080469,40.4368961327,"117 MERIDAN ST, Pittsburgh, PA 15211-",https://data.wprdc.org/dataset/pli-permits
EP-2020-06643,pittsburgh,2020-06-22,0,ELECTRICAL,NEW CONSTRUCTION,true,Completed,-79.9871161227,40.4512735711,"1726 WATERFRONT PL, Pittsburgh, PA 15222-",https://data.wprdc.org/dataset/pli-permits
BP-2023-04662,pittsburgh,2023-07-12,0,BUILDING,NEW CONSTRUCTION,true,Completed,-79.9930921456,40.4270853995,"622 WINDOM ST, Pittsburgh, 15203-",https://data.wprdc.org/dataset/pli-permits
MP-2022-10370,pittsburgh,2022-08-15,0,MECHANICAL,NEW CONSTRUCTION,true,Issued,-79.885373944,40.4482633666,"1435 PITT ST, Pittsburgh, 15221-",https://data.wprdc.org/dataset/pli-permits
MP-2024-03310,pittsburgh,2024-07-02,0,MECHANICAL,NEW CONSTRUCTION,false,Issued,-79.9598453087,40.4424544322,"200 LOTHROP ST, Pittsburgh, PA 15213-",https://data.wprdc.org/dataset/pli-permits
OLP-2024-03324,pittsburgh,2024-03-08,0,Occupant Load Placard Permit,NEW,false,Completed,-79.9248997311,40.4349273785,"5685 BEACON ST, Pittsburgh, PA 15217-",https://data.wprdc.org/dataset/pli-permits
MP-2020-15998,pittsburgh,2021-12-09,0,MECHANICAL,NEW CONSTRUCTION,false,Completed,-80.0106423909,40.4457886059,"353 NORTH SHORE DR, Pittsburgh, PA 15212",https://data.wprdc.org/dataset/pli-permits
SP-2023-21150,pittsburgh,2024-03-07,0,Sign Permit,NEW,false,Completed,-80.0093046886,40.4460312776,"271 NORTH SHORE DR #700, Pittsburgh, PA 15212-",https://data.wprdc.org/dataset/pli-permits
SP-2020-16149,pittsburgh,2021-01-26,0,Sign Permit,NEW,false,Issued,-79.9796802667,40.4290330712,"1819 E CARSON ST, Pittsburgh, 15203-",https://data.wprdc.org/dataset/pli-permits
EP-2022-06605,pittsburgh,2022-05-23,0,ELECTRICAL,NEW CONSTRUCTION,true,Issued,-79.8983615671,40.4304326329,"1111 RICHMOND ST, Pittsburgh, 15218-",https://data.wprdc.org/dataset/pli-permits
BP-2022-01676,pittsburgh,2022-04-19,0,BUILDING,NEW CONSTRUCTION,true,Completed,-79.9147643054,40.3663667031,"5720 LAUDER ST, Pittsburgh, PA 15207-",https://data.wprdc.org/dataset/pli-permits
EP-2023-08643,pittsburgh,2023-08-17,0,ELECTRICAL,NEW CONSTRUCTION,false,Completed,-79.9914618561,40.4415602968,"626 WASHINGTON PL #2501, Pittsburgh, PA 15219-",https://data.wprdc.org/dataset/pli-permits
EP-2020-07310,pittsburgh,2020-07-13,0,ELECTRICAL,NEW CONSTRUCTION,true,Completed,-79.9667927709,40.4581044479,"323 DOWNING ST, Pittsburgh, PA 15219-",https://data.wprdc.org/dataset/pli-permits
EP-2022-03969,pittsburgh,2022-11-04,0,ELECTRICAL,NEW CONSTRUCTION,false,Completed,-80.0346435645,40.4875020859,"1020 BENTON AVE, Pittsburgh, PA 15212-",https://data.wprdc.org/dataset/pli-permits
MP-2020-20622,pittsburgh,2021-01-22,0,MECHANICAL,NEW CONSTRUCTION,true,Completed,-80.0258081498,40.4361912023,"420 CLARENCE ST, Pittsburgh, PA 15211-",https://data.wprdc.org/dataset/pli-permits
EP-2019-10697,pittsburgh,2020-03-11,0,ELECTRICAL,NEW CONSTRUCTION,false,Completed,-79.9966959086,40.4439205119,"936 PENN AVE, Pittsburgh, 15222-",https://data.wprdc.org/dataset/pli-permits
BP-2023-04068,pittsburgh,2023-07-28,0,BUILDING,NEW CONSTRUCTION,true,Completed,-79.9397844298,40.4021254312,"5506 SUNNYSIDE ST, Pittsburgh, PA 15207-",https://data.wprdc.org/dataset/pli-permits
SP-2022-15946,pittsburgh,2023-04-21,0,Sign Permit,NEW,false,Completed,-79.9551394467,40.4797999551,"5149 BUTLER ST #300, Pittsburgh, PA 15201-",https://data.wprdc.org/dataset/pli-permits
OLP-2022-16725,pittsburgh,2022-11-16,0,Occupant Load Placard Permit,NEW,false,Expired,-80.0012649748,40.4546075763,"807 JAMES ST #401, Pittsburgh, PA 15212-",https://data.wprdc.org/dataset/pli-permits
EP-2021-11811,pittsburgh,2021-07-16,0,ELECTRICAL,NEW CONSTRUCTION,true,Completed,-80.0148695725,40.4283459054,"496 GRACE ST, Pittsburgh, PA 15211-",https://data.wprdc.org/dataset/pli-permits
MP-2023-13502,pittsburgh,2023-09-20,0,MECHANICAL,NEW CONSTRUCTION,false,Completed,-80.0200854212,40.4483946503,"1200 REEDSDALE ST, Pittsburgh, PA 15233-",https://data.wprdc.org/dataset/pli-permits
BP-2023-03176,pittsburgh,2023-07-18,0,BUILDING,NEW CONSTRUCTION,false,Completed,-79.9275565313,40.4621549752,"5818 PENN AVE, Pittsburgh, PA 15206-",https://data.wprdc.org/dataset/pli-permits
MP-2020-12941,pittsburgh,2020-09-14,0,MECHANICAL,NEW CONSTRUCTION,false,Completed,-79.9804377208,40.436217228,"1825 BLVD OF THE ALLIES, Pittsburgh, 15219-",https://data.wprdc.org/dataset/pli-permits
EP-2023-03656,pittsburgh,2023-03-08,0,ELECTRICAL,NEW CONSTRUCTION,true,Issued,-79.9075342522,40.3670943308,"1705 COSMOS ST, Pittsburgh, 15207-",https://data.wprdc.org/dataset/pli-permits
EP-2023-08840,pittsburgh,2023-05-26,0,ELECTRICAL,NEW CONSTRUCTION,true,Revoked,-79.9359349963,40.4660279676,"213 N AIKEN AVE, Pittsburgh, 15206-",https://data.wprdc.org/dataset/pli-permits
MP-2021-15091,pittsburgh,2022-11-18,0,MECHANICAL,NEW CONSTRUCTION,false,Completed,-80.0462399238,40.4791642542,"3300 PREBLE AVE #840, Pittsburgh, PA 15233-",https://data.wprdc.org/dataset/pli-permits
BDA-2024-01918,pittsburgh,2024-10-08,0,Building & Development Application,New Construction,false,Issued,-79.8922008885,40.4884285327,"980 FREEPORT RD, Pittsburgh, PA 15238",https://data.wprdc.org/dataset/pli-permits
SSP-2021-10056,pittsburgh,2022-03-22,0,Suppression System Permit,NEW SYSTEM,false,Issued,-79.9260038978,40.4712526807,"5606 STANTON AVE #10, Pittsburgh, PA 15206-",https://data.wprdc.org/dataset/pli-permits
SSP-2020-06776,pittsburgh,2020-07-27,0,Suppression System Permit,NEW SYSTEM,false,Completed,-79.9418489039,40.4347042792,"4620 FREW ST, Pittsburgh, PA 15207-",https://data.wprdc.org/dataset/pli-permits
OLP-2019-07586,pittsburgh,2023-12-14,0,Occupant Load Placard Permit,NEW,false,Completed,-79.943673062,40.4858844919,"5790 BUTLER ST, Pittsburgh, PA 15201-",https://data.wprdc.org/dataset/pli-permits
OOP-2021-11467,pittsburgh,2021-07-11,0,Occupancy Only Permit,NEW USE,false,Completed,-80.0103506794,40.4252434639,No primary address specified,https://data.wprdc.org/dataset/pli-permits
EP-2023-03835,pittsburgh,2023-03-14,0,ELECTRICAL,NEW CONSTRUCTION,true,Completed,-80.0794308566,40.4498994083,"104 CEDARWOOD PL, Pittsburgh, PA 15205-",https://data.wprdc.org/dataset/pli-permits
MP-2019-09470,pittsburgh,2020-05-11,0,MECHANICAL,NEW CONSTRUCTION,false,Completed,-79.999742107,40.4437901909,"731 PENN AVE #1113, Pittsburgh, PA 15222-",https://data.wprdc.org/dataset/pli-permits
MP-2021-12524,pittsburgh,2021-10-28,0,MECHANICAL,NEW CONSTRUCTION,false,Completed,-79.9605859591,40.4625329419,"3809 LIBERTY AVE #403, Pittsburgh, PA 15201-",https://data.wprdc.org/dataset/pli-permits
SP-2021-05306,pittsburgh,2021-06-04,0,Sign Permit,NEW,false,Completed,-79.9567932126,40.4411062656,"216 OAKLAND AVE, Pittsburgh, PA 15213-",https://data.wprdc.org/dataset/pli-permits
FAS-2024-14259,pittsburgh,2024-12-11,0,Fire Alarm Permit,NEW SYSTEM,false,Completed,-79.9340338317,40.4508306492,"5436 WALNUT ST, Pittsburgh, PA 15232-",https://data.wprdc.org/dataset/pli-permits
MP-2020-05663,pittsburgh,2021-07-21,0,MECHANICAL,NEW CONSTRUCTION,false,Completed,-79.9397408558,40.4445944176,"5093 FORBES AVE, Pittsburgh, PA 15213-",https://data.wprdc.org/dataset/pli-permits
MP-2024-10376,pittsburgh,2024-09-06,0,MECHANICAL,NEW CONSTRUCTION,true,Amendment Applicant Revisions,-79.9670858738,40.4421159036,"2535 ALLEQUIPPA ST, Pittsburgh, PA 15213-",https://data.wprdc.org/dataset/pli-permits
FAS-2024-06423,pittsburgh,2024-06-14,0,Fire Alarm Permit,NEW SYSTEM,false,Issued,-79.9965927029,40.4406004314,"555 GRANT ST #337, Pittsburgh, PA 15219-",https://data.wprdc.org/dataset/pli-permits
BP-2023-06904,pittsburgh,2023-06-16,0,BUILDING,NEW CONSTRUCTION,true,Issued,-79.9173481837,40.4652075033,"22 MAYFLOWER ST, Pittsburgh, PA 15206-",https://data.wprdc.org/dataset/pli-permits
SP-2023-13977,pittsburgh,2023-09-22,0,Sign Permit,NEW,false,Issued,-79.8927680515,40.4719434053,"7157 MARY PECK BOND PL, Pittsburgh, PA 15206-",https://data.wprdc.org/dataset/pli-permits
EP-2021-20550,pittsburgh,2022-01-03,0,ELECTRICAL,NEW CONSTRUCTION,true,Completed,-80.0094096675,40.4583008089,"1514 ARCH ST, Pittsburgh, PA 15212-",https://data.wprdc.org/dataset/pli-permits
SP-2022-15730,pittsburgh,2022-11-01,0,Sign Permit,NEW,false,Completed,-79.9184063504,40.4635916676,"6262 EAST LIBERTY BLVD #203, Pittsburgh, PA 15206-",https://data.wprdc.org/dataset/pli-permits
OOP-2021-15747,pittsburgh,2021-10-28,0,Occupancy Only Permit,NEW USE,true,Completed,-79.9817962263,40.4641023529,"1721 LOWRIE ST, Pittsburgh, PA 15212-",https://data.wprdc.org/dataset/pli-permits
MP-2021-20284,pittsburgh,2022-02-15,0,MECHANICAL,NEW CONSTRUCTION,false,Completed,-79.9491343074,40.4171431368,"4339 LYTLE ST, Pittsburgh, PA 15207-",https://data.wprdc.org/dataset/pli-permits
EP-2020-19819,pittsburgh,2020-12-11,0,ELECTRICAL,NEW CONSTRUCTION,true,Completed,-80.0101556543,40.4571523554,"1326 SHERMAN AVE, Pittsburgh, 15212-",https://data.wprdc.org/dataset/pli-permits
OLP-2023-13295,pittsburgh,2023-08-18,0,Occupant Load Placard Permit,NEW,false,Completed,-79.9484799871,40.4455454478,"305 S CRAIG ST, Pittsburgh, PA 15213-",https://data.wprdc.org/dataset/pli-permits
EP-2022-17536,pittsburgh,2022-11-17,0,ELECTRICAL,NEW CONSTRUCTION,true,Completed,-79.9665588168,40.4570595621,"3116 DOBSON ST, Pittsburgh, PA 15219-",https://data.wprdc.org/dataset/pli-permits
BP-2020-01603,pittsburgh,2021-01-20,0,BUILDING,NEW CONSTRUCTION,true,Completed,-79.962341723,40.462680187,"502 37TH ST, Pittsburgh, PA 15201-",https://data.wprdc.org/dataset/pli-permits
EP-2024-13546,pittsburgh,2024-12-24,0,ELECTRICAL,NEW CONSTRUCTION,true,Completed,-79.9354845406,40.4676079042,"5356 HILLCREST ST, Pittsburgh, PA 15224-",https://data.wprdc.org/dataset/pli-permits
MP-2021-01300,pittsburgh,2021-04-27,0,MECHANICAL,NEW CONSTRUCTION,true,Completed,-79.9491864155,40.4846126397,"5575 BERLIN Way, Pittsburgh, PA 15201-",https://data.wprdc.org/dataset/pli-permits
BP-2022-09537,pittsburgh,2022-12-14,0,BUILDING,NEW CONSTRUCTION,true,Completed,-80.0794308566,40.4498994083,"104 CEDARWOOD PL, Pittsburgh, PA 15205-",https://data.wprdc.org/dataset/pli-permits
EP-2020-06612,pittsburgh,2020-05-26,0,ELECTRICAL,NEW CONSTRUCTION,true,Completed,-79.9500130888,40.4813928037,"5324 KEYSTONE ST, Pittsburgh, PA 15201-",https://data.wprdc.org/dataset/pli-permits
OLP-2024-12262,pittsburgh,2024-11-21,0,Occupant Load Placard Permit,NEW,false,Issued,-79.9975290405,40.4173633921,"600 BELTZHOOVER AVE, Pittsburgh, 15210-",https://data.wprdc.org/dataset/pli-permits
EP-2022-11948,pittsburgh,2023-06-22,0,ELECTRICAL,NEW CONSTRUCTION,false,Completed,-79.963396791,40.4242912804,"3045 SARAH ST, Pittsburgh, PA 15203-",https://data.wprdc.org/dataset/pli-permits
EP-2023-13595,pittsburgh,2023-10-30,0,ELECTRICAL,NEW CONSTRUCTION,false,Completed,-79.962266529,40.4386625166,"3368 5TH AVE #102, Pittsburgh, PA 15213-",https://data.wprdc.org/dataset/pli-permits
EP-2020-18544,pittsburgh,2020-11-12,0,ELECTRICAL,NEW CONSTRUCTION,true,Completed,-79.9493994797,40.4845179368,"5561 BERLIN Way, Pittsburgh, PA 15201-",https://data.wprdc.org/dataset/pli-permits
EP-2019-08274,pittsburgh,2020-01-13,0,ELECTRICAL,NEW CONSTRUCTION,false,Completed,-79.94390358,40.4417684612,"4927 MARGARET MORRISON ST, Pittsburgh, PA 15213-",https://data.wprdc.org/dataset/pli-permits
OLP-2022-03398,pittsburgh,2022-03-23,0,Occupant Load Placard Permit,NEW,false,Completed,-80.0553715872,40.455351479,"3021 LANDIS ST, Pittsburgh, PA 15204-",https://data.wprdc.org/dataset/pli-permits
MP-2023-13960,pittsburgh,2023-09-27,0,MECHANICAL,NEW CONSTRUCTION,true,Completed,-79.9772230928,40.4440019202,"2121 ROSE ST, Pittsburgh, PA 15219-",https://data.wprdc.org/dataset/pli-permits
SSP-2021-20510,pittsburgh,2022-04-21,0,Suppression System Permit,NEW SYSTEM,false,Completed,-79.9698760428,40.4611691528,"3205 PENN AVE #634, Pittsburgh, PA 15201-",https://data.wprdc.org/dataset/pli-permits
BP-2022-03928,pittsburgh,2022-08-11,0,BUILDING,NEW CONSTRUCTION,false,Completed,-79.9892654826,40.4493658629,"131 15TH ST, Pittsburgh, PA 15222-",https://data.wprdc.org/dataset/pli-permits
SSP-2022-01279,pittsburgh,2022-02-18,0,Suppression System Permit,NEW SYSTEM,false,Completed,-79.9678780585,40.4600244522,"3220 SASSAFRAS Way #414, Pittsburgh, PA 15201-",https://data.wprdc.org/dataset/pli-permits
SP-2022-05992,pittsburgh,2022-07-19,0,Sign Permit,NEW,false,Completed,-79.9395223255,40.4560932144,"5310 LIBERTY AVE, Pittsburgh, PA 15224-",https://data.wprdc.org/dataset/pli-permits
EP-2023-06100,pittsburgh,2023-04-12,0,ELECTRICAL,NEW CONSTRUCTION,true,Completed,-80.0105907818,40.4578856195,"228 JACKSONIA ST, Pittsburgh, PA 15212-",https://data.wprdc.org/dataset/pli-permits
BP-2021-09607,pittsburgh,2022-01-31,0,BUILDING,NEW CONSTRUCTION,false,Completed,-79.9670121915,40.4344006154,"3000 TECHNOLOGY DR, Pittsburgh, PA 15219-",https://data.wprdc.org/dataset/pli-permits
MP-2020-18843,pittsburgh,2020-12-17,0,MECHANICAL,NEW CONSTRUCTION,true,Completed,-79.9878333698,40.4506348221,No primary address specified,https://data.wprdc.org/dataset/pli-permits
SP-2021-14186,pittsburgh,2021-10-29,0,Sign Permit,NEW,false,Issued,-79.9413678923,40.4544808669,"5200 CENTRE AVE, Pittsburgh, PA 15232-",https://data.wprdc.org/dataset/pli-permits
FP-2023-02807,pittsburgh,2023-07-12,0,Floodplain Permit,New Construction,false,Completed,-79.9903585214,40.4486022823,"1447 SMALLMAN ST, Pittsburgh, PA 15222-",https://data.wprdc.org/dataset/pli-permits
SSP-2023-14339,pittsburgh,2023-10-02,0,Suppression System Permit,NEW SYSTEM,false,Completed,-80.0168426545,40.4522326218,"911 GALVESTON AVE, Pittsburgh, PA 15233-",https://data.wprdc.org/dataset/pli-permits
MP-2021-00805,pittsburgh,2021-03-01,0,MECHANICAL,NEW CONSTRUCTION,false,Completed,-79.9617216464,40.4310612357,"350 TECHNOLOGY DR #611, Pittsburgh, PA 15219-",https://data.wprdc.org/dataset/pli-permits
FAS-2021-08894,pittsburgh,2021-09-17,0,Fire Alarm Permit,NEW SYSTEM,false,Completed,-79.8960532333,40.4545762561,"7225 HAMILTON AVE, Pittsburgh, PA 15208-",https://data.wprdc.org/dataset/pli-permits
BP-2024-10700,pittsburgh,2024-12-13,0,BUILDING,NEW CONSTRUCTION,true,Issued,-79.8900314849,40.4591881057,"7423 HERMITAGE ST, Pittsburgh, PA 15208-",https://data.wprdc.org/dataset/pli-permits
SSP-2022-04922,pittsburgh,2022-06-07,0,Suppression System Permit,NEW SYSTEM,false,Issued,-79.9463725557,40.4614048375,"4815 LIBERTY AVE, Pittsburgh, PA 15224-",https://data.wprdc.org/dataset/pli-permits
MP-2020-02115,pittsburgh,2020-05-28,0,MECHANICAL,NEW CONSTRUCTION,false,Completed,-79.9968269235,40.4415084364,No primary address specified,https://data.wprdc.org/dataset/pli-permits
SP-2021-18827,pittsburgh,2021-11-24,0,Sign Permit,NEW,false,Issued,-79.9641051102,40.4705552954,"135 40TH ST, Pittsburgh, 15201-",https://data.wprdc.org/dataset/pli-permits
SSP-2019-10107,pittsburgh,2020-01-28,0,Suppression System Permit,NEW SYSTEM,false,Completed,-79.9171324253,40.4568753451,"6425 LIVING PL #400, Pittsburgh, PA 15206-",https://data.wprdc.org/dataset/pli-permits
BP-2021-04424,pittsburgh,2021-08-04,0,BUILDING,NEW CONSTRUCTION,false,Issued,-79.959154267,40.47607814,"4728 HATFIELD ST, Pittsburgh, PA 15201-",https://data.wprdc.org/dataset/pli-permits
BP-2020-20779,pittsburgh,2021-06-25,0,BUILDING,NEW CONSTRUCTION,true,Completed,-80.0115270624,40.4592507718,"242 E JEFFERSON ST, Pittsburgh, PA 15212-",https://data.wprdc.org/dataset/pli-permits
SSP-2020-16672,pittsburgh,2020-11-12,0,Suppression System Permit,NEW SYSTEM,false,Completed,-79.9509298914,40.4208144482,"4165 BLAIR ST, Pittsburgh, PA 15207-",https://data.wprdc.org/dataset/pli-permits
FAS-2024-08684,pittsburgh,2024-06-13,0,Fire Alarm Permit,NEW SYSTEM,false,Completed,-79.9914618561,40.4415602968,"626 WASHINGTON PL #2501, Pittsburgh, PA 15219-",https://data.wprdc.org/dataset/pli-permits
SSP-2022-04727,pittsburgh,2022-05-03,0,Suppression System Permit,NEW SYSTEM,false,Completed,-80.000901249,40.4536166808,"422 E OHIO ST, Pittsburgh, 15212-",https://data.wprdc.org/dataset/pli-permits
MP-2023-15680,pittsburgh,2023-09-20,0,MECHANICAL,NEW CONSTRUCTION,true,Completed,-80.0794308566,40.4498994083,"104 CEDARWOOD PL, Pittsburgh, PA 15205-",https://data.wprdc.org/dataset/pli-permits
BP-2020-03706,pittsburgh,2020-08-12,0,BUILDING,NEW CONSTRUCTION,true,Completed,-80.025858093,40.4361190335,"422 CLARENCE ST, Pittsburgh, PA 15211-",https://data.wprdc.org/dataset/pli-permits
SP-2022-01002,pittsburgh,2022-02-04,0,Sign Permit,NEW,false,Completed,-79.9939993802,40.4394880147,"500 ROSS ST, Pittsburgh, PA 15219",https://data.wprdc.org/dataset/pli-permits
SSP-2024-01180,pittsburgh,2024-03-12,0,Suppression System Permit,NEW SYSTEM,false,Completed,-79.9678616636,40.4625138221,"3339 PENN AVE, Pittsburgh, 15201-",https://data.wprdc.org/dataset/pli-permits
MP-2023-12239,pittsburgh,2023-09-21,0,MECHANICAL,NEW CONSTRUCTION,false,Completed,-79.9492671592,40.4633244597,"208 PEARL ST, Pittsburgh, PA 15224-",https://data.wprdc.org/dataset/pli-permits
BP-2020-03953,pittsburgh,2020-08-12,0,BUILDING,NEW CONSTRUCTION,true,Completed,-80.0258081498,40.4361912023,"420 CLARENCE ST, Pittsburgh, PA 15211-",https://data.wprdc.org/dataset/pli-permits
SP-2022-09797,pittsburgh,2022-07-06,0,Sign Permit,NEW,false,Issued,-79.9643762338,40.4260796898,"2 HOT METAL ST, Pittsburgh, 15203-",https://data.wprdc.org/dataset/pli-permits
EP-2021-08997,pittsburgh,2021-06-03,0,ELECTRICAL,NEW CONSTRUCTION,true,Issued,-79.9101362418,40.4656194052,"624 THOMPSON ST, Pittsburgh, 15206-",https://data.wprdc.org/dataset/pli-permits
EP-2021-17813,pittsburgh,2021-11-02,0,ELECTRICAL,NEW CONSTRUCTION,true,Completed,-80.0227986455,40.4343312738,"452 SWEETBRIAR ST, Pittsburgh, PA 15211-",https://data.wprdc.org/dataset/pli-permits
MP-2022-16955,pittsburgh,2023-02-07,0,MECHANICAL,NEW CONSTRUCTION,false,Completed,-80.007112067,40.4559276701,"1201 FEDERAL ST #204, Pittsburgh, PA 15212-",https://data.wprdc.org/dataset/pli-permits
FAS-2021-07360,pittsburgh,2021-06-17,0,Fire Alarm Permit,NEW SYSTEM,false,Completed,-79.9982660056,40.454599935,"715 EAST ST #203, Pittsburgh, PA 15212-",https://data.wprdc.org/dataset/pli-permits
SP-2023-05126,pittsburgh,2023-09-28,0,Sign Permit,NEW,false,Completed,-79.9317442809,40.4515735983,"5608 WALNUT ST, Pittsburgh, PA 15232-",https://data.wprdc.org/dataset/pli-permits
MP-2022-09462,pittsburgh,2022-07-19,0,MECHANICAL,NEW CONSTRUCTION,true,Issued,-79.9166782858,40.4437265705,"1424 SEVERN ST, Pittsburgh, PA 15217-",https://data.wprdc.org/dataset/pli-permits
EP-2021-09127,pittsburgh,2021-06-22,0,ELECTRICAL,NEW CONSTRUCTION,true,Completed,-80.0151314895,40.4580994714,"1601 BUENA VISTA ST, Pittsburgh, PA 15212-",https://data.wprdc.org/dataset/pli-permits
EP-2023-15792,pittsburgh,2023-09-20,0,ELECTRICAL,NEW CONSTRUCTION,true,Completed,-79.9170310432,40.4463842702,"719 HASTINGS ST, Pittsburgh, PA 15206-",https://data.wprdc.org/dataset/pli-permits
FAS-2021-02495,pittsburgh,2021-06-09,0,Fire Alarm Permit,NEW SYSTEM,false,Completed,-79.9776779877,40.455798496,"2635 PENN AVE #508, Pittsburgh, PA 15222-",https://data.wprdc.org/dataset/pli-permits
MP-2023-05240,pittsburgh,2023-03-27,0,MECHANICAL,NEW CONSTRUCTION,true,Completed,-80.0390347167,40.4384986702,"525 WESTON Way, Pittsburgh, PA 15220-",https://data.wprdc.org/dataset/pli-permits
EP-2024-13214,pittsburgh,2024-10-31,0,ELECTRICAL,NEW CONSTRUCTION,true,Completed,-79.9936196793,40.4239980757,"6 ALLEN ST, Pittsburgh, PA 15210-",https://data.wprdc.org/dataset/pli-permits
FAS-2020-00324,pittsburgh,2021-01-29,0,Fire Alarm Permit,NEW SYSTEM,false,Issued,-79.8838340628,40.4552859556,"8020 FRANKSTOWN AVE, Pittsburgh, PA 15221-",https://data.wprdc.org/dataset/pli-permits
FP-2023-08444,pittsburgh,2023-11-13,0,Floodplain Permit,New Construction,false,Issued,-79.9842097179,40.4530446649,"2128 RAILROAD ST, Pittsburgh, PA 15222-",https://data.wprdc.org/dataset/pli-permits
FAS-2024-02143,pittsburgh,2024-04-24,0,Fire Alarm Permit,NEW SYSTEM,false,Completed,-79.8945807439,40.4498933423,"7511 THOMAS BLVD, Pittsburgh, PA 15208-",https://data.wprdc.org/dataset/pli-permits
EP-2020-00088,pittsburgh,2020-02-27,0,ELECTRICAL,NEW CONSTRUCTION,true,Completed,-79.9868749545,40.4514419346,"1744 WATERFRONT PL, Pittsburgh, PA 15222-",https://data.wprdc.org/dataset/pli-permits
EP-2020-13293,pittsburgh,2020-09-09,0,ELECTRICAL,NEW CONSTRUCTION,true,Completed,-79.9419171412,40.4223266057,"4232 LYDIA ST, Pittsburgh, 15207-",https://data.wprdc.org/dataset/pli-permits
EP-2023-17959,pittsburgh,2023-11-09,0,ELECTRICAL,NEW CONSTRUCTION,false,Completed,-79.9059928624,40.4618991147,"975 WASHINGTON BLVD #308, Pittsburgh, PA 15206-",https://data.wprdc.org/dataset/pli-permits
EP-2023-07016,pittsburgh,2023-06-23,0,ELECTRICAL,NEW CONSTRUCTION,false,Issued,-79.9865390845,40.3954254188,"1927 BROWNSVILLE RD, Pittsburgh, 15210-",https://data.wprdc.org/dataset/pli-permits
OLP-2022-10677,pittsburgh,2023-07-18,0,Occupant Load Placard Permit,NEW,false,Completed,-80.0011697408,40.4435217887,"649 PENN AVE, Pittsburgh, PA 15222-",https://data.wprdc.org/dataset/pli-permits
SSP-2021-01499,pittsburgh,2021-03-26,0,Suppression System Permit,NEW SYSTEM,false,Completed,-80.080342908,40.4450218346,"2260 ROSWELL DR #115, Pittsburgh, PA 15205-",https://data.wprdc.org/dataset/pli-permits
OOP-2020-01499,pittsburgh,2020-09-23,0,Occupancy Only Permit,NEW USE,false,Completed,-79.9822782625,40.4541072222,"2358 RAILROAD ST, Pittsburgh, PA 15222-",https://data.wprdc.org/dataset/pli-permits
EP-2023-18192,pittsburgh,2024-04-29,0,ELECTRICAL,NEW CONSTRUCTION,false,Completed,-79.9231934238,40.460015708,"6226 PENN AVE, Pittsburgh, PA 15206-",https://data.wprdc.org/dataset/pli-permits
MP-2023-10336,pittsburgh,2023-06-28,0,MECHANICAL,NEW CONSTRUCTION,true,Completed,-79.9358350233,40.4668914917,"5368 ROSETTA ST, Pittsburgh, 15224-",https://data.wprdc.org/dataset/pli-permits
SP-2020-11551,pittsburgh,2020-09-25,0,Sign Permit,NEW,false,Completed,-79.958353573,40.4414759125,"3618 5TH AVE, Pittsburgh, 15213-",https://data.wprdc.org/dataset/pli-permits
MP-2023-20177,pittsburgh,2023-12-13,0,MECHANICAL,NEW CONSTRUCTION,true,Completed,-79.9285814852,40.4745075122,"5447 AVONDALE PL, Pittsburgh, 15206-",https://data.wprdc.org/dataset/pli-permits
SSP-2020-13324,pittsburgh,2020-12-04,0,Suppression System Permit,NEW SYSTEM,false,Completed,-79.9772398962,40.458771362,"75 HOPPER PL #301, Pittsburgh, PA 15222-",https://data.wprdc.org/dataset/pli-permits
FAS-2022-01575,pittsburgh,2022-04-21,0,Fire Alarm Permit,NEW SYSTEM,false,Completed,-79.9678780585,40.4600244522,"3220 SASSAFRAS Way #414, Pittsburgh, PA 15201-",https://data.wprdc.org/dataset/pli-permits
EP-2023-03950,pittsburgh,2023-03-14,0,ELECTRICAL,NEW CONSTRUCTION,true,Completed,-80.0794308566,40.4498994083,"104 CEDARWOOD PL, Pittsburgh, PA 15205-",https://data.wprdc.org/dataset/pli-permits
FAS-2021-13297,pittsburgh,2021-12-14,0,Fire Alarm Permit,NEW SYSTEM,false,Completed,-79.9946266331,40.4353091287,"700 2ND AVE #533, Pittsburgh, PA 15219-",https://data.wprdc.org/dataset/pli-permits
EP-2023-03815,pittsburgh,2023-03-14,0,ELECTRICAL,NEW CONSTRUCTION,true,Completed,-80.0794308566,40.4498994083,"104 CEDARWOOD PL, Pittsburgh, PA 15205-",https://data.wprdc.org/dataset/pli-permits
MP-2020-18045,pittsburgh,2020-12-16,0,MECHANICAL,NEW CONSTRUCTION,false,Completed,-79.9718808362,40.4423839981,No primary address specified,https://data.wprdc.org/dataset/pli-permits
FAS-2023-19878,pittsburgh,2023-12-04,0,Fire Alarm Permit,NEW SYSTEM,false,Completed,-79.9307133259,40.4639531997,"5585 PENN AVE, Pittsburgh, PA 15206-",https://data.wprdc.org/dataset/pli-permits
MP-2021-05033,pittsburgh,2021-04-08,0,MECHANICAL,NEW CONSTRUCTION,true,Completed,-79.9274984667,40.4654949376,"317 N SAINT CLAIR ST, Pittsburgh, PA 15206-",https://data.wprdc.org/dataset/pli-permits
MP-2023-15291,pittsburgh,2023-11-02,0,MECHANICAL,NEW CONSTRUCTION,true,Completed,-80.0014429418,40.4536090119,"706 CEDAR AVE, Pittsburgh, PA 15212-",https://data.wprdc.org/dataset/pli-permits
EP-2023-15805,pittsburgh,2024-02-19,0,ELECTRICAL,NEW CONSTRUCTION,true,Issued,-79.9746304496,40.4305640113,"2134 MERRIMAN Way, Pittsburgh, PA 15203-",https://data.wprdc.org/dataset/pli-permits
MP-2022-00355,pittsburgh,2022-02-02,0,MECHANICAL,NEW CONSTRUCTION,true,Completed,-79.9589111846,40.473600415,"190 HOME ST, Pittsburgh, PA 15201-",https://data.wprdc.org/dataset/pli-permits
SP-2019-10638,pittsburgh,2020-01-23,0,Sign Permit,NEW,false,Completed,-79.9537321636,40.4537582856,"375 N CRAIG ST #1406, Pittsburgh, PA 15213-",https://data.wprdc.org/dataset/pli-permits
MP-2022-03167,pittsburgh,2022-05-31,0,MECHANICAL,NEW CONSTRUCTION,false,Completed,-80.0869698352,40.4432092565,"519 NAPOR BLVD, Pittsburgh, PA 15205-",https://data.wprdc.org/dataset/pli-permits
OLP-2023-07207,pittsburgh,2023-05-12,0,Occupant Load Placard Permit,NEW,false,Completed,-79.9515273732,40.4523064916,"4615 CENTRE AVE, Pittsburgh, 15213-",https://data.wprdc.org/dataset/pli-permits
SP-2023-03548,pittsburgh,2023-04-05,0,Sign Permit,NEW,false,Completed,-79.897058498,40.4562691828,"7181 FLEURY Way, Pittsburgh, 15208-",https://data.wprdc.org/dataset/pli-permits
SSP-2022-15196,pittsburgh,2022-11-18,0,Suppression System Permit,NEW SYSTEM,false,Completed,-79.8922008885,40.4884285327,"980 FREEPORT RD, Pittsburgh, PA 15238",https://data.wprdc.org/dataset/pli-permits
SP-2020-14349,pittsburgh,2020-10-09,0,Sign Permit,NEW,false,Completed,-79.9222324096,40.4377321475,"5818 FORBES AVE, Pittsburgh, PA 15217-",https://data.wprdc.org/dataset/pli-permits
SP-2022-09103,pittsburgh,2022-08-02,0,Sign Permit,NEW,false,Completed,-80.0021972285,40.4433712535,"129 6TH ST, Pittsburgh, PA 15222-",https://data.wprdc.org/dataset/pli-permits
OLP-2023-18304,pittsburgh,2023-11-09,0,Occupant Load Placard Permit,NEW,false,Completed,-79.9603895986,40.4767268012,"113 47TH ST, Pittsburgh, PA 15201-",https://data.wprdc.org/dataset/pli-permits
MP-2019-11256,pittsburgh,2020-01-27,0,MECHANICAL,NEW CONSTRUCTION,false,Completed,-79.958353573,40.4414759125,"3618 5TH AVE, Pittsburgh, 15213-",https://data.wprdc.org/dataset/pli-permits
EP-2022-13495,pittsburgh,2022-08-26,0,ELECTRICAL,NEW CONSTRUCTION,true,Completed,-80.0055544283,40.4583072476,"1427 SANDUSKY ST, Pittsburgh, PA 15212-",https://data.wprdc.org/dataset/pli-permits
BP-2023-03546,pittsburgh,2023-05-02,0,BUILDING,NEW CONSTRUCTION,true,Completed,-79.9936530222,40.4566380666,"902 AHLERS Way, Pittsburgh, PA 15212-",https://data.wprdc.org/dataset/pli-permits
SSP-2020-11645,pittsburgh,2020-09-03,0,Suppression System Permit,NEW SYSTEM,false,Completed,-79.9613273305,40.4711397932,"172 43RD ST, Pittsburgh, PA 15201-",https://data.wprdc.org/dataset/pli-permits
SSP-2022-01283,pittsburgh,2022-03-10,0,Suppression System Permit,NEW SYSTEM,false,Completed,-79.9684280981,40.4603506967,"3234 LIBERTY AVE #562, Pittsburgh, PA 15201-",https://data.wprdc.org/dataset/pli-permits
SSP-2020-17854,pittsburgh,2021-04-08,0,Suppression System Permit,NEW SYSTEM,false,Completed,-79.9678338468,40.4631478794,"3406 CHARLOTTE ST, Pittsburgh, 15201-",https://data.wprdc.org/dataset/pli-permits
SSP-2020-11745,pittsburgh,2020-09-03,0,Suppression System Permit,NEW SYSTEM,false,Completed,-79.9612240262,40.471068157,"176 43RD ST, Pittsburgh, 15201-",https://data.wprdc.org/dataset/pli-permits
FAS-2020-16723,pittsburgh,2020-11-06,0,Fire Alarm Permit,NEW SYSTEM,false,Completed,-79.958353573,40.4414759125,"3618 5TH AVE, Pittsburgh, 15213-",https://data.wprdc.org/dataset/pli-permits
EP-2023-03832,pittsburgh,2023-03-14,0,ELECTRICAL,NEW CONSTRUCTION,true,Completed,-80.0794308566,40.4498994083,"104 CEDARWOOD PL, Pittsburgh, PA 15205-",https://data.wprdc.org/dataset/pli-permits
EP-2019-11401,pittsburgh,2020-05-20,0,ELECTRICAL,NEW CONSTRUCTION,false,Completed,-79.925572008,40.4638989259,"270 N BEATTY ST, Pittsburgh, PA 15206-",https://data.wprdc.org/dataset/pli-permits
EP-2022-01854,pittsburgh,2022-03-04,0,ELECTRICAL,NEW CONSTRUCTION,true,Completed,-80.0194245267,40.390657341,"952 WOODBOURNE AVE, Pittsburgh, 15226-",https://data.wprdc.org/dataset/pli-permits
SSP-2021-18806,pittsburgh,2022-02-24,0,Suppression System Permit,NEW SYSTEM,false,Completed,-79.9764731199,40.4581127332,"115 28TH ST, Pittsburgh, PA 15222-",https://data.wprdc.org/dataset/pli-permits
MP-2021-03985,pittsburgh,2021-04-06,0,MECHANICAL,NEW CONSTRUCTION,true,Completed,-79.9310734887,40.4373849482,"1712 MURDOCH RD, Pittsburgh, PA 15217-",https://data.wprdc.org/dataset/pli-permits
SSP-2021-08943,pittsburgh,2021-07-01,0,Suppression System Permit,NEW SYSTEM,false,Completed,-79.9564430507,40.4422143319,"3909 FORBES AVE, Pittsburgh, PA 15213-",https://data.wprdc.org/dataset/pli-permits
SP-2019-11333,pittsburgh,2020-02-28,0,Sign Permit,NEW,false,Completed,-79.9196318161,40.4382819992,"5889 FORBES AVE, Pittsburgh, 15217-",https://data.wprdc.org/dataset/pli-permits
BP-2023-13923,pittsburgh,2024-01-31,0,BUILDING,NEW CONSTRUCTION,true,Completed,-79.9920602075,40.4230617985,"845 EXCELSIOR ST, Pittsburgh, 15210-",https://data.wprdc.org/dataset/pli-permits
MP-2023-12211,pittsburgh,2023-09-21,0,MECHANICAL,NEW CONSTRUCTION,false,Completed,-79.9491820242,40.4634147375,"204 PEARL ST, Pittsburgh, PA 15224-",https://data.wprdc.org/dataset/pli-permits
BP-2023-03437,pittsburgh,2023-06-05,0,BUILDING,NEW CONSTRUCTION,true,Completed,-79.9482935753,40.4242300759,"14 YODER ST, Pittsburgh, PA 15207-",https://data.wprdc.org/dataset/pli-permits
EP-2021-20761,pittsburgh,2021-12-29,0,ELECTRICAL,NEW CONSTRUCTION,true,Completed,-79.939781914,40.4763096991,"4220 COLERIDGE ST, Pittsburgh, 15201-",https://data.wprdc.org/dataset/pli-permits
MP-2024-06660,pittsburgh,2024-05-03,0,MECHANICAL,NEW CONSTRUCTION,true,Completed,-79.9819997078,40.4398191177,"1738 REED ST #424, Pittsburgh, PA 15219-",https://data.wprdc.org/dataset/pli-permits
FP-2023-15037,pittsburgh,2024-01-29,0,Floodplain Permit,New Construction,false,Issued,-79.9934083566,40.4518176102,"864 RIVER AVE, Pittsburgh, 15212-",https://data.wprdc.org/dataset/pli-permits
BP-2024-05871,pittsburgh,2024-06-06,0,BUILDING,NEW CONSTRUCTION,true,Issued,-80.0414442066,40.4129278975,"1329 KIRSOPP AVE, Pittsburgh, PA 15220-",https://data.wprdc.org/dataset/pli-permits
FAS-2024-00850,pittsburgh,2024-02-29,0,Fire Alarm Permit,NEW SYSTEM,false,Completed,-80.0003302639,40.4537870139,"510 E OHIO ST, Pittsburgh, PA 15212-",https://data.wprdc.org/dataset/pli-permits
SSP-2024-14032,pittsburgh,2024-12-26,0,Suppression System Permit,NEW SYSTEM,false,Completed,-79.9570969302,40.465065132,"4018 PENN AVE, Pittsburgh, 15224-",https://data.wprdc.org/dataset/pli-permits
EP-2020-07224,pittsburgh,2020-06-03,0,ELECTRICAL,NEW CONSTRUCTION,true,Completed,-79.9503233358,40.4841673464,"131 55TH ST, Pittsburgh, PA 15201-",https://data.wprdc.org/dataset/pli-permits
FAS-2022-07713,pittsburgh,2022-12-29,0,Fire Alarm Permit,NEW SYSTEM,false,Completed,-79.966016625,40.4648548899,"3529 BUTLER ST, Pittsburgh, 15201-",https://data.wprdc.org/dataset/pli-permits
SP-2020-04016,pittsburgh,2020-05-13,0,Sign Permit,NEW,false,Expired,-80.0062348098,40.4391332671,"11 STANWIX ST #150, Pittsburgh, PA 15222-",https://data.wprdc.org/dataset/pli-permits
BP-2022-05262,pittsburgh,2022-07-26,0,BUILDING,NEW CONSTRUCTION,true,Issued,-79.9746456155,40.4303995657,"2135 WHARTON ST, Pittsburgh, PA 15203-",https://data.wprdc.org/dataset/pli-permits
EP-2020-18854,pittsburgh,2020-12-03,0,ELECTRICAL,NEW CONSTRUCTION,true,Completed,-80.0050143123,40.393598461,"1523 BELLAIRE PL, Pittsburgh, 15226-",https://data.wprdc.org/dataset/pli-permits
EP-2022-07710,pittsburgh,2022-08-17,0,ELECTRICAL,NEW CONSTRUCTION,false,Completed,-79.966016625,40.4648548899,"3529 BUTLER ST, Pittsburgh, 15201-",https://data.wprdc.org/dataset/pli-permits
BP-2023-15783,pittsburgh,2024-03-04,0,BUILDING,NEW CONSTRUCTION,false,Completed,-79.9231934238,40.460015708,"6226 PENN AVE, Pittsburgh, PA 15206-",https://data.wprdc.org/dataset/pli-permits
BP-2019-09345,pittsburgh,2020-10-14,0,BUILDING,NEW CONSTRUCTION,false,Completed,-79.9373961933,40.4481567579,"5131 5TH AVE, Pittsburgh, PA 15232-",https://data.wprdc.org/dataset/pli-permits
MP-2019-08873,pittsburgh,2020-01-10,0,MECHANICAL,NEW CONSTRUCTION,false,Completed,-79.9261975894,40.4641197705,"5809 HARVARD ST #303, Pittsburgh, PA 15206-",https://data.wprdc.org/dataset/pli-permits
MP-2024-00781,pittsburgh,2024-02-05,0,MECHANICAL,NEW CONSTRUCTION,true,Completed,-79.9306774143,40.4707839183,"635 CHISLETT ST, Pittsburgh, 15206-",https://data.wprdc.org/dataset/pli-permits
BP-2024-06500,pittsburgh,2024-08-21,0,BUILDING,NEW CONSTRUCTION,false,Issued,-79.9179362353,40.4849621069,"201 SHELTER HOUSE RD, Pittsburgh, PA 15206-",https://data.wprdc.org/dataset/pli-permits
OOP-2021-11168,pittsburgh,2022-06-16,0,Occupancy Only Permit,NEW USE,true,Completed,-79.9380953051,40.4421693101,"11 ROSELAWN TER #1, Pittsburgh, PA 15213-",https://data.wprdc.org/dataset/pli-permits
FAS-2023-06124,pittsburgh,2023-08-15,0,Fire Alarm Permit,NEW SYSTEM,false,Completed,-79.9436280184,40.425642106,"403 GREENFIELD AVE, Pittsburgh, PA 15207-",https://data.wprdc.org/dataset/pli-permits
EP-2021-17386,pittsburgh,2021-10-22,0,ELECTRICAL,NEW CONSTRUCTION,true,Completed,-79.9667989847,40.4392650574,"128 BURROWS ST, Pittsburgh, PA 15213-",https://data.wprdc.org/dataset/pli-permits
FAS-2020-16041,pittsburgh,2020-11-03,0,Fire Alarm Permit,NEW SYSTEM,false,Completed,-79.9220804462,40.4291543797,"5844 FORWARD AVE #205, Pittsburgh, PA 15217-",https://data.wprdc.org/dataset/pli-permits
EP-2021-10797,pittsburgh,2022-08-04,0,ELECTRICAL,NEW CONSTRUCTION,false,Completed,-79.9373961933,40.4481567579,"5131 5TH AVE, Pittsburgh, PA 15232-",https://data.wprdc.org/dataset/pli-permits
BP-2024-10699,pittsburgh,2024-12-13,0,BUILDING,NEW CONSTRUCTION,true,Issued,-79.8901196469,40.4592081661,"7419 HERMITAGE ST, Pittsburgh, PA 15208-",https://data.wprdc.org/dataset/pli-permits
EP-2020-06650,pittsburgh,2020-06-25,0,ELECTRICAL,NEW CONSTRUCTION,true,Completed,-79.9871657339,40.4512335798,"1724 WATERFRONT PL, Pittsburgh, PA 15222-",https://data.wprdc.org/dataset/pli-permits
MP-2020-06800,pittsburgh,2020-06-09,0,MECHANICAL,NEW CONSTRUCTION,true,Completed,-79.9312947477,40.4698533992,"5452 BLACK ST #2, Pittsburgh, PA 15206-",https://data.wprdc.org/dataset/pli-permits
SP-2020-11437,pittsburgh,2020-11-06,0,Sign Permit,NEW,false,Expired,-79.9143318526,40.4608429151,"6484 REIMER Way, Pittsburgh, PA 15206-",https://data.wprdc.org/dataset/pli-permits
EP-2021-15680,pittsburgh,2022-05-19,0,ELECTRICAL,NEW CONSTRUCTION,false,Completed,-80.0071609396,40.4556645012,"6 W NORTH AVE #212, Pittsburgh, PA 15212-",https://data.wprdc.org/dataset/pli-permits
BP-2019-08661,pittsburgh,2020-03-13,0,BUILDING,NEW CONSTRUCTION,true,Completed,-79.9668934587,40.4396528501,"112 BURROWS ST, Pittsburgh, PA 15213-",https://data.wprdc.org/dataset/pli-permits
MP-2020-16254,pittsburgh,2020-10-27,0,MECHANICAL,NEW CONSTRUCTION,true,Completed,-79.9496926629,40.4821131403,"5407 KEYSTONE ST, Pittsburgh, PA 15201-",https://data.wprdc.org/dataset/pli-permits
OOP-2019-07424,pittsburgh,2022-10-12,0,Occupancy Only Permit,NEW USE,false,Completed,-80.040232654,40.4049838383,"2800 BANKSVILLE AVE, Pittsburgh, 15216-",https://data.wprdc.org/dataset/pli-permits
SP-2021-14052,pittsburgh,2021-09-02,0,Sign Permit,NEW,false,Completed,-80.0344598515,40.4063943668,"2501 BANKSVILLE RD, Pittsburgh, 15216-",https://data.wprdc.org/dataset/pli-permits
MP-2021-05772,pittsburgh,2021-04-16,0,MECHANICAL,NEW CONSTRUCTION,true,Completed,-79.9667001092,40.4660724388,"3600 SMALLMAN ST, Pittsburgh, PA 15201-",https://data.wprdc.org/dataset/pli-permits
EP-2022-05809,pittsburgh,2022-07-01,0,ELECTRICAL,NEW CONSTRUCTION,false,Completed,-79.9388817599,40.4268815058,"4073 BEECHWOOD BLVD, Pittsburgh, 15207-",https://data.wprdc.org/dataset/pli-permits
MP-2022-01197,pittsburgh,2022-06-03,0,MECHANICAL,NEW CONSTRUCTION,false,Completed,-79.9343355065,40.4507361279,"5428 WALNUT ST, Pittsburgh, 15232-",https://data.wprdc.org/dataset/pli-permits
SSP-2022-01226,pittsburgh,2022-03-16,0,Suppression System Permit,NEW SYSTEM,false,Completed,-79.9821031662,40.4386324646,"1709 5TH AVE #101, Pittsburgh, PA 15219-",https://data.wprdc.org/dataset/pli-permits
OLP-2021-04257,pittsburgh,2021-04-14,0,Occupant Load Placard Permit,NEW,false,Completed,-79.9194634806,40.479150818,"5700 BUNKERHILL ST #4, Pittsburgh, PA 15206-",https://data.wprdc.org/dataset/pli-permits
MP-2019-08861,pittsburgh,2020-05-13,0,MECHANICAL,NEW CONSTRUCTION,false,Completed,-79.925572008,40.4638989259,"270 N BEATTY ST, Pittsburgh, PA 15206-",https://data.wprdc.org/dataset/pli-permits
EP-2022-03464,pittsburgh,2024-03-08,0,ELECTRICAL,NEW CONSTRUCTION,false,Completed,-79.9179362353,40.4849621069,"201 SHELTER HOUSE RD, Pittsburgh, PA 15206-",https://data.wprdc.org/dataset/pli-permits
BP-2022-02152,pittsburgh,2022-04-13,0,BUILDING,NEW CONSTRUCTION,false,Completed,-79.9838559973,40.4544393982,"2239 RAILROAD ST, Pittsburgh, 15222-",https://data.wprdc.org/dataset/pli-permits
MP-2022-00726,pittsburgh,2022-04-29,0,MECHANICAL,NEW CONSTRUCTION,false,Completed,-79.9765905494,40.459215123,"2865 RAILROAD ST #301, Pittsburgh, PA 15222-",https://data.wprdc.org/dataset/pli-permits
BP-2023-18109,pittsburgh,2024-01-03,0,BUILDING,NEW CONSTRUCTION,true,Completed,-79.9940011363,40.4224404312,"45 ALLEN ST, Pittsburgh, PA 15210-",https://data.wprdc.org/dataset/pli-permits
OLP-2020-02315,pittsburgh,2020-02-17,0,Occupant Load Placard Permit,NEW,false,Completed,-79.8954449459,40.4549028953,"7246 KELLY ST, Pittsburgh, PA 15208-",https://data.wprdc.org/dataset/pli-permits
EP-2022-06169,pittsburgh,2022-05-03,0,ELECTRICAL,NEW CONSTRUCTION,true,Completed,-79.9185974509,40.3981938446,"4340 ARMORHILL AVE, Pittsburgh, PA 15120-",https://data.wprdc.org/dataset/pli-permits
BP-2024-00730,pittsburgh,2024-12-24,0,BUILDING,NEW CONSTRUCTION,false,Issued,-80.0233415802,40.4402475089,"1603 GRANDVIEW AVE, Pittsburgh, PA 15211-",https://data.wprdc.org/dataset/pli-permits
OLP-2024-03039,pittsburgh,2024-03-28,0,Occupant Load Placard Permit,NEW,false,Expired,-80.0184547241,40.4603235851,"1901 BRIGHTON RD, Pittsburgh, 15212-",https://data.wprdc.org/dataset/pli-permits
MP-2020-10902,pittsburgh,2020-09-02,0,MECHANICAL,NEW CONSTRUCTION,true,Completed,-79.9552373072,40.4782432764,"5114 STANTON AVE, Pittsburgh, PA 15201-",https://data.wprdc.org/dataset/pli-permits
BP-2022-09505,pittsburgh,2022-12-14,0,BUILDING,NEW CONSTRUCTION,true,Completed,-80.0794308566,40.4498994083,"104 CEDARWOOD PL, Pittsburgh, PA 15205-",https://data.wprdc.org/dataset/pli-permits
MP-2021-07457,pittsburgh,2021-06-08,0,MECHANICAL,NEW CONSTRUCTION,false,Completed,-80.0156799546,40.457830042,"1534 BRIGHTON RD, Pittsburgh, 15212-",https://data.wprdc.org/dataset/pli-permits
FAS-2022-07829,pittsburgh,2022-08-09,0,Fire Alarm Permit,NEW SYSTEM,false,Completed,-79.9229964275,40.4293998406,"5808 FORWARD AVE, Pittsburgh, PA 15217-",https://data.wprdc.org/dataset/pli-permits
EP-2020-20068,pittsburgh,2020-12-21,0,ELECTRICAL,NEW CONSTRUCTION,false,Completed,-79.9612240262,40.471068157,"176 43RD ST, Pittsburgh, 15201-",https://data.wprdc.org/dataset/pli-permits
OLP-2023-05829,pittsburgh,2023-05-09,0,Occupant Load Placard Permit,NEW,false,Completed,-79.9997831661,40.437253574,"412 BLVD OF THE ALLIES #431, Pittsburgh, PA 15219-",https://data.wprdc.org/dataset/pli-permits
BP-2023-20549,pittsburgh,2024-12-24,0,BUILDING,NEW CONSTRUCTION,false,Issued,-80.0238323885,40.4404757556,"1619 GRANDVIEW AVE, Pittsburgh, PA 15211-",https://data.wprdc.org/dataset/pli-permits
MP-2020-04169,pittsburgh,2020-05-06,0,MECHANICAL,NEW CONSTRUCTION,true,Completed,-79.9465767737,40.4548595676,"763 BROUGHTON ST, Pittsburgh, 15213-",https://data.wprdc.org/dataset/pli-permits
SP-2021-02663,pittsburgh,2021-04-27,0,Sign Permit,NEW,false,Completed,-79.9290613167,40.4569938603,"5854 ELLSWORTH AVE, Pittsburgh, PA 15232-",https://data.wprdc.org/dataset/pli-permits
EP-2021-09858,pittsburgh,2021-06-17,0,ELECTRICAL,NEW CONSTRUCTION,true,Completed,-80.0238937263,40.4345607807,"454 WYOLA ST, Pittsburgh, PA 15211-",https://data.wprdc.org/dataset/pli-permits
FAS-2021-11484,pittsburgh,2021-09-03,0,Fire Alarm Permit,NEW SYSTEM,false,Issued,-79.9304426451,40.4586417502,"5845 CENTRE AVE, Pittsburgh, 15206-",https://data.wprdc.org/dataset/pli-permits
SP-2019-07447,pittsburgh,2020-06-03,0,Sign Permit,NEW,false,Expired,-79.9790397351,40.4548185721,"2545 PENN AVE #508, Pittsburgh, PA 15222-",https://data.wprdc.org/dataset/pli-permits
OOP-2022-05912,pittsburgh,2023-02-07,0,Occupancy Only Permit,NEW USE,false,Completed,-79.9387797787,40.4419474551,"5147 SKIBO DR #105, Pittsburgh, PA 15213-",https://data.wprdc.org/dataset/pli-permits
MP-2021-04770,pittsburgh,2021-04-06,0,MECHANICAL,NEW CONSTRUCTION,true,Completed,-79.9631902406,40.4219990953,"3124 JANE ST, Pittsburgh, 15203-",https://data.wprdc.org/dataset/pli-permits
SP-2021-11818,pittsburgh,2021-08-05,0,Sign Permit,NEW,false,Completed,-80.0009211473,40.4395106325,"406 WOOD ST, Pittsburgh, PA 15222-",https://data.wprdc.org/dataset/pli-permits
BP-2019-10590,pittsburgh,2020-01-27,0,BUILDING,NEW CONSTRUCTION,true,Expired,-79.9868749545,40.4514419346,"1744 WATERFRONT PL, Pittsburgh, PA 15222-",https://data.wprdc.org/dataset/pli-permits
FAS-2023-00661,pittsburgh,2023-01-20,0,Fire Alarm Permit,NEW SYSTEM,false,Completed,-79.9154206612,40.454485744,"6581 5TH AVE, Pittsburgh, PA 15206-",https://data.wprdc.org/dataset/pli-permits
SP-2021-09466,pittsburgh,2021-10-19,0,Sign Permit,NEW,false,Completed,-79.9928699596,40.4220990023,"823 E WARRINGTON AVE, Pittsburgh, PA 15210-",https://data.wprdc.org/dataset/pli-permits
FAS-2020-05556,pittsburgh,2020-06-19,0,Fire Alarm Permit,NEW SYSTEM,false,Completed,-79.9533576124,40.4548164264,"424 GOLD Way, Pittsburgh, PA 15213",https://data.wprdc.org/dataset/pli-permits
EP-2023-14116,pittsburgh,2023-08-28,0,ELECTRICAL,NEW CONSTRUCTION,true,Completed,-80.0075456422,40.4661539472,No primary address specified,https://data.wprdc.org/dataset/pli-permits
EP-2023-03859,pittsburgh,2023-03-14,0,ELECTRICAL,NEW CONSTRUCTION,true,Completed,-80.0794308566,40.4498994083,"104 CEDARWOOD PL, Pittsburgh, PA 15205-",https://data.wprdc.org/dataset/pli-permits
OOP-2021-13073,pittsburgh,2021-08-12,0,Occupancy Only Permit,NEW USE,true,Expired,-80.03803297,40.4805836055,"1505 DAVIS AVE #2, Pittsburgh, PA 15212-",https://data.wprdc.org/dataset/pli-permits
FAS-2021-05317,pittsburgh,2021-11-22,0,Fire Alarm Permit,NEW SYSTEM,false,Amendment Applicant Revisions,-79.9196057996,40.4661152825,"531 COLLINS AVE #6, Pittsburgh, PA 15206-",https://data.wprdc.org/dataset/pli-permits
OLP-2021-17425,pittsburgh,2021-10-28,0,Occupant Load Placard Permit,NEW,false,Completed,-79.9164755976,40.4571499652,"177 BAKERY SQUARE BLVD, Pittsburgh, PA 15206-",https://data.wprdc.org/dataset/pli-permits
MP-2024-12294,pittsburgh,2024-10-09,0,MECHANICAL,NEW CONSTRUCTION,true,Completed,-79.995086221,40.42387665,"717 EUREKA ST, Pittsburgh, PA 15210-",https://data.wprdc.org/dataset/pli-permits
BP-2019-04339,pittsburgh,2021-07-26,0,BUILDING,NEW CONSTRUCTION,true,Issued,-80.004397527,40.4278182633,"433 NEFF ST, Pittsburgh, PA 15211-",https://data.wprdc.org/dataset/pli-permits
MP-2024-01499,pittsburgh,2024-01-31,0,MECHANICAL,NEW CONSTRUCTION,true,Completed,-80.0061994996,40.4563744955,"1211 BOYLE ST, Pittsburgh, PA 15212-",https://data.wprdc.org/dataset/pli-permits
MP-2022-19053,pittsburgh,2022-12-21,0,MECHANICAL,NEW CONSTRUCTION,true,Completed,-79.9271950041,40.4650881567,"306 N SAINT CLAIR ST, Pittsburgh, PA 15206-",https://data.wprdc.org/dataset/pli-permits
BP-2023-15842,pittsburgh,2024-01-31,0,BUILDING,NEW CONSTRUCTION,false,Completed,-79.9639972173,40.4685327573,"3913 BUTLER ST, Pittsburgh, PA 15201-",https://data.wprdc.org/dataset/pli-permits
EP-2021-00614,pittsburgh,2021-01-26,0,ELECTRICAL,NEW CONSTRUCTION,true,Completed,-80.0094957381,40.4594946746,"128 E JEFFERSON ST, Pittsburgh, PA 15212-",https://data.wprdc.org/dataset/pli-permits
OLP-2024-06951,pittsburgh,2024-06-05,0,Occupant Load Placard Permit,NEW,false,Completed,-79.9465743822,40.4135183581,"4601 Composite ST, Pittsburgh, PA 15207-",https://data.wprdc.org/dataset/pli-permits
OLP-2020-13761,pittsburgh,2020-08-28,0,Occupant Load Placard Permit,NEW,false,Completed,-79.9791040631,40.4565751415,"114 27TH ST, Pittsburgh, PA 15222-",https://data.wprdc.org/dataset/pli-permits
SSP-2022-14948,pittsburgh,2022-11-01,0,Suppression System Permit,NEW SYSTEM,false,Completed,-79.9867106163,40.4285959694,"1118 E CARSON ST, Pittsburgh, PA 15203-",https://data.wprdc.org/dataset/pli-permits
MP-2024-12301,pittsburgh,2024-10-09,0,MECHANICAL,NEW CONSTRUCTION,true,Completed,-79.9954050831,40.4234841839,"710 EUREKA ST, Pittsburgh, PA 15210-",https://data.wprdc.org/dataset/pli-permits
EP-2023-20827,pittsburgh,2023-12-20,0,ELECTRICAL,NEW CONSTRUCTION,true,Issued,-80.0179227059,40.436610456,"129 MERIDAN ST, Pittsburgh, PA 15211-",https://data.wprdc.org/dataset/pli-permits
EP-2022-05857,pittsburgh,2022-04-21,0,ELECTRICAL,NEW CONSTRUCTION,true,Completed,-79.9375832913,40.4601425953,"349 S AIKEN AVE, Pittsburgh, 15232-",https://data.wprdc.org/dataset/pli-permits
FAS-2024-00380,pittsburgh,2024-03-13,0,Fire Alarm Permit,NEW SYSTEM,false,Completed,-79.9003578545,40.4631977811,"6942 UPLAND ST, Pittsburgh, 15208-",https://data.wprdc.org/dataset/pli-permits
BP-2021-09044,pittsburgh,2021-08-06,0,BUILDING,NEW CONSTRUCTION,true,Issued,-80.0175758223,40.4368279289,"114 HALLOCK ST, Pittsburgh, PA 15211-",https://data.wprdc.org/dataset/pli-permits
EP-2024-11885,pittsburgh,2024-09-13,0,ELECTRICAL,NEW CONSTRUCTION,true,Completed,-79.9964579707,40.423479067,"622 EUREKA ST, Pittsburgh, PA 15210-",https://data.wprdc.org/dataset/pli-permits
SP-2020-14459,pittsburgh,2020-12-14,0,Sign Permit,NEW,false,Completed,-80.0071423376,40.4307393396,"131 SHILOH ST, Pittsburgh, 15211-",https://data.wprdc.org/dataset/pli-permits
MP-2020-19586,pittsburgh,2020-12-17,0,MECHANICAL,NEW CONSTRUCTION,true,Completed,-79.9878333698,40.4506348221,No primary address specified,https://data.wprdc.org/dataset/pli-permits
FAS-2022-07095,pittsburgh,2022-08-29,0,Fire Alarm Permit,NEW SYSTEM,false,Completed,-79.980643832,40.4531028523,"2330 PENN AVE #801, Pittsburgh, PA 15222-",https://data.wprdc.org/dataset/pli-permits
MP-2020-04585,pittsburgh,2021-01-25,0,MECHANICAL,NEW CONSTRUCTION,false,Completed,-80.0304998267,40.412096729,"1523 BANKSVILLE RD, Pittsburgh, PA 15216-",https://data.wprdc.org/dataset/pli-permits
SP-2022-04986,pittsburgh,2022-04-29,0,Sign Permit,NEW,false,Completed,-79.9157299194,40.4570395031,"177 BAKERY SQUARE BLVD, Pittsburgh, PA 15206-",https://data.wprdc.org/dataset/pli-permits
SSP-2023-01067,pittsburgh,2023-04-05,0,Suppression System Permit,NEW SYSTEM,false,Completed,-79.9275121138,40.4620321579,"5836 PENN AVE, Pittsburgh, PA 15206-",https://data.wprdc.org/dataset/pli-permits
SP-2024-01652,pittsburgh,2024-02-21,0,Sign Permit,NEW,false,Completed,-79.9211500204,40.4383461482,"5847 FORBES AVE, Pittsburgh, PA 15217-",https://data.wprdc.org/dataset/pli-permits
SSP-2019-08279,pittsburgh,2020-01-22,0,Suppression System Permit,NEW SYSTEM,false,Completed,-79.94390358,40.4417684612,"4927 MARGARET MORRISON ST, Pittsburgh, PA 15213-",https://data.wprdc.org/dataset/pli-permits
SP-2021-09591,pittsburgh,2022-05-03,0,Sign Permit,NEW,false,Completed,-79.9668667715,40.4625965737,"207 34TH ST #314, Pittsburgh, PA 15201-",https://data.wprdc.org/dataset/pli-permits
BP-2022-09535,pittsburgh,2022-12-14,0,BUILDING,NEW CONSTRUCTION,true,Completed,-80.0794308566,40.4498994083,"104 CEDARWOOD PL, Pittsburgh, PA 15205-",https://data.wprdc.org/dataset/pli-permits
BP-2020-03437,pittsburgh,2020-08-06,0,BUILDING,NEW CONSTRUCTION,true,Completed,-79.9310734887,40.4373849482,"1712 MURDOCH RD, Pittsburgh, PA 15217-",https://data.wprdc.org/dataset/pli-permits
SSP-2023-00079,pittsburgh,2023-01-24,0,Suppression System Permit,NEW SYSTEM,false,Completed,-79.9414900759,40.413375848,"327 HAZELWOOD AVE #317, Pittsburgh, PA 15207-",https://data.wprdc.org/dataset/pli-permits
EP-2022-00702,pittsburgh,2022-03-28,0,ELECTRICAL,NEW CONSTRUCTION,false,Completed,-79.9372722879,40.4814841811,"4603 STANTON AVE, Pittsburgh, 15201-",https://data.wprdc.org/dataset/pli-permits
BP-2020-19135,pittsburgh,2022-06-06,0,BUILDING,NEW CONSTRUCTION,false,Application Finalization,-79.9507493142,40.425851692,"161 GREENFIELD AVE, Pittsburgh, 15207-",https://data.wprdc.org/dataset/pli-permits
SSP-2020-10238,pittsburgh,2020-08-14,0,Suppression System Permit,NEW SYSTEM,false,Completed,-79.9874875891,40.4517877123,"1759 WATERFRONT PL #572, Pittsburgh, PA 15222-",https://data.wprdc.org/dataset/pli-permits
BP-2021-12047,pittsburgh,2021-10-06,0,BUILDING,NEW CONSTRUCTION,true,Completed,-79.9233756724,40.473127136,"932 MELLON ST, Pittsburgh, 15206-",https://data.wprdc.org/dataset/pli-permits
OLP-2022-14336,pittsburgh,2022-09-08,0,Occupant Load Placard Permit,NEW,false,Completed,-80.0103660708,40.4458399202,"337 NORTH SHORE DR, Pittsburgh, PA 15212-",https://data.wprdc.org/dataset/pli-permits
EP-2023-18152,pittsburgh,2023-11-01,0,ELECTRICAL,NEW CONSTRUCTION,true,Completed,-80.0083290822,40.456914215,"1319 REDDOUR ST, Pittsburgh, PA 15212-",https://data.wprdc.org/dataset/pli-permits
SSP-2023-21112,pittsburgh,2024-02-14,0,Suppression System Permit,NEW SYSTEM,false,Issued,-79.9313415234,40.4559634353,"5747 ELLSWORTH AVE, Pittsburgh, PA 15232-",https://data.wprdc.org/dataset/pli-permits
SP-2022-11243,pittsburgh,2022-09-30,0,Sign Permit,NEW,false,Issued,-79.8933241431,40.4467557173,"7701 PENN AVE, Pittsburgh, PA 15221-",https://data.wprdc.org/dataset/pli-permits
OOP-2022-09753,pittsburgh,2022-07-19,0,Occupancy Only Permit,NEW USE,true,Expired,-80.0283809283,40.4705686262,"2812 WADLOW ST, Pittsburgh, 15212-",https://data.wprdc.org/dataset/pli-permits
SP-2020-18188,pittsburgh,2020-11-18,0,Sign Permit,NEW,false,Expired,-79.9162070297,40.4562370919,"6501 LIVING PL, Pittsburgh, PA 15206-",https://data.wprdc.org/dataset/pli-permits
MP-2020-01669,pittsburgh,2020-05-20,0,MECHANICAL,NEW CONSTRUCTION,false,Completed,-79.9617216464,40.4310612357,"350 TECHNOLOGY DR #611, Pittsburgh, PA 15219-",https://data.wprdc.org/dataset/pli-permits
BP-2024-08143,pittsburgh,2024-09-03,0,BUILDING,NEW CONSTRUCTION,false,Issued,-79.9478363646,40.4440308089,"4644 FORBES AVE, Pittsburgh, PA 15213-",https://data.wprdc.org/dataset/pli-permits
OLP-2022-17202,pittsburgh,2022-11-14,0,Occupant Load Placard Permit,NEW,false,Completed,-79.896811336,40.4505987367,"7443 THOMAS BLVD, Pittsburgh, PA 15208-",https://data.wprdc.org/dataset/pli-permits
BP-2022-09506,pittsburgh,2022-12-14,0,BUILDING,NEW CONSTRUCTION,true,Completed,-80.0794308566,40.4498994083,"104 CEDARWOOD PL, Pittsburgh, PA 15205-",https://data.wprdc.org/dataset/pli-permits
MP-2020-04120,pittsburgh,2020-06-30,0,MECHANICAL,NEW CONSTRUCTION,true,Completed,-79.9961667152,40.4567256549,"839 TRIPOLI ST, Pittsburgh, 15212-",https://data.wprdc.org/dataset/pli-permits
EP-2022-17977,pittsburgh,2022-12-13,0,ELECTRICAL,NEW CONSTRUCTION,true,Completed,-79.9491438561,40.481566796,"513 54TH ST, Pittsburgh, PA 15201-",https://data.wprdc.org/dataset/pli-permits
BP-2020-03917,pittsburgh,2020-07-27,0,BUILDING,NEW CONSTRUCTION,true,Completed,-80.0451223923,40.4011019258,"2227 OLD OAK DR, Pittsburgh, 15220-",https://data.wprdc.org/dataset/pli-permits
BP-2023-15630,pittsburgh,2023-12-12,0,BUILDING,NEW CONSTRUCTION,true,Completed,-79.9395946278,40.4117175053,"337 FLOWERS AVE, Pittsburgh, PA 15207-",https://data.wprdc.org/dataset/pli-permits
EP-2021-15089,pittsburgh,2022-10-06,0,ELECTRICAL,NEW CONSTRUCTION,false,Completed,-80.0462399238,40.4791642542,"3300 PREBLE AVE #840, Pittsburgh, PA 15233-",https://data.wprdc.org/dataset/pli-permits
SP-2023-09078,pittsburgh,2023-06-13,0,Sign Permit,NEW,false,Issued,-79.9881021729,40.4297543555,"1011 BINGHAM ST, Pittsburgh, 15203-",https://data.wprdc.org/dataset/pli-permits
SP-2021-11018,pittsburgh,2021-12-07,0,Sign Permit,NEW,false,Completed,-79.9469985539,40.4537325497,"4815 CENTRE AVE #107, Pittsburgh, PA 15213-",https://data.wprdc.org/dataset/pli-permits
BP-2020-03131,pittsburgh,2021-03-10,0,BUILDING,NEW CONSTRUCTION,false,Completed,-79.9639972173,40.4685327573,"3913 BUTLER ST, Pittsburgh, PA 15201-",https://data.wprdc.org/dataset/pli-permits
EP-2022-15534,pittsburgh,2022-11-14,0,ELECTRICAL,NEW CONSTRUCTION,false,Completed,-79.9590168681,40.4704397556,"233 43RD ST, Pittsburgh, PA 15201-",https://data.wprdc.org/dataset/pli-permits
FAS-2021-09045,pittsburgh,2022-02-21,0,Fire Alarm Permit,NEW SYSTEM,false,Completed,-79.9964759922,40.4304363882,"68 S 4TH ST #11, Pittsburgh, PA 15219-",https://data.wprdc.org/dataset/pli-permits
BP-2022-13522,pittsburgh,2023-02-23,0,BUILDING,NEW CONSTRUCTION,false,Completed,-79.9480295193,40.4150172885,"4501 LYTLE ST, Pittsburgh, PA 15207-",https://data.wprdc.org/dataset/pli-permits
BP-2019-04661,pittsburgh,2020-10-14,0,BUILDING,NEW CONSTRUCTION,true,Completed,-79.9373961933,40.4481567579,"5131 5TH AVE, Pittsburgh, PA 15232-",https://data.wprdc.org/dataset/pli-permits
SP-2023-18957,pittsburgh,2023-12-04,0,Sign Permit,NEW,false,Completed,-79.956021847,40.4807159561,"160 52ND ST, Pittsburgh, PA 15201-",https://data.wprdc.org/dataset/pli-permits
OOP-2022-19285,pittsburgh,2023-02-09,0,Occupancy Only Permit,NEW USE,false,Completed,-79.9317825452,40.4641923044,"5515 PENN AVE, Pittsburgh, 15206-",https://data.wprdc.org/dataset/pli-permits
SSP-2023-10738,pittsburgh,2023-08-11,0,Suppression System Permit,NEW SYSTEM,false,Completed,-79.9988011993,40.4309583346,"59 S 2ND ST, Pittsburgh, PA 15219-",https://data.wprdc.org/dataset/pli-permits
BP-2023-06905,pittsburgh,2023-06-05,0,BUILDING,NEW CONSTRUCTION,true,Issued,-79.9172647316,40.4651314436,"26 MAYFLOWER ST, Pittsburgh, PA 15206-",https://data.wprdc.org/dataset/pli-permits
SP-2021-06220,pittsburgh,2021-05-04,0,Sign Permit,NEW,false,Completed,-79.9904021048,40.4032465897,"1222 BROWNSVILLE RD, Pittsburgh, 15210-",https://data.wprdc.org/dataset/pli-permits
BP-2022-09803,pittsburgh,2023-02-06,0,BUILDING,NEW CONSTRUCTION,true,Issued,-80.0148695725,40.4283459054,"496 GRACE ST, Pittsburgh, PA 15211-",https://data.wprdc.org/dataset/pli-permits
MP-2021-20335,pittsburgh,2022-02-25,0,MECHANICAL,NEW CONSTRUCTION,false,Completed,-79.9983361881,40.4396403468,"440 SMITHFIELD ST, Pittsburgh, PA 15222-",https://data.wprdc.org/dataset/pli-permits
BP-2021-19839,pittsburgh,2022-02-03,0,BUILDING,NEW CONSTRUCTION,false,Completed,-79.9903585214,40.4486022823,"1447 SMALLMAN ST, Pittsburgh, PA 15222-",https://data.wprdc.org/dataset/pli-permits
BP-2023-13924,pittsburgh,2024-01-03,0,BUILDING,NEW CONSTRUCTION,true,Completed,-79.9915221793,40.4236548512,"904 EUREKA ST, Pittsburgh, PA 15210-",https://data.wprdc.org/dataset/pli-permits
SP-2022-07609,pittsburgh,2022-06-16,0,Sign Permit,NEW,false,Completed,-79.97976824,40.453254726,"2425 LIBERTY AVE, Pittsburgh, 15222-",https://data.wprdc.org/dataset/pli-permits
SP-2019-00818,pittsburgh,2020-06-30,0,Sign Permit,NEW,false,Completed,-79.919381615,40.4295760959,"2409 SHADY AVE, Pittsburgh, 15217-",https://data.wprdc.org/dataset/pli-permits
FAS-2022-16772,pittsburgh,2023-02-16,0,Fire Alarm Permit,NEW SYSTEM,false,Completed,-79.9374952111,40.4574726961,"5425 BAUM BLVD, Pittsburgh, 15232-",https://data.wprdc.org/dataset/pli-permits
MP-2023-19755,pittsburgh,2024-02-01,0,MECHANICAL,NEW CONSTRUCTION,true,Completed,-79.9354333058,40.466798998,"236 ELORA Way, Pittsburgh, PA 15224-",https://data.wprdc.org/dataset/pli-permits
SP-2022-01363,pittsburgh,2022-08-03,0,Sign Permit,NEW,false,Completed,-80.0361372594,40.4063529459,"2510 BANKSVILLE RD, Pittsburgh, PA 15216-",https://data.wprdc.org/dataset/pli-permits
BP-2020-14255,pittsburgh,2021-01-20,0,BUILDING,NEW CONSTRUCTION,true,Completed,-80.0148695725,40.4283459054,"496 GRACE ST, Pittsburgh, PA 15211-",https://data.wprdc.org/dataset/pli-permits
BP-2020-18941,pittsburgh,2021-03-15,0,BUILDING,NEW CONSTRUCTION,true,Amendment Applicant Revisions,-80.0261649067,40.4361474311,"449 SHALER ST, Pittsburgh, PA 15211-",https://data.wprdc.org/dataset/pli-permits
OOP-2021-07341,pittsburgh,2021-06-25,0,Occupancy Only Permit,NEW USE,false,Completed,-79.9969684107,40.4444667479,"937 PENN AVE, Pittsburgh, PA 15222-",https://data.wprdc.org/dataset/pli-permits
OOP-2019-11190,pittsburgh,2020-01-06,0,Occupancy Only Permit,NEW USE,true,Expired,-79.8962152557,40.4403527779,"577 EAST END AVE, Pittsburgh, PA 15221-",https://data.wprdc.org/dataset/pli-permits
BP-2019-05496,pittsburgh,2020-01-17,0,BUILDING,NEW CONSTRUCTION,false,Completed,-79.9691318132,40.4445641169,"239 BLAKEY CT #310, Pittsburgh, PA 15219-",https://data.wprdc.org/dataset/pli-permits
SP-2021-07398,pittsburgh,2021-05-18,0,Sign Permit,NEW,false,Issued,-79.9838559973,40.4544393982,"2239 RAILROAD ST, Pittsburgh, 15222-",https://data.wprdc.org/dataset/pli-permits
EP-2022-13865,pittsburgh,2022-12-08,0,ELECTRICAL,NEW CONSTRUCTION,false,Completed,-79.9397408558,40.4445944176,"5093 FORBES AVE, Pittsburgh, PA 15213-",https://data.wprdc.org/dataset/pli-permits
EP-2023-15388,pittsburgh,2023-10-11,0,ELECTRICAL,NEW CONSTRUCTION,true,Completed,-79.9282551867,40.4414133789,"1452 WIGHTMAN ST, Pittsburgh, PA 15217-",https://data.wprdc.org/dataset/pli-permits
MP-2023-04147,pittsburgh,2023-07-27,0,MECHANICAL,NEW CONSTRUCTION,false,Completed,-80.0839226561,40.4486052545,"MAZETTE RD, Pittsburgh, PA 15205-",https://data.wprdc.org/dataset/pli-permits
OLP-2023-20062,pittsburgh,2024-01-05,0,Occupant Load Placard Permit,NEW,false,Expired,-79.9745783674,40.4597006087,"102 30TH ST #631, Pittsburgh, PA 15201-",https://data.wprdc.org/dataset/pli-permits
MP-2022-00144,pittsburgh,2022-02-01,0,MECHANICAL,NEW CONSTRUCTION,true,Completed,-79.9193800261,40.4557546882,"313 DENNISTON ST, Pittsburgh, PA 15206-",https://data.wprdc.org/dataset/pli-permits
MP-2021-00327,pittsburgh,2021-02-24,0,MECHANICAL,NEW CONSTRUCTION,true,Completed,-79.9174167539,40.4652720928,"20 MAYFLOWER ST, Pittsburgh, 15206-",https://data.wprdc.org/dataset/pli-permits
SP-2023-02578,pittsburgh,2023-02-23,0,Sign Permit,NEW,false,Completed,-80.0034461455,40.4418955326,"120 5TH AVE, Pittsburgh, 15222-",https://data.wprdc.org/dataset/pli-permits
FAS-2019-10723,pittsburgh,2020-01-21,0,Fire Alarm Permit,NEW SYSTEM,false,Completed,-80.0274724545,40.4560588328,"1410 N FRANKLIN ST, Pittsburgh, PA 15233-",https://data.wprdc.org/dataset/pli-permits
BP-2022-09539,pittsburgh,2022-12-14,0,BUILDING,NEW CONSTRUCTION,true,Completed,-80.0794308566,40.4498994083,"104 CEDARWOOD PL, Pittsburgh, PA 15205-",https://data.wprdc.org/dataset/pli-permits
EP-2020-10268,pittsburgh,2020-07-16,0,ELECTRICAL,NEW CONSTRUCTION,true,Completed,-79.9394687616,40.4454351959,"5076 PARISH LN, Pittsburgh, 15213-",https://data.wprdc.org/dataset/pli-permits
BP-2022-08898,pittsburgh,2023-11-13,0,BUILDING,NEW CONSTRUCTION,true,Issued,-79.9670858738,40.4421159036,"2535 ALLEQUIPPA ST, Pittsburgh, PA 15213-",https://data.wprdc.org/dataset/pli-permits
SSP-2023-09981,pittsburgh,2023-11-27,0,Suppression System Permit,NEW SYSTEM,false,Completed,-79.9984868124,40.4554339572,"835 EAST ST #301, Pittsburgh, PA 15212-",https://data.wprdc.org/dataset/pli-permits
EP-2021-16127,pittsburgh,2022-01-31,0,ELECTRICAL,NEW CONSTRUCTION,true,Revoked,-79.9193800261,40.4557546882,"313 DENNISTON ST, Pittsburgh, PA 15206-",https://data.wprdc.org/dataset/pli-permits
SSP-2023-01066,pittsburgh,2023-04-06,0,Suppression System Permit,NEW SYSTEM,false,Completed,-79.9275121138,40.4620321579,"5836 PENN AVE, Pittsburgh, PA 15206-",https://data.wprdc.org/dataset/pli-permits
BP-2020-08653,pittsburgh,2021-05-18,0,BUILDING,NEW CONSTRUCTION,true,Completed,-80.0102945135,40.4581542145,"217 ALPINE AVE, Pittsburgh, PA 15212-",https://data.wprdc.org/dataset/pli-permits
EP-2022-11248,pittsburgh,2022-12-30,0,ELECTRICAL,NEW CONSTRUCTION,false,Completed,-79.9835922908,40.436106554,"1622 LOCUST ST, Pittsburgh, PA 15219-",https://data.wprdc.org/dataset/pli-permits
SSP-2021-01913,pittsburgh,2021-08-12,0,Suppression System Permit,NEW SYSTEM,false,Completed,-80.0430510996,40.4748309616,"3300 PREBLE AVE #420, Pittsburgh, PA 15233-",https://data.wprdc.org/dataset/pli-permits
SP-2023-08289,pittsburgh,2023-06-16,0,Sign Permit,NEW,false,Completed,-79.9662815451,40.4284602373,"424 S 27TH ST #306, Pittsburgh, PA 15203-",https://data.wprdc.org/dataset/pli-permits
FAS-2024-11017,pittsburgh,2024-08-29,0,Fire Alarm Permit,NEW SYSTEM,false,Completed,-79.9481728234,40.4833627562,"450 56TH ST #150, Pittsburgh, PA 15201-",https://data.wprdc.org/dataset/pli-permits
FAS-2022-13455,pittsburgh,2022-12-07,0,Fire Alarm Permit,NEW SYSTEM,false,Completed,-79.8896565204,40.4902941233,"900 FREEPORT RD, Pittsburgh, PA 15238-",https://data.wprdc.org/dataset/pli-permits
SSP-2021-18300,pittsburgh,2022-02-16,0,Suppression System Permit,NEW SYSTEM,false,Completed,-79.9964759922,40.4304363882,"68 S 4TH ST #11, Pittsburgh, PA 15219-",https://data.wprdc.org/dataset/pli-permits
BP-2023-14168,pittsburgh,2024-03-25,0,BUILDING,NEW CONSTRUCTION,true,Completed,-79.9819997078,40.4398191177,"1738 REED ST #424, Pittsburgh, PA 15219-",https://data.wprdc.org/dataset/pli-permits
EP-2021-20763,pittsburgh,2021-12-29,0,ELECTRICAL,NEW CONSTRUCTION,true,Completed,-79.9437914069,40.480324867,"4309 UPVIEW TER, Pittsburgh, 15201-",https://data.wprdc.org/dataset/pli-permits
BP-2020-06324,pittsburgh,2021-08-30,0,BUILDING,NEW CONSTRUCTION,false,Completed,-79.9796122559,40.4549553695,"2552 SMALLMAN ST, Pittsburgh, PA 15222-",https://data.wprdc.org/dataset/pli-permits
BP-2023-15142,pittsburgh,2023-12-12,0,BUILDING,NEW CONSTRUCTION,true,Completed,-79.9396850403,40.4116705572,"333 FLOWERS AVE, Pittsburgh, PA 15207-",https://data.wprdc.org/dataset/pli-permits
SP-2021-05164,pittsburgh,2021-05-03,0,Sign Permit,NEW,false,Completed,-79.9157299194,40.4570395031,"177 BAKERY SQUARE BLVD, Pittsburgh, PA 15206-",https://data.wprdc.org/dataset/pli-permits
SP-2022-11010,pittsburgh,2022-07-20,0,Sign Permit,NEW,false,Completed,-79.9614108377,40.4416931682,"203 LOTHROP ST, Pittsburgh, PA 15213-",https://data.wprdc.org/dataset/pli-permits
EP-2023-03939,pittsburgh,2023-03-14,0,ELECTRICAL,NEW CONSTRUCTION,true,Completed,-80.0794308566,40.4498994083,"104 CEDARWOOD PL, Pittsburgh, PA 15205-",https://data.wprdc.org/dataset/pli-permits
OOP-2020-03856,pittsburgh,2020-07-31,0,Occupancy Only Permit,NEW USE,true,Expired,-79.984339876,40.3902662408,"2231 LUTZ AVE, Pittsburgh, 15210-",https://data.wprdc.org/dataset/pli-permits
SP-2021-10811,pittsburgh,2021-08-04,0,Sign Permit,NEW,false,Issued,-80.0013411307,40.4414118522,"550 MARKET ST #21A, Pittsburgh, PA 15222-",https://data.wprdc.org/dataset/pli-permits
OLP-2021-04777,pittsburgh,2021-05-11,0,Occupant Load Placard Permit,NEW,false,Completed,-79.9831740778,40.3882052896,"25 CARRICK AVE, Pittsburgh, 15210-",https://data.wprdc.org/dataset/pli-permits
EP-2020-01845,pittsburgh,2020-03-02,0,ELECTRICAL,NEW CONSTRUCTION,true,Completed,-79.962436242,40.4711670297,"4121 FOSTER ST, Pittsburgh, PA 15201-",https://data.wprdc.org/dataset/pli-permits
FAS-2024-00324,pittsburgh,2024-01-18,0,Fire Alarm Permit,NEW SYSTEM,false,Completed,-80.005304313,40.4268089924,"6 BAILEY AVE, Pittsburgh, PA 15211-",https://data.wprdc.org/dataset/pli-permits
EP-2024-00354,pittsburgh,2024-02-14,0,ELECTRICAL,NEW CONSTRUCTION,false,Completed,-79.9515456468,40.4402668261,"374 JONCAIRE ST #2, Pittsburgh, PA 15213-",https://data.wprdc.org/dataset/pli-permits
BP-2021-02686,pittsburgh,2021-09-14,0,BUILDING,NEW CONSTRUCTION,true,Issued,-80.0178487406,40.4368014683,"121 MERIDAN ST, Pittsburgh, PA 15211-",https://data.wprdc.org/dataset/pli-permits
OLP-2021-18551,pittsburgh,2021-12-06,0,Occupant Load Placard Permit,NEW,false,Completed,-80.0200611402,40.450284711,"1016 N LINCOLN AVE, Pittsburgh, 15233-",https://data.wprdc.org/dataset/pli-permits
MP-2023-12311,pittsburgh,2023-07-27,0,MECHANICAL,NEW CONSTRUCTION,true,Completed,-79.9358706306,40.4660957477,"215 N AIKEN AVE, Pittsburgh, 15206-",https://data.wprdc.org/dataset/pli-permits
MP-2023-15329,pittsburgh,2023-09-14,0,MECHANICAL,NEW CONSTRUCTION,true,Completed,-80.0794308566,40.4498994083,"104 CEDARWOOD PL, Pittsburgh, PA 15205-",https://data.wprdc.org/dataset/pli-permits
SP-2021-14075,pittsburgh,2021-09-02,0,Sign Permit,NEW,false,Completed,-80.0177995755,40.4077223063,"1701 WEST LIBERTY AVE, Pittsburgh, 15226-",https://data.wprdc.org/dataset/pli-permits
OLP-2022-02839,pittsburgh,2022-03-14,0,Occupant Load Placard Permit,NEW,false,Completed,-79.9778511183,40.4283450856,"1930 E CARSON ST, Pittsburgh, 15203-",https://data.wprdc.org/dataset/pli-permits
BP-2021-19641,pittsburgh,2022-11-02,0,BUILDING,NEW CONSTRUCTION,true,Completed,-79.9773291345,40.4439563935,"2117 ROSE ST, Pittsburgh, PA 15219-",https://data.wprdc.org/dataset/pli-permits
SSP-2020-18096,pittsburgh,2020-11-04,0,Suppression System Permit,NEW SYSTEM,false,Completed,-79.952951594,40.4829181033,"5301 BUTLER ST #300, Pittsburgh, PA 15201-",https://data.wprdc.org/dataset/pli-permits
BP-2022-18821,pittsburgh,2023-05-24,0,BUILDING,NEW CONSTRUCTION,true,Completed,-80.0282887132,40.4568787321,"1426 JUNIATA ST, Pittsburgh, PA 15233-",https://data.wprdc.org/dataset/pli-permits
FAS-2020-08964,pittsburgh,2020-09-23,0,Fire Alarm Permit,NEW SYSTEM,false,Completed,-79.9674064613,40.4622244447,"3350 PENN AVE #312, Pittsburgh, PA 15201-",https://data.wprdc.org/dataset/pli-permits
SSP-2021-14554,pittsburgh,2021-12-03,0,Suppression System Permit,NEW SYSTEM,false,Completed,-80.0234379644,40.4594777166,"1144 KIRKBRIDE ST #411, Pittsburgh, PA 15212-",https://data.wprdc.org/dataset/pli-permits
EP-2024-12193,pittsburgh,2024-10-02,0,ELECTRICAL,NEW CONSTRUCTION,true,Issued,-79.9341649212,40.4660060655,"220 N GRAHAM ST, Pittsburgh, PA 15206-",https://data.wprdc.org/dataset/pli-permits
EP-2023-17070,pittsburgh,2023-11-13,0,ELECTRICAL,NEW CONSTRUCTION,true,Completed,-79.9325955416,40.4459913367,"5422 WILKINS AVE, Pittsburgh, PA 15217-",https://data.wprdc.org/dataset/pli-permits
EP-2023-01172,pittsburgh,2023-01-31,0,ELECTRICAL,NEW CONSTRUCTION,true,Completed,-79.9171681989,40.4312113963,"6317 CROMBIE ST, Pittsburgh, 15217-",https://data.wprdc.org/dataset/pli-permits
SSP-2022-08256,pittsburgh,2022-06-27,0,Suppression System Permit,NEW SYSTEM,false,Completed,-79.9569600408,40.4419638514,"3807 FORBES AVE, Pittsburgh, PA 15213-",https://data.wprdc.org/dataset/pli-permits
EP-2022-07219,pittsburgh,2024-06-06,0,ELECTRICAL,NEW CONSTRUCTION,false,Completed,-79.9611658858,40.466660821,"254 40TH ST, Pittsburgh, PA 15201-",https://data.wprdc.org/dataset/pli-permits
SP-2020-08420,pittsburgh,2021-01-22,0,Sign Permit,NEW,false,Completed,-79.9525999311,40.4513898314,"4500 CENTRE AVE #1019, Pittsburgh, PA 15213-",https://data.wprdc.org/dataset/pli-permits
EP-2023-06252,pittsburgh,2023-04-18,0,ELECTRICAL,NEW CONSTRUCTION,true,Revoked,-79.9367170648,40.4677857498,"5322 HILLCREST ST, Pittsburgh, PA 15224-",https://data.wprdc.org/dataset/pli-permits
OOP-2022-16739,pittsburgh,2022-11-01,0,Occupancy Only Permit,NEW USE,false,Completed,-79.989848429,40.4119656077,"500 BROWNSVILLE RD, Pittsburgh, PA 15210-",https://data.wprdc.org/dataset/pli-permits
EP-2020-19734,pittsburgh,2021-02-18,0,ELECTRICAL,NEW CONSTRUCTION,false,Completed,-80.0034461455,40.4418955326,"120 5TH AVE, Pittsburgh, 15222-",https://data.wprdc.org/dataset/pli-permits
EP-2022-09954,pittsburgh,2024-02-12,0,ELECTRICAL,NEW CONSTRUCTION,false,Completed,-80.009766984,40.4653584818,"201 LAFAYETTE AVE, Pittsburgh, PA 15214-",https://data.wprdc.org/dataset/pli-permits
MP-2020-09149,pittsburgh,2020-09-09,0,MECHANICAL,NEW CONSTRUCTION,true,Expired,-79.9717743368,40.426769313,"120 S 24TH ST, Pittsburgh, 15203-",https://data.wprdc.org/dataset/pli-permits
FAS-2023-11614,pittsburgh,2023-09-12,0,Fire Alarm Permit,NEW SYSTEM,false,Completed,-79.9499590205,40.4454700598,"307 S DITHRIDGE ST #914, Pittsburgh, PA 15213-",https://data.wprdc.org/dataset/pli-permits
EP-2021-20175,pittsburgh,2022-03-25,0,ELECTRICAL,NEW CONSTRUCTION,false,Completed,-79.9231934238,40.460015708,"6226 PENN AVE, Pittsburgh, PA 15206-",https://data.wprdc.org/dataset/pli-permits
BP-2021-07530,pittsburgh,2022-03-31,0,BUILDING,NEW CONSTRUCTION,true,Completed,-79.9498193051,40.480949448,"5315 HOLMES ST, Pittsburgh, PA 15201-",https://data.wprdc.org/dataset/pli-permits
FAS-2021-11681,pittsburgh,2021-08-25,0,Fire Alarm Permit,NEW SYSTEM,false,Completed,-79.9977149213,40.4402043035,"525 WILLIAM PENN PL #3550, Pittsburgh, PA 15219-",https://data.wprdc.org/dataset/pli-permits
FAS-2022-01375,pittsburgh,2022-03-18,0,Fire Alarm Permit,NEW SYSTEM,false,Completed,-79.9673149765,40.4274932671,"2635 E CARSON ST #214, Pittsburgh, PA 15203-",https://data.wprdc.org/dataset/pli-permits
MP-2023-16171,pittsburgh,2024-01-31,0,MECHANICAL,NEW CONSTRUCTION,false,Completed,-79.9914618561,40.4415602968,"626 WASHINGTON PL #2501, Pittsburgh, PA 15219-",https://data.wprdc.org/dataset/pli-permits
BP-2020-06557,pittsburgh,2020-07-10,0,BUILDING,NEW CONSTRUCTION,false,Completed,-79.9401755564,40.4573786627,"5259 LIBERTY AVE, Pittsburgh, PA 15224-",https://data.wprdc.org/dataset/pli-permits
EP-2023-01328,pittsburgh,2024-02-27,0,ELECTRICAL,NEW CONSTRUCTION,false,Completed,-79.9255463383,40.4568199116,"316 S HIGHLAND AVE #402, Pittsburgh, PA 15206-",https://data.wprdc.org/dataset/pli-permits
SSP-2023-08524,pittsburgh,2023-06-06,0,Suppression System Permit,NEW SYSTEM,false,Completed,-80.0839226561,40.4486052545,"MAZETTE RD, Pittsburgh, PA 15205-",https://data.wprdc.org/dataset/pli-permits
EP-2022-10441,pittsburgh,2022-12-21,0,ELECTRICAL,NEW CONSTRUCTION,true,Issued,-79.922395108,40.4689198984,"718 N BEATTY ST, Pittsburgh, 15206-",https://data.wprdc.org/dataset/pli-permits
EP-2024-05042,pittsburgh,2024-04-03,0,ELECTRICAL,NEW CONSTRUCTION,true,Completed,-79.9671230102,40.4411460381,"3119 ELLERS ST, Pittsburgh, PA 15213-",https://data.wprdc.org/dataset/pli-permits
FAS-2020-06506,pittsburgh,2020-10-09,0,Fire Alarm Permit,NEW SYSTEM,false,Completed,-79.935961565,40.4585794507,"424 S FAIRMOUNT ST #5, Pittsburgh, PA 15232-",https://data.wprdc.org/dataset/pli-permits
SSP-2024-03681,pittsburgh,2024-06-13,0,Suppression System Permit,NEW SYSTEM,false,Completed,-79.9607398273,40.4705089046,"4203 BUTLER ST, Pittsburgh, PA 15201-",https://data.wprdc.org/dataset/pli-permits
EP-2021-14234,pittsburgh,2022-01-20,0,ELECTRICAL,NEW CONSTRUCTION,false,Completed,-79.896811336,40.4505987367,"7443 THOMAS BLVD, Pittsburgh, PA 15208-",https://data.wprdc.org/dataset/pli-permits
SP-2022-00057,pittsburgh,2022-05-06,0,Sign Permit,NEW,false,Issued,-79.9324754963,40.4584917998,"5732 BAUM BLVD, Pittsburgh, 15206-",https://data.wprdc.org/dataset/pli-permits
SSP-2024-03461,pittsburgh,2024-04-09,0,Suppression System Permit,NEW SYSTEM,false,Completed,-79.9374952111,40.4574726961,"5425 BAUM BLVD, Pittsburgh, 15232-",https://data.wprdc.org/dataset/pli-permits
BP-2020-15047,pittsburgh,2020-09-23,0,BUILDING,NEW CONSTRUCTION,false,Completed,-79.9776779877,40.455798496,"2635 PENN AVE #508, Pittsburgh, PA 15222-",https://data.wprdc.org/dataset/pli-permits
OLP-2024-10346,pittsburgh,2024-07-18,0,Occupant Load Placard Permit,NEW,false,Completed,-80.0033694317,40.448835287,"20 E GENERAL ROBINSON ST, Pittsburgh, 15212-",https://data.wprdc.org/dataset/pli-permits
EP-2023-03803,pittsburgh,2023-03-14,0,ELECTRICAL,NEW CONSTRUCTION,true,Completed,-80.0794308566,40.4498994083,"104 CEDARWOOD PL, Pittsburgh, PA 15205-",https://data.wprdc.org/dataset/pli-permits
OLP-2023-13008,pittsburgh,2023-08-08,0,Occupant Load Placard Permit,NEW,false,Completed,-79.9914742372,40.4374184576,"915 LOCUST ST, Pittsburgh, PA 15282-",https://data.wprdc.org/dataset/pli-permits
EP-2020-20062,pittsburgh,2020-12-21,0,ELECTRICAL,NEW CONSTRUCTION,false,Completed,-79.9613273305,40.4711397932,"172 43RD ST, Pittsburgh, PA 15201-",https://data.wprdc.org/dataset/pli-permits
BP-2021-09362,pittsburgh,2021-08-02,0,BUILDING,NEW CONSTRUCTION,true,Issued,-79.9205681539,40.4655054595,"500 N SHERIDAN AVE, Pittsburgh, PA 15206-",https://data.wprdc.org/dataset/pli-permits
SP-2023-04258,pittsburgh,2023-04-10,0,Sign Permit,NEW,false,Completed,-79.9598453087,40.4424544322,"200 LOTHROP ST, Pittsburgh, PA 15213-",https://data.wprdc.org/dataset/pli-permits
EP-2021-10704,pittsburgh,2021-09-30,0,ELECTRICAL,NEW CONSTRUCTION,false,Completed,-79.9639972173,40.4685327573,"3913 BUTLER ST, Pittsburgh, PA 15201-",https://data.wprdc.org/dataset/pli-permits
SP-2022-02865,pittsburgh,2022-03-15,0,Sign Permit,NEW,false,Completed,-79.9481728234,40.4833627562,"450 56TH ST #150, Pittsburgh, PA 15201-",https://data.wprdc.org/dataset/pli-permits
SSP-2023-10197,pittsburgh,2023-07-20,0,Suppression System Permit,NEW SYSTEM,false,Completed,-80.0507005096,40.4312273014,"100 GUYLAND ST, Pittsburgh, 15205-",https://data.wprdc.org/dataset/pli-permits
EP-2022-14177,pittsburgh,2022-09-13,0,ELECTRICAL,NEW CONSTRUCTION,true,Completed,-80.0178890319,40.436707179,"125 MERIDAN ST, Pittsburgh, PA 15211-",https://data.wprdc.org/dataset/pli-permits
BP-2020-09837,pittsburgh,2021-03-23,0,BUILDING,NEW CONSTRUCTION,false,Completed,-79.9314571941,40.4583462957,"5819 CENTRE AVE #101, Pittsburgh, PA 15206-",https://data.wprdc.org/dataset/pli-permits
FAS-2024-13186,pittsburgh,2024-12-19,0,Fire Alarm Permit,NEW SYSTEM,false,Completed,-80.0184547241,40.4603235851,"1901 BRIGHTON RD, Pittsburgh, 15212-",https://data.wprdc.org/dataset/pli-permits
SP-2021-06799,pittsburgh,2021-05-18,0,Sign Permit,NEW,false,Completed,-79.9401755564,40.4573786627,"5259 LIBERTY AVE, Pittsburgh, PA 15224-",https://data.wprdc.org/dataset/pli-permits
OOP-2022-03349,pittsburgh,2022-05-12,0,Occupancy Only Permit,NEW USE,false,Completed,-80.0519376203,40.4296406672,"2121 NOBLESTOWN RD #210, Pittsburgh, PA 15205-",https://data.wprdc.org/dataset/pli-permits
EP-2021-05013,pittsburgh,2021-08-11,0,ELECTRICAL,NEW CONSTRUCTION,false,Completed,-79.9271135515,40.45782655,"235 SPAHR ST, Pittsburgh, 15232-",https://data.wprdc.org/dataset/pli-permits
SSP-2024-03204,pittsburgh,2024-04-09,0,Suppression System Permit,NEW SYSTEM,false,Completed,-79.9517622328,40.4400640167,"373 YARROW Way #2, Pittsburgh, PA 15213-",https://data.wprdc.org/dataset/pli-permits
BP-2022-10293,pittsburgh,2022-08-11,0,BUILDING,NEW CONSTRUCTION,false,Completed,-79.9287894046,40.4621581093,"141 S SAINT CLAIR ST #601, Pittsburgh, PA 15206-",https://data.wprdc.org/dataset/pli-permits
MP-2023-11882,pittsburgh,2023-09-14,0,MECHANICAL,NEW CONSTRUCTION,true,Completed,-80.0794308566,40.4498994083,"104 CEDARWOOD PL, Pittsburgh, PA 15205-",https://data.wprdc.org/dataset/pli-permits
BP-2022-09503,pittsburgh,2022-12-14,0,BUILDING,NEW CONSTRUCTION,true,Completed,-80.0794308566,40.4498994083,"104 CEDARWOOD PL, Pittsburgh, PA 15205-",https://data.wprdc.org/dataset/pli-permits
EP-2020-10060,pittsburgh,2020-10-16,0,ELECTRICAL,NEW CONSTRUCTION,false,Expired,-79.9878333698,40.4506348221,No primary address specified,https://data.wprdc.org/dataset/pli-permits
FAS-2024-12791,pittsburgh,2024-11-21,0,Fire Alarm Permit,NEW SYSTEM,false,Issued,-79.9745783674,40.4597006087,"102 30TH ST #631, Pittsburgh, PA 15201-",https://data.wprdc.org/dataset/pli-permits
BP-2023-19503,pittsburgh,2024-09-16,0,BUILDING,NEW CONSTRUCTION,false,Issued,-79.9531533024,40.4820317757,"5275 BUTLER ST #690, Pittsburgh, PA 15201-",https://data.wprdc.org/dataset/pli-permits
SSP-2022-06390,pittsburgh,2022-05-26,0,Suppression System Permit,NEW SYSTEM,false,Completed,-79.9229964275,40.4293998406,"5808 FORWARD AVE, Pittsburgh, PA 15217-",https://data.wprdc.org/dataset/pli-permits
BP-2021-18275,pittsburgh,2022-01-19,0,BUILDING,NEW CONSTRUCTION,false,Completed,-79.9603895986,40.4767268012,"113 47TH ST, Pittsburgh, PA 15201-",https://data.wprdc.org/dataset/pli-permits
SP-2024-01105,pittsburgh,2024-03-13,0,Sign Permit,NEW,false,Completed,-79.9684280981,40.4603506967,"3234 LIBERTY AVE #562, Pittsburgh, PA 15201-",https://data.wprdc.org/dataset/pli-permits
SP-2022-15550,pittsburgh,2022-11-02,0,Sign Permit,NEW,false,Completed,-79.966442558,40.4271731068,"2746 SIDNEY ST, Pittsburgh, PA 15203-",https://data.wprdc.org/dataset/pli-permits
EP-2023-04108,pittsburgh,2023-05-31,0,ELECTRICAL,NEW CONSTRUCTION,false,Completed,-79.8928229029,40.4871226119,"843 FREEPORT RD, Pittsburgh, 15238-",https://data.wprdc.org/dataset/pli-permits
FAS-2021-10566,pittsburgh,2021-08-10,0,Fire Alarm Permit,NEW SYSTEM,false,Completed,-79.9271135515,40.45782655,"235 SPAHR ST, Pittsburgh, 15232-",https://data.wprdc.org/dataset/pli-permits
MP-2020-02184,pittsburgh,2020-07-21,0,MECHANICAL,NEW CONSTRUCTION,false,Completed,-79.9515273732,40.4523064916,"4615 CENTRE AVE, Pittsburgh, 15213-",https://data.wprdc.org/dataset/pli-permits
FAS-2020-11631,pittsburgh,2021-03-30,0,Fire Alarm Permit,NEW SYSTEM,false,Completed,-79.9718808362,40.4423839981,No primary address specified,https://data.wprdc.org/dataset/pli-permits
SSP-2020-12163,pittsburgh,2020-09-10,0,Suppression System Permit,NEW SYSTEM,false,Completed,-79.9590847545,40.4693652701,"246 42ND ST, Pittsburgh, 15201-",https://data.wprdc.org/dataset/pli-permits
BP-2022-11044,pittsburgh,2022-09-28,0,BUILDING,NEW CONSTRUCTION,false,Completed,-79.9835922908,40.436106554,"1622 LOCUST ST, Pittsburgh, PA 15219-",https://data.wprdc.org/dataset/pli-permits
SSP-2020-02888,pittsburgh,2021-06-11,0,Suppression System Permit,NEW SYSTEM,false,Completed,-80.0220131787,40.4471260635,"757 CASINO DR, Pittsburgh, PA 15212-",https://data.wprdc.org/dataset/pli-permits
SSP-2022-05114,pittsburgh,2022-07-25,0,Suppression System Permit,NEW SYSTEM,false,Completed,-80.0033887722,40.4537750878,"745 UNION PL, Pittsburgh, PA 15212-",https://data.wprdc.org/dataset/pli-permits
MP-2023-01329,pittsburgh,2024-03-05,0,MECHANICAL,NEW CONSTRUCTION,false,Completed,-79.9255463383,40.4568199116,"316 S HIGHLAND AVE #402, Pittsburgh, PA 15206-",https://data.wprdc.org/dataset/pli-permits
SSP-2020-12318,pittsburgh,2020-11-20,0,Suppression System Permit,NEW SYSTEM,false,Completed,-79.9313253344,40.4531425099,"711 S NEGLEY AVE #301, Pittsburgh, PA 15232-",https://data.wprdc.org/dataset/pli-permits
MP-2020-02109,pittsburgh,2020-02-25,0,MECHANICAL,NEW CONSTRUCTION,true,Completed,-79.9500130888,40.4813928037,"5324 KEYSTONE ST, Pittsburgh, PA 15201-",https://data.wprdc.org/dataset/pli-permits
EP-2022-14314,pittsburgh,2022-09-15,0,ELECTRICAL,NEW CONSTRUCTION,true,Completed,-79.9623287275,40.4625895156,"504 37TH ST, Pittsburgh, PA 15201-",https://data.wprdc.org/dataset/pli-permits
FAS-2022-02731,pittsburgh,2022-05-13,0,Fire Alarm Permit,NEW SYSTEM,false,Completed,-80.0038598636,40.442773067,"515 PENN AVE, Pittsburgh, 15222-",https://data.wprdc.org/dataset/pli-permits
OLP-2020-16599,pittsburgh,2020-11-16,0,Occupant Load Placard Permit,NEW,false,Expired,-80.0076065779,40.4303781057,"214 SHILOH ST, Pittsburgh, PA 15211-",https://data.wprdc.org/dataset/pli-permits
BP-2021-01619,pittsburgh,2024-05-23,0,BUILDING,NEW CONSTRUCTION,false,Completed,-79.9234762771,40.4606134279,"6112 PENN AVE, Pittsburgh, PA 15206",https://data.wprdc.org/dataset/pli-permits
SP-2022-05531,pittsburgh,2022-08-25,0,Sign Permit,NEW,false,Completed,-79.9644021732,40.4662203568,"3706 BUTLER ST, Pittsburgh, PA 15201-",https://data.wprdc.org/dataset/pli-permits
MP-2022-19877,pittsburgh,2023-01-04,0,MECHANICAL,NEW CONSTRUCTION,true,Issued,-79.9272051115,40.4703160932,"715 N NEGLEY AVE, Pittsburgh, 15206-",https://data.wprdc.org/dataset/pli-permits
EP-2021-07067,pittsburgh,2021-05-11,0,ELECTRICAL,NEW CONSTRUCTION,true,Completed,-79.9219839408,40.4456806501,"116 WOODLAND RD, Pittsburgh, 15232-",https://data.wprdc.org/dataset/pli-permits
SSP-2022-11027,pittsburgh,2022-08-29,0,Suppression System Permit,NEW SYSTEM,false,Issued,-79.976324041,40.4451328061,"459 KIRKPATRICK ST #302, Pittsburgh, PA 15219-",https://data.wprdc.org/dataset/pli-permits
FAS-2023-05644,pittsburgh,2023-05-18,0,Fire Alarm Permit,NEW SYSTEM,false,Completed,-79.9878499494,40.4447896475,"1530 CLIFF ST #314, Pittsburgh, PA 15219-",https://data.wprdc.org/dataset/pli-permits
SP-2021-06250,pittsburgh,2021-05-06,0,Sign Permit,NEW,false,Issued,-79.9476445586,40.460635781,"4776 LIBERTY AVE, Pittsburgh, PA 15224-",https://data.wprdc.org/dataset/pli-permits
MP-2024-03479,pittsburgh,2024-03-12,0,MECHANICAL,NEW CONSTRUCTION,true,Completed,-79.9934179571,40.4567726178,"905 RICKENBACH ST, Pittsburgh, PA 15212-",https://data.wprdc.org/dataset/pli-permits
EP-2024-13463,pittsburgh,2024-11-07,0,ELECTRICAL,NEW CONSTRUCTION,true,Completed,-79.9468513649,40.4646994149,"212 S MATHILDA ST, Pittsburgh, 15224-",https://data.wprdc.org/dataset/pli-permits
EP-2024-00993,pittsburgh,2024-01-24,0,ELECTRICAL,NEW CONSTRUCTION,true,Completed,-80.0179311952,40.4523566837,"931 BEECH AVE, Pittsburgh, 15233-",https://data.wprdc.org/dataset/pli-permits
OLP-2023-17301,pittsburgh,2023-11-06,0,Occupant Load Placard Permit,NEW,false,Expired,-79.9287894046,40.4621581093,"141 S SAINT CLAIR ST #601, Pittsburgh, PA 15206-",https://data.wprdc.org/dataset/pli-permits
OLP-2023-02488,pittsburgh,2023-03-22,0,Occupant Load Placard Permit,NEW,false,Expired,-80.0034461455,40.4418955326,"120 5TH AVE, Pittsburgh, 15222-",https://data.wprdc.org/dataset/pli-permits
SP-2021-12985,pittsburgh,2021-08-12,0,Sign Permit,NEW,false,Issued,-79.9924623385,40.4442340192,"1100 LIBERTY AVE #E205, Pittsburgh, PA 15222-",https://data.wprdc.org/dataset/pli-permits
SSP-2023-02584,pittsburgh,2023-03-21,0,Suppression System Permit,NEW SYSTEM,false,Completed,-79.9480487037,40.446701187,"4630 5TH AVE #35, Pittsburgh, PA 15213-",https://data.wprdc.org/dataset/pli-permits
MP-2022-16196,pittsburgh,2023-02-16,0,MECHANICAL,NEW CONSTRUCTION,false,Completed,-79.9835922908,40.436106554,"1622 LOCUST ST, Pittsburgh, PA 15219-",https://data.wprdc.org/dataset/pli-permits
MP-2023-13582,pittsburgh,2023-10-18,0,MECHANICAL,NEW CONSTRUCTION,true,Completed,-79.9537451843,40.4296961561,"3203 PARKVIEW AVE, Pittsburgh, 15213-",https://data.wprdc.org/dataset/pli-permits
SP-2020-00182,pittsburgh,2020-02-26,0,Sign Permit,NEW,false,Completed,-79.9915511953,40.4533082956,"910 RIVER AVE, Pittsburgh, 15212-",https://data.wprdc.org/dataset/pli-permits
MP-2021-16244,pittsburgh,2021-10-04,0,MECHANICAL,NEW CONSTRUCTION,true,Completed,-80.0101684625,40.4581746278,"213 ALPINE AVE, Pittsburgh, PA 15212-",https://data.wprdc.org/dataset/pli-permits
SSP-2023-09442,pittsburgh,2023-12-15,0,Suppression System Permit,NEW SYSTEM,false,Completed,-79.9085709893,40.457435176,"6916 5TH AVE, Pittsburgh, PA 15208-",https://data.wprdc.org/dataset/pli-permits
SP-2021-04659,pittsburgh,2021-05-18,0,Sign Permit,NEW,false,Completed,-79.9772398962,40.458771362,"75 HOPPER PL #301, Pittsburgh, PA 15222-",https://data.wprdc.org/dataset/pli-permits
EP-2021-17809,pittsburgh,2021-11-01,0,ELECTRICAL,NEW CONSTRUCTION,true,Completed,-80.022759842,40.4344167807,"450 SWEETBRIAR ST, Pittsburgh, PA 15211-",https://data.wprdc.org/dataset/pli-permits
BP-2022-09554,pittsburgh,2022-12-14,0,BUILDING,NEW CONSTRUCTION,true,Completed,-80.0794308566,40.4498994083,"104 CEDARWOOD PL, Pittsburgh, PA 15205-",https://data.wprdc.org/dataset/pli-permits
SSP-2021-11530,pittsburgh,2021-08-16,0,Suppression System Permit,NEW SYSTEM,false,Completed,-80.0192879747,40.4381168713,"1225 GRANDVIEW AVE, Pittsburgh, PA 15211-",https://data.wprdc.org/dataset/pli-permits
SP-2022-11668,pittsburgh,2022-08-03,0,Sign Permit,NEW,false,Issued,-79.9620887022,40.4420305122,"3500 TERRACE ST, Pittsburgh, 15213-",https://data.wprdc.org/dataset/pli-permits
EP-2024-02353,pittsburgh,2024-02-20,0,ELECTRICAL,NEW CONSTRUCTION,true,Completed,-79.9933882162,40.4566870825,"903 RICKENBACH ST, Pittsburgh, PA 15212-",https://data.wprdc.org/dataset/pli-permits
SSP-2023-05129,pittsburgh,2023-06-20,0,Suppression System Permit,NEW SYSTEM,false,Completed,-79.9532432276,40.4552952804,"451 MELWOOD AVE, Pittsburgh, 15213-",https://data.wprdc.org/dataset/pli-permits
SP-2023-12530,pittsburgh,2023-08-07,0,Sign Permit,NEW,false,Completed,-79.9648273521,40.4276700429,"425 CINEMA DR #201, Pittsburgh, PA 15203-",https://data.wprdc.org/dataset/pli-permits
EP-2020-17438,pittsburgh,2020-10-27,0,ELECTRICAL,NEW CONSTRUCTION,true,Completed,-79.9272761288,40.4701545447,"709 N NEGLEY AVE, Pittsburgh, 15206-",https://data.wprdc.org/dataset/pli-permits
FAS-2022-15027,pittsburgh,2022-11-02,0,Fire Alarm Permit,NEW SYSTEM,false,Completed,-79.9903585214,40.4486022823,"1447 SMALLMAN ST, Pittsburgh, PA 15222-",https://data.wprdc.org/dataset/pli-permits
EP-2021-04564,pittsburgh,2022-02-21,0,ELECTRICAL,NEW CONSTRUCTION,false,Completed,-79.9646094377,40.4282446769,"2706 SOUTH WATER ST, Pittsburgh, PA 15203-",https://data.wprdc.org/dataset/pli-permits
FAS-2020-15150,pittsburgh,2021-05-11,0,Fire Alarm Permit,NEW SYSTEM,false,Completed,-79.9903117401,40.438543146,"1016 5TH AVE #401, Pittsburgh, PA 15219-",https://data.wprdc.org/dataset/pli-permits
FP-2024-13369,pittsburgh,2024-12-17,0,Floodplain Permit,New Construction,false,Completed,-79.9903585214,40.4486022823,"1447 SMALLMAN ST, Pittsburgh, PA 15222-",https://data.wprdc.org/dataset/pli-permits
SP-2019-08256,pittsburgh,2020-11-17,0,Sign Permit,NEW,false,Expired,-79.9491586328,40.4455308997,"300 S CRAIG ST, Pittsburgh, PA 15213-",https://data.wprdc.org/dataset/pli-permits
EP-2022-00810,pittsburgh,2022-08-09,0,ELECTRICAL,NEW CONSTRUCTION,false,Completed,-79.9133217409,40.4652844329,"116 WINSLOW ST, Pittsburgh, PA 15206-",https://data.wprdc.org/dataset/pli-permits
SP-2021-17308,pittsburgh,2021-11-10,0,Sign Permit,NEW,false,Completed,-79.994859348,40.4413703466,"600 GRANT ST #5382, Pittsburgh, PA 15219-",https://data.wprdc.org/dataset/pli-permits
EP-2023-20944,pittsburgh,2024-06-04,0,ELECTRICAL,NEW CONSTRUCTION,false,Completed,-79.9234762771,40.4606134279,"6112 PENN AVE, Pittsburgh, PA 15206",https://data.wprdc.org/dataset/pli-permits
EP-2020-09206,pittsburgh,2020-06-23,0,ELECTRICAL,NEW CONSTRUCTION,true,Completed,-79.9498418327,40.4843218496,"5533 BERLIN Way, Pittsburgh, PA 15201-",https://data.wprdc.org/dataset/pli-permits
MP-2024-12310,pittsburgh,2024-10-09,0,MECHANICAL,NEW CONSTRUCTION,true,Completed,-79.9959846303,40.4226573833,"636 EXCELSIOR ST, Pittsburgh, PA 15210-",https://data.wprdc.org/dataset/pli-permits
MP-2022-14131,pittsburgh,2022-09-07,0,MECHANICAL,NEW CONSTRUCTION,true,Completed,-79.9196153092,40.4468106852,"1245 DENNISTON ST, Pittsburgh, 15217-",https://data.wprdc.org/dataset/pli-permits
FAS-2020-05923,pittsburgh,2020-07-02,0,Fire Alarm Permit,NEW SYSTEM,false,Completed,-79.925572008,40.4638989259,"270 N BEATTY ST, Pittsburgh, PA 15206-",https://data.wprdc.org/dataset/pli-permits
SSP-2021-00779,pittsburgh,2021-03-29,0,Suppression System Permit,NEW SYSTEM,false,Completed,-79.9293228096,40.4326002372,"5535 HOBART ST #8, Pittsburgh, PA 15217-",https://data.wprdc.org/dataset/pli-permits
EP-2021-03071,pittsburgh,2021-05-11,0,ELECTRICAL,NEW CONSTRUCTION,false,Completed,-79.9603895986,40.4767268012,"113 47TH ST, Pittsburgh, PA 15201-",https://data.wprdc.org/dataset/pli-permits
BP-2020-14686,pittsburgh,2020-09-29,0,BUILDING,NEW CONSTRUCTION,false,Issued,-79.9271135515,40.45782655,"235 SPAHR ST, Pittsburgh, 15232-",https://data.wprdc.org/dataset/pli-permits
EP-2023-12088,pittsburgh,2023-09-20,0,ELECTRICAL,NEW CONSTRUCTION,false,Completed,-79.9473815875,40.4844534144,"5608 BUTLER ST, Pittsburgh, PA 15201-",https://data.wprdc.org/dataset/pli-permits
MP-2020-16634,pittsburgh,2021-03-18,0,MECHANICAL,NEW CONSTRUCTION,false,Completed,-79.9640089066,40.4330887045,"743 TECHNOLOGY DR #2, Pittsburgh, PA 15219-",https://data.wprdc.org/dataset/pli-permits
MP-2020-19705,pittsburgh,2020-12-17,0,MECHANICAL,NEW CONSTRUCTION,true,Completed,-79.9878333698,40.4506348221,No primary address specified,https://data.wprdc.org/dataset/pli-permits
SSP-2021-10119,pittsburgh,2022-06-29,0,Suppression System Permit,NEW SYSTEM,false,Completed,-79.9838282685,40.4265623848,"154 S 15TH ST #101, Pittsburgh, PA 15203-",https://data.wprdc.org/dataset/pli-permits
MP-2022-02415,pittsburgh,2022-11-03,0,MECHANICAL,NEW CONSTRUCTION,false,Completed,-79.9658194883,40.4294901026,"2695 SOUTH WATER ST #442, Pittsburgh, PA 15203-",https://data.wprdc.org/dataset/pli-permits
OOP-2021-02192,pittsburgh,2021-02-24,0,Occupancy Only Permit,NEW USE,true,Expired,-79.9675642543,40.4218664855,"2810 SHELLY ST #1, Pittsburgh, PA 15203-",https://data.wprdc.org/dataset/pli-permits
SP-2019-00968,pittsburgh,2020-08-05,0,Sign Permit,NEW,false,Completed,-80.0156007348,40.4523853078,"841 DOUNTON Way, Pittsburgh, 15233-",https://data.wprdc.org/dataset/pli-permits
EP-2023-01024,pittsburgh,2023-07-05,0,ELECTRICAL,NEW CONSTRUCTION,false,Completed,-79.9586741342,40.4396582241,"3510 FORBES AVE, Pittsburgh, PA 15213-",https://data.wprdc.org/dataset/pli-permits
BP-2020-19701,pittsburgh,2021-10-22,0,BUILDING,NEW CONSTRUCTION,true,Issued,-80.0111776957,40.4605596246,"1854 CLAYTON AVE, Pittsburgh, PA 15214-",https://data.wprdc.org/dataset/pli-permits
SSP-2021-04760,pittsburgh,2021-05-04,0,Suppression System Permit,NEW SYSTEM,false,Completed,-79.9977672045,40.4579617012,"1212 MADISON AVE, Pittsburgh, 15212-",https://data.wprdc.org/dataset/pli-permits
MP-2022-03938,pittsburgh,2022-08-11,0,MECHANICAL,NEW CONSTRUCTION,false,Completed,-79.9892654826,40.4493658629,"131 15TH ST, Pittsburgh, PA 15222-",https://data.wprdc.org/dataset/pli-permits
EP-2022-03284,pittsburgh,2022-03-10,0,ELECTRICAL,NEW CONSTRUCTION,true,Completed,-79.9330980552,40.4235265095,"909 DEELY ST, Pittsburgh, 15217-",https://data.wprdc.org/dataset/pli-permits
BP-2022-06370,pittsburgh,2022-11-01,0,BUILDING,NEW CONSTRUCTION,false,Completed,-79.9238505444,40.4605922849,"6100 PENN AVE, Pittsburgh, 15206-",https://data.wprdc.org/dataset/pli-permits
BP-2019-11750,pittsburgh,2020-03-10,0,BUILDING,NEW CONSTRUCTION,true,Completed,-79.9101883922,40.4553189626,"6706 MCPHERSON BLVD, Pittsburgh, 15208-",https://data.wprdc.org/dataset/pli-permits
MP-2023-03389,pittsburgh,2023-03-01,0,MECHANICAL,NEW CONSTRUCTION,true,Completed,-79.9270724042,40.4651991175,"312 N SAINT CLAIR ST, Pittsburgh, PA 15206-",https://data.wprdc.org/dataset/pli-permits
BP-2021-08682,pittsburgh,2021-07-01,0,BUILDING,NEW CONSTRUCTION,true,Completed,-80.0248377594,40.4603007292,"1232 KUNKLE AVE, Pittsburgh, PA 15212-",https://data.wprdc.org/dataset/pli-permits
SP-2020-07772,pittsburgh,2020-07-10,0,Sign Permit,NEW,false,Completed,-80.0304998267,40.412096729,"1523 BANKSVILLE RD, Pittsburgh, PA 15216-",https://data.wprdc.org/dataset/pli-permits
EP-2023-09958,pittsburgh,2023-06-21,0,ELECTRICAL,NEW CONSTRUCTION,true,Revoked,-79.9358350233,40.4668914917,"5368 ROSETTA ST, Pittsburgh, 15224-",https://data.wprdc.org/dataset/pli-permits
EP-2021-00617,pittsburgh,2021-01-26,0,ELECTRICAL,NEW CONSTRUCTION,true,Completed,-80.0095614886,40.4594821912,"130 E JEFFERSON ST, Pittsburgh, PA 15212-",https://data.wprdc.org/dataset/pli-permits
OLP-2022-11955,pittsburgh,2022-08-10,0,Occupant Load Placard Permit,NEW,false,Completed,-79.9959590662,40.4396184904,"500 GRANT ST, Pittsburgh, 15219-",https://data.wprdc.org/dataset/pli-permits
SP-2022-18328,pittsburgh,2024-08-15,0,Sign Permit,NEW,false,Issued,-79.9367972988,40.4560581117,"5436 CENTRE AVE, Pittsburgh, 15232-",https://data.wprdc.org/dataset/pli-permits
SSP-2023-17415,pittsburgh,2024-01-11,0,Suppression System Permit,NEW SYSTEM,false,Completed,-79.9503015727,40.4831049785,"5424 BUTLER ST, Pittsburgh, 15201-",https://data.wprdc.org/dataset/pli-permits
MP-2021-16708,pittsburgh,2022-01-07,0,MECHANICAL,NEW CONSTRUCTION,false,Completed,-79.9776779877,40.455798496,"2635 PENN AVE #508, Pittsburgh, PA 15222-",https://data.wprdc.org/dataset/pli-permits
SP-2023-08965,pittsburgh,2024-04-08,0,Sign Permit,NEW,false,Completed,-79.998659997,40.4201571759,"503 CLIMAX ST, Pittsburgh, 15210-",https://data.wprdc.org/dataset/pli-permits
MP-2020-05895,pittsburgh,2020-06-25,0,MECHANICAL,NEW CONSTRUCTION,true,Expired,-79.9867034088,40.4515557728,"1754 WATERFRONT PL, Pittsburgh, PA 15222-",https://data.wprdc.org/dataset/pli-permits
MP-2022-11469,pittsburgh,2022-10-17,0,MECHANICAL,NEW CONSTRUCTION,false,Completed,-80.0080661064,40.4468565587,"220 NORTH SHORE DR #628, Pittsburgh, PA 15212-",https://data.wprdc.org/dataset/pli-permits
SP-2020-05861,pittsburgh,2020-06-12,0,Sign Permit,NEW,false,Expired,-80.0038544214,40.4481055192,"116 FEDERAL ST, Pittsburgh, PA 15212-",https://data.wprdc.org/dataset/pli-permits
MP-2022-00639,pittsburgh,2023-07-24,0,MECHANICAL,NEW CONSTRUCTION,false,Completed,-79.9974299804,40.3907430675,"2140 SAW MILL RUN BLVD, Pittsburgh, 15210-",https://data.wprdc.org/dataset/pli-permits
SP-2022-16801,pittsburgh,2023-06-13,0,Sign Permit,NEW,false,Issued,-80.0194817854,40.4498401387,"1020 RIDGE AVE, Pittsburgh, 15233-",https://data.wprdc.org/dataset/pli-permits
OLP-2021-16741,pittsburgh,2021-10-27,0,Occupant Load Placard Permit,NEW,false,Completed,-79.9649018541,40.4715772592,"105 40TH ST, Pittsburgh, 15201-",https://data.wprdc.org/dataset/pli-permits
EP-2022-06919,pittsburgh,2022-05-06,0,ELECTRICAL,NEW CONSTRUCTION,true,Completed,-79.9233372929,40.4731885664,"934 MELLON ST, Pittsburgh, 15206-",https://data.wprdc.org/dataset/pli-permits
BP-2020-13526,pittsburgh,2024-06-13,0,BUILDING,NEW CONSTRUCTION,true,Issued,-79.9682626986,40.4579374299,"314 HARMAR ST, Pittsburgh, PA 15219-",https://data.wprdc.org/dataset/pli-permits
SSP-2024-02970,pittsburgh,2024-04-08,0,Suppression System Permit,NEW SYSTEM,false,Completed,-79.9525999311,40.4513898314,"4500 CENTRE AVE #1019, Pittsburgh, PA 15213-",https://data.wprdc.org/dataset/pli-permits
BP-2019-05495,pittsburgh,2020-01-21,0,BUILDING,NEW CONSTRUCTION,false,Completed,-79.9691318132,40.4445641169,"239 BLAKEY CT #310, Pittsburgh, PA 15219-",https://data.wprdc.org/dataset/pli-permits
BP-2019-05531,pittsburgh,2021-09-03,0,BUILDING,NEW CONSTRUCTION,true,Issued,-80.0043371381,40.427842456,"431 NEFF ST, Pittsburgh, PA 15211-",https://data.wprdc.org/dataset/pli-permits
BP-2022-14412,pittsburgh,2023-02-01,0,BUILDING,NEW CONSTRUCTION,false,Issued,-79.9485926002,40.4161119302,"4427 LYTLE ST, Pittsburgh, PA 15207-",https://data.wprdc.org/dataset/pli-permits
EP-2020-12645,pittsburgh,2021-07-29,0,ELECTRICAL,NEW CONSTRUCTION,false,Completed,-79.9314571941,40.4583462957,"5819 CENTRE AVE #101, Pittsburgh, PA 15206-",https://data.wprdc.org/dataset/pli-permits
SSP-2020-19821,pittsburgh,2020-12-30,0,Suppression System Permit,NEW SYSTEM,false,Completed,-79.9975988814,40.4433016141,"913 LIBERTY AVE, Pittsburgh, PA 15222-",https://data.wprdc.org/dataset/pli-permits
SP-2022-00951,pittsburgh,2022-04-25,0,Sign Permit,NEW,false,Issued,-79.9724883506,40.4637922768,"50 33RD ST, Pittsburgh, 15201-",https://data.wprdc.org/dataset/pli-permits
BP-2020-17218,pittsburgh,2022-01-31,0,BUILDING,NEW CONSTRUCTION,false,Issued,-79.9588034513,40.4547512417,"3446 MILWAUKEE ST, Pittsburgh, PA 15219-",https://data.wprdc.org/dataset/pli-permits
SP-2021-13591,pittsburgh,2023-02-27,0,Sign Permit,NEW,false,Completed,-80.0002710051,40.401876217,"1405 SAW MILL RUN BLVD, Pittsburgh, 15226-",https://data.wprdc.org/dataset/pli-permits
BP-2020-01206,pittsburgh,2020-05-15,0,BUILDING,NEW CONSTRUCTION,true,Completed,-79.9419171412,40.4223266057,"4232 LYDIA ST, Pittsburgh, 15207-",https://data.wprdc.org/dataset/pli-permits
BP-2023-19563,pittsburgh,2024-05-21,0,BUILDING,NEW CONSTRUCTION,false,Completed,-79.9465743822,40.4135183581,"4601 Composite ST, Pittsburgh, PA 15207-",https://data.wprdc.org/dataset/pli-permits
MP-2024-03481,pittsburgh,2024-03-12,0,MECHANICAL,NEW CONSTRUCTION,true,Completed,-79.9936825286,40.4567233818,"904 AHLERS Way, Pittsburgh, PA 15212-",https://data.wprdc.org/dataset/pli-permits
MP-2019-03230,pittsburgh,2020-01-14,0,MECHANICAL,NEW CONSTRUCTION,true,Completed,-79.9873657392,40.4511141051,"1712 WATERFRONT PL, Pittsburgh, PA 15222-",https://data.wprdc.org/dataset/pli-permits
EP-2024-13881,pittsburgh,2024-11-21,0,ELECTRICAL,NEW CONSTRUCTION,true,Completed,-79.9199601357,40.4730595662,"1011 N HIGHLAND AVE, Pittsburgh, 15206-",https://data.wprdc.org/dataset/pli-permits
EP-2021-14129,pittsburgh,2022-01-20,0,ELECTRICAL,NEW CONSTRUCTION,false,Completed,-79.9586741342,40.4396582241,"3510 FORBES AVE, Pittsburgh, PA 15213-",https://data.wprdc.org/dataset/pli-permits
FAS-2020-06894,pittsburgh,2020-07-02,0,Fire Alarm Permit,NEW SYSTEM,false,Completed,-79.9483267049,40.4609768924,"4754 LIBERTY AVE, Pittsburgh, 15224-",https://data.wprdc.org/dataset/pli-permits
BP-2022-03031,pittsburgh,2023-07-20,0,BUILDING,NEW CONSTRUCTION,false,Completed,-79.9275565313,40.4621549752,"5818 PENN AVE, Pittsburgh, PA 15206-",https://data.wprdc.org/dataset/pli-permits
EP-2024-05953,pittsburgh,2024-05-23,0,ELECTRICAL,NEW CONSTRUCTION,false,Completed,-79.9879197719,40.4410124668,"632 WASHINGTON PL, Pittsburgh, PA 15219",https://data.wprdc.org/dataset/pli-permits
SP-2021-04752,pittsburgh,2021-08-05,0,Sign Permit,NEW,false,Completed,-79.960508573,40.4697495839,"4112 BUTLER ST #10, Pittsburgh, PA 15201-",https://data.wprdc.org/dataset/pli-permits
OOP-2022-03649,pittsburgh,2022-04-19,0,Occupancy Only Permit,NEW USE,true,Completed,-79.8738785264,40.4574785844,"126 KILMER ST, Pittsburgh, 15221-",https://data.wprdc.org/dataset/pli-permits
EP-2023-03155,pittsburgh,2023-02-22,0,ELECTRICAL,NEW CONSTRUCTION,true,Completed,-79.9193810213,40.4690086761,"6050 STANTON AVE, Pittsburgh, PA 15206-",https://data.wprdc.org/dataset/pli-permits
BP-2021-09076,pittsburgh,2021-08-06,0,BUILDING,NEW CONSTRUCTION,true,Completed,-80.0176087791,40.4367312169,"118 HALLOCK ST, Pittsburgh, PA 15211-",https://data.wprdc.org/dataset/pli-permits
BP-2022-15883,pittsburgh,2024-10-29,0,BUILDING,NEW CONSTRUCTION,false,Completed,-79.9617216464,40.4310612357,"350 TECHNOLOGY DR #611, Pittsburgh, PA 15219-",https://data.wprdc.org/dataset/pli-permits
BP-2022-13268,pittsburgh,2022-10-10,0,BUILDING,NEW CONSTRUCTION,true,Completed,-79.9514683707,40.4585192037,"4728 LORIGAN ST #301, Pittsburgh, PA 15224-",https://data.wprdc.org/dataset/pli-permits
EP-2020-01253,pittsburgh,2021-09-24,0,ELECTRICAL,NEW CONSTRUCTION,false,Completed,-80.0220131787,40.4471260635,"757 CASINO DR, Pittsburgh, PA 15212-",https://data.wprdc.org/dataset/pli-permits
EP-2024-04956,pittsburgh,2024-04-04,0,ELECTRICAL,NEW CONSTRUCTION,true,Completed,-79.9819997078,40.4398191177,"1738 REED ST #424, Pittsburgh, PA 15219-",https://data.wprdc.org/dataset/pli-permits
EP-2021-01908,pittsburgh,2021-05-06,0,ELECTRICAL,NEW CONSTRUCTION,false,Completed,-80.0430510996,40.4748309616,"3300 PREBLE AVE #420, Pittsburgh, PA 15233-",https://data.wprdc.org/dataset/pli-permits
BP-2024-01451,pittsburgh,2024-07-02,0,BUILDING,NEW CONSTRUCTION,false,Issued,-79.992147371,40.4466359283,"1212 SMALLMAN ST, Pittsburgh, 15222-",https://data.wprdc.org/dataset/pli-permits
MP-2023-05250,pittsburgh,2023-03-27,0,MECHANICAL,NEW CONSTRUCTION,true,Completed,-79.9083520616,40.4612328319,"542 LINCOLN AVE, Pittsburgh, PA 15206-",https://data.wprdc.org/dataset/pli-permits
EP-2024-11654,pittsburgh,2024-12-16,0,ELECTRICAL,NEW CONSTRUCTION,false,Completed,-79.9744889146,40.4592203327,"SMALLMAN ST, Pittsburgh, PA 15201-",https://data.wprdc.org/dataset/pli-permits
BDA-2024-02383,pittsburgh,2024-12-11,0,Building & Development Application,New Construction,false,Issued,-80.0315358352,40.4543318651,"1505 METROPOLITAN ST, Pittsburgh, 15233-",https://data.wprdc.org/dataset/pli-permits
SP-2022-03397,pittsburgh,2022-10-31,0,Sign Permit,NEW,false,Completed,-79.9247619383,40.4159388101,"4582 BROWNS HILL RD, Pittsburgh, PA 15217-",https://data.wprdc.org/dataset/pli-permits
MP-2024-00571,pittsburgh,2024-02-12,0,MECHANICAL,NEW CONSTRUCTION,false,Completed,-79.9515456468,40.4402668261,"374 JONCAIRE ST #2, Pittsburgh, PA 15213-",https://data.wprdc.org/dataset/pli-permits
MP-2021-16776,pittsburgh,2021-10-12,0,MECHANICAL,NEW CONSTRUCTION,true,Completed,-79.8870278539,40.4544905747,"7719 BENNETT ST, Pittsburgh, 15208-",https://data.wprdc.org/dataset/pli-permits
SSP-2022-19178,pittsburgh,2023-01-31,0,Suppression System Permit,NEW SYSTEM,false,Completed,-79.9838282685,40.4265623848,"154 S 15TH ST #101, Pittsburgh, PA 15203-",https://data.wprdc.org/dataset/pli-permits
MP-2022-14417,pittsburgh,2023-02-01,0,MECHANICAL,NEW CONSTRUCTION,false,Completed,-79.9484456346,40.4159064666,"4339 LYTLE ST, Pittsburgh, PA 15207-",https://data.wprdc.org/dataset/pli-permits
BP-2020-07421,pittsburgh,2020-08-18,0,BUILDING,NEW CONSTRUCTION,true,Completed,-80.009621655,40.4594665188,"132 E JEFFERSON ST, Pittsburgh, PA 15212-",https://data.wprdc.org/dataset/pli-permits
MP-2023-11159,pittsburgh,2023-07-06,0,MECHANICAL,NEW CONSTRUCTION,true,Completed,-80.0176679943,40.436537543,"126 HALLOCK ST, Pittsburgh, PA 15211-",https://data.wprdc.org/dataset/pli-permits
SSP-2023-14216,pittsburgh,2024-04-01,0,Suppression System Permit,NEW SYSTEM,false,Completed,-79.9572139554,40.47697243,"4837 BUTLER ST #202, Pittsburgh, PA 15201-",https://data.wprdc.org/dataset/pli-permits
EP-2020-03393,pittsburgh,2020-08-06,0,ELECTRICAL,NEW CONSTRUCTION,false,Completed,-79.9962833318,40.4510221241,"234 VOEGHTLY ST, Pittsburgh, PA 15212-",https://data.wprdc.org/dataset/pli-permits
SP-2021-01823,pittsburgh,2021-02-24,0,Sign Permit,NEW,false,Completed,-79.9363522901,40.4573410281,"5522 BAUM BLVD #723, Pittsburgh, PA 15232-",https://data.wprdc.org/dataset/pli-permits
SP-2023-20460,pittsburgh,2024-01-08,0,Sign Permit,NEW,false,Completed,-79.9884372207,40.3919674978,"2150 BROWNSVILLE RD #150, Pittsburgh, PA 15210-",https://data.wprdc.org/dataset/pli-permits
FAS-2020-19750,pittsburgh,2021-05-28,0,Fire Alarm Permit,NEW SYSTEM,false,Completed,-79.9903585214,40.4486022823,"1447 SMALLMAN ST, Pittsburgh, PA 15222-",https://data.wprdc.org/dataset/pli-permits
SSP-2022-08244,pittsburgh,2022-06-27,0,Suppression System Permit,NEW SYSTEM,false,Completed,-79.9586741342,40.4396582241,"3510 FORBES AVE, Pittsburgh, PA 15213-",https://data.wprdc.org/dataset/pli-permits
EP-2021-20447,pittsburgh,2022-01-11,0,ELECTRICAL,NEW CONSTRUCTION,true,Completed,-80.0096589784,40.4020966753,"762 DUNSTER ST, Pittsburgh, 15226-",https://data.wprdc.org/dataset/pli-permits
EP-2022-15537,pittsburgh,2022-11-14,0,ELECTRICAL,NEW CONSTRUCTION,false,Completed,-79.9590168681,40.4704397556,"233 43RD ST, Pittsburgh, PA 15201-",https://data.wprdc.org/dataset/pli-permits
FAS-2019-08277,pittsburgh,2020-03-04,0,Fire Alarm Permit,NEW SYSTEM,false,Completed,-79.94390358,40.4417684612,"4927 MARGARET MORRISON ST, Pittsburgh, PA 15213-",https://data.wprdc.org/dataset/pli-permits
OLP-2023-16233,pittsburgh,2023-10-23,0,Occupant Load Placard Permit,NEW,false,Completed,-80.0839226561,40.4486052545,"MAZETTE RD, Pittsburgh, PA 15205-",https://data.wprdc.org/dataset/pli-permits
BP-2019-10470,pittsburgh,2020-02-12,0,BUILDING,NEW CONSTRUCTION,false,Completed,-79.9458306973,40.4476132808,"4735 5TH AVE, Pittsburgh, PA 15213-",https://data.wprdc.org/dataset/pli-permits
OOP-2021-09143,pittsburgh,2021-06-11,0,Occupancy Only Permit,NEW USE,true,Expired,-79.9165121627,40.4477259536,"626 HASTINGS ST, Pittsburgh, 15206-",https://data.wprdc.org/dataset/pli-permits
BP-2020-11763,pittsburgh,2020-09-10,0,BUILDING,NEW CONSTRUCTION,true,Issued,-79.9619295634,40.4738545817,"120 45TH ST, Pittsburgh, PA 15201-",https://data.wprdc.org/dataset/pli-permits
MP-2021-07767,pittsburgh,2022-05-16,0,MECHANICAL,NEW CONSTRUCTION,true,Completed,-79.966902345,40.4397091347,"110 BURROWS ST, Pittsburgh, PA 15213-",https://data.wprdc.org/dataset/pli-permits
OLP-2022-03705,pittsburgh,2022-03-29,0,Occupant Load Placard Permit,NEW,false,Expired,-79.9958002419,40.4431837962,"980 LIBERTY AVE, Pittsburgh, PA 15222-",https://data.wprdc.org/dataset/pli-permits
SSP-2019-11422,pittsburgh,2020-02-25,0,Suppression System Permit,NEW SYSTEM,false,Completed,-79.9261975894,40.4641197705,"5809 HARVARD ST #303, Pittsburgh, PA 15206-",https://data.wprdc.org/dataset/pli-permits
OLP-2021-09933,pittsburgh,2021-06-22,0,Occupant Load Placard Permit,NEW,false,Completed,-80.0384481973,40.4702805059,"2830 NEW BEAVER AVE, Pittsburgh, PA 15233-",https://data.wprdc.org/dataset/pli-permits
SSP-2023-08790,pittsburgh,2023-06-13,0,Suppression System Permit,NEW SYSTEM,false,Completed,-79.9436280184,40.425642106,"403 GREENFIELD AVE, Pittsburgh, PA 15207-",https://data.wprdc.org/dataset/pli-permits
EP-2022-02730,pittsburgh,2022-03-31,0,ELECTRICAL,NEW CONSTRUCTION,false,Completed,-80.0038598636,40.442773067,"515 PENN AVE, Pittsburgh, 15222-",https://data.wprdc.org/dataset/pli-permits
BDA-2024-06006,pittsburgh,2024-11-15,0,Building & Development Application,New Construction,true,Issued,-79.9398237473,40.4580167261,"456 S ATLANTIC AVE, Pittsburgh, 15224-",https://data.wprdc.org/dataset/pli-permits
MP-2023-11786,pittsburgh,2023-09-15,0,MECHANICAL,NEW CONSTRUCTION,true,Completed,-80.0794308566,40.4498994083,"104 CEDARWOOD PL, Pittsburgh, PA 15205-",https://data.wprdc.org/dataset/pli-permits
SP-2022-02950,pittsburgh,2022-04-13,0,Sign Permit,NEW,false,Completed,-79.9272498386,40.4605417428,"5923 BAUM BLVD, Pittsburgh, 15206-",https://data.wprdc.org/dataset/pli-permits
SSP-2023-17907,pittsburgh,2024-01-03,0,Suppression System Permit,NEW SYSTEM,false,Completed,-79.9059928624,40.4618991147,"975 WASHINGTON BLVD #308, Pittsburgh, PA 15206-",https://data.wprdc.org/dataset/pli-permits
BP-2021-08570,pittsburgh,2021-09-01,0,BUILDING,NEW CONSTRUCTION,true,Completed,-79.9272326957,40.4650269766,"302 N SAINT CLAIR ST, Pittsburgh, PA 15206-",https://data.wprdc.org/dataset/pli-permits
OLP-2023-20578,pittsburgh,2024-01-16,0,Occupant Load Placard Permit,NEW,false,Completed,-80.0035680945,40.4399201571,"6 PPG PL #830, Pittsburgh, PA 15222-",https://data.wprdc.org/dataset/pli-permits
EP-2024-11655,pittsburgh,2024-12-02,0,ELECTRICAL,NEW CONSTRUCTION,false,Issued,-79.9745783674,40.4597006087,"102 30TH ST #631, Pittsburgh, PA 15201-",https://data.wprdc.org/dataset/pli-permits
OOP-2022-06944,pittsburgh,2022-07-08,0,Occupancy Only Permit,NEW USE,false,Completed,-79.9870022234,40.4289312728,"1111 E CARSON ST, Pittsburgh, 15203-",https://data.wprdc.org/dataset/pli-permits
OLP-2024-14312,pittsburgh,2024-12-31,0,Occupant Load Placard Permit,NEW,false,Completed,-79.938924783,40.4413216102,"5122 SKIBO DR, Pittsburgh, PA 15213-",https://data.wprdc.org/dataset/pli-permits
SSP-2020-04570,pittsburgh,2020-05-13,0,Suppression System Permit,NEW SYSTEM,false,Applicant Revisions,-80.0795241854,40.4527966078,"257 MCABEE DR, Pittsburgh, PA 15205-",https://data.wprdc.org/dataset/pli-permits
BP-2022-09551,pittsburgh,2022-12-14,0,BUILDING,NEW CONSTRUCTION,true,Completed,-80.0794308566,40.4498994083,"104 CEDARWOOD PL, Pittsburgh, PA 15205-",https://data.wprdc.org/dataset/pli-permits
SSP-2023-08756,pittsburgh,2023-06-28,0,Suppression System Permit,NEW SYSTEM,false,Completed,-80.0103017491,40.4504159652,"620 BANK ST, Pittsburgh, 15212-",https://data.wprdc.org/dataset/pli-permits
SSP-2021-15464,pittsburgh,2022-04-25,0,Suppression System Permit,NEW SYSTEM,false,Completed,-79.9698760428,40.4611691528,"3205 PENN AVE #634, Pittsburgh, PA 15201-",https://data.wprdc.org/dataset/pli-permits
BP-2022-09549,pittsburgh,2022-12-14,0,BUILDING,NEW CONSTRUCTION,true,Completed,-80.0794308566,40.4498994083,"104 CEDARWOOD PL, Pittsburgh, PA 15205-",https://data.wprdc.org/dataset/pli-permits
FAS-2020-10861,pittsburgh,2020-09-23,0,Fire Alarm Permit,NEW SYSTEM,false,Completed,-79.9493593377,40.4576541993,"824 GROSS ST, Pittsburgh, PA 15224-",https://data.wprdc.org/dataset/pli-permits
MP-2020-12616,pittsburgh,2020-09-14,0,MECHANICAL,NEW CONSTRUCTION,true,Expired,-79.955660447,40.4480413978,"212 TENNYSON AVE, Pittsburgh, 15213-",https://data.wprdc.org/dataset/pli-permits
FAS-2024-11722,pittsburgh,2024-09-13,0,Fire Alarm Permit,NEW SYSTEM,false,Completed,-79.8922008885,40.4884285327,"980 FREEPORT RD, Pittsburgh, PA 15238",https://data.wprdc.org/dataset/pli-permits
FAS-2023-11562,pittsburgh,2023-09-06,0,Fire Alarm Permit,NEW SYSTEM,false,Completed,-79.9275565313,40.4621549752,"5818 PENN AVE, Pittsburgh, PA 15206-",https://data.wprdc.org/dataset/pli-permits
MP-2021-20387,pittsburgh,2022-02-15,0,MECHANICAL,NEW CONSTRUCTION,true,Completed,-80.0148246955,40.428416795,"492 GRACE ST, Pittsburgh, PA 15211-",https://data.wprdc.org/dataset/pli-permits
BP-2020-04124,pittsburgh,2020-05-29,0,BUILDING,NEW CONSTRUCTION,true,Completed,-80.0228369611,40.4342454815,"454 SWEETBRIAR ST, Pittsburgh, PA 15211-",https://data.wprdc.org/dataset/pli-permits
BP-2022-07002,pittsburgh,2023-05-26,0,BUILDING,NEW CONSTRUCTION,false,Completed,-79.94911778,40.463482864,"202 PEARL ST, Pittsburgh, PA 15224-",https://data.wprdc.org/dataset/pli-permits
OOP-2021-07663,pittsburgh,2022-03-01,0,Occupancy Only Permit,NEW USE,false,Completed,-79.9046052935,40.4471408293,"7111 REYNOLDS ST, Pittsburgh, PA 15208-",https://data.wprdc.org/dataset/pli-permits
FAS-2020-12058,pittsburgh,2020-09-09,0,Fire Alarm Permit,NEW SYSTEM,false,Completed,-79.9972117486,40.4417265917,"620 SMITHFIELD ST, Pittsburgh, PA 15222-",https://data.wprdc.org/dataset/pli-permits
SSP-2024-01681,pittsburgh,2024-02-21,0,Suppression System Permit,NEW SYSTEM,false,Completed,-79.9815852235,40.4419968277,"1844 CENTRE AVE, Pittsburgh, PA 15219-",https://data.wprdc.org/dataset/pli-permits
BP-2021-11417,pittsburgh,2021-08-23,0,BUILDING,NEW CONSTRUCTION,true,Completed,-79.9835428455,40.4468419873,"1870 CLIFF ST, Pittsburgh, PA 15219-",https://data.wprdc.org/dataset/pli-permits
BP-2019-07287,pittsburgh,2020-01-03,0,BUILDING,NEW CONSTRUCTION,false,Completed,-79.9812618033,40.4561914637,"2545 RAILROAD ST #301, Pittsburgh, PA 15222-",https://data.wprdc.org/dataset/pli-permits
EP-2023-03877,pittsburgh,2023-03-14,0,ELECTRICAL,NEW CONSTRUCTION,true,Completed,-80.0794308566,40.4498994083,"104 CEDARWOOD PL, Pittsburgh, PA 15205-",https://data.wprdc.org/dataset/pli-permits
MP-2020-18046,pittsburgh,2021-01-06,0,MECHANICAL,NEW CONSTRUCTION,false,Completed,-79.9718808362,40.4423839981,No primary address specified,https://data.wprdc.org/dataset/pli-permits
OLP-2023-17194,pittsburgh,2023-10-17,0,Occupant Load Placard Permit,NEW,false,Completed,-79.9462983388,40.4488289632,"601 CLYDE ST, Pittsburgh, PA 15213-",https://data.wprdc.org/dataset/pli-permits
MP-2020-14131,pittsburgh,2021-04-27,0,MECHANICAL,NEW CONSTRUCTION,true,Completed,-79.9494369949,40.4845610782,"5563 BERLIN Way, Pittsburgh, PA 15201-",https://data.wprdc.org/dataset/pli-permits
EP-2023-15159,pittsburgh,2023-09-08,0,ELECTRICAL,NEW CONSTRUCTION,true,Completed,-79.9939080527,40.4592636988,"1032 SPRING GARDEN AVE, Pittsburgh, 15212-",https://data.wprdc.org/dataset/pli-permits
SSP-2020-10519,pittsburgh,2020-08-11,0,Suppression System Permit,NEW SYSTEM,false,Expired,-80.0109278572,40.4243126304,"200 SOUTHERN AVE, Pittsburgh, PA 15211-",https://data.wprdc.org/dataset/pli-permits
BP-2022-07006,pittsburgh,2023-05-26,0,BUILDING,NEW CONSTRUCTION,false,Completed,-79.9492671592,40.4633244597,"208 PEARL ST, Pittsburgh, PA 15224-",https://data.wprdc.org/dataset/pli-permits
SSP-2020-06072,pittsburgh,2020-06-18,0,Suppression System Permit,NEW SYSTEM,false,Completed,-79.8927680515,40.4719434053,"7157 MARY PECK BOND PL, Pittsburgh, PA 15206-",https://data.wprdc.org/dataset/pli-permits
MP-2021-18139,pittsburgh,2022-03-28,0,MECHANICAL,NEW CONSTRUCTION,false,Completed,-79.9231934238,40.460015708,"6226 PENN AVE, Pittsburgh, PA 15206-",https://data.wprdc.org/dataset/pli-permits
EP-2020-02859,pittsburgh,2020-02-26,0,ELECTRICAL,NEW CONSTRUCTION,true,Completed,-79.9463800216,40.4674027689,"4718 MOSSFIELD ST, Pittsburgh, 15224-",https://data.wprdc.org/dataset/pli-permits
MP-2021-01304,pittsburgh,2021-04-26,0,MECHANICAL,NEW CONSTRUCTION,true,Completed,-79.9492238372,40.4846560403,"5577 BERLIN Way, Pittsburgh, PA 15201-",https://data.wprdc.org/dataset/pli-permits
EP-2022-18710,pittsburgh,2022-12-08,0,ELECTRICAL,NEW CONSTRUCTION,true,Completed,-79.9270724042,40.4651991175,"312 N SAINT CLAIR ST, Pittsburgh, PA 15206-",https://data.wprdc.org/dataset/pli-permits
