{"type":"FeatureCollection","features":[{"id":"19","type":"Feature","properties":{"geoid":"42007","name":"Beaver"},"geometry":{"type":"Polygon","coordinates":[[[-80.15853,40.85509599999997],[-80.14511,40.61344699999999],[-80.15377,40.60840700000003],[-80.160579,40.609561],[-80.165784,40.606030000000004],[-80.180401,40.60934900000005],[-80.183871,40.60130900000002],[-80.188712,40.599753],[-80.184323,40.59692],[-80.194867,40.596775999999984],[-80.204163,40.58856799999997],[-80.208127,40.58799600000001],[-80.212269,40.58214099999997],[-80.21909,40.581956999999996],[-80.218694,40.57966699999996],[-80.22400600000002,40.577329000000006],[-80.22405100000002,40.575268],[-80.36087100000002,40.477537999999974],[-80.519038,40.477363000000025],[-80.519044,40.851339000000024],[-80.15853,40.85509599999997]]]}},{"id":"47","type":"Feature","properties":{"geoid":"42053","name":"Forest"},"geometry":{"type":"Polygon","coordinates":[[[-78.956138,41.623334000000035],[-78.958957,41.43706099999998],[-78.976657,41.43696299999998],[-78.976658,41.451760999999976],[-79.06352,41.45320699999999],[-79.065154,41.423193999999974],[-79.093588,41.42328599999996],[-79.09509600000001,41.340658000000005],[-79.099659,41.342587],[-79.104977,41.34152600000003],[-79.107231,41.33640699999995],[-79.104743,41.32939800000002],[-79.106444,41.326246999999974],[-79.111346,41.32508800000003],[-79.122847,41.330172000000005],[-79.138159,41.341781999999995],[-79.14823300000002,41.331657000000035],[-79.157596,41.32875400000003],[-79.163067,41.333104999999996],[-79.160531,41.341699000000034],[-79.166118,41.343994000000016],[-79.169213,41.34052900000001],[-79.166814,41.33069700000002],[-79.173034,41.325339000000014],[-79.176006,41.32839599999998],[-79.17526,41.33624800000001],[-79.180248,41.33930800000001],[-79.18659000000001,41.33795199999999],[-79.186045,41.328821],[-79.191952,41.32427400000002],[-79.202506,41.32679000000002],[-79.208878,41.33186100000004],[-79.207196,41.43092199999999],[-79.357653,41.43243199999997],[-79.357586,41.436241000000024],[-79.400269,41.43614499999999],[-79.400439,41.386579],[-79.477346,41.38645999999998],[-79.478163,41.440134000000015],[-79.52159900000001,41.44055400000003],[-79.522024,41.465218999999976],[-79.512276,41.465240000000016],[-79.51207000000001,41.62455899999999],[-79.152961,41.62677900000002],[-78.956138,41.623334000000035]]]}},{"id":"94","type":"Feature","properties":{"geoid":"42117","name":"Tioga"},"geometry":{"type":"Polygon","coordinates":[[[-76.960315,41.551379],[-77.284989,41.54411799999997],[-77.599278,41.54227099999994],[-77.610027,41.99936799999998],[-77.161419,41.999604999999995],[-76.927059,42.00157499999997],[-76.899124,41.808058],[-76.874714,41.596918999999986],[-76.87833100000002,41.59054600000001],[-76.882886,41.58837500000001],[-76.908432,41.58146300000002],[-76.917321,41.58273999999999],[-76.922576,41.580813],[-76.92657,41.571091000000045],[-76.947162,41.568148],[-76.963046,41.55626800000001],[-76.960315,41.551379]]]}},{"id":"107","type":"Feature","properties":{"geoid":"42043","name":"Dauphin"},"geometry":{"type":"Polygon","coordinates":[[[-76.67804,40.474717000000055],[-76.569417,40.195549],[-76.566571,40.19580699999998],[-76.5721,40.19430999999997],[-76.580708,40.19468699999998],[-76.586,40.18954400000001],[-76.608092,40.18940299999995],[-76.615948,40.18060700000002],[-76.62625600000001,40.17825599999999],[-76.63841,40.16673799999999],[-76.666209,40.16321000000001],[-76.6728,40.157498999999966],[-76.670563,40.15448700000003],[-76.676299,40.15320800000006],[-76.677209,40.14888600000001],[-76.683151,40.15179499999994],[-76.690135,40.148113999999985],[-76.690971,40.15666700000005],[-76.697352,40.15664000000002],[-76.695576,40.15155699999998],[-76.69932800000001,40.14529599999998],[-76.704548,40.14408599999996],[-76.709865,40.13763699999999],[-76.706412,40.13526600000004],[-76.715251,40.13215000000002],[-76.72162,40.120069999999934],[-76.730542,40.12212899999997],[-76.744318,40.13220599999998],[-76.749312,40.16853099999997],[-76.752683,40.17580300000001],[-76.774014,40.184090999999995],[-76.800585,40.200110999999985],[-76.825991,40.203041000000034],[-76.837717,40.22036599999997],[-76.859023,40.22632800000002],[-76.864471,40.22971300000004],[-76.878707,40.243889000000024],[-76.897771,40.254664999999974],[-76.910442,40.26699399999998],[-76.92449,40.29141700000002],[-76.922975,40.30095600000004],[-76.913485,40.31754800000003],[-76.912129,40.325495000000004],[-76.926533,40.341432999999995],[-76.93267200000001,40.35531800000004],[-76.937547,40.35748100000004],[-76.950764,40.35816499999999],[-76.998022,40.35667900000001],[-77.009212,40.358855000000055],[-77.020799,40.36623000000003],[-77.021977,40.374219999999966],[-77.029341,40.38868099999996],[-77.02611,40.39435000000004],[-77.012172,40.404449000000035],[-77.016675,40.42471700000001],[-77.003235,40.42679999999998],[-76.981081,40.446761000000045],[-76.95639200000001,40.45884099999997],[-76.949374,40.46909200000002],[-76.948747,40.481556],[-76.953083,40.49062100000002],[-76.96909,40.49756200000003],[-76.984661,40.515052999999995],[-76.985541,40.525800999999994],[-76.980658,40.53909900000006],[-76.992997,40.56414300000002],[-76.986349,40.57622800000004],[-76.965328,40.58701500000003],[-76.957444,40.594677],[-76.95339,40.60283699999999],[-76.953421,40.617760999999994],[-76.94914800000001,40.62816699999999],[-76.936962,40.612841],[-76.92599,40.609169000000044],[-76.918672,40.60346599999997],[-76.92066,40.61001299999996],[-76.90334200000001,40.611892000000005],[-76.89077,40.61009500000001],[-76.8914,40.61496399999994],[-76.88682200000001,40.617708],[-76.872283,40.61638799999999],[-76.869632,40.61804499999998],[-76.869049,40.62422900000005],[-76.864357,40.62756099999998],[-76.840104,40.62543900000001],[-76.833162,40.627601999999975],[-76.827405,40.633946000000044],[-76.81114,40.63381700000001],[-76.809521,40.64272400000001],[-76.803382,40.64722299999999],[-76.794501,40.64063199999998],[-76.790388,40.640784],[-76.778281,40.64598599999994],[-76.756232,40.648087999999994],[-76.745249,40.65461999999999],[-76.72404,40.65311999999997],[-76.716234,40.65902500000003],[-76.703924,40.655369999999984],[-76.701624,40.65808200000003],[-76.535414,40.555156999999966],[-76.67804,40.474717000000055]]]}},{"id":"164","type":"Feature","properties":{"geoid":"42127","name":"Wayne"},"geometry":{"type":"Polygon","coordinates":[[[-75.298342,41.367401999999984],[-75.309067,41.374679000000015],[-75.314292,41.368606000000014],[-75.323657,41.36604500000003],[-75.336851,41.37627400000007],[-75.35054,41.36795099999998],[-75.351312,41.363720999999984],[-75.34817300000002,41.364248],[-75.346414,41.35728100000002],[-75.34174,41.35499799999999],[-75.33662700000001,41.34512999999998],[-75.344356,41.341028],[-75.344294,41.33743],[-75.330882,41.33491199999999],[-75.325956,41.340674999999926],[-75.32245,41.34003999999998],[-75.311203,41.331574],[-75.310404,41.32689299999996],[-75.312109,41.32103299999993],[-75.315983,41.31904100000003],[-75.31396600000001,41.31060799999998],[-75.322281,41.299882000000046],[-75.32776200000002,41.298889999999936],[-75.324607,41.288876999999985],[-75.333644,41.27944700000007],[-75.331724,41.275189999999995],[-75.334205,41.270305000000036],[-75.347661,41.26571300000005],[-75.350135,41.259536000000004],[-75.344816,41.25815500000004],[-75.341364,41.254449999999984],[-75.352627,41.24288399999997],[-75.35995,41.23870700000005],[-75.505607,41.23253900000001],[-75.495323,41.24328399999997],[-75.485059,41.242647999999996],[-75.484528,41.24594700000006],[-75.477487,41.24714700000002],[-75.470537,41.243321999999985],[-75.46776,41.24789699999998],[-75.461085,41.24726800000001],[-75.45574800000001,41.254519999999985],[-75.451316,41.25232899999999],[-75.440389,41.25813000000003],[-75.48314,41.999250999999994],[-75.35964500000001,41.99955399999998],[-75.341585,41.99318300000003],[-75.337486,41.98460400000003],[-75.34159100000001,41.97221600000002],[-75.327969,41.96794299999999],[-75.319638,41.96031200000003],[-75.31793,41.953871000000014],[-75.310941,41.949102999999994],[-75.301326,41.948105000000055],[-75.301148,41.95338600000001],[-75.293316,41.954346999999956],[-75.28951,41.94320400000006],[-75.278763,41.93871300000004],[-75.27663300000002,41.922236000000005],[-75.267276,41.90609000000002],[-75.273035,41.896313],[-75.271483,41.887786000000034],[-75.260623,41.883783000000015],[-75.25746,41.876842],[-75.264299,41.870217999999994],[-75.260412,41.86388699999996],[-75.257584,41.86195700000002],[-75.250534,41.86208199999997],[-75.241147,41.86725200000002],[-75.231612,41.85945899999999],[-75.22448,41.85758999999999],[-75.215024,41.867349999999995],[-75.204637,41.86992799999997],[-75.19541,41.86783900000002],[-75.185358,41.860062999999975],[-75.178355,41.870585000000055],[-75.174089,41.872620000000026],[-75.168424,41.869334999999985],[-75.168326,41.85870000000001],[-75.162099,41.85016699999998],[-75.154047,41.84851000000004],[-75.14056100000002,41.85222000000002],[-75.130991,41.84526099999997],[-75.116595,41.845448999999974],[-75.113405,41.84214],[-75.115068,41.82754600000002],[-75.113019,41.822619],[-75.100565,41.818926999999995],[-75.08988,41.81170100000003],[-75.077162,41.81537299999996],[-75.071643,41.812782000000006],[-75.076675,41.798537],[-75.082126,41.796496],[-75.091954,41.796976],[-75.100874,41.78888199999999],[-75.103492,41.771238000000004],[-75.093737,41.768301],[-75.075128,41.77148200000001],[-75.072464,41.76854800000001],[-75.061237,41.76478999999998],[-75.053043,41.752064000000004],[-75.05483,41.734896],[-75.04968700000002,41.71337199999997],[-75.05235900000001,41.71148399999999],[-75.066222,41.71275999999999],[-75.068957,41.709327],[-75.052627,41.68811000000003],[-75.051252,41.680017999999976],[-75.059516,41.67225500000001],[-75.049464,41.660276999999994],[-75.0487,41.633707999999956],[-75.04361000000002,41.62332199999998],[-75.044469,41.617169999999994],[-75.04674500000002,41.615621],[-75.05302000000002,41.618514999999945],[-75.059731,41.617556000000015],[-75.061565,41.61580000000003],[-75.059728,41.61041500000001],[-75.074475,41.608125],[-75.069559,41.60187399999995],[-75.177922,41.465379000000006],[-75.178354,41.46195299999999],[-75.188076,41.457689],[-75.189232,41.44681499999993],[-75.186236,41.44283599999999],[-75.190869,41.44110199999997],[-75.191938,41.43826599999999],[-75.19905500000002,41.43796300000002],[-75.20134400000002,41.43195200000006],[-75.210214,41.431055],[-75.21732100000001,41.42434200000002],[-75.22821400000001,41.42478399999999],[-75.22877100000001,41.42728399999999],[-75.22987600000002,41.42456700000003],[-75.234649,41.423235999999996],[-75.23364400000001,41.42050200000001],[-75.245914,41.42096000000003],[-75.250031,41.41876599999996],[-75.24604500000001,41.41686499999999],[-75.25201700000001,41.411156000000005],[-75.24843300000002,41.40848299999999],[-75.246809,41.402435000000004],[-75.255491,41.398183999999986],[-75.256709,41.394065000000026],[-75.253083,41.39129399999998],[-75.255073,41.386985999999986],[-75.261721,41.38253199999994],[-75.262093,41.375036000000016],[-75.265712,41.37238199999998],[-75.278293,41.37248100000001],[-75.298342,41.367401999999984]]]}},{"id":"241","type":"Feature","properties":{"geoid":"42059","name":"Greene"},"geometry":{"type":"Polygon","coordinates":[[[-80.039778,39.97409999999995],[-80.031937,39.977690999999965],[-80.03239,39.98414100000003],[-80.018017,39.977488999999935],[-80.00788,39.98441200000002],[-79.999128,39.984415000000006],[-79.998014,39.98332199999994],[-80.005855,39.98020200000001],[-80.009983,39.97557800000003],[-80.010368,39.962282000000016],[-80.007584,39.956666],[-79.993711,39.949385999999976],[-79.972654,39.955306000000014],[-79.957246,39.95327400000003],[-79.943757,39.94401099999998],[-79.923325,39.92154699999995],[-79.92940600000001,39.905675],[-79.915358,39.87961199999999],[-79.917311,39.87623599999998],[-79.930276,39.869275999999985],[-79.92465,39.85505600000001],[-79.938577,39.84487599999996],[-79.935877,39.841376000000004],[-79.924376,39.83817599999999],[-79.920643,39.81341500000004],[-79.910177,39.79957700000003],[-79.908577,39.793477000000024],[-79.913978,39.78797700000002],[-79.930584,39.785875000000004],[-79.934411,39.78127699999998],[-79.93468,39.76467700000001],[-79.93078,39.75787700000001],[-79.92248000000001,39.753477000000025],[-79.913079,39.75167699999996],[-79.903379,39.74297799999998],[-79.906174,39.73339400000003],[-79.91628000000001,39.72077699999996],[-80.519342,39.72140300000004],[-80.519031,39.96361199999994],[-80.501356,39.95381200000001],[-80.49976700000002,39.957597999999955],[-80.487995,39.96144300000002],[-80.490082,39.95449899999998],[-80.475277,39.95206499999999],[-80.471533,39.954671],[-80.466605,39.95473600000001],[-80.470289,39.961373000000016],[-80.4636,39.960904999999954],[-80.459145,39.96307200000001],[-80.461532,39.967150999999966],[-80.453551,39.97335199999996],[-80.448711,39.966504],[-80.443677,39.97313899999997],[-80.444187,39.97603599999997],[-80.433595,39.97740399999999],[-80.425379,39.97188000000001],[-80.412921,39.976955000000004],[-80.396475,39.97789000000001],[-80.395778,39.983517000000006],[-80.391202,39.987955],[-80.372275,39.99657200000003],[-80.356317,39.996836000000016],[-80.350566,40.00056200000004],[-80.34406700000001,40.000428],[-80.32980800000001,40.005457000000035],[-80.321914,40.00592200000001],[-80.31256800000001,40.00329300000002],[-80.308854,40.006462999999954],[-80.310213,40.01765399999999],[-80.301396,40.02055900000001],[-80.294589,40.018538999999976],[-80.292077,40.020590000000034],[-80.287421,40.019206000000004],[-80.284842,40.01213700000001],[-80.273318,40.01332800000003],[-80.271966,40.007728999999976],[-80.276075,40.00551900000003],[-80.273355,40.00237600000001],[-80.25664700000002,40.00308599999998],[-80.251755,40.00778300000001],[-80.2443,40.007045000000026],[-80.241505,40.00949899999996],[-80.226427,40.00775600000001],[-80.22281,40.00466200000003],[-80.214792,40.00280400000002],[-80.20845300000002,40.005096000000016],[-80.200601,40.00306999999997],[-80.19389,40.00491299999999],[-80.19047,40.00176400000004],[-80.182587,40.00309099999998],[-80.181172,40.006694000000024],[-80.175921,40.00813800000003],[-80.160456,40.00333900000002],[-80.150983,39.99441299999997],[-80.136409,39.99258699999999],[-80.12951,39.98840599999995],[-80.118308,39.99128900000001],[-80.11104300000001,39.98814999999998],[-80.097826,39.991969999999995],[-80.086114,39.99031300000008],[-80.059781,40.00951799999998],[-80.058385,40.00361799999998],[-80.04912,40.006689999999985],[-80.044352,39.99856299999999],[-80.038962,39.996628000000015],[-80.05084100000002,39.98878099999996],[-80.048497,39.98513599999998],[-80.044686,39.984823999999996],[-80.04867700000001,39.978892999999964],[-80.039778,39.97409999999995]]]}},{"id":"348","type":"Feature","properties":{"geoid":"42065","name":"Jefferson"},"geometry":{"type":"Polygon","coordinates":[[[-79.21132,41.078736999999975],[-79.208878,41.33186100000004],[-79.202506,41.32679000000002],[-79.191952,41.32427400000002],[-79.186045,41.328821],[-79.18659000000001,41.33795199999999],[-79.180248,41.33930800000001],[-79.17526,41.33624800000001],[-79.176006,41.32839599999998],[-79.173034,41.325339000000014],[-79.166814,41.33069700000002],[-79.169213,41.34052900000001],[-79.166118,41.343994000000016],[-79.160531,41.341699000000034],[-79.163067,41.333104999999996],[-79.157596,41.32875400000003],[-79.14823300000002,41.331657000000035],[-79.138159,41.341781999999995],[-79.122847,41.330172000000005],[-79.111346,41.32508800000003],[-79.106444,41.326246999999974],[-79.104743,41.32939800000002],[-79.107231,41.33640699999995],[-79.104977,41.34152600000003],[-79.099659,41.342587],[-79.092101,41.34060600000002],[-79.079123,41.35359799999998],[-79.074107,41.354135999999976],[-79.06333,41.350107],[-79.048492,41.352053999999995],[-79.036952,41.35759700000002],[-79.028572,41.357523000000015],[-79.02188,41.351219999999984],[-79.017425,41.35009199999999],[-79.014053,41.35763400000002],[-79.002854,41.35930700000001],[-78.99312700000002,41.368512],[-78.982161,41.36743099999997],[-78.971904,41.376564999999964],[-78.965216,41.37007599999996],[-78.95946000000002,41.37148700000001],[-78.95925700000001,41.36216099999996],[-78.73528,41.262915],[-78.73910100000002,41.25376800000002],[-78.738214,41.23067200000002],[-78.710059,41.230243000000016],[-78.710248,41.20185899999994],[-78.766377,41.202759000000036],[-78.804532,41.132186000000004],[-78.805167,40.905980000000014],[-79.21531,40.91134600000001],[-79.210197,41.04909099999997],[-79.215201,41.048933],[-79.21521,41.05138800000003],[-79.214494,41.078774999999986],[-79.21132,41.078736999999975]]]}},{"id":"367","type":"Feature","properties":{"geoid":"42109","name":"Snyder"},"geometry":{"type":"Polygon","coordinates":[[[-76.812812,40.84710599999999],[-76.848738,40.810632000000034],[-76.856094,40.79121099999999],[-76.859252,40.77704299999998],[-76.855361,40.728558],[-76.863396,40.70764999999998],[-76.87955400000001,40.68744500000005],[-76.910189,40.669254999999986],[-76.927625,40.645706999999994],[-76.939883,40.63814200000001],[-76.940656,40.64617500000002],[-76.945221,40.65033299999997],[-76.961112,40.645745999999946],[-76.96546100000002,40.64721199999996],[-76.967495,40.641254999999994],[-76.975901,40.642243],[-76.976749,40.645435],[-76.986631,40.644024999999985],[-76.99728900000001,40.635710999999965],[-77.006054,40.642615000000035],[-77.004091,40.645939000000006],[-77.010445,40.66160900000002],[-77.014065,40.662108000000025],[-77.018241,40.659494000000045],[-77.022514,40.660885999999984],[-77.025753,40.656063000000024],[-77.02950100000001,40.655561999999996],[-77.034409,40.65992799999999],[-77.0324,40.664875000000045],[-77.037844,40.679544000000035],[-77.045769,40.675637],[-77.056742,40.67596],[-77.06072,40.67993199999999],[-77.064442,40.678208000000005],[-77.068284,40.67985300000001],[-77.082909,40.67739899999998],[-77.087952,40.67837700000001],[-77.093607,40.676121],[-77.097653,40.67871699999998],[-77.100211,40.68795199999998],[-77.109597,40.691577999999986],[-77.12518100000001,40.68575799999997],[-77.149089,40.68053800000003],[-77.150751,40.67707999999997],[-77.354097,40.70166699999998],[-77.356628,40.80733400000001],[-77.321639,40.81710199999998],[-77.129574,40.85379399999998],[-77.074058,40.86833300000005],[-77.052027,40.869386999999975],[-77.042657,40.86342900000005],[-77.031864,40.86411399999999],[-77.024901,40.85748899999997],[-77.019873,40.85792899999999],[-77.011309,40.86876799999997],[-77.004828,40.87212900000002],[-76.996578,40.872036],[-76.99366,40.875139],[-76.973163,40.877131999999996],[-76.970009,40.880928000000026],[-76.94155,40.88807100000001],[-76.912335,40.884540000000065],[-76.890804,40.888718999999966],[-76.87736,40.884398999999995],[-76.858319,40.88927000000001],[-76.851964,40.88867900000005],[-76.849866,40.886428],[-76.834517,40.889621],[-76.824902,40.887892000000015],[-76.808241,40.87860900000002],[-76.799277,40.87856500000002],[-76.800242,40.88199400000002],[-76.798714,40.878366],[-76.799516,40.875706999999984],[-76.812812,40.84710599999999]]]}},{"id":"411","type":"Feature","properties":{"geoid":"42031","name":"Clarion"},"geometry":{"type":"Polygon","coordinates":[[[-79.337621,41.00248500000003],[-79.348035,40.99765199999998],[-79.356341,40.99979600000001],[-79.360808,41.00370799999998],[-79.364833,41.00218600000004],[-79.371477,40.988496000000005],[-79.369387,40.97529300000002],[-79.372172,40.97019700000005],[-79.376769,40.96828399999994],[-79.381642,40.96968599999996],[-79.381998,40.97726900000001],[-79.374611,40.98438200000001],[-79.384048,40.985109999999956],[-79.386684,40.98748799999996],[-79.38487,40.99009000000001],[-79.377711,40.99092600000002],[-79.378091,40.99434699999997],[-79.394714,40.994749999999996],[-79.398174,40.98926899999998],[-79.40395,40.98825],[-79.40609100000002,40.990609999999975],[-79.404653,40.997788999999976],[-79.414691,40.999438999999974],[-79.409644,41.006064],[-79.412319,41.008471000000014],[-79.421238,41.00267599999996],[-79.422851,40.99282500000001],[-79.42712,40.98617100000004],[-79.442741,40.98726400000003],[-79.45102200000001,40.98173],[-79.46223,40.98311200000004],[-79.455675,40.988459999999975],[-79.456581,40.99105699999998],[-79.463203,40.989958000000065],[-79.470987,40.993964],[-79.487894,40.99558299999999],[-79.494785,40.98618099999998],[-79.492992,40.978357],[-79.501453,40.97658500000003],[-79.505863,40.97772099999999],[-79.507405,40.984044999999995],[-79.51517,40.98685600000003],[-79.517836,40.98396500000004],[-79.515232,40.97783900000002],[-79.522428,40.97495799999998],[-79.535822,40.98006299999995],[-79.540035,40.98451399999999],[-79.552624,40.979779999999955],[-79.557456,40.983817000000016],[-79.566194,40.98579900000001],[-79.577525,40.98291100000003],[-79.593422,40.96881899999999],[-79.620787,40.975166999999985],[-79.624481,40.98183599999999],[-79.61906700000002,40.98895999999995],[-79.603368,40.99479800000002],[-79.584896,40.99155699999998],[-79.581578,40.994040000000005],[-79.58177400000001,40.997981999999965],[-79.590164,41.00402800000002],[-79.606708,41.005181],[-79.609458,41.007218],[-79.609012,41.01264200000003],[-79.599529,41.02943199999997],[-79.60118000000001,41.036874000000005],[-79.61936500000002,41.03334799999998],[-79.66595,41.04934700000005],[-79.666579,41.057148999999995],[-79.657223,41.064002000000016],[-79.655527,41.068429000000016],[-79.663962,41.07742600000001],[-79.674461,41.082884999999976],[-79.678394,41.088801],[-79.68134,41.10658900000002],[-79.678773,41.13335100000004],[-79.686719,41.14507699999999],[-79.679652,41.15986600000004],[-79.691279,41.171285000000005],[-79.70058100000001,41.17505899999997],[-79.700432,41.18152499999999],[-79.69701200000002,41.18466899999995],[-79.690304,41.18141899999998],[-79.684137,41.18435899999997],[-79.670125,41.18311600000006],[-79.66536800000002,41.189024000000025],[-79.670614,41.193166000000005],[-79.666323,41.19713599999995],[-79.668892,41.199074999999986],[-79.649628,41.21791199999998],[-79.65039400000002,41.25370899999997],[-79.632875,41.25359900000004],[-79.63271,41.26691900000001],[-79.627726,41.26690700000002],[-79.627561,41.27718300000004],[-79.60461,41.27707200000002],[-79.604161,41.32147799999999],[-79.541474,41.321008000000006],[-79.54143,41.33595100000003],[-79.47814,41.33570800000001],[-79.477822,41.38647900000002],[-79.400439,41.386579],[-79.400269,41.43614499999999],[-79.357586,41.436241000000024],[-79.357653,41.43243199999997],[-79.207196,41.43092199999999],[-79.211252,41.080669],[-79.21132,41.078736999999975],[-79.214494,41.078774999999986],[-79.215214,41.05051499999997],[-79.230423,41.045851000000056],[-79.242287,41.035227000000006],[-79.26065600000001,41.029344999999985],[-79.26757,41.020224999999996],[-79.273985,41.017615000000006],[-79.282498,41.00982400000001],[-79.302571,41.01353100000001],[-79.319163,41.00179699999996],[-79.333869,40.99903299999998],[-79.337621,41.00248500000003]]]}},{"id":"461","type":"Feature","properties":{"geoid":"42033","name":"Clearfield"},"geometry":{"type":"Polygon","coordinates":[[[-78.275563,40.850089999999994],[-78.283942,40.85110599999999],[-78.29055,40.848244000000015],[-78.290471,40.84259599999998],[-78.296075,40.83669300000001],[-78.302254,40.83411999999996],[-78.299383,40.82456000000004],[-78.305601,40.82066900000004],[-78.31319900000001,40.809053000000006],[-78.320308,40.80843399999998],[-78.32231,40.80547900000001],[-78.326819,40.805949000000005],[-78.329928,40.80209100000003],[-78.339324,40.798115000000024],[-78.340174,40.791605000000004],[-78.343932,40.790561000000004],[-78.341794,40.78251699999997],[-78.351586,40.77555499999997],[-78.352252,40.768579],[-78.359133,40.767894999999996],[-78.360562,40.76541600000003],[-78.365436,40.76445700000002],[-78.376031,40.75449700000003],[-78.376954,40.75229299999999],[-78.373017,40.74989199999998],[-78.366422,40.73606800000003],[-78.348389,40.72343000000002],[-78.52982800000001,40.72591900000001],[-78.635582,40.723065999999974],[-78.801726,40.72461799999999],[-78.803291,40.72881999999996],[-78.806274,40.72974200000004],[-78.806322,40.735226000000004],[-78.804532,41.132186000000004],[-78.766377,41.202759000000036],[-78.710248,41.20185899999994],[-78.647947,41.21746000000002],[-78.64666600000001,41.25377799999995],[-78.236817,41.230474999999956],[-78.093381,41.21693100000001],[-78.061007,41.174538999999974],[-78.03817100000002,41.15360299999999],[-78.04344,41.146508],[-78.052733,41.14531699999997],[-78.056026,41.13199499999999],[-78.06974500000001,41.131273],[-78.070417,41.12187799999996],[-78.082989,41.12630500000001],[-78.089202,41.11603800000006],[-78.093165,41.11598899999995],[-78.09540000000001,41.12036999999998],[-78.100345,41.12178300000002],[-78.11225,41.113639999999954],[-78.092671,41.07956200000001],[-78.097184,41.07234899999999],[-78.085098,41.068113999999966],[-78.09036,41.058171],[-78.085629,41.05726999999997],[-78.076091,41.05986399999999],[-78.071396,41.04991799999997],[-78.062363,41.05322999999999],[-78.05937,41.051173999999975],[-78.06408,41.04591299999999],[-78.057258,41.039350999999996],[-78.057719,41.03692500000001],[-78.06562,41.03578000000002],[-78.06984800000001,41.032585000000005],[-78.078302,41.03406399999999],[-78.080312,41.03065500000006],[-78.077308,41.02660100000001],[-78.071255,41.02658199999996],[-78.070747,41.02459699999999],[-78.075599,41.02218499999995],[-78.067889,41.019484],[-78.069383,41.01349500000003],[-78.060347,41.01241000000004],[-78.055705,41.00486000000002],[-78.064831,41.00388799999999],[-78.061923,40.995219],[-78.06737,40.99782899999999],[-78.0745,40.99364499999999],[-78.086566,40.99420499999998],[-78.082089,40.98418499999999],[-78.08476,40.98063700000003],[-78.090522,40.980880999999975],[-78.088674,40.97608499999998],[-78.091684,40.97285299999995],[-78.096779,40.97303999999996],[-78.092975,40.970153999999965],[-78.085252,40.96904799999999],[-78.078105,40.95644700000002],[-78.090511,40.95415700000005],[-78.094062,40.950586999999985],[-78.108953,40.950455],[-78.111334,40.945124000000014],[-78.120269,40.94192999999999],[-78.122459,40.94344000000002],[-78.121482,40.947129],[-78.133862,40.94674100000003],[-78.130621,40.951340999999985],[-78.136376,40.956020999999964],[-78.129913,40.96219100000001],[-78.133693,40.96704199999996],[-78.136299,40.96628300000001],[-78.140479,40.95024200000003],[-78.144284,40.94858800000002],[-78.147764,40.94971199999999],[-78.146853,40.95658599999995],[-78.159395,40.961154999999955],[-78.167698,40.96097099999996],[-78.169254,40.95322100000001],[-78.167655,40.95193099999999],[-78.159487,40.954260999999974],[-78.15581,40.94143699999996],[-78.162454,40.94206900000003],[-78.166461,40.93668600000002],[-78.171873,40.93637700000001],[-78.171526,40.932321000000044],[-78.177202,40.930209000000005],[-78.181655,40.92230999999999],[-78.190435,40.91867200000001],[-78.191915,40.92055599999998],[-78.195985,40.91999200000006],[-78.201637,40.915813000000014],[-78.210155,40.917478],[-78.215002,40.91326200000002],[-78.220757,40.91207499999999],[-78.225942,40.90739999999996],[-78.224207,40.906155000000005],[-78.22644,40.903549999999974],[-78.228259,40.904225],[-78.22914,40.89967399999995],[-78.220958,40.89177699999999],[-78.22100100000002,40.88901299999999],[-78.227752,40.88697900000002],[-78.228457,40.88223899999996],[-78.232938,40.878392],[-78.233063,40.880259999999964],[-78.242146,40.88172899999999],[-78.249509,40.877164000000015],[-78.239429,40.87683400000008],[-78.235618,40.87378499999998],[-78.238235,40.87187800000004],[-78.246288,40.872086000000046],[-78.248975,40.869518999999976],[-78.24806900000002,40.85644],[-78.25486,40.85374200000001],[-78.260328,40.854797000000005],[-78.27001,40.846984000000006],[-78.275563,40.850089999999994]]]}},{"id":"500","type":"Feature","properties":{"geoid":"42063","name":"Indiana"},"geometry":{"type":"Polygon","coordinates":[[[-79.21521500000001,40.775941999999986],[-79.21531,40.91134600000001],[-78.805167,40.905980000000014],[-78.806274,40.72974200000004],[-78.803291,40.72881999999996],[-78.799226,40.71710000000004],[-78.808862,40.72106199999999],[-78.859686,40.607044000000016],[-78.921923,40.483512],[-78.973814,40.39542099999996],[-78.98887,40.41197400000001],[-79.012357,40.41958100000001],[-79.027837,40.41957400000003],[-79.032607,40.41749900000001],[-79.034262,40.40975399999999],[-79.028031,40.405290000000015],[-79.035001,40.39680899999998],[-79.040521,40.39562999999997],[-79.041963,40.39160800000002],[-79.051885,40.389285999999984],[-79.058882,40.38031999999997],[-79.06368,40.37900100000001],[-79.070831,40.380999000000024],[-79.079506,40.38883000000003],[-79.08661700000002,40.38859200000003],[-79.096769,40.37072500000001],[-79.10065,40.368717000000025],[-79.109309,40.373318],[-79.120692,40.370562],[-79.123839,40.37215700000002],[-79.127454,40.37580000000002],[-79.128458,40.38572399999995],[-79.120828,40.38992800000002],[-79.115339,40.38936700000001],[-79.115994,40.393516],[-79.135005,40.39830399999999],[-79.148324,40.39757600000002],[-79.152698,40.39923400000001],[-79.152051,40.40876600000002],[-79.155789,40.41176499999997],[-79.173713,40.41062199999998],[-79.191197,40.41522099999999],[-79.20073,40.410899999999984],[-79.214783,40.42445800000002],[-79.230695,40.430185999999985],[-79.240175,40.429990999999994],[-79.246872,40.43219699999996],[-79.254114,40.422288],[-79.261542,40.417525000000026],[-79.266248,40.41638200000008],[-79.272856,40.41841100000002],[-79.273979,40.42170900000003],[-79.269351,40.42851699999994],[-79.273203,40.43953499999998],[-79.283785,40.44268299999999],[-79.289409,40.43667299999997],[-79.301284,40.43521200000001],[-79.301677,40.45135599999997],[-79.297631,40.455796000000056],[-79.30157,40.46143899999997],[-79.317744,40.45880399999996],[-79.325409,40.45269899999998],[-79.32863,40.45255100000001],[-79.332434,40.46299400000001],[-79.34028000000002,40.470572999999995],[-79.345408,40.467212000000025],[-79.346362,40.45347999999997],[-79.357901,40.45234300000001],[-79.362457,40.46250300000002],[-79.357319,40.475206000000036],[-79.36205600000001,40.478678],[-79.366698,40.47627400000007],[-79.366334,40.46596600000004],[-79.369591,40.45660399999998],[-79.381753,40.452697],[-79.394504,40.45598000000005],[-79.406631,40.474301000000004],[-79.41569,40.47057200000001],[-79.421315,40.47059800000001],[-79.429526,40.488589999999995],[-79.43846,40.486737000000055],[-79.446694,40.48086900000004],[-79.453765,40.48425000000004],[-79.453935,40.50552900000002],[-79.459738,40.516737],[-79.459045,40.52045700000005],[-79.44964,40.526792000000015],[-79.450176,40.53014900000002],[-79.21521500000001,40.775941999999986]]]}},{"id":"502","type":"Feature","properties":{"geoid":"42099","name":"Perry"},"geometry":{"type":"Polygon","coordinates":[[[-77.01627,40.42517300000003],[-77.012172,40.404449000000035],[-77.02611,40.39435000000004],[-77.029341,40.38868099999996],[-77.021977,40.374219999999966],[-77.020799,40.36623000000003],[-77.009212,40.358855000000055],[-76.99685800000002,40.356536],[-76.951242,40.35817099999997],[-76.934597,40.356599000000024],[-76.926533,40.341432999999995],[-76.91497,40.32848400000003],[-76.949282,40.316861000000024],[-76.980554,40.309276999999994],[-77.018359,40.30421999999993],[-77.096365,40.300394999999995],[-77.160631,40.28969600000001],[-77.239163,40.284101999999955],[-77.270057,40.27865199999997],[-77.312235,40.26773999999996],[-77.317288,40.26759000000001],[-77.33121,40.276418],[-77.322916,40.29122899999999],[-77.326637,40.29260099999999],[-77.385114,40.26271199999996],[-77.402457,40.25695399999999],[-77.420845,40.25536799999996],[-77.423285,40.25846100000001],[-77.420524,40.26309500000003],[-77.411044,40.26931500000002],[-77.409304,40.27455400000001],[-77.402893,40.28012799999997],[-77.361236,40.305192999999974],[-77.35763500000002,40.31247599999999],[-77.366018,40.313568999999994],[-77.394445,40.30350599999999],[-77.419492,40.29083400000007],[-77.473596,40.254216000000035],[-77.529386,40.22273500000001],[-77.537686,40.218939000000006],[-77.559393,40.21796499999998],[-77.578341,40.20662600000003],[-77.593549,40.192009999999996],[-77.605448,40.18536200000002],[-77.6147,40.198615],[-77.604768,40.20603300000002],[-77.60488800000002,40.22492199999996],[-77.60271700000001,40.22819999999999],[-77.609171,40.23275300000005],[-77.616167,40.23261600000001],[-77.639893,40.217677999999964],[-77.642831,40.21813999999999],[-77.643394,40.223165000000044],[-77.647642,40.22247699999999],[-77.650156,40.22753799999999],[-77.645402,40.238927999999994],[-77.64999,40.24795700000003],[-77.645698,40.256031000000014],[-77.653447,40.257406999999965],[-77.667711,40.252000999999986],[-77.671155,40.257568999999954],[-77.656416,40.27039299999996],[-77.671761,40.28982500000004],[-77.65314600000002,40.308506000000015],[-77.599418,40.34815699999998],[-77.565665,40.367363],[-77.542941,40.375080999999966],[-77.532265,40.376005999999975],[-77.540141,40.39922100000002],[-77.47838000000002,40.43201100000005],[-77.289592,40.51845699999999],[-77.28147,40.51974800000001],[-77.198462,40.55228699999997],[-77.167561,40.559508999999935],[-77.182789,40.58221099999998],[-77.16345300000002,40.58690700000001],[-77.10679,40.592790000000015],[-77.10152600000002,40.59622799999997],[-77.069991,40.59846399999996],[-77.041954,40.60422300000004],[-77.023304,40.604260000000004],[-76.999701,40.61094100000001],[-76.956077,40.627938000000015],[-76.94914800000001,40.62816699999999],[-76.953421,40.617760999999994],[-76.95339,40.60283699999999],[-76.957444,40.594677],[-76.965328,40.58701500000003],[-76.986349,40.57622800000004],[-76.992997,40.56414300000002],[-76.980658,40.53909900000006],[-76.985541,40.525800999999994],[-76.984661,40.515052999999995],[-76.96909,40.49756200000003],[-76.953083,40.49062100000002],[-76.948747,40.481556],[-76.949374,40.46909200000002],[-76.95639200000001,40.45884099999997],[-76.981081,40.446761000000045],[-77.003235,40.42679999999998],[-77.01627,40.42517300000003]]]}},{"id":"558","type":"Feature","properties":{"geoid":"42023","name":"Cameron"},"geometry":{"type":"Polygon","coordinates":[[[-78.20364,41.61759899999998],[-78.050442,41.47546199999997],[-77.989194,41.47482199999998],[-77.988786,41.36745299999999],[-78.093381,41.21693100000001],[-78.23683100000001,41.23018699999997],[-78.234675,41.32341300000001],[-78.254382,41.323583999999954],[-78.253959,41.40472099999998],[-78.420028,41.40504599999999],[-78.421154,41.473845],[-78.418368,41.554694000000026],[-78.420846,41.617284],[-78.20364,41.61759899999998]]]}},{"id":"572","type":"Feature","properties":{"geoid":"42019","name":"Butler"},"geometry":{"type":"Polygon","coordinates":[[[-79.999779,41.17186100000002],[-79.697033,41.172917000000005],[-79.68933200000001,41.169470999999994],[-79.692878,40.66961100000006],[-80.071434,40.67493499999996],[-80.148497,40.67376900000004],[-80.166472,41.00092800000002],[-80.098294,41.071054],[-80.096861,41.06980400000005],[-80.074422,41.09229200000002],[-79.999779,41.17186100000002]]]}},{"id":"598","type":"Feature","properties":{"geoid":"42101","name":"Philadelphia"},"geometry":{"type":"Polygon","coordinates":[[[-75.280266,39.97496400000003],[-75.205978,40.011722999999996],[-75.24524000000001,40.03736300000001],[-75.264431,40.05409400000003],[-75.22361000000001,40.09290699999999],[-75.188461,40.07275000000002],[-75.176438,40.08464899999997],[-75.109406,40.04584000000004],[-75.087425,40.063599],[-75.096733,40.068988999999995],[-75.086906,40.07864800000004],[-75.058342,40.10589199999995],[-75.015066,40.137991999999976],[-74.997885,40.127816],[-74.993894,40.131883000000016],[-74.99435,40.126219000000006],[-74.98343200000001,40.12361999999999],[-74.982515,40.11998900000002],[-74.97593100000002,40.12045700000004],[-74.970082,40.11696099999997],[-74.964991,40.118635000000005],[-74.963294,40.11688800000005],[-74.965607,40.10809100000001],[-74.96088600000002,40.10310399999998],[-74.961787,40.097772999999975],[-74.955763,40.09498200000002],[-74.959085,40.08234900000001],[-74.963266,40.07724100000001],[-74.971299,40.075841000000004],[-74.972445,40.07223500000003],[-74.980838,40.066102000000015],[-74.980437,40.06030399999998],[-74.985152,40.057199000000054],[-74.974784,40.049316000000005],[-74.976214,40.047700000000006],[-75.014864,40.019895000000005],[-75.037879,40.014554999999966],[-75.048831,40.009182000000045],[-75.062614,39.98815599999998],[-75.072237,39.980124999999994],[-75.105077,39.97159599999999],[-75.13108,39.95890900000004],[-75.136037,39.948268999999954],[-75.135912,39.932444999999966],[-75.129396,39.90662900000007],[-75.135853,39.891266000000044],[-75.142343,39.88521],[-75.187035,39.88063499999999],[-75.211975,39.86746399999999],[-75.21603900000001,39.87111500000002],[-75.215722,39.87608699999998],[-75.234122,39.87718099999999],[-75.24047,39.87238099999993],[-75.248431,39.87648499999998],[-75.262528,39.876560999999974],[-75.265112,39.88165699999998],[-75.261886,39.883068999999956],[-75.26511300000001,39.88752399999998],[-75.25674100000002,39.89472600000003],[-75.251288,39.90440299999996],[-75.253492,39.90558500000004],[-75.247068,39.913777999999986],[-75.244381,39.930399],[-75.241952,39.933535000000006],[-75.237217,39.932694000000005],[-75.2348,39.93733699999996],[-75.240409,39.938457000000035],[-75.240251,39.942139999999995],[-75.246661,39.94276499999998],[-75.251442,39.94913900000004],[-75.248926,39.95662800000002],[-75.250883,39.95902400000001],[-75.247778,39.96387599999998],[-75.25414,39.965403999999985],[-75.257858,39.96359399999999],[-75.260491,39.96631299999999],[-75.265388,39.965224000000006],[-75.275266,39.969364],[-75.280266,39.97496400000003]]]}},{"id":"733","type":"Feature","properties":{"geoid":"42057","name":"Fulton"},"geometry":{"type":"Polygon","coordinates":[[[-77.954247,39.922778],[-77.975135,39.871787999999995],[-78.0027,39.826599],[-78.017898,39.80829999999999],[-78.036499,39.79199899999997],[-78.063003,39.75979900000003],[-78.069297,39.74829800000003],[-78.099403,39.72209900000002],[-78.380599,39.72259900000001],[-78.343823,39.761609999999955],[-78.299003,39.82550000000003],[-78.267502,39.903500999999984],[-78.250001,39.93599800000004],[-78.239894,39.949505999999964],[-78.219811,39.99328800000001],[-78.20101,40.01298799999998],[-78.204069,40.01748899999996],[-78.20447900000002,40.04149099999998],[-78.19931000000001,40.04592799999996],[-78.187896,40.047053999999996],[-78.181488,40.058715000000035],[-78.190739,40.06653599999997],[-78.203733,40.06988600000001],[-78.203888,40.08307900000003],[-78.206894,40.086265000000004],[-78.188559,40.10172100000001],[-78.158287,40.12220700000003],[-78.134863,40.16513100000002],[-78.078491,40.13326999999999],[-77.925905,40.10191100000002],[-77.92556,40.10397700000002],[-77.864489,40.061568],[-77.883793,40.048307999999984],[-77.893592,40.033091999999975],[-77.904105,40.023571000000004],[-77.905632,40.018725999999965],[-77.919502,40.00341700000003],[-77.919792,39.99265200000001],[-77.932411,39.97239300000002],[-77.937789,39.948943999999976],[-77.947273,39.934940000000005],[-77.95551100000002,39.928861],[-77.954247,39.922778]]]}},{"id":"819","type":"Feature","properties":{"geoid":"42015","name":"Bradford"},"geometry":{"type":"Polygon","coordinates":[[[-76.927059,42.00157499999997],[-76.145519,41.99884200000002],[-76.115172,41.65182500000002],[-76.197998,41.647823],[-76.220073,41.541277999999984],[-76.792686,41.58782100000003],[-76.874668,41.59666699999998],[-76.899124,41.808058],[-76.927059,42.00157499999997]]]}},{"id":"823","type":"Feature","properties":{"geoid":"42061","name":"Huntingdon"},"geometry":{"type":"Polygon","coordinates":[[[-78.198238,40.64773000000003],[-78.22197,40.67453899999997],[-78.215479,40.68510199999995],[-78.201323,40.698385],[-78.195243,40.69729400000002],[-78.170042,40.71259599999996],[-78.15659,40.71296999999999],[-78.155867,40.717745],[-78.139076,40.72427499999995],[-78.116208,40.739378],[-77.94425,40.69155699999999],[-77.89431,40.71619099999997],[-77.824903,40.74353400000002],[-77.768549,40.71946599999999],[-77.718677,40.72737200000004],[-77.710548,40.71456399999998],[-77.681334,40.72975799999997],[-77.676611,40.716452000000004],[-77.70093500000002,40.705189999999966],[-77.700474,40.694852000000004],[-77.708356,40.69048800000002],[-77.703787,40.67993599999998],[-77.685346,40.68490400000001],[-77.682275,40.685121999999964],[-77.682708,40.682717000000025],[-77.68708,40.67675],[-77.720737,40.657967999999975],[-77.720434,40.65457499999997],[-77.75162,40.63229999999996],[-77.77248,40.62593199999996],[-77.8216,40.57893099999998],[-77.841827,40.55003500000003],[-77.81599600000001,40.49972900000002],[-77.835874,40.484232],[-77.870182,40.44524399999999],[-77.890123,40.427268999999995],[-77.896549,40.417547000000006],[-77.90805,40.414017999999956],[-77.912416,40.408176],[-77.913844,40.39867899999999],[-77.889116,40.39896500000001],[-77.887717,40.39135799999998],[-77.87770100000002,40.393549999999955],[-77.870289,40.392261],[-77.872558,40.38119599999999],[-77.865195,40.37153000000005],[-77.855693,40.36488499999995],[-77.844643,40.36894600000001],[-77.838343,40.36902999999998],[-77.818636,40.36054199999999],[-77.810393,40.36859100000002],[-77.76172,40.368732999999956],[-77.75212,40.37854500000002],[-77.70296,40.263870000000004],[-77.724197,40.25012400000002],[-77.768325,40.204128999999995],[-77.796386,40.166813999999995],[-77.815866,40.13244200000002],[-77.86360200000001,40.06152000000001],[-77.92556,40.10397700000002],[-77.925905,40.10191100000002],[-78.078491,40.13326999999999],[-78.236302,40.224559000000006],[-78.25730500000002,40.29788299999998],[-78.23569400000001,40.33384899999999],[-78.214216,40.35627700000003],[-78.186282,40.39987699999996],[-78.15688100000001,40.43638200000003],[-78.134233,40.47324199999998],[-78.129498,40.48572100000001],[-78.130012,40.49294499999996],[-78.133911,40.498321000000004],[-78.150883,40.48683399999999],[-78.1539,40.49216499999997],[-78.147328,40.53325099999996],[-78.128638,40.56795300000001],[-78.135701,40.56965099999998],[-78.140493,40.557647000000024],[-78.145135,40.55387400000001],[-78.14539600000002,40.548640000000034],[-78.149884,40.54604500000004],[-78.149706,40.54158500000003],[-78.162981,40.53664199999997],[-78.166247,40.53140099999996],[-78.176818,40.534470999999975],[-78.19708300000002,40.55844399999999],[-78.17828,40.583785999999996],[-78.179295,40.592725000000016],[-78.184212,40.595294999999986],[-78.166371,40.61794799999994],[-78.17305,40.62803],[-78.17905,40.62695600000001],[-78.189172,40.63279199999999],[-78.191094,40.63804499999998],[-78.197167,40.63898000000004],[-78.198238,40.64773000000003]]]}},{"id":"831","type":"Feature","properties":{"geoid":"42009","name":"Bedford"},"geometry":{"type":"Polygon","coordinates":[[[-78.269043,39.90016599999999],[-78.299003,39.82550000000003],[-78.343823,39.761609999999955],[-78.380599,39.72259900000001],[-78.808387,39.72291100000002],[-78.767041,39.79538399999999],[-78.757241,39.823484],[-78.76320600000001,40.057005000000046],[-78.752016,40.07491699999998],[-78.739847,40.069570999999996],[-78.676956,40.21120699999999],[-78.66141000000002,40.231104000000016],[-78.658305,40.243235],[-78.643816,40.25913999999998],[-78.651743,40.281524000000026],[-78.642707,40.28307100000001],[-78.636404,40.30550600000003],[-78.62522100000001,40.314301999999955],[-78.618889,40.32647100000002],[-78.529696,40.29287000000002],[-78.5057,40.287308000000046],[-78.447895,40.244394999999955],[-78.442794,40.259608000000014],[-78.442002,40.27894600000004],[-78.434288,40.30230100000001],[-78.288764,40.24210699999999],[-78.284954,40.25294000000001],[-78.27406,40.26670399999998],[-78.25730500000002,40.29788299999998],[-78.236302,40.224559000000006],[-78.134718,40.16533500000001],[-78.158287,40.12220700000003],[-78.188559,40.10172100000001],[-78.206894,40.086265000000004],[-78.203888,40.08307900000003],[-78.203733,40.06988600000001],[-78.187493,40.06455899999996],[-78.181533,40.05892499999997],[-78.181831,40.056247000000006],[-78.187896,40.047053999999996],[-78.19931000000001,40.04592799999996],[-78.204157,40.04220300000001],[-78.204108,40.01782800000001],[-78.20101,40.01298799999998],[-78.219811,39.99328800000001],[-78.239894,39.949505999999964],[-78.250001,39.93599800000004],[-78.269043,39.90016599999999]]]}},{"id":"834","type":"Feature","properties":{"geoid":"42073","name":"Lawrence"},"geometry":{"type":"Polygon","coordinates":[[[-80.519037,41.12509300000003],[-80.257933,41.12816499999998],[-80.257945,41.117229999999985],[-80.147303,41.11391700000004],[-80.098294,41.071054],[-80.166472,41.00092800000002],[-80.15853,40.85509599999997],[-80.519057,40.851337999999984],[-80.519037,41.12509300000003]]]}},{"id":"884","type":"Feature","properties":{"geoid":"42035","name":"Clinton"},"geometry":{"type":"Polygon","coordinates":[[[-77.35135600000001,41.220175999999974],[-77.320891,41.21893199999999],[-77.306364,41.208077000000024],[-77.29058,41.19509999999998],[-77.293651,41.19106899999998],[-77.292256,41.18530399999997],[-77.275589,41.17910499999999],[-77.262231,41.16240899999993],[-77.164278,41.06870800000002],[-77.144111,41.06883999999995],[-77.14416,41.04433800000001],[-77.339925,40.987166999999985],[-77.393907,40.97828500000004],[-77.440274,40.97444800000003],[-77.508596,40.962938],[-77.580194,41.04726999999999],[-77.561736,41.057642],[-77.568667,41.06614800000003],[-77.574394,41.068775999999936],[-77.582234,41.067214000000014],[-77.583821,41.07009699999998],[-77.591293,41.070722999999994],[-77.595262,41.077710999999994],[-77.62983800000002,41.09459899999998],[-77.650067,41.09755299999999],[-77.65897,41.10095499999995],[-77.66331,41.108844999999995],[-77.672047,41.10523599999999],[-77.683751,41.109306000000004],[-77.691,41.10626699999999],[-77.706619,41.113887000000005],[-77.716364,41.10508300000004],[-77.724784,41.107392999999995],[-77.728725,41.11146700000003],[-77.746675,41.106261000000025],[-77.777996,41.14661199999996],[-77.789563,41.142127],[-77.790009,41.177142],[-77.897667,41.17691799999995],[-77.898262,41.25266499999996],[-77.912618,41.24197699999997],[-77.92180100000002,41.22745599999997],[-77.937909,41.22484099999999],[-77.939188,41.22108199999999],[-77.93535,41.213438000000004],[-77.93709,41.21033599999998],[-77.943601,41.21029199999999],[-77.955615,41.217427000000065],[-77.959438,41.217497000000016],[-77.971751,41.205939000000015],[-77.973715,41.19239399999998],[-77.970778,41.17469700000003],[-77.983694,41.170713999999975],[-77.98939,41.161879000000006],[-77.997908,41.16336899999998],[-78.000753,41.16165999999996],[-78.0006,41.14886200000006],[-78.005941,41.143601000000004],[-78.011163,41.144198],[-78.015729,41.15289999999999],[-78.028594,41.15032499999999],[-78.03817100000002,41.15360299999999],[-78.061007,41.174538999999974],[-78.093381,41.21693100000001],[-77.988786,41.36745299999999],[-77.989194,41.47482199999998],[-77.598129,41.47857599999997],[-77.597282,41.44105599999999],[-77.584671,41.441301000000045],[-77.57520900000002,41.420497999999995],[-77.57024,41.41469199999999],[-77.564166,41.41244600000002],[-77.549758,41.39491500000002],[-77.542051,41.38181600000003],[-77.537654,41.365011],[-77.526663,41.35856300000005],[-77.499931,41.353953000000004],[-77.476432,41.338645000000014],[-77.471599,41.313698],[-77.455601,41.30399700000003],[-77.445606,41.288142000000015],[-77.429878,41.28263000000001],[-77.424945,41.27310300000001],[-77.411117,41.26660299999997],[-77.399043,41.25305300000003],[-77.370088,41.23268],[-77.362729,41.23357999999997],[-77.349627,41.228873],[-77.348514,41.22325],[-77.35135600000001,41.220175999999974]]]}},{"id":"907","type":"Feature","properties":{"geoid":"42037","name":"Columbia"},"geometry":{"type":"Polygon","coordinates":[[[-76.284611,40.88358799999999],[-76.30717,40.80180900000001],[-76.380334,40.775444999999934],[-76.411487,40.83348999999998],[-76.437722,40.83251400000001],[-76.495838,40.82408000000002],[-76.501598,40.824765],[-76.508093,40.84663699999999],[-76.499466,40.850122999999996],[-76.498006,40.85407499999999],[-76.502481,40.861769000000024],[-76.507429,40.863544],[-76.509859,40.87071599999996],[-76.504079,40.880812999999975],[-76.506625,40.882859],[-76.528024,40.88261299999999],[-76.52468900000001,40.91522099999993],[-76.528213,40.91912099999996],[-76.520138,40.92663399999994],[-76.529395,40.940143000000006],[-76.512421,40.946102000000025],[-76.515868,40.95025499999996],[-76.51490800000002,40.95889299999995],[-76.529019,40.973083999999965],[-76.56523300000002,40.99981199999999],[-76.562263,41.034214000000006],[-76.569915,41.053760999999994],[-76.618971,41.063759000000005],[-76.615356,41.07954199999999],[-76.62065000000001,41.08527099999997],[-76.640767,41.155718000000036],[-76.592607,41.15776500000001],[-76.407934,41.30841799999998],[-76.310261,41.310198],[-76.319236,41.208092],[-76.27739,41.13179499999997],[-76.228975,41.13846600000001],[-76.228144,41.051947000000006],[-76.231359,41.050725000000035],[-76.207827,40.94973999999998],[-76.24966100000002,40.915792],[-76.284611,40.88358799999999]]]}},{"id":"984","type":"Feature","properties":{"geoid":"42011","name":"Berks"},"geometry":{"type":"Polygon","coordinates":[[[-75.529813,40.447092000000026],[-75.695949,40.24236499999998],[-75.743178,40.216721000000035],[-75.873375,40.13710699999998],[-76.149509,40.314454000000055],[-76.205528,40.36066099999994],[-76.23191600000001,40.366292000000044],[-76.440181,40.49595199999999],[-76.415912,40.49602199999999],[-76.369222,40.50959700000003],[-76.3524,40.51115699999998],[-76.338228,40.515536000000054],[-76.322544,40.51415999999999],[-76.314579,40.51591000000005],[-76.30232600000001,40.514657999999976],[-76.272152,40.517586000000016],[-76.256008,40.51706699999999],[-76.234321,40.522074000000046],[-76.218074,40.52901699999998],[-76.196634,40.531264999999976],[-76.185638,40.53555499999999],[-76.171624,40.53494700000002],[-76.15509600000001,40.54522899999999],[-76.13203400000002,40.554414000000016],[-76.105865,40.562198],[-76.07944000000002,40.566098000000025],[-76.065339,40.579677999999966],[-76.058024,40.57962899999997],[-76.057337,40.57597599999998],[-76.053014,40.57416900000004],[-76.045004,40.58379300000002],[-76.039509,40.58309400000003],[-76.033843,40.577259000000005],[-76.026509,40.57859499999998],[-76.021201,40.57375500000006],[-76.017294,40.57424000000001],[-76.012226,40.57771299999999],[-75.993212,40.63971200000001],[-75.891473,40.677270000000036],[-75.811959,40.62509299999994],[-75.529813,40.447092000000026]]]}},{"id":"1003","type":"Feature","properties":{"geoid":"42085","name":"Mercer"},"geometry":{"type":"Polygon","coordinates":[[[-80.43114700000001,41.48695799999998],[-80.125369,41.48039599999997],[-80.125596,41.48627800000004],[-79.999779,41.490048999999935],[-79.999779,41.17186100000002],[-80.047064,41.12064],[-80.096861,41.06980400000005],[-80.147303,41.11391700000004],[-80.257945,41.117229999999985],[-80.257933,41.12816499999998],[-80.519037,41.12509300000003],[-80.519216,41.48911100000003],[-80.445001,41.48711799999997],[-80.444896,41.492269000000015],[-80.432089,41.49208900000005],[-80.433299,41.488655000000016],[-80.431157,41.48902700000003],[-80.43114700000001,41.48695799999998]]]}},{"id":"1044","type":"Feature","properties":{"geoid":"42107","name":"Schuylkill"},"geometry":{"type":"Polygon","coordinates":[[[-76.012226,40.57771299999999],[-76.020423,40.57366699999999],[-76.026509,40.57859499999998],[-76.033843,40.577259000000005],[-76.04252400000001,40.58395099999999],[-76.046856,40.583051000000026],[-76.053014,40.57416900000004],[-76.057337,40.57597599999998],[-76.058024,40.57962899999997],[-76.065339,40.579677999999966],[-76.07944000000002,40.566098000000025],[-76.105865,40.562198],[-76.13203400000002,40.554414000000016],[-76.15509600000001,40.54522899999999],[-76.171624,40.53494700000002],[-76.185638,40.53555499999999],[-76.196634,40.531264999999976],[-76.218074,40.52901699999998],[-76.234321,40.522074000000046],[-76.256008,40.51706699999999],[-76.272152,40.517586000000016],[-76.30232600000001,40.514657999999976],[-76.314579,40.51591000000005],[-76.322544,40.51415999999999],[-76.338228,40.515536000000054],[-76.3524,40.51115699999998],[-76.369222,40.50959700000003],[-76.415912,40.49602199999999],[-76.440181,40.49595199999999],[-76.701624,40.65808200000003],[-76.701164,40.66146400000002],[-76.700249,40.66334100000001],[-76.694565,40.66288599999999],[-76.565402,40.707848],[-76.30717,40.80180900000001],[-76.284611,40.88358799999999],[-76.24966100000002,40.915792],[-76.207827,40.94973999999998],[-76.028006,40.902312999999964],[-75.997636,40.913259],[-75.886037,40.816267],[-75.757807,40.735413999999984],[-75.765947,40.73092600000002],[-75.77769,40.72953399999997],[-75.779682,40.72502200000003],[-75.796518,40.71703400000001],[-75.807789,40.70749200000005],[-75.844663,40.693000999999995],[-75.854809,40.69319200000002],[-75.89366100000001,40.67640899999992],[-75.993212,40.63971200000001],[-76.012226,40.57771299999999]]]}},{"id":"1162","type":"Feature","properties":{"geoid":"42113","name":"Sullivan"},"geometry":{"type":"Polygon","coordinates":[[[-76.813731,41.590034],[-76.220073,41.541277999999984],[-76.228131,41.51113700000002],[-76.310261,41.310198],[-76.407934,41.30841799999998],[-76.44759700000002,41.27562899999997],[-76.548488,41.29313499999997],[-76.54782100000001,41.29572199999999],[-76.592532,41.30433199999997],[-76.749497,41.40557200000003],[-76.813731,41.590034]]]}},{"id":"1190","type":"Feature","properties":{"geoid":"42097","name":"Northumberland"},"geometry":{"type":"Polygon","coordinates":[[[-76.380334,40.775444999999934],[-76.572395,40.70539200000001],[-76.694565,40.66288599999999],[-76.700249,40.66334100000001],[-76.702866,40.655495999999985],[-76.713574,40.659594999999996],[-76.719176,40.65778999999996],[-76.72203,40.65340099999998],[-76.744744,40.65470799999999],[-76.756232,40.648087999999994],[-76.778281,40.64598599999994],[-76.79255,40.640589000000006],[-76.803382,40.64722299999999],[-76.809521,40.64272400000001],[-76.81114,40.63381700000001],[-76.827405,40.633946000000044],[-76.833162,40.627601999999975],[-76.840104,40.62543900000001],[-76.864357,40.62756099999998],[-76.869049,40.62422900000005],[-76.869632,40.61804499999998],[-76.872283,40.61638799999999],[-76.88682200000001,40.617708],[-76.8914,40.61496399999994],[-76.89077,40.61009500000001],[-76.90334200000001,40.611892000000005],[-76.92066,40.61001299999996],[-76.918672,40.60346599999997],[-76.92599,40.609169000000044],[-76.936962,40.612841],[-76.94914800000001,40.62816699999999],[-76.939883,40.63814200000001],[-76.927625,40.645706999999994],[-76.910189,40.669254999999986],[-76.87955400000001,40.68744500000005],[-76.861184,40.711598],[-76.855187,40.73112900000001],[-76.859252,40.77704299999998],[-76.849786,40.809089],[-76.838795,40.823327000000006],[-76.812812,40.84710599999999],[-76.798718,40.878325],[-76.80399400000002,40.88487399999998],[-76.824587,40.89071799999997],[-76.854106,40.915426000000046],[-76.875604,40.94985700000004],[-76.882249,40.968762999999996],[-76.868476,40.995196999999955],[-76.861316,41.03796200000001],[-76.85616800000001,41.05008299999999],[-76.858335,41.07307799999999],[-76.884383,41.09375300000006],[-76.88958,41.100638000000025],[-76.895311,41.117474000000016],[-76.897522,41.13596200000001],[-76.884155,41.15734599999998],[-76.856916,41.16364100000006],[-76.82816800000002,41.16577999999995],[-76.790807,41.17573199999998],[-76.732672,41.17203999999997],[-76.730867,41.15363500000005],[-76.736035,41.13917399999996],[-76.733514,41.127686999999966],[-76.735058,41.09105800000002],[-76.746578,41.065389999999994],[-76.757351,41.04902200000003],[-76.764505,41.029610999999974],[-76.761963,41.025932000000026],[-76.774752,41.012201000000005],[-76.773708,41.00217900000003],[-76.78658200000001,40.96503499999998],[-76.785383,40.95905400000002],[-76.791506,40.955549000000005],[-76.789066,40.95233999999999],[-76.794236,40.949197],[-76.792878,40.946583000000025],[-76.734147,40.954539999999994],[-76.661348,40.96799599999998],[-76.652451,40.96164299999995],[-76.642746,40.96476899999997],[-76.630246,40.96300500000002],[-76.60143600000002,40.942185999999985],[-76.556977,40.93860900000003],[-76.55861200000001,40.930397],[-76.568111,40.91545400000002],[-76.557323,40.88882399999995],[-76.550789,40.88257699999999],[-76.506625,40.882859],[-76.504079,40.880812999999975],[-76.509859,40.87071599999996],[-76.507429,40.863544],[-76.502481,40.861769000000024],[-76.498006,40.85407499999999],[-76.499466,40.850122999999996],[-76.508093,40.84663699999999],[-76.501598,40.824765],[-76.495838,40.82408000000002],[-76.437722,40.83251400000001],[-76.411487,40.83348999999998],[-76.380334,40.775444999999934]]]}},{"id":"1215","type":"Feature","properties":{"geoid":"42021","name":"Cambria"},"geometry":{"type":"Polygon","coordinates":[[[-78.544562,40.484182999999966],[-78.540401,40.47620799999998],[-78.54208200000001,40.46940199999998],[-78.548463,40.46185400000001],[-78.557721,40.441563000000016],[-78.552889,40.434783000000024],[-78.561466,40.36967],[-78.602236,40.35362899999998],[-78.62522100000001,40.314301999999955],[-78.636404,40.30550600000003],[-78.642707,40.28307100000001],[-78.651743,40.281524000000026],[-78.643816,40.25913999999998],[-78.658305,40.243235],[-78.851167,40.24598799999999],[-78.858807,40.24252599999997],[-78.869029,40.24903999999998],[-78.884669,40.244574999999976],[-78.891056,40.249996],[-78.894019,40.261061999999995],[-78.89718,40.26353400000005],[-78.894403,40.26848900000003],[-78.89623,40.27158800000003],[-78.903374,40.27516999999995],[-78.924794,40.27848800000002],[-78.927109,40.284732999999996],[-79.056347,40.28485700000001],[-79.055121,40.28917800000001],[-79.051635,40.290091999999994],[-79.037295,40.30725899999995],[-79.036942,40.314062000000014],[-79.03120400000002,40.31810000000001],[-79.020019,40.335605],[-79.00993300000002,40.34047699999994],[-79.00607800000002,40.35120300000003],[-78.998171,40.35616900000003],[-78.921923,40.483512],[-78.859686,40.607044000000016],[-78.808862,40.72106199999999],[-78.799226,40.71710000000004],[-78.80228600000001,40.72461799999999],[-78.635582,40.723065999999974],[-78.52982800000001,40.72591900000001],[-78.348668,40.723442999999996],[-78.408504,40.644333000000024],[-78.432334,40.647756000000044],[-78.43966,40.644806],[-78.442156,40.641191999999975],[-78.441013,40.63159800000002],[-78.446323,40.62416400000005],[-78.441208,40.59723900000001],[-78.449344,40.590297999999954],[-78.45385,40.58124900000001],[-78.485527,40.541351999999975],[-78.497561,40.539162999999974],[-78.51821100000001,40.52880199999998],[-78.522663,40.52325800000001],[-78.530384,40.51914400000001],[-78.539819,40.50629299999998],[-78.544562,40.484182999999966]]]}},{"id":"1219","type":"Feature","properties":{"geoid":"42069","name":"Lackawanna"},"geometry":{"type":"Polygon","coordinates":[[[-75.462411,41.64158700000004],[-75.440389,41.25813000000003],[-75.451316,41.25232899999999],[-75.45574800000001,41.254519999999985],[-75.461085,41.24726800000001],[-75.46776,41.24789699999998],[-75.470537,41.243321999999985],[-75.477487,41.24714700000002],[-75.484528,41.24594700000006],[-75.485059,41.242647999999996],[-75.496057,41.24294800000005],[-75.500818,41.23638799999996],[-75.50622100000001,41.232128999999986],[-75.508345,41.232949],[-75.510758,41.22514499999994],[-75.516671,41.21927200000002],[-75.529356,41.22659100000002],[-75.543886,41.22359599999998],[-75.55401700000002,41.21168000000002],[-75.554723,41.20765],[-75.562641,41.20535500000002],[-75.56974,41.19874400000001],[-75.570211,41.19113000000003],[-75.576371,41.18655099999999],[-75.576653,41.177857],[-75.582724,41.176745000000025],[-75.588167,41.172528999999955],[-75.598302,41.17243200000001],[-75.59633500000001,41.16582100000001],[-75.600759,41.16148399999998],[-75.611717,41.164186999999984],[-75.616024,41.17262200000003],[-75.624054,41.16975000000001],[-75.636789,41.17139199999997],[-75.639431,41.17618699999996],[-75.643762,41.17655100000001],[-75.6438,41.182480999999974],[-75.646671,41.18724199999998],[-75.649233,41.187172999999945],[-75.652273,41.25738299999998],[-75.679304,41.264300999999996],[-75.67934400000001,41.28796000000004],[-75.689661,41.28778500000003],[-75.694959,41.31757700000002],[-75.687841,41.317836000000014],[-75.688606,41.339445999999995],[-75.742114,41.34834399999998],[-75.767826,41.365354],[-75.795116,41.37711900000006],[-75.800278,41.383055],[-75.823159,41.38935800000006],[-75.829255,41.39342199999998],[-75.832631,41.39993399999999],[-75.83106300000001,41.41595000000003],[-75.834512,41.42696500000004],[-75.771626,41.50579299999996],[-75.80323,41.52422699999998],[-75.769297,41.56846599999998],[-75.77429000000001,41.57404800000005],[-75.72857600000002,41.63563399999995],[-75.721697,41.63457800000002],[-75.718774,41.63611300000005],[-75.71988700000001,41.642262999999936],[-75.462411,41.64158700000004]]]}},{"id":"1255","type":"Feature","properties":{"geoid":"42131","name":"Wyoming"},"geometry":{"type":"Polygon","coordinates":[[[-75.80323,41.52422699999998],[-75.771626,41.50579299999996],[-75.834555,41.426912],[-75.839287,41.42463299999996],[-76.00507,41.384550999999995],[-76.282799,41.377244000000005],[-76.22386600000002,41.52454400000002],[-76.197998,41.647823],[-76.115172,41.65182500000002],[-76.114224,41.64338499999999],[-75.986304,41.64480099999999],[-75.71988700000001,41.642262999999936],[-75.718774,41.63611300000005],[-75.721697,41.63457800000002],[-75.72857600000002,41.63563399999995],[-75.77429000000001,41.57404800000005],[-75.769297,41.56846599999998],[-75.80323,41.52422699999998]]]}},{"id":"1347","type":"Feature","properties":{"geoid":"42029","name":"Chester"},"geometry":{"type":"MultiPolygon","coordinates":[[[[-75.559291,39.90298400000002],[-75.573381,39.896396999999936],[-75.574253,39.892152999999965],[-75.57116200000002,39.88813600000001],[-75.580414,39.883745999999995],[-75.582416,39.88574099999998],[-75.58624900000001,39.884813999999984],[-75.584761,39.88097800000004],[-75.597914,39.87446400000001],[-75.592563,39.86787099999997],[-75.60154000000001,39.85588500000003],[-75.59199700000002,39.85253499999998],[-75.597837,39.840944000000036],[-75.59488,39.837524999999985],[-75.626124,39.832307999999976],[-75.65486,39.82429999999999],[-75.681325,39.81353200000001],[-75.706239,39.799658],[-75.72858300000001,39.78302099999998],[-75.74738,39.76437],[-75.76265,39.74376399999998],[-75.773786,39.722199999999965],[-76.135484,39.72114700000004],[-76.136672,39.725267999999986],[-76.134045,39.727171000000006],[-76.12762,39.727562000000006],[-76.122495,39.723495999999976],[-76.118981,39.72359099999997],[-76.119218,39.73655600000001],[-76.113616,39.73712499999999],[-76.108565,39.73483599999999],[-76.111186,39.72834699999999],[-76.105835,39.72408800000001],[-76.102014,39.72412599999998],[-76.095818,39.729873],[-76.092531,39.73399800000003],[-76.101953,39.73953200000002],[-76.100336,39.745721999999994],[-76.094035,39.74273300000001],[-76.086775,39.74578899999998],[-76.082599,39.75304999999998],[-76.085794,39.75588999999999],[-76.081852,39.76135099999999],[-76.066685,39.759969],[-76.062459,39.764845000000015],[-76.064564,39.77118900000006],[-76.058397,39.77986099999997],[-76.050529,39.78279299999998],[-76.048525,39.78924],[-76.04348900000001,39.791369000000024],[-76.045127,39.793163],[-76.04138,39.79662799999997],[-76.049764,39.80268800000005],[-76.046624,39.80396199999995],[-76.039023,39.80122199999998],[-76.035216,39.811835],[-76.02962000000001,39.81273000000003],[-76.037636,39.826917],[-76.027034,39.82415299999998],[-76.022826,39.83079999999999],[-76.016543,39.831262],[-76.022223,39.85076100000001],[-76.01882500000002,39.85407999999998],[-76.007576,39.852348999999975],[-76.002432,39.87435299999997],[-75.997802,39.87380699999996],[-75.998373,39.872027],[-75.991486,39.86869399999997],[-75.98684,39.873577999999966],[-75.992379,39.882228],[-75.986729,39.892879000000036],[-75.995011,39.898501999999986],[-75.997413,39.92806499999999],[-75.991517,39.926725999999974],[-75.99175600000001,39.928841999999975],[-75.984766,39.932133999999955],[-75.981701,39.929464],[-75.98096600000001,39.93347900000001],[-75.98821,39.93968299999999],[-75.994629,39.95242899999996],[-75.98627600000002,39.96356499999996],[-75.986301,39.967846],[-75.93587000000001,40.03746600000004],[-75.936135,40.078585000000025],[-75.942997,40.109266000000005],[-75.873173,40.13718100000003],[-75.743178,40.216721000000035],[-75.69682,40.24185999999999],[-75.688115,40.23618600000004],[-75.669599,40.244905000000045],[-75.664036,40.244900000000044],[-75.656815,40.24123599999997],[-75.651074,40.242077],[-75.619998,40.230299999999936],[-75.61237300000002,40.222997000000014],[-75.603173,40.227006000000046],[-75.607468,40.232773],[-75.606923,40.23613199999999],[-75.603221,40.23806999999999],[-75.597031,40.236844],[-75.58775700000001,40.214449],[-75.573338,40.195303],[-75.5674,40.194159000000056],[-75.56274,40.19753900000003],[-75.563995,40.20934499999996],[-75.557438,40.20760100000003],[-75.540986,40.175951],[-75.528941,40.16839600000001],[-75.525945,40.148611],[-75.520434,40.147249999999985],[-75.513214,40.15829599999997],[-75.503804,40.15972600000002],[-75.500975,40.15447899999997],[-75.510829,40.140932000000035],[-75.506076,40.13299399999999],[-75.492577,40.12614100000003],[-75.47245,40.12929799999995],[-75.46159900000002,40.12482499999999],[-75.462041,40.120124000000004],[-75.469729,40.116396],[-75.471603,40.111853000000025],[-75.468387,40.10651699999998],[-75.461729,40.10303499999997],[-75.462926,40.09725299999999],[-75.456809,40.09467799999999],[-75.456335,40.08775399999996],[-75.440721,40.094322],[-75.437864,40.089573],[-75.420124,40.09720100000004],[-75.392632,40.060974],[-75.366687,40.07235499999998],[-75.36104200000001,40.065515000000005],[-75.414991,40.04178700000005],[-75.404338,40.027363999999984],[-75.453771,39.993588999999986],[-75.443731,39.993976999999994],[-75.440915,39.99184300000004],[-75.437692,39.99389400000002],[-75.43581600000002,39.985059000000014],[-75.52381600000001,39.94412399999999],[-75.518963,39.93430199999999],[-75.524541,39.931596000000006],[-75.526171,39.934987],[-75.53047500000001,39.932048999999985],[-75.523505,39.92314199999997],[-75.530238,39.922122999999985],[-75.536109,39.92992600000001],[-75.542734,39.92718099999994],[-75.542494,39.91841700000003],[-75.55045400000002,39.91493099999999],[-75.546416,39.90973100000004],[-75.556106,39.90534000000002],[-75.55864500000001,39.90868000000003],[-75.561308,39.907428999999965],[-75.559291,39.90298400000002]]],[[[-75.59309900000001,39.83772299999998],[-75.586903,39.84434299999996],[-75.57992600000001,39.83886199999996],[-75.586277,39.83838599999998],[-75.59309900000001,39.83772299999998]]]]}},{"id":"1373","type":"Feature","properties":{"geoid":"42089","name":"Monroe"},"geometry":{"type":"Polygon","coordinates":[[[-75.284039,40.86603999999997],[-75.320931,40.855657000000015],[-75.339791,40.84594399999995],[-75.383266,40.831037],[-75.416759,40.826101999999985],[-75.42049,40.823451000000006],[-75.44245,40.818367],[-75.474193,40.81474599999997],[-75.493581,40.846442],[-75.57459,40.95132299999996],[-75.496096,40.987379],[-75.561947,41.04952300000005],[-75.569843,41.05006200000002],[-75.568886,41.05660799999999],[-75.576876,41.06800100000001],[-75.58104000000002,41.067791999999976],[-75.587478,41.07633299999997],[-75.6001,41.084169],[-75.605643,41.08495100000003],[-75.604113,41.09338200000001],[-75.61359200000001,41.094772999999975],[-75.61552800000001,41.10444600000002],[-75.620611,41.10671600000003],[-75.620037,41.108971000000054],[-75.625026,41.11138099999998],[-75.629666,41.107012999999974],[-75.636226,41.11298199999995],[-75.645873,41.11294900000007],[-75.649295,41.12468500000002],[-75.64026500000001,41.12682300000004],[-75.63455,41.123018999999985],[-75.63283,41.12794499999996],[-75.62514800000001,41.13090599999999],[-75.627941,41.132623999999986],[-75.628213,41.13721400000003],[-75.615306,41.143857999999966],[-75.615577,41.15070500000004],[-75.607153,41.150261000000064],[-75.603089,41.15214899999999],[-75.604386,41.156532000000006],[-75.59633500000001,41.16582100000001],[-75.598302,41.17243200000001],[-75.588167,41.172528999999955],[-75.582724,41.176745000000025],[-75.576653,41.177857],[-75.576371,41.18655099999999],[-75.570211,41.19113000000003],[-75.56974,41.19874400000001],[-75.562641,41.20535500000002],[-75.554723,41.20765],[-75.55401700000002,41.21168000000002],[-75.539846,41.22546099999999],[-75.529356,41.22659100000002],[-75.51687300000002,41.219244000000046],[-75.510758,41.22514499999994],[-75.508345,41.232949],[-75.374627,41.23778299999997],[-75.129721,41.252100999999975],[-75.156507,41.150341000000004],[-75.076811,41.141121999999996],[-75.039216,41.08879699999998],[-75.033433,41.08732400000001],[-75.027957,41.07986799999999],[-75.020452,41.08478699999999],[-75.012602,41.08380100000002],[-75.011782,41.08800499999999],[-75.006838,41.08851399999998],[-75.003177,41.09177299999995],[-74.997559,41.08961899999995],[-74.99409,41.09386299999999],[-74.991815,41.08913200000001],[-74.988263,41.08822200000003],[-74.969434,41.096073999999994],[-74.96692300000001,41.09452000000004],[-74.968002,41.08868100000001],[-74.980891,41.07995399999997],[-74.993062,41.077306999999955],[-75.006787,41.067628999999975],[-75.01241,41.06726400000001],[-75.017572,41.055853000000006],[-75.027146,41.045254],[-75.027102,41.039528999999995],[-75.070532,41.01862000000001],[-75.084495,41.015919999999944],[-75.09299700000001,41.009701000000035],[-75.10911300000001,41.004102],[-75.128577,40.99287399999998],[-75.135531,40.973803000000004],[-75.13136,40.969275999999994],[-75.120232,40.96870200000002],[-75.129232,40.95892999999991],[-75.152935,40.94931100000004],[-75.17683600000001,40.94552300000001],[-75.178073,40.94032000000001],[-75.217802,40.92810200000005],[-75.22182100000002,40.91958099999999],[-75.24113,40.90943800000002],[-75.232502,40.899759000000024],[-75.267224,40.88247300000001],[-75.27353000000001,40.873150000000024],[-75.284039,40.86603999999997]]]}},{"id":"1448","type":"Feature","properties":{"geoid":"42133","name":"York"},"geometry":{"type":"Polygon","coordinates":[[[-76.239805,39.72133500000001],[-76.99931800000002,39.72010599999999],[-76.999679,39.831279999999985],[-76.990663,39.83434800000001],[-76.978543,39.84772699999994],[-76.96484,39.850772000000035],[-76.954932,39.856850000000044],[-76.962238,39.864835000000014],[-76.96362,39.87401700000002],[-76.972536,39.87291399999999],[-76.973983,39.87436500000001],[-76.978298,39.881912],[-76.977457,39.885481],[-76.983959,39.89357400000001],[-76.981602,39.905309],[-76.973557,39.910331000000006],[-76.972839,39.91386100000002],[-76.966983,39.916183],[-76.968512,39.91837199999997],[-76.964937,39.92203899999999],[-76.97024300000001,39.92136199999999],[-76.972603,39.934137999999955],[-76.969691,39.93733300000001],[-76.966202,39.93519199999999],[-77.01864799999998,40.013946999999995],[-77.026238,40.018378000000006],[-77.056376,40.02348400000003],[-77.068485,40.02887200000001],[-77.092103,40.053713],[-77.127631,40.06861599999998],[-77.137425,40.06994500000003],[-77.030997,40.146901999999976],[-77.022749,40.14581400000001],[-77.019675,40.148309000000005],[-77.009212,40.14891699999999],[-77.003135,40.153307],[-76.991645,40.15527099999996],[-76.976912,40.152339999999946],[-76.97122600000002,40.157179000000035],[-76.980675,40.16055600000002],[-76.981784,40.16303],[-76.978024,40.164776999999994],[-76.96771900000002,40.16257600000001],[-76.964648,40.16486300000003],[-76.95943200000002,40.163833],[-76.949917,40.16578400000001],[-76.929107,40.16127399999995],[-76.905875,40.16572299999998],[-76.90765000000002,40.169372],[-76.92421,40.17780799999996],[-76.928458,40.18510699999998],[-76.925791,40.188571000000046],[-76.914181,40.18277299999998],[-76.911898,40.184880000000035],[-76.913464,40.188929000000016],[-76.90927300000001,40.18890399999995],[-76.908555,40.190729000000005],[-76.918353,40.19823900000002],[-76.928865,40.19673699999996],[-76.931717,40.19874400000002],[-76.926875,40.200164],[-76.922214,40.20833999999998],[-76.918373,40.21029699999997],[-76.911321,40.20481900000003],[-76.910063,40.20831299999999],[-76.906468,40.209600000000016],[-76.905952,40.21710899999999],[-76.899978,40.212188000000005],[-76.898676,40.214632000000016],[-76.903883,40.224202000000034],[-76.896961,40.22466600000002],[-76.888215,40.21366400000001],[-76.879784,40.21782500000002],[-76.866719,40.21609799999996],[-76.860961,40.21919199999998],[-76.861942,40.22291199999998],[-76.859023,40.22632800000002],[-76.839468,40.221614999999986],[-76.833342,40.21646600000003],[-76.828859,40.20501999999995],[-76.824696,40.202318999999974],[-76.800585,40.200110999999985],[-76.774014,40.184090999999995],[-76.752331,40.175515000000026],[-76.743537,40.13085000000004],[-76.733496,40.12312200000002],[-76.72228,40.12053900000001],[-76.710932,40.11384299999998],[-76.697187,40.10249200000003],[-76.680428,40.08319199999999],[-76.675504,40.07359599999998],[-76.663825,40.06322700000001],[-76.647704,40.058583],[-76.641144,40.059491000000016],[-76.57314100000002,40.045821000000046],[-76.555823,40.04637300000002],[-76.541455,40.05103700000001],[-76.533963,40.05098300000004],[-76.529813,40.03110200000003],[-76.500611,40.000623999999995],[-76.495352,39.976127999999996],[-76.487389,39.962134999999975],[-76.478193,39.95353900000003],[-76.477742,39.95245200000003],[-76.478206,39.951513000000006],[-76.477726,39.949844],[-76.477749,39.95197399999999],[-76.468598,39.943558999999965],[-76.45975,39.94124999999996],[-76.447343,39.93350300000003],[-76.422156,39.925832000000014],[-76.404929,39.91521300000002],[-76.39045,39.91175100000002],[-76.385518,39.905698],[-76.38377700000001,39.89361699999995],[-76.379642,39.888201],[-76.381716,39.87886700000002],[-76.377663,39.866664],[-76.35211,39.849031999999966],[-76.350503,39.83766700000002],[-76.33339600000001,39.817747],[-76.315702,39.810036999999994],[-76.290182,39.78501099999999],[-76.277404,39.77769000000001],[-76.267475,39.75935799999996],[-76.245573,39.73717399999999],[-76.23869,39.72509300000001],[-76.239805,39.72133500000001]]]}},{"id":"1497","type":"Feature","properties":{"geoid":"42047","name":"Elk"},"geometry":{"type":"Polygon","coordinates":[[[-78.646662,41.253623999999995],[-78.647947,41.21746000000002],[-78.710248,41.20185899999994],[-78.710059,41.230243000000016],[-78.738214,41.23067200000002],[-78.73910100000002,41.25376800000002],[-78.73528,41.262915],[-78.95925700000001,41.36216099999996],[-78.95946000000002,41.37148700000001],[-78.965216,41.37007599999996],[-78.969807,41.37589600000001],[-78.974126,41.37574000000001],[-78.982161,41.36743099999997],[-78.99312700000002,41.368512],[-79.002854,41.35930700000001],[-79.01299,41.358225000000004],[-79.017425,41.35009199999999],[-79.02188,41.351219999999984],[-79.028572,41.357523000000015],[-79.036952,41.35759700000002],[-79.048492,41.352053999999995],[-79.06333,41.350107],[-79.076027,41.35434499999996],[-79.082103,41.35198199999998],[-79.09186,41.34073800000003],[-79.09509600000001,41.340658000000005],[-79.093588,41.42328599999996],[-79.065154,41.423193999999974],[-79.06352,41.45320699999999],[-78.976658,41.451760999999976],[-78.976657,41.43696299999998],[-78.958957,41.43706099999998],[-78.956138,41.623334000000035],[-78.814971,41.62267299999999],[-78.815237,41.624248999999985],[-78.676016,41.624972999999954],[-78.483815,41.63148099999999],[-78.482909,41.60233000000003],[-78.420498,41.60187399999995],[-78.418368,41.554694000000026],[-78.421154,41.473845],[-78.420028,41.40504599999999],[-78.253959,41.40472099999998],[-78.254382,41.323583999999954],[-78.234675,41.32341300000001],[-78.236817,41.230474999999956],[-78.646662,41.253623999999995]]]}},{"id":"1650","type":"Feature","properties":{"geoid":"42025","name":"Carbon"},"geometry":{"type":"Polygon","coordinates":[[[-75.57459,40.95132299999996],[-75.493581,40.846442],[-75.474193,40.81474599999997],[-75.508018,40.80910100000002],[-75.541549,40.806815000000036],[-75.557532,40.80118800000001],[-75.57748800000002,40.79941399999997],[-75.595453,40.79330200000005],[-75.602608,40.788043000000016],[-75.688105,40.77211600000005],[-75.694621,40.770186],[-75.702418,40.76224000000002],[-75.7286,40.753915000000006],[-75.739309,40.74415500000002],[-75.743585,40.74346199999996],[-75.744863,40.740309],[-75.757807,40.735413999999984],[-75.886037,40.816267],[-75.997636,40.913259],[-75.848024,40.966357000000066],[-75.848539,40.97218500000004],[-75.819237,40.98257800000001],[-75.801201,40.983424000000035],[-75.732183,41.00812400000001],[-75.738643,41.017048999999986],[-75.740106,41.02980199999998],[-75.74321,41.03150599999998],[-75.757734,41.031625],[-75.761319,41.04121800000002],[-75.770337,41.05019000000001],[-75.772003,41.07666600000003],[-75.765641,41.08446800000002],[-75.767376,41.09296],[-75.764288,41.094036999999965],[-75.760561,41.091705000000026],[-75.755269,41.09430900000006],[-75.752198,41.103871999999996],[-75.733028,41.102937000000004],[-75.728716,41.108356],[-75.72242,41.110276],[-75.716747,41.118129999999994],[-75.708272,41.11586399999999],[-75.709647,41.122041000000024],[-75.703373,41.122059000000014],[-75.696898,41.129662999999944],[-75.690348,41.13130300000005],[-75.685311,41.12985099999996],[-75.67982,41.132868000000016],[-75.667495,41.13397999999999],[-75.656947,41.12411200000002],[-75.656745,41.11602799999995],[-75.649263,41.12227900000004],[-75.64574500000002,41.11813400000001],[-75.645873,41.11294900000007],[-75.636226,41.11298199999995],[-75.629666,41.107012999999974],[-75.625026,41.11138099999998],[-75.620397,41.10928399999999],[-75.620611,41.10671600000003],[-75.61552800000001,41.10444600000002],[-75.61359200000001,41.094772999999975],[-75.604113,41.09338200000001],[-75.605643,41.08495100000003],[-75.6001,41.084169],[-75.587478,41.07633299999997],[-75.58104000000002,41.067791999999976],[-75.576876,41.06800100000001],[-75.568886,41.05660799999999],[-75.569843,41.05006200000002],[-75.561947,41.04952300000005],[-75.496096,40.987379],[-75.57459,40.95132299999996]]]}},{"id":"1659","type":"Feature","properties":{"geoid":"42013","name":"Blair"},"geometry":{"type":"Polygon","coordinates":[[[-78.544715,40.486681999999995],[-78.539819,40.50629299999998],[-78.530384,40.51914400000001],[-78.522663,40.52325800000001],[-78.51821100000001,40.52880199999998],[-78.497561,40.539162999999974],[-78.485527,40.541351999999975],[-78.45385,40.58124900000001],[-78.449344,40.590297999999954],[-78.441208,40.59723900000001],[-78.446323,40.62416400000005],[-78.441013,40.63159800000002],[-78.442091,40.64135700000002],[-78.438762,40.645724999999985],[-78.432457,40.647756000000044],[-78.408504,40.644333000000024],[-78.348389,40.72343000000002],[-78.360619,40.733181000000016],[-78.131834,40.74301700000005],[-78.116521,40.73912700000006],[-78.139076,40.72427499999995],[-78.155867,40.717745],[-78.15659,40.71296999999999],[-78.170042,40.71259599999996],[-78.195243,40.69729400000002],[-78.201323,40.698385],[-78.215479,40.68510199999995],[-78.22197,40.67453899999997],[-78.198634,40.64853],[-78.197167,40.63898000000004],[-78.191094,40.63804499999998],[-78.189172,40.63279199999999],[-78.17905,40.62695600000001],[-78.17305,40.62803],[-78.166408,40.61814299999997],[-78.184212,40.595294999999986],[-78.179295,40.592725000000016],[-78.17828,40.583785999999996],[-78.19708300000002,40.55844399999999],[-78.176818,40.534470999999975],[-78.166247,40.53140099999996],[-78.162981,40.53664199999997],[-78.149955,40.54136599999998],[-78.149884,40.54604500000004],[-78.14539600000002,40.548640000000034],[-78.145135,40.55387400000001],[-78.140493,40.557647000000024],[-78.136162,40.569171],[-78.132991,40.57039000000002],[-78.128638,40.56795300000001],[-78.147328,40.53325099999996],[-78.1539,40.49216499999997],[-78.150883,40.48683399999999],[-78.133911,40.498321000000004],[-78.130012,40.49294499999996],[-78.130081,40.48199],[-78.15688100000001,40.43638200000003],[-78.186282,40.39987699999996],[-78.214216,40.35627700000003],[-78.230924,40.339842],[-78.24638500000002,40.31799399999998],[-78.27406,40.26670399999998],[-78.284954,40.25294000000001],[-78.288764,40.24210699999999],[-78.434288,40.30230100000001],[-78.442002,40.27894600000004],[-78.442794,40.259608000000014],[-78.447895,40.244394999999955],[-78.5057,40.287308000000046],[-78.529696,40.29287000000002],[-78.618889,40.32647100000002],[-78.602236,40.35362899999998],[-78.561466,40.36967],[-78.552889,40.434783000000024],[-78.557721,40.441563000000016],[-78.548463,40.46185400000001],[-78.541978,40.46974],[-78.540401,40.47620799999998],[-78.544715,40.486681999999995]]]}},{"id":"1679","type":"Feature","properties":{"geoid":"42111","name":"Somerset"},"geometry":{"type":"Polygon","coordinates":[[[-78.808387,39.72291100000002],[-79.392459,39.72157799999998],[-79.389459,39.72707799999999],[-79.392659,39.73267799999996],[-79.409959,39.73497800000001],[-79.407959,39.741977000000034],[-79.394058,39.743277],[-79.394158,39.747277000000004],[-79.399658,39.75437700000005],[-79.398558,39.75827699999994],[-79.386258,39.76187699999999],[-79.378658,39.768877000000025],[-79.380258,39.77317700000005],[-79.391658,39.777977],[-79.39495800000002,39.78337700000004],[-79.383058,39.782476999999965],[-79.380058,39.790077000000004],[-79.358557,39.781377000000006],[-79.351257,39.786577000000015],[-79.352857,39.78837700000005],[-79.362557,39.78847700000001],[-79.367057,39.79327700000001],[-79.368849,39.80145800000001],[-79.363957,39.80677700000002],[-79.365695,39.82054600000001],[-79.369107,39.824670999999974],[-79.373333,39.82776700000006],[-79.382068,39.82708199999996],[-79.381956,39.83686099999996],[-79.417558,39.853775999999975],[-79.398718,39.90062800000001],[-79.387624,39.915696000000004],[-79.391562,39.919503999999975],[-79.383957,39.92449400000001],[-79.378303,39.93665099999999],[-79.372884,39.936521999999975],[-79.35412,39.95806400000002],[-79.342538,39.976303000000016],[-79.342585,39.98205600000003],[-79.33846600000001,39.98201399999999],[-79.293884,40.04044599999996],[-79.288578,40.04177499999995],[-79.28431,40.04824599999992],[-79.278214,40.05033599999999],[-79.278766,40.05553700000003],[-79.267245,40.06586800000003],[-79.267739,40.07426800000001],[-79.264387,40.07866800000001],[-79.258921,40.07979400000002],[-79.256005,40.08846299999999],[-79.246786,40.09370999999999],[-79.24059300000002,40.092335000000055],[-79.23746,40.096230999999996],[-79.226672,40.098249999999965],[-79.220864,40.112737000000045],[-79.21379100000001,40.117990999999954],[-79.210155,40.11887000000003],[-79.20295,40.11492600000001],[-79.202191,40.11763999999999],[-79.19713,40.11870400000001],[-79.193974,40.11189499999995],[-79.187025,40.10954999999999],[-79.174249,40.12060400000001],[-79.172304,40.126111],[-79.167626,40.12878300000002],[-79.165825,40.138690999999994],[-79.162202,40.142770000000006],[-79.161263,40.16086899999997],[-79.149768,40.16037299999998],[-79.140025,40.16389900000003],[-79.143306,40.179888999999996],[-79.134393,40.178721999999944],[-79.126744,40.18328100000003],[-79.127711,40.18735000000001],[-79.123739,40.19301799999999],[-79.126157,40.200391],[-79.1146,40.20503899999996],[-79.114076,40.21062800000005],[-79.106981,40.214306],[-79.109072,40.21832399999998],[-79.103182,40.217909000000006],[-79.100286,40.22234400000002],[-79.104638,40.224480999999976],[-79.099344,40.22526800000002],[-79.098342,40.227345000000014],[-79.102446,40.23216499999999],[-79.095914,40.232630000000036],[-79.091694,40.24033200000003],[-79.086343,40.242390999999955],[-79.086734,40.245342],[-79.078059,40.252559999999974],[-79.07957,40.25792799999999],[-79.073659,40.266579],[-79.067963,40.272470999999996],[-79.057682,40.27752000000003],[-79.056053,40.284861000000035],[-78.927109,40.284732999999996],[-78.924794,40.27848800000002],[-78.903374,40.27516999999995],[-78.89623,40.27158800000003],[-78.894403,40.26848900000003],[-78.89718,40.26353400000005],[-78.894019,40.261061999999995],[-78.891056,40.249996],[-78.884669,40.244574999999976],[-78.869029,40.24903999999998],[-78.858807,40.24252599999997],[-78.851167,40.24598799999999],[-78.658305,40.243235],[-78.66141000000002,40.231104000000016],[-78.676956,40.21120699999999],[-78.739847,40.069570999999996],[-78.752016,40.07491699999998],[-78.76320600000001,40.057005000000046],[-78.757241,39.823484],[-78.767041,39.79538399999999],[-78.808387,39.72291100000002]]]}},{"id":"1699","type":"Feature","properties":{"geoid":"42049","name":"Erie"},"geometry":{"type":"Polygon","coordinates":[[[-79.612071,41.850328000000005],[-80.146496,41.849039000000005],[-80.519354,41.849563],[-80.519851,42.327132000000006],[-80.080222,42.39416199999999],[-79.762418,42.51607199999999],[-79.761954,41.998840999999956],[-79.610837,41.998757000000026],[-79.610648,41.989537],[-79.612071,41.850328000000005]]]}},{"id":"1777","type":"Feature","properties":{"geoid":"42051","name":"Fayette"},"geometry":{"type":"Polygon","coordinates":[[[-79.378258,39.933135000000014],[-79.391562,39.919503999999975],[-79.387624,39.915696000000004],[-79.398718,39.90062800000001],[-79.417558,39.853775999999975],[-79.381956,39.83686099999996],[-79.382068,39.82708199999996],[-79.373333,39.82776700000006],[-79.369107,39.824670999999974],[-79.365695,39.82054600000001],[-79.363957,39.80677700000002],[-79.368849,39.80145800000001],[-79.367057,39.79327700000001],[-79.362557,39.78847700000001],[-79.352857,39.78837700000005],[-79.351257,39.786577000000015],[-79.358557,39.781377000000006],[-79.380058,39.790077000000004],[-79.383058,39.782476999999965],[-79.39495800000002,39.78337700000004],[-79.391658,39.777977],[-79.380258,39.77317700000005],[-79.378658,39.768877000000025],[-79.386258,39.76187699999999],[-79.398558,39.75827699999994],[-79.399658,39.75437700000005],[-79.394158,39.747277000000004],[-79.394058,39.743277],[-79.407959,39.741977000000034],[-79.409959,39.73497800000001],[-79.392659,39.73267799999996],[-79.389459,39.72707799999999],[-79.392459,39.72157799999998],[-79.916263,39.72077400000002],[-79.906174,39.73339400000003],[-79.903379,39.74297799999998],[-79.913079,39.75167699999996],[-79.92248000000001,39.753477000000025],[-79.93078,39.75787700000001],[-79.93468,39.76467700000001],[-79.934411,39.78127699999998],[-79.930584,39.785875000000004],[-79.913978,39.78797700000002],[-79.908577,39.793477000000024],[-79.910177,39.79957700000003],[-79.920643,39.81341500000004],[-79.924376,39.83817599999999],[-79.935877,39.841376000000004],[-79.938577,39.84487599999996],[-79.92465,39.85505600000001],[-79.930276,39.869275999999985],[-79.917311,39.87623599999998],[-79.915358,39.87961199999999],[-79.92940600000001,39.905675],[-79.923069,39.920986999999975],[-79.943757,39.94401099999998],[-79.957246,39.95327400000003],[-79.971838,39.95538599999997],[-79.99068700000001,39.94976999999997],[-79.998816,39.950889999999994],[-80.009344,39.95879400000001],[-80.01046300000002,39.97396200000001],[-80.005855,39.98020200000001],[-79.991374,39.985545999999964],[-79.995726,40.00509699999999],[-79.988232,40.01190600000001],[-79.96935,40.013116999999966],[-79.95462,39.995274000000016],[-79.946732,39.99425000000001],[-79.934523,39.99962599999994],[-79.929786,40.011745000000005],[-79.924844,40.01612399999996],[-79.909962,40.022025999999975],[-79.889954,40.02246200000002],[-79.879992,40.02828199999999],[-79.876216,40.033753999999995],[-79.877048,40.03682600000004],[-79.888057,40.04324100000005],[-79.891913,40.04820100000001],[-79.879897,40.059177000000034],[-79.879401,40.064408999999976],[-79.885113,40.06855299999995],[-79.898489,40.071273000000005],[-79.901434,40.076729],[-79.891705,40.08036099999996],[-79.870248,40.07517699999998],[-79.862456,40.07565700000002],[-79.845911,40.08122499999998],[-79.838999,40.09060100000001],[-79.850088,40.11396000000001],[-79.877864,40.126959000000014],[-79.875296,40.129529999999974],[-79.86722,40.12776499999996],[-79.81611300000002,40.12837499999999],[-79.81659400000001,40.132791],[-79.806743,40.13118400000002],[-79.805804,40.12752800000003],[-79.746056,40.12845699999999],[-79.734596,40.12090400000002],[-79.7276,40.12060799999999],[-79.72438,40.12312299999999],[-79.718499,40.116921000000005],[-79.722865,40.113179],[-79.718147,40.11343300000001],[-79.708123,40.107704],[-79.685624,40.11382299999995],[-79.68379400000002,40.10862000000001],[-79.667579,40.10454199999997],[-79.668118,40.09701000000002],[-79.66419,40.096991999999986],[-79.661656,40.094483000000054],[-79.65824500000001,40.097087000000016],[-79.654346,40.09378600000001],[-79.654083,40.089293999999995],[-79.641098,40.08831700000001],[-79.644143,40.08469399999999],[-79.642371,40.083627999999976],[-79.638511,40.082867999999976],[-79.634497,40.086524999999966],[-79.626998,40.088423999999996],[-79.621958,40.09453299999996],[-79.616751,40.091604],[-79.612732,40.09346800000002],[-79.603674,40.090839],[-79.600442,40.084308000000014],[-79.602294,40.082997999999975],[-79.593021,40.082054999999976],[-79.593314,40.09092999999997],[-79.584576,40.097834000000006],[-79.585377,40.102125000000036],[-79.57892,40.105225999999945],[-79.57537,40.10341200000003],[-79.566229,40.106063999999975],[-79.560602,40.10521600000001],[-79.556577,40.112833],[-79.548751,40.11032499999998],[-79.542073,40.11188999999998],[-79.541135,40.120715999999994],[-79.535179,40.128109000000016],[-79.530665,40.12809299999999],[-79.527362,40.122961000000046],[-79.517954,40.133146999999994],[-79.50440100000002,40.140941],[-79.489718,40.141034000000005],[-79.483136,40.14404300000001],[-79.473736,40.143928],[-79.473183,40.14565200000002],[-79.471419,40.143986999999974],[-79.461522,40.144098],[-79.461225,40.14134900000001],[-79.447478,40.133232999999976],[-79.44744,40.12604999999999],[-79.43792,40.116040000000055],[-79.423074,40.110977000000005],[-79.41513,40.104490000000006],[-79.40193,40.10282999999999],[-79.393288,40.090608999999944],[-79.35552800000002,40.07428899999999],[-79.34177,40.04317000000003],[-79.3248,40.04057],[-79.312571,40.04437800000002],[-79.293644,40.04079300000001],[-79.33846600000001,39.98201399999999],[-79.342585,39.98205600000003],[-79.342538,39.976303000000016],[-79.35412,39.95806400000002],[-79.372884,39.936521999999975],[-79.378303,39.93665099999999],[-79.378258,39.933135000000014]]]}},{"id":"1820","type":"Feature","properties":{"geoid":"42067","name":"Juniata"},"geometry":{"type":"Polygon","coordinates":[[[-77.289592,40.51845699999999],[-77.47838000000002,40.43201100000005],[-77.540141,40.39922100000002],[-77.532265,40.376005999999975],[-77.542941,40.375080999999966],[-77.565665,40.367363],[-77.599418,40.34815699999998],[-77.639749,40.31983199999999],[-77.680159,40.28062299999996],[-77.70303,40.26357600000004],[-77.75212,40.37854500000002],[-77.710745,40.417592999999975],[-77.63417400000002,40.47734599999998],[-77.612459,40.490919000000005],[-77.612509,40.514186999999964],[-77.57404600000001,40.53779399999995],[-77.526312,40.563005000000004],[-77.497506,40.58174000000004],[-77.49776,40.60948399999997],[-77.480828,40.619533000000025],[-77.383796,40.661751],[-77.287941,40.693594999999995],[-77.150516,40.677073999999955],[-77.149089,40.68053800000003],[-77.12518100000001,40.68575799999997],[-77.109597,40.691577999999986],[-77.100211,40.68795199999998],[-77.097653,40.67871699999998],[-77.093607,40.676121],[-77.087952,40.67837700000001],[-77.082909,40.67739899999998],[-77.068284,40.67985300000001],[-77.064442,40.678208000000005],[-77.06072,40.67993199999999],[-77.056742,40.67596],[-77.045769,40.675637],[-77.037844,40.679544000000035],[-77.0324,40.664875000000045],[-77.034409,40.65992799999999],[-77.02950100000001,40.655561999999996],[-77.025753,40.656063000000024],[-77.022514,40.660885999999984],[-77.018241,40.659494000000045],[-77.014065,40.662108000000025],[-77.010445,40.66160900000002],[-77.004091,40.645939000000006],[-77.006054,40.642615000000035],[-76.99728900000001,40.635710999999965],[-76.986631,40.644024999999985],[-76.976749,40.645435],[-76.975901,40.642243],[-76.967495,40.641254999999994],[-76.96546100000002,40.64721199999996],[-76.961112,40.645745999999946],[-76.945221,40.65033299999997],[-76.940656,40.64617500000002],[-76.939883,40.63814200000001],[-76.94914800000001,40.62816699999999],[-76.956077,40.627938000000015],[-76.999701,40.61094100000001],[-77.023304,40.604260000000004],[-77.041954,40.60422300000004],[-77.069991,40.59846399999996],[-77.10152600000002,40.59622799999997],[-77.10679,40.592790000000015],[-77.16345300000002,40.58690700000001],[-77.182789,40.58221099999998],[-77.167561,40.559508999999935],[-77.198462,40.55228699999997],[-77.28147,40.51974800000001],[-77.289592,40.51845699999999]]]}},{"id":"1821","type":"Feature","properties":{"geoid":"42083","name":"McKean"},"geometry":{"type":"Polygon","coordinates":[[[-78.20638,41.99951800000003],[-78.20364,41.61759899999998],[-78.420846,41.617284],[-78.420498,41.60187399999995],[-78.482909,41.60233000000003],[-78.483815,41.63148099999999],[-78.676016,41.624972999999954],[-78.815237,41.624248999999985],[-78.814971,41.62267299999999],[-78.956138,41.623334000000035],[-78.948612,41.830481000000006],[-78.921408,41.83091900000003],[-78.921544,41.84088200000001],[-78.915642,41.840896000000015],[-78.9155,41.95294800000001],[-78.918481,41.95293999999999],[-78.91889600000002,41.99811900000003],[-78.20638,41.99951800000003]]]}},{"id":"2137","type":"Feature","properties":{"geoid":"42087","name":"Mifflin"},"geometry":{"type":"Polygon","coordinates":[[[-77.681334,40.72975799999997],[-77.652574,40.74492100000001],[-77.593355,40.76124699999996],[-77.429604,40.827541000000004],[-77.375252,40.845155000000005],[-77.36418,40.84693700000002],[-77.357113,40.84448399999997],[-77.354097,40.70166699999998],[-77.287941,40.693594999999995],[-77.383796,40.661751],[-77.442505,40.63710300000002],[-77.49254500000002,40.613148999999986],[-77.49776,40.60948399999997],[-77.497506,40.58174000000004],[-77.526312,40.563005000000004],[-77.57404600000001,40.53779399999995],[-77.612509,40.514186999999964],[-77.612459,40.490919000000005],[-77.63417400000002,40.47734599999998],[-77.720636,40.40961800000002],[-77.76172,40.368732999999956],[-77.810393,40.36859100000002],[-77.818636,40.36054199999999],[-77.838343,40.36902999999998],[-77.856914,40.36522799999997],[-77.872558,40.38119599999999],[-77.870289,40.392261],[-77.87770100000002,40.393549999999955],[-77.887717,40.39135799999998],[-77.889116,40.39896500000001],[-77.913844,40.39867899999999],[-77.913929,40.400115],[-77.9123,40.40852199999999],[-77.90805,40.414017999999956],[-77.896549,40.417547000000006],[-77.890123,40.427268999999995],[-77.870182,40.44524399999999],[-77.835874,40.484232],[-77.81599600000001,40.49972900000002],[-77.841827,40.55003500000003],[-77.821,40.57964000000003],[-77.773547,40.625066999999994],[-77.75162,40.63229999999996],[-77.720434,40.65457499999997],[-77.720737,40.657967999999975],[-77.68708,40.67675],[-77.682275,40.685121999999964],[-77.703787,40.67993599999998],[-77.708356,40.69048800000002],[-77.700474,40.694852000000004],[-77.70093500000002,40.705189999999966],[-77.676611,40.716452000000004],[-77.681334,40.72975799999997]]]}},{"id":"2218","type":"Feature","properties":{"geoid":"42091","name":"Montgomery"},"geometry":{"type":"Polygon","coordinates":[[[-75.529813,40.447092000000026],[-75.015066,40.137991999999976],[-75.058342,40.10589199999995],[-75.086906,40.07864800000004],[-75.096733,40.068988999999995],[-75.087425,40.063599],[-75.109406,40.04584000000004],[-75.176438,40.08464899999997],[-75.188461,40.07275000000002],[-75.22361000000001,40.09290699999999],[-75.264431,40.05409400000003],[-75.24524000000001,40.03736300000001],[-75.205978,40.011722999999996],[-75.276482,39.97695900000002],[-75.311432,40.01981],[-75.320699,40.01621600000002],[-75.356534,40.06278699999996],[-75.366687,40.07235499999998],[-75.392632,40.060974],[-75.420124,40.09720100000004],[-75.437864,40.089573],[-75.440721,40.094322],[-75.456335,40.08775399999996],[-75.456809,40.09467799999999],[-75.462926,40.09725299999999],[-75.461729,40.10303499999997],[-75.468387,40.10651699999998],[-75.471603,40.111853000000025],[-75.469729,40.116396],[-75.462041,40.120124000000004],[-75.46159900000002,40.12482499999999],[-75.47245,40.12929799999995],[-75.492577,40.12614100000003],[-75.506076,40.13299399999999],[-75.510829,40.140932000000035],[-75.500975,40.15447899999997],[-75.503804,40.15972600000002],[-75.513214,40.15829599999997],[-75.520434,40.147249999999985],[-75.525945,40.148611],[-75.528941,40.16839600000001],[-75.540986,40.175951],[-75.557438,40.20760100000003],[-75.563995,40.20934499999996],[-75.56274,40.19753900000003],[-75.5674,40.194159000000056],[-75.573338,40.195303],[-75.58775700000001,40.214449],[-75.597031,40.236844],[-75.603221,40.23806999999999],[-75.606923,40.23613199999999],[-75.607468,40.232773],[-75.603173,40.227006000000046],[-75.61237300000002,40.222997000000014],[-75.619998,40.230299999999936],[-75.651074,40.242077],[-75.656815,40.24123599999997],[-75.664036,40.244900000000044],[-75.669599,40.244905000000045],[-75.688115,40.23618600000004],[-75.696782,40.241863],[-75.529813,40.447092000000026]]]}},{"id":"2315","type":"Feature","properties":{"geoid":"42123","name":"Warren"},"geometry":{"type":"Polygon","coordinates":[[[-79.610837,41.998757000000026],[-78.91889600000002,41.99811900000003],[-78.918481,41.95293999999999],[-78.9155,41.95294800000001],[-78.915642,41.840896000000015],[-78.921544,41.84088200000001],[-78.921408,41.83091900000003],[-78.948612,41.830481000000006],[-78.956138,41.623334000000035],[-79.152961,41.62677900000002],[-79.613147,41.623863000000036],[-79.610837,41.998757000000026]]]}},{"id":"2332","type":"Feature","properties":{"geoid":"42093","name":"Montour"},"geometry":{"type":"Polygon","coordinates":[[[-76.56523300000002,40.99981199999999],[-76.521815,40.967064],[-76.514792,40.95853099999997],[-76.515868,40.95025499999996],[-76.512421,40.946102000000025],[-76.529395,40.940143000000006],[-76.520138,40.92663399999994],[-76.528213,40.91912099999996],[-76.52468900000001,40.91522099999993],[-76.528034,40.88251499999999],[-76.550789,40.88257699999999],[-76.557378,40.88889399999996],[-76.568111,40.91545400000002],[-76.55861200000001,40.930397],[-76.556977,40.93860900000003],[-76.60143600000002,40.942185999999985],[-76.62508,40.96030899999999],[-76.633595,40.96410700000001],[-76.642746,40.96476899999997],[-76.652451,40.96164299999995],[-76.661348,40.96799599999998],[-76.734147,40.954539999999994],[-76.792878,40.946583000000025],[-76.794236,40.949197],[-76.789066,40.95233999999999],[-76.791506,40.955549000000005],[-76.785383,40.95905400000002],[-76.78658200000001,40.96503499999998],[-76.773708,41.00217900000003],[-76.774752,41.012201000000005],[-76.761963,41.025932000000026],[-76.764505,41.029610999999974],[-76.757351,41.04902200000003],[-76.746578,41.065389999999994],[-76.735058,41.09105800000002],[-76.733514,41.127686999999966],[-76.736035,41.13917399999996],[-76.730867,41.15363500000005],[-76.732672,41.17203999999997],[-76.678776,41.154171999999996],[-76.640767,41.155718000000036],[-76.62065000000001,41.08527099999997],[-76.615356,41.07954199999999],[-76.618971,41.063759000000005],[-76.569915,41.053760999999994],[-76.562263,41.034214000000006],[-76.56523300000002,40.99981199999999]]]}},{"id":"2369","type":"Feature","properties":{"geoid":"42045","name":"Delaware"},"geometry":{"type":"Polygon","coordinates":[[[-75.272202,39.84907599999999],[-75.33043200000002,39.84901300000005],[-75.346315,39.844159000000005],[-75.415062,39.80191899999999],[-75.454036,39.82066599999996],[-75.499906,39.83369300000002],[-75.539716,39.83892499999999],[-75.57992600000001,39.83886199999996],[-75.586569,39.844351000000024],[-75.595568,39.837644000000026],[-75.597837,39.840944000000036],[-75.59199700000002,39.85253499999998],[-75.601508,39.855687999999994],[-75.592563,39.86787099999997],[-75.597914,39.87446400000001],[-75.584761,39.88097800000004],[-75.58624900000001,39.884813999999984],[-75.582416,39.88574099999998],[-75.580414,39.883745999999995],[-75.57116200000002,39.88813600000001],[-75.574253,39.892152999999965],[-75.573381,39.896396999999936],[-75.559291,39.90298400000002],[-75.561308,39.907428999999965],[-75.55864500000001,39.90868000000003],[-75.556106,39.90534000000002],[-75.546416,39.90973100000004],[-75.55045400000002,39.91493099999999],[-75.542494,39.91841700000003],[-75.542734,39.92718099999994],[-75.536109,39.92992600000001],[-75.530238,39.922122999999985],[-75.523505,39.92314199999997],[-75.53047500000001,39.932048999999985],[-75.526171,39.934987],[-75.524541,39.931596000000006],[-75.518963,39.93430199999999],[-75.52381600000001,39.94412399999999],[-75.43581600000002,39.985059000000014],[-75.437692,39.99389400000002],[-75.440915,39.99184300000004],[-75.443731,39.993976999999994],[-75.453771,39.993588999999986],[-75.404338,40.027363999999984],[-75.414991,40.04178700000005],[-75.36006900000001,40.06619600000002],[-75.320699,40.01621600000002],[-75.311432,40.01981],[-75.276482,39.97695900000002],[-75.280266,39.97496400000003],[-75.277656,39.97120900000003],[-75.265388,39.965224000000006],[-75.260491,39.96631299999999],[-75.257858,39.96359399999999],[-75.25414,39.965403999999985],[-75.247479,39.96352800000001],[-75.250883,39.95902400000001],[-75.248926,39.95662800000002],[-75.251496,39.94925100000001],[-75.246661,39.94276499999998],[-75.240251,39.942139999999995],[-75.240711,39.938726999999986],[-75.234742,39.93688399999997],[-75.237324,39.93262099999999],[-75.241952,39.933535000000006],[-75.244381,39.930399],[-75.247068,39.913777999999986],[-75.253492,39.90558500000004],[-75.251288,39.90440299999996],[-75.25674100000002,39.89472600000003],[-75.26511300000001,39.88752399999998],[-75.261886,39.883068999999956],[-75.265112,39.88165699999998],[-75.262528,39.876560999999974],[-75.248431,39.87648499999998],[-75.24047,39.87238099999993],[-75.234122,39.87718099999999],[-75.215722,39.87608699999998],[-75.21603900000001,39.87111500000002],[-75.211463,39.86700399999996],[-75.232849,39.85728100000003],[-75.272202,39.84907599999999]]]}},{"id":"2403","type":"Feature","properties":{"geoid":"42001","name":"Adams"},"geometry":{"type":"Polygon","coordinates":[[[-76.999679,39.831279999999985],[-76.99931800000002,39.72010599999999],[-77.459134,39.719983999999975],[-77.471085,39.94407700000001],[-77.40360600000001,39.99447799999998],[-77.229249,40.025045999999975],[-77.18563,40.02950099999999],[-77.16207100000001,40.05169700000003],[-77.137425,40.06994500000003],[-77.127631,40.06861599999998],[-77.091975,40.05363600000004],[-77.068485,40.02887200000001],[-77.056376,40.02348400000003],[-77.026238,40.018378000000006],[-77.01864799999998,40.013946999999995],[-76.966202,39.93519199999999],[-76.969691,39.93733300000001],[-76.972603,39.934137999999955],[-76.97024300000001,39.92136199999999],[-76.964937,39.92203899999999],[-76.968512,39.91837199999997],[-76.966983,39.916183],[-76.972839,39.91386100000002],[-76.973557,39.910331000000006],[-76.981602,39.905309],[-76.983959,39.89357400000001],[-76.977457,39.885481],[-76.978298,39.881912],[-76.973983,39.87436500000001],[-76.972536,39.87291399999999],[-76.96362,39.87401700000002],[-76.962238,39.864835000000014],[-76.954932,39.856850000000044],[-76.96484,39.850772000000035],[-76.978543,39.84772699999994],[-76.990663,39.83434800000001],[-76.999679,39.831279999999985]]]}},{"id":"2430","type":"Feature","properties":{"geoid":"42077","name":"Lehigh"},"geometry":{"type":"Polygon","coordinates":[[[-75.515628,40.70219599999996],[-75.503053,40.689715],[-75.497979,40.679154999999966],[-75.485787,40.67255999999999],[-75.481469,40.65574400000004],[-75.430404,40.674152000000014],[-75.430122,40.668426999999994],[-75.396949,40.637739000000025],[-75.387464,40.63312199999999],[-75.38884000000002,40.628708999999986],[-75.38315,40.62394400000001],[-75.38304,40.617351],[-75.378125,40.61535800000005],[-75.388559,40.61442299999995],[-75.391275,40.59655099999999],[-75.40441200000001,40.58115400000001],[-75.333514,40.537056999999976],[-75.409733,40.487984],[-75.483858,40.41863400000001],[-75.811959,40.62509299999994],[-75.891473,40.677270000000036],[-75.854809,40.69319200000002],[-75.844663,40.693000999999995],[-75.807789,40.70749200000005],[-75.796518,40.71703400000001],[-75.779682,40.72502200000003],[-75.77769,40.72953399999997],[-75.765947,40.73092600000002],[-75.744863,40.740309],[-75.743585,40.74346199999996],[-75.739309,40.74415500000002],[-75.7286,40.753915000000006],[-75.702418,40.76224000000002],[-75.694621,40.770186],[-75.609068,40.78752299999996],[-75.604795,40.77771900000003],[-75.606659,40.77131899999998],[-75.60287,40.76595599999995],[-75.601926,40.750094999999995],[-75.592558,40.73612700000001],[-75.587902,40.73388699999995],[-75.573084,40.73438400000001],[-75.567801,40.725927000000006],[-75.556437,40.720790000000015],[-75.543596,40.72566200000004],[-75.539626,40.73668600000002],[-75.530149,40.73634300000001],[-75.526236,40.732703],[-75.525528,40.72009499999999],[-75.515628,40.70219599999996]]]}},{"id":"2435","type":"Feature","properties":{"geoid":"42095","name":"Northampton"},"geometry":{"type":"Polygon","coordinates":[[[-75.196921,40.68129700000005],[-75.180564,40.679362999999974],[-75.176835,40.67536299999996],[-75.182752,40.665973999999984],[-75.19085200000002,40.661938],[-75.200452,40.64921899999998],[-75.190691,40.63589100000005],[-75.188579,40.624627999999994],[-75.190688,40.619957],[-75.201812,40.61718799999999],[-75.196803,40.60858000000003],[-75.258151,40.582009],[-75.33304800000002,40.536767],[-75.40441200000001,40.58115400000001],[-75.391275,40.59655099999999],[-75.388559,40.61442299999995],[-75.378125,40.61535800000005],[-75.38304,40.617351],[-75.38315,40.62394400000001],[-75.38884000000002,40.628708999999986],[-75.387464,40.63312199999999],[-75.396949,40.637739000000025],[-75.430122,40.668426999999994],[-75.430404,40.674152000000014],[-75.481469,40.65574400000004],[-75.485027,40.671495999999955],[-75.48922,40.675992999999956],[-75.498304,40.67950499999997],[-75.503053,40.689715],[-75.509745,40.69415799999995],[-75.52255600000001,40.713486999999986],[-75.52888,40.73568799999998],[-75.535761,40.73771000000003],[-75.539626,40.73668600000002],[-75.543596,40.72566200000004],[-75.556437,40.720790000000015],[-75.567801,40.725927000000006],[-75.573084,40.73438400000001],[-75.587902,40.73388699999995],[-75.592558,40.73612700000001],[-75.601926,40.750094999999995],[-75.60287,40.76595599999995],[-75.606659,40.77131899999998],[-75.604795,40.77771900000003],[-75.608985,40.787387000000045],[-75.602608,40.788043000000016],[-75.595453,40.79330200000005],[-75.57748800000002,40.79941399999997],[-75.557532,40.80118800000001],[-75.541549,40.806815000000036],[-75.508018,40.80910100000002],[-75.44245,40.818367],[-75.42049,40.823451000000006],[-75.416759,40.826101999999985],[-75.383266,40.831037],[-75.339791,40.84594399999995],[-75.320931,40.855657000000015],[-75.300594,40.85956299999998],[-75.284039,40.86603999999997],[-75.27353000000001,40.873150000000024],[-75.267224,40.88247300000001],[-75.232502,40.899759000000024],[-75.24113,40.90943800000002],[-75.22182100000002,40.91958099999999],[-75.21819,40.92787499999994],[-75.178073,40.94032000000001],[-75.17683600000001,40.94552300000001],[-75.169463,40.94801499999998],[-75.14513,40.95158400000001],[-75.129232,40.95892999999991],[-75.120232,40.96870200000002],[-75.117767,40.95301299999995],[-75.111689,40.94812700000004],[-75.095528,40.924147999999995],[-75.079295,40.913880000000006],[-75.07609,40.907038999999976],[-75.075345,40.894165999999984],[-75.053664,40.87365999999998],[-75.051029,40.86566199999999],[-75.063802,40.85559300000003],[-75.063252,40.850191999999964],[-75.066008,40.847593999999994],[-75.076684,40.849875000000026],[-75.090962,40.84918699999999],[-75.095784,40.847081999999986],[-75.097006,40.839336],[-75.085517,40.83008499999999],[-75.083929,40.824470999999996],[-75.100214,40.80766400000001],[-75.10080000000002,40.799797000000034],[-75.108505,40.791094000000044],[-75.12308800000001,40.78674599999997],[-75.1344,40.773769999999985],[-75.16364800000001,40.778386000000005],[-75.171587,40.77774499999999],[-75.17904,40.76189699999994],[-75.196535,40.75163099999999],[-75.195349,40.74547299999997],[-75.18208400000002,40.731522],[-75.18674,40.719489999999965],[-75.19442000000001,40.71401800000001],[-75.203921,40.69149800000001],[-75.196921,40.68129700000005]]]}},{"id":"2467","type":"Feature","properties":{"geoid":"42041","name":"Cumberland"},"geometry":{"type":"Polygon","coordinates":[[[-77.012767,40.148415000000014],[-77.019675,40.148309000000005],[-77.022749,40.14581400000001],[-77.028784,40.14779700000001],[-77.031962,40.14639300000001],[-77.155585,40.056707999999965],[-77.18563,40.02950099999999],[-77.229249,40.025045999999975],[-77.40360600000001,39.99447799999998],[-77.471085,39.94407700000001],[-77.454109,39.97243199999998],[-77.461654,39.976830999999976],[-77.465783,39.984436000000024],[-77.470972,39.98684500000004],[-77.47439200000001,39.991936999999965],[-77.480021,39.99231199999999],[-77.495403,40.00514499999999],[-77.50920800000002,40.024933999999995],[-77.50782,40.02896800000003],[-77.519367,40.03934000000002],[-77.517171,40.04444599999998],[-77.532505,40.048738999999976],[-77.530495,40.05923199999999],[-77.532265,40.06716900000003],[-77.535652,40.070659000000035],[-77.541948,40.06984299999999],[-77.540285,40.07676500000002],[-77.5457,40.07817099999995],[-77.540885,40.07987499999998],[-77.546925,40.08631199999998],[-77.543084,40.087195],[-77.542955,40.089597000000005],[-77.550126,40.09103499999996],[-77.553883,40.095882999999986],[-77.560511,40.094356],[-77.561588,40.09833500000002],[-77.557914,40.10309699999998],[-77.562871,40.11928600000004],[-77.568601,40.12607700000002],[-77.575623,40.12828299999998],[-77.581745,40.134106000000024],[-77.592838,40.135245000000026],[-77.593256,40.142293],[-77.608753,40.15330099999998],[-77.613737,40.16386200000004],[-77.61364200000001,40.17016100000004],[-77.627552,40.188664999999986],[-77.614665,40.19854900000002],[-77.605448,40.18536200000002],[-77.599704,40.188063999999954],[-77.578341,40.20662600000003],[-77.559393,40.21796499999998],[-77.537686,40.218939000000006],[-77.529386,40.22273500000001],[-77.473596,40.254216000000035],[-77.419492,40.29083400000007],[-77.394445,40.30350599999999],[-77.366018,40.313568999999994],[-77.35763500000002,40.31247599999999],[-77.361236,40.305192999999974],[-77.402893,40.28012799999997],[-77.409304,40.27455400000001],[-77.411044,40.26931500000002],[-77.420524,40.26309500000003],[-77.423285,40.25846100000001],[-77.420845,40.25536799999996],[-77.402457,40.25695399999999],[-77.385114,40.26271199999996],[-77.326637,40.29260099999999],[-77.322916,40.29122899999999],[-77.33121,40.276418],[-77.317288,40.26759000000001],[-77.312235,40.26773999999996],[-77.270057,40.27865199999997],[-77.239163,40.284101999999955],[-77.160631,40.28969600000001],[-77.096365,40.300394999999995],[-77.018359,40.30421999999993],[-76.980554,40.309276999999994],[-76.949282,40.316861000000024],[-76.914183,40.32875800000001],[-76.91180000000001,40.32263399999997],[-76.922975,40.30095600000004],[-76.924152,40.28916600000005],[-76.90452,40.26051],[-76.878738,40.24391299999996],[-76.858633,40.22620900000005],[-76.861942,40.22291199999998],[-76.860901,40.21928099999997],[-76.870602,40.215561000000015],[-76.879784,40.21782500000002],[-76.8892,40.21373899999999],[-76.896961,40.22466600000002],[-76.902886,40.224602999999995],[-76.903321,40.22110400000003],[-76.898676,40.214632000000016],[-76.899978,40.212188000000005],[-76.905952,40.21710899999999],[-76.906468,40.209600000000016],[-76.910063,40.20831299999999],[-76.911321,40.20481900000003],[-76.918373,40.21029699999997],[-76.922214,40.20833999999998],[-76.926875,40.200164],[-76.931511,40.19938500000001],[-76.928865,40.19673699999996],[-76.918353,40.19823900000002],[-76.908555,40.190729000000005],[-76.90927300000001,40.18890399999995],[-76.913464,40.188929000000016],[-76.911898,40.184880000000035],[-76.914181,40.18277299999998],[-76.925791,40.188571000000046],[-76.928458,40.18510699999998],[-76.92421,40.17780799999996],[-76.90765000000002,40.169372],[-76.905875,40.16572299999998],[-76.929107,40.16127399999995],[-76.949917,40.16578400000001],[-76.95943200000002,40.163833],[-76.964648,40.16486300000003],[-76.96771900000002,40.16257600000001],[-76.978024,40.164776999999994],[-76.981784,40.16303],[-76.980675,40.16055600000002],[-76.97122600000002,40.157179000000035],[-76.975259,40.152991],[-76.979009,40.15202900000005],[-76.991645,40.15527099999996],[-77.003135,40.153307],[-77.012767,40.148415000000014]]]}},{"id":"2468","type":"Feature","properties":{"geoid":"42055","name":"Franklin"},"geometry":{"type":"Polygon","coordinates":[[[-77.526357,40.04576799999997],[-77.521992,40.04658200000001],[-77.517171,40.04444599999998],[-77.519367,40.03934000000002],[-77.50782,40.02896800000003],[-77.50920800000002,40.024933999999995],[-77.495403,40.00514499999999],[-77.480021,39.99231199999999],[-77.47439200000001,39.991936999999965],[-77.470972,39.98684500000004],[-77.465783,39.984436000000024],[-77.461654,39.976830999999976],[-77.454109,39.97243199999998],[-77.471085,39.94407700000001],[-77.459134,39.719983999999975],[-78.099403,39.72209900000002],[-78.069297,39.74829800000003],[-78.063003,39.75979900000003],[-78.036499,39.79199899999997],[-78.017898,39.80829999999999],[-78.0027,39.826599],[-77.975135,39.871787999999995],[-77.956479,39.914906],[-77.95551100000002,39.928861],[-77.947273,39.934940000000005],[-77.937789,39.948943999999976],[-77.932411,39.97239300000002],[-77.919792,39.99265200000001],[-77.919502,40.00341700000003],[-77.905632,40.018725999999965],[-77.904105,40.023571000000004],[-77.893592,40.033091999999975],[-77.883793,40.048307999999984],[-77.859356,40.06520699999998],[-77.796386,40.166813999999995],[-77.768325,40.204128999999995],[-77.724197,40.25012400000002],[-77.698954,40.26577500000002],[-77.67181,40.289885],[-77.656416,40.27039299999996],[-77.670921,40.25862200000003],[-77.667711,40.252000999999986],[-77.65276,40.25753],[-77.64509,40.25514300000001],[-77.64999,40.24795700000003],[-77.645402,40.238927999999994],[-77.650156,40.22753799999999],[-77.647642,40.22247699999999],[-77.643394,40.223165000000044],[-77.642831,40.21813999999999],[-77.639893,40.217677999999964],[-77.616167,40.23261600000001],[-77.609171,40.23275300000005],[-77.60271700000001,40.22819999999999],[-77.60488800000002,40.22492199999996],[-77.605022,40.20551299999998],[-77.627552,40.188664999999986],[-77.61364200000001,40.17016100000004],[-77.613737,40.16386200000004],[-77.608753,40.15330099999998],[-77.593256,40.142293],[-77.592838,40.135245000000026],[-77.581745,40.134106000000024],[-77.575623,40.12828299999998],[-77.568601,40.12607700000002],[-77.562871,40.11928600000004],[-77.557914,40.10309699999998],[-77.561588,40.09833500000002],[-77.560511,40.094356],[-77.553883,40.095882999999986],[-77.550126,40.09103499999996],[-77.542955,40.089597000000005],[-77.543084,40.087195],[-77.546925,40.08631199999998],[-77.540885,40.07987499999998],[-77.545654,40.078002999999974],[-77.540285,40.07676500000002],[-77.541948,40.06984299999999],[-77.535652,40.070659000000035],[-77.532265,40.06716900000003],[-77.530495,40.05923199999999],[-77.532505,40.048738999999976],[-77.526357,40.04576799999997]]]}},{"id":"2469","type":"Feature","properties":{"geoid":"42079","name":"Luzerne"},"geometry":{"type":"Polygon","coordinates":[[[-75.770275,41.050094000000016],[-75.761319,41.04121800000002],[-75.757734,41.031625],[-75.74321,41.03150599999998],[-75.740106,41.02980199999998],[-75.738643,41.017048999999986],[-75.732183,41.00812400000001],[-75.801201,40.983424000000035],[-75.819237,40.98257800000001],[-75.848539,40.97218500000004],[-75.848024,40.966357000000066],[-76.028006,40.902312999999964],[-76.207827,40.94973999999998],[-76.231359,41.050725000000035],[-76.228144,41.051947000000006],[-76.228975,41.13846600000001],[-76.27739,41.13179499999997],[-76.319236,41.208092],[-76.310848,41.30894900000002],[-76.282799,41.377244000000005],[-76.00507,41.384550999999995],[-75.834512,41.42696500000004],[-75.83106300000001,41.41595000000003],[-75.832519,41.399374000000016],[-75.829255,41.39342199999998],[-75.823159,41.38935800000006],[-75.800278,41.383055],[-75.795116,41.37711900000006],[-75.767826,41.365354],[-75.742114,41.34834399999998],[-75.688606,41.339445999999995],[-75.687841,41.317836000000014],[-75.694959,41.31757700000002],[-75.69412000000001,41.30410999999996],[-75.690824,41.304334999999995],[-75.689661,41.28778500000003],[-75.67934400000001,41.28796000000004],[-75.679304,41.264300999999996],[-75.652273,41.25738299999998],[-75.649233,41.187172999999945],[-75.646671,41.18724199999998],[-75.6438,41.182480999999974],[-75.643762,41.17655100000001],[-75.639431,41.17618699999996],[-75.636789,41.17139199999997],[-75.624054,41.16975000000001],[-75.616024,41.17262200000003],[-75.611717,41.164186999999984],[-75.604536,41.163445999999986],[-75.60084,41.15999100000001],[-75.604386,41.156532000000006],[-75.603298,41.15187500000006],[-75.615577,41.15070500000004],[-75.615306,41.143857999999966],[-75.628213,41.13721400000003],[-75.627941,41.132623999999986],[-75.62514800000001,41.13090599999999],[-75.63283,41.12794499999996],[-75.63455,41.123018999999985],[-75.64026500000001,41.12682300000004],[-75.64863400000002,41.12542699999999],[-75.656745,41.11602799999995],[-75.656947,41.12411200000002],[-75.666422,41.13361900000001],[-75.67982,41.132868000000016],[-75.685311,41.12985099999996],[-75.691912,41.13121],[-75.700593,41.127323000000004],[-75.703477,41.122004000000004],[-75.70958900000001,41.12210699999999],[-75.708272,41.11586399999999],[-75.716747,41.118129999999994],[-75.72242,41.110276],[-75.728716,41.108356],[-75.733131,41.10288500000004],[-75.753561,41.10336499999998],[-75.755144,41.09439999999998],[-75.760401,41.091726000000016],[-75.76447800000001,41.09406900000002],[-75.76749100000002,41.092658999999976],[-75.765641,41.08446800000002],[-75.772003,41.07666600000003],[-75.770275,41.050094000000016]]]}},{"id":"2605","type":"Feature","properties":{"geoid":"42105","name":"Potter"},"geometry":{"type":"Polygon","coordinates":[[[-78.20364,41.61759899999998],[-78.20638,41.99951800000003],[-77.894351,41.99820700000002],[-77.610027,41.99936799999998],[-77.598129,41.47857599999997],[-78.050442,41.47546199999997],[-78.20364,41.61759899999998]]]}},{"id":"2617","type":"Feature","properties":{"geoid":"42003","name":"Allegheny"},"geometry":{"type":"Polygon","coordinates":[[[-79.771082,40.375418999999994],[-79.788648,40.297738],[-79.780995,40.293607999999985],[-79.775151,40.28635599999999],[-79.780117,40.28210899999997],[-79.79579600000001,40.281078999999984],[-79.795058,40.27218900000001],[-79.787496,40.26250300000002],[-79.80745,40.23604800000003],[-79.803455,40.23161100000003],[-79.782588,40.227625999999994],[-79.87169600000001,40.19730099999999],[-79.894771,40.194285],[-79.910783,40.19697699999996],[-79.929289,40.207080999999995],[-79.95794000000001,40.21425900000004],[-79.971281,40.22817200000004],[-79.970042,40.233303999999954],[-79.962593,40.23876800000001],[-79.930754,40.24297300000003],[-79.914461,40.25244300000002],[-80.184603,40.333138999999996],[-80.360902,40.47766800000003],[-80.22405100000002,40.575268],[-80.22400600000002,40.577329000000006],[-80.218694,40.57966699999996],[-80.21909,40.581956999999996],[-80.212269,40.58214099999997],[-80.208127,40.58799600000001],[-80.204163,40.58856799999997],[-80.194867,40.596775999999984],[-80.184323,40.59692],[-80.188712,40.599753],[-80.183871,40.60130900000002],[-80.180401,40.60934900000005],[-80.165784,40.606030000000004],[-80.160579,40.609561],[-80.15377,40.60840700000003],[-80.14511,40.61344699999999],[-80.148497,40.67376900000004],[-80.071434,40.67493499999996],[-79.692878,40.66961100000006],[-79.695822,40.66150499999998],[-79.688975,40.64543499999998],[-79.694353,40.635126999999976],[-79.721339,40.60815700000001],[-79.761999,40.594335999999956],[-79.77079,40.586698],[-79.773689,40.58083899999999],[-79.774131,40.568376000000036],[-79.76509,40.54923799999999],[-79.751701,40.551823000000006],[-79.742656,40.548523000000024],[-79.73559500000002,40.54897200000005],[-79.731934,40.54506600000003],[-79.722379,40.542227000000004],[-79.715397,40.53351700000003],[-79.710032,40.53218899999999],[-79.701624,40.525449000000044],[-79.703393,40.45146099999999],[-79.706939,40.42231899999997],[-79.716028,40.41741299999999],[-79.717489,40.41367099999997],[-79.727002,40.414397],[-79.727532,40.41242900000002],[-79.722231,40.408743000000015],[-79.730111,40.40872199999996],[-79.732523,40.399599000000016],[-79.738177,40.39854399999998],[-79.738677,40.39552800000004],[-79.744634,40.39616300000002],[-79.751097,40.38844399999994],[-79.760548,40.39285900000001],[-79.764638,40.390317000000024],[-79.7637,40.38526499999996],[-79.771082,40.375418999999994]]]}},{"id":"2645","type":"Feature","properties":{"geoid":"42017","name":"Bucks"},"geometry":{"type":"Polygon","coordinates":[[[-75.060694,40.42133300000002],[-75.057024,40.41701200000003],[-75.04552600000001,40.413679000000016],[-75.028633,40.403970999999984],[-74.99586,40.410384000000015],[-74.966552,40.39815400000001],[-74.948901,40.365054999999934],[-74.94451700000002,40.34506300000001],[-74.93971100000002,40.338005999999965],[-74.90831,40.31690699999999],[-74.896409,40.315107],[-74.880609,40.30560699999997],[-74.864692,40.290683999999985],[-74.842308,40.250507999999996],[-74.819507,40.23850800000004],[-74.795306,40.22940800000003],[-74.77143700000002,40.215175999999985],[-74.754305,40.185209],[-74.737205,40.177608999999954],[-74.721519,40.158568],[-74.724369,40.146412000000026],[-74.741184,40.135164999999986],[-74.759721,40.13380399999999],[-74.78484200000001,40.12038800000005],[-74.815476,40.12769399999996],[-74.821907,40.127087],[-74.828646,40.12049700000001],[-74.837061,40.10217499999999],[-74.853745,40.093926000000025],[-74.862756,40.08294499999999],[-74.907318,40.07080000000001],[-74.92982000000002,40.06979299999995],[-74.973981,40.048594999999985],[-74.985186,40.05710599999996],[-74.980437,40.06030399999998],[-74.980838,40.066102000000015],[-74.972445,40.07223500000003],[-74.971299,40.075841000000004],[-74.963266,40.07724100000001],[-74.958382,40.08395699999996],[-74.955777,40.09510299999998],[-74.961787,40.097772999999975],[-74.96088600000002,40.10310399999998],[-74.965607,40.10809100000001],[-74.963168,40.11481600000001],[-74.96474,40.11856999999997],[-74.969202,40.116816999999955],[-74.972961,40.11980299999999],[-74.982515,40.11998900000002],[-74.98343200000001,40.12361999999999],[-74.99435,40.126219000000006],[-74.993894,40.131883000000016],[-74.997885,40.127816],[-75.00853,40.13399199999998],[-75.483858,40.41863400000001],[-75.409733,40.487984],[-75.266366,40.57758000000004],[-75.196803,40.60858000000003],[-75.192291,40.60267600000002],[-75.18926800000001,40.58991900000002],[-75.195496,40.578627000000004],[-75.184907,40.568308],[-75.172877,40.56442299999994],[-75.162314,40.56419300000001],[-75.140172,40.57537000000002],[-75.116394,40.573064000000045],[-75.09982700000002,40.56739799999998],[-75.06842500000002,40.54198000000002],[-75.065102,40.52641299999998],[-75.06266400000001,40.48043899999999],[-75.067715,40.47366899999999],[-75.067016,40.46530799999999],[-75.070678,40.456793999999974],[-75.060694,40.42133300000002]]]}},{"id":"2647","type":"Feature","properties":{"geoid":"42081","name":"Lycoming"},"geometry":{"type":"Polygon","coordinates":[[[-76.880963,41.15804399999999],[-76.888145,41.153806999999986],[-76.896114,41.13907000000004],[-76.960229,41.14880099999998],[-76.97793900000002,41.087882999999984],[-77.06823600000001,41.085231],[-77.113839,41.06903199999995],[-77.164278,41.06870800000002],[-77.262231,41.16240899999993],[-77.275589,41.17910499999999],[-77.292256,41.18530399999997],[-77.292404,41.197146999999994],[-77.320891,41.21893199999999],[-77.329517,41.220668999999965],[-77.35135600000001,41.220175999999974],[-77.348514,41.22325],[-77.349627,41.228873],[-77.362729,41.23357999999997],[-77.370088,41.23268],[-77.399043,41.25305300000003],[-77.411117,41.26660299999997],[-77.424945,41.27310300000001],[-77.429878,41.28263000000001],[-77.445158,41.28776200000002],[-77.455601,41.30399700000003],[-77.471294,41.313309999999966],[-77.476272,41.33852500000004],[-77.499931,41.353953000000004],[-77.526663,41.35856300000005],[-77.53791000000001,41.36528],[-77.542051,41.38181600000003],[-77.549758,41.39491500000002],[-77.564166,41.41244600000002],[-77.57024,41.41469199999999],[-77.57520900000002,41.420497999999995],[-77.584671,41.441301000000045],[-77.597282,41.44105599999999],[-77.599278,41.54227099999994],[-77.284989,41.54411799999997],[-76.960315,41.551379],[-76.963046,41.55626800000001],[-76.947162,41.568148],[-76.92657,41.571091000000045],[-76.922576,41.580813],[-76.917321,41.58273999999999],[-76.908432,41.58146300000002],[-76.882886,41.58837500000001],[-76.87833100000002,41.59054600000001],[-76.874714,41.596918999999986],[-76.813731,41.590034],[-76.749497,41.40557200000003],[-76.592532,41.30433199999997],[-76.54782100000001,41.29572199999999],[-76.548488,41.29313499999997],[-76.44759700000002,41.27562899999997],[-76.592607,41.15776500000001],[-76.678776,41.154171999999996],[-76.729997,41.17188099999998],[-76.790807,41.17573199999998],[-76.82816800000002,41.16577999999995],[-76.856916,41.16364100000006],[-76.880963,41.15804399999999]]]}},{"id":"2664","type":"Feature","properties":{"geoid":"42075","name":"Lebanon"},"geometry":{"type":"Polygon","coordinates":[[[-76.43541000000002,40.238221],[-76.569417,40.195549],[-76.67804,40.474717000000055],[-76.535414,40.555156999999966],[-76.23191600000001,40.366292000000044],[-76.205528,40.36066099999994],[-76.151215,40.31597099999997],[-76.307578,40.255066000000014],[-76.43541000000002,40.238221]]]}},{"id":"2679","type":"Feature","properties":{"geoid":"42027","name":"Centre"},"geometry":{"type":"Polygon","coordinates":[[[-77.429604,40.827541000000004],[-77.593355,40.76124699999996],[-77.652574,40.74492100000001],[-77.661988,40.737741999999976],[-77.710548,40.71456399999998],[-77.718677,40.72737200000004],[-77.768549,40.71946599999999],[-77.824903,40.74353400000002],[-77.89431,40.71619099999997],[-77.94425,40.69155699999999],[-78.131834,40.74301700000005],[-78.362986,40.73315700000001],[-78.373017,40.74989199999998],[-78.376975,40.75236500000001],[-78.365436,40.76445700000002],[-78.360562,40.76541600000003],[-78.359133,40.767894999999996],[-78.352252,40.768579],[-78.351586,40.77555499999997],[-78.341794,40.78251699999997],[-78.343932,40.790561000000004],[-78.340174,40.791605000000004],[-78.339324,40.798115000000024],[-78.329928,40.80209100000003],[-78.326819,40.805949000000005],[-78.32231,40.80547900000001],[-78.320308,40.80843399999998],[-78.31319900000001,40.809053000000006],[-78.305601,40.82066900000004],[-78.299383,40.82456000000004],[-78.302254,40.83411999999996],[-78.296075,40.83669300000001],[-78.290471,40.84259599999998],[-78.289784,40.848871999999986],[-78.277729,40.85099299999999],[-78.270183,40.84694700000002],[-78.260328,40.854797000000005],[-78.25486,40.85374200000001],[-78.24806900000002,40.85644],[-78.248975,40.869518999999976],[-78.246288,40.872086000000046],[-78.238235,40.87187800000004],[-78.235618,40.87378499999998],[-78.239429,40.87683400000008],[-78.249509,40.877164000000015],[-78.242146,40.88172899999999],[-78.233063,40.880259999999964],[-78.232938,40.878392],[-78.228457,40.88223899999996],[-78.227752,40.88697900000002],[-78.22100100000002,40.88901299999999],[-78.220958,40.89177699999999],[-78.22914,40.89967399999995],[-78.228259,40.904225],[-78.22644,40.903549999999974],[-78.224207,40.906155000000005],[-78.225942,40.90739999999996],[-78.221008,40.91187400000002],[-78.21480400000002,40.913362999999976],[-78.210155,40.917478],[-78.201637,40.915813000000014],[-78.195985,40.91999200000006],[-78.191915,40.92055599999998],[-78.190435,40.91867200000001],[-78.181655,40.92230999999999],[-78.177202,40.930209000000005],[-78.171526,40.932321000000044],[-78.171873,40.93637700000001],[-78.166461,40.93668600000002],[-78.162454,40.94206900000003],[-78.15581,40.94143699999996],[-78.159487,40.954260999999974],[-78.167655,40.95193099999999],[-78.169254,40.95322100000001],[-78.168462,40.96053400000001],[-78.159395,40.961154999999955],[-78.146853,40.95658599999995],[-78.147764,40.94971199999999],[-78.144284,40.94858800000002],[-78.140479,40.95024200000003],[-78.136299,40.96628300000001],[-78.133693,40.96704199999996],[-78.129913,40.96219100000001],[-78.136376,40.956020999999964],[-78.130621,40.951340999999985],[-78.133862,40.94674100000003],[-78.121482,40.947129],[-78.122459,40.94344000000002],[-78.120269,40.94192999999999],[-78.111334,40.945124000000014],[-78.108953,40.950455],[-78.094062,40.950586999999985],[-78.090511,40.95415700000005],[-78.078105,40.95644700000002],[-78.085252,40.96904799999999],[-78.092975,40.970153999999965],[-78.096779,40.97303999999996],[-78.091684,40.97285299999995],[-78.088674,40.97608499999998],[-78.090522,40.980880999999975],[-78.08476,40.98063700000003],[-78.082089,40.98418499999999],[-78.086566,40.99420499999998],[-78.0745,40.99364499999999],[-78.06737,40.99782899999999],[-78.061923,40.995219],[-78.064831,41.00388799999999],[-78.055705,41.00486000000002],[-78.060347,41.01241000000004],[-78.069383,41.01349500000003],[-78.067889,41.019484],[-78.075599,41.02218499999995],[-78.070747,41.02459699999999],[-78.071255,41.02658199999996],[-78.077308,41.02660100000001],[-78.080312,41.03065500000006],[-78.078302,41.03406399999999],[-78.06984800000001,41.032585000000005],[-78.06562,41.03578000000002],[-78.057719,41.03692500000001],[-78.057258,41.039350999999996],[-78.06408,41.04591299999999],[-78.05937,41.051173999999975],[-78.062363,41.05322999999999],[-78.071396,41.04991799999997],[-78.076091,41.05986399999999],[-78.085629,41.05726999999997],[-78.09036,41.058171],[-78.085098,41.068113999999966],[-78.097184,41.07234899999999],[-78.092671,41.07956200000001],[-78.101027,41.090998000000035],[-78.11203700000002,41.114324999999994],[-78.100345,41.12178300000002],[-78.09540000000001,41.12036999999998],[-78.093165,41.11598899999995],[-78.089202,41.11603800000006],[-78.082989,41.12630500000001],[-78.070417,41.12187799999996],[-78.06974500000001,41.131273],[-78.056026,41.13199499999999],[-78.052733,41.14531699999997],[-78.04344,41.146508],[-78.03748300000001,41.15385700000004],[-78.028594,41.15032499999999],[-78.015729,41.15289999999999],[-78.010732,41.14385399999995],[-78.004688,41.14412300000006],[-78.0006,41.14886200000006],[-78.000753,41.16165999999996],[-77.997908,41.16336899999998],[-77.98939,41.161879000000006],[-77.983694,41.170713999999975],[-77.970778,41.17469700000003],[-77.973715,41.19239399999998],[-77.971751,41.205939000000015],[-77.959438,41.217497000000016],[-77.955615,41.217427000000065],[-77.943601,41.21029199999999],[-77.93709,41.21033599999998],[-77.93535,41.213438000000004],[-77.939188,41.22108199999999],[-77.937909,41.22484099999999],[-77.92180100000002,41.22745599999997],[-77.912618,41.24197699999997],[-77.898262,41.25266499999996],[-77.897667,41.17691799999995],[-77.790009,41.177142],[-77.789563,41.142127],[-77.777996,41.14661199999996],[-77.746675,41.106261000000025],[-77.728725,41.11146700000003],[-77.724784,41.107392999999995],[-77.716364,41.10508300000004],[-77.706619,41.113887000000005],[-77.691,41.10626699999999],[-77.683751,41.109306000000004],[-77.672047,41.10523599999999],[-77.66331,41.108844999999995],[-77.65897,41.10095499999995],[-77.650067,41.09755299999999],[-77.62983800000002,41.09459899999998],[-77.595262,41.077710999999994],[-77.591293,41.070722999999994],[-77.583821,41.07009699999998],[-77.582234,41.067214000000014],[-77.574394,41.068775999999936],[-77.568667,41.06614800000003],[-77.561736,41.057642],[-77.580194,41.04726999999999],[-77.508596,40.962938],[-77.440274,40.97444800000003],[-77.393907,40.97828500000004],[-77.339925,40.987166999999985],[-77.14416,41.04433800000001],[-77.204027,40.99271000000003],[-77.279236,40.909710000000004],[-77.36418,40.84693700000002],[-77.375252,40.845155000000005],[-77.429604,40.827541000000004]]]}},{"id":"2950","type":"Feature","properties":{"geoid":"42103","name":"Pike"},"geometry":{"type":"Polygon","coordinates":[[[-74.795952,41.31799000000004],[-74.792171,41.310841000000025],[-74.830027,41.28744100000001],[-74.84608400000002,41.26341900000002],[-74.847093,41.252841],[-74.856358,41.24974899999999],[-74.861117,41.24364499999997],[-74.867634,41.228619999999985],[-74.859473,41.21877299999999],[-74.874793,41.197238999999996],[-74.882638,41.18038000000001],[-74.89994300000001,41.16630999999996],[-74.905256,41.155668000000006],[-74.924469,41.13753000000004],[-74.944498,41.12997400000002],[-74.949094,41.12256300000002],[-74.963959,41.11433000000005],[-74.979985,41.11050700000006],[-74.991718,41.092283999999985],[-74.995496,41.09349599999995],[-74.99962,41.08937200000003],[-75.003177,41.09177299999995],[-75.006838,41.08851399999998],[-75.011782,41.08800499999999],[-75.012602,41.08380100000002],[-75.020452,41.08478699999999],[-75.025001,41.083516999999986],[-75.027205,41.07986900000001],[-75.033433,41.08732400000001],[-75.039216,41.08879699999998],[-75.076811,41.141121999999996],[-75.156507,41.150341000000004],[-75.129721,41.252100999999975],[-75.359184,41.23920599999997],[-75.345828,41.24783899999997],[-75.342194,41.252693],[-75.341637,41.255281999999994],[-75.350138,41.26012099999997],[-75.347245,41.266030000000015],[-75.334205,41.270305000000036],[-75.331724,41.275189999999995],[-75.333644,41.27944700000007],[-75.324607,41.288876999999985],[-75.32776200000002,41.298889999999936],[-75.322281,41.299882000000046],[-75.31396600000001,41.31060799999998],[-75.315983,41.31904100000003],[-75.312109,41.32103299999993],[-75.310404,41.32689299999996],[-75.311203,41.331574],[-75.32245,41.34003999999998],[-75.325956,41.340674999999926],[-75.330882,41.33491199999999],[-75.344294,41.33743],[-75.344356,41.341028],[-75.33662700000001,41.34512999999998],[-75.34174,41.35499799999999],[-75.346414,41.35728100000002],[-75.34817300000002,41.364248],[-75.351312,41.363720999999984],[-75.34851700000002,41.370561],[-75.336851,41.37627400000007],[-75.323657,41.36604500000003],[-75.314292,41.368606000000014],[-75.309067,41.374679000000015],[-75.298148,41.367285000000024],[-75.278293,41.37248100000001],[-75.265712,41.37238199999998],[-75.262093,41.375036000000016],[-75.261721,41.38253199999994],[-75.255073,41.386985999999986],[-75.253083,41.39129399999998],[-75.256709,41.394065000000026],[-75.255491,41.398183999999986],[-75.246809,41.402435000000004],[-75.24843300000002,41.40848299999999],[-75.25201700000001,41.411156000000005],[-75.24604500000001,41.41686499999999],[-75.250238,41.418590999999985],[-75.245914,41.42096000000003],[-75.23364400000001,41.42050200000001],[-75.234649,41.423235999999996],[-75.22987600000002,41.42456700000003],[-75.229092,41.42722800000003],[-75.22821400000001,41.42478399999999],[-75.21732100000001,41.42434200000002],[-75.210214,41.431055],[-75.20134400000002,41.43195200000006],[-75.19905500000002,41.43796300000002],[-75.191938,41.43826599999999],[-75.190869,41.44110199999997],[-75.186236,41.44283599999999],[-75.189232,41.44681499999993],[-75.188076,41.457689],[-75.178354,41.46195299999999],[-75.177922,41.465379000000006],[-75.069559,41.60187399999995],[-75.060012,41.59081300000003],[-75.046825,41.583225000000006],[-75.04049,41.569687999999935],[-75.02805500000001,41.56433900000001],[-75.018804,41.552435999999965],[-75.015976,41.544205],[-75.0247,41.540130999999974],[-75.024543,41.534593000000044],[-75.01113900000001,41.529317999999996],[-75.003212,41.523481000000004],[-75.000749,41.51859700000001],[-75.003578,41.50827700000004],[-74.988004,41.508879000000015],[-74.98424,41.506509000000015],[-74.98227,41.49868500000005],[-74.985645,41.48586500000001],[-74.982115,41.48003900000001],[-74.957433,41.47664400000003],[-74.943415,41.48368100000001],[-74.93312500000002,41.48257699999997],[-74.924092,41.477138000000025],[-74.913035,41.47601699999997],[-74.909181,41.47243600000003],[-74.906553,41.46087600000001],[-74.890169,41.45555799999999],[-74.88915600000001,41.45107199999997],[-74.896399,41.442179],[-74.892625,41.43861700000003],[-74.857653,41.44415600000004],[-74.832032,41.43039099999998],[-74.826341,41.431646000000015],[-74.817995,41.44050499999995],[-74.808242,41.442920000000015],[-74.801132,41.438303000000026],[-74.795091,41.423712999999985],[-74.789097,41.42140900000002],[-74.772707,41.42634200000003],[-74.75858700000002,41.423287000000016],[-74.743809,41.43068499999997],[-74.737203,41.42976599999999],[-74.734744,41.42246899999999],[-74.741069,41.41127800000004],[-74.741219,41.40542499999996],[-74.734571,41.39740199999999],[-74.716358,41.39301999999996],[-74.708475,41.37919699999997],[-74.693798,41.36986499999999],[-74.689754,41.361747],[-74.699371,41.354931],[-74.72220400000002,41.34704699999998],[-74.755097,41.345871999999986],[-74.766639,41.32815699999999],[-74.773471,41.32452000000001],[-74.79210800000001,41.32284500000002],[-74.795952,41.31799000000004]]]}},{"id":"2951","type":"Feature","properties":{"geoid":"42115","name":"Susquehanna"},"geometry":{"type":"Polygon","coordinates":[[[-75.77344500000001,41.99787000000001],[-75.48314,41.999250999999994],[-75.46223800000001,41.641583000000026],[-75.767924,41.643409],[-75.79222000000001,41.64205],[-75.986304,41.64480099999999],[-76.114224,41.64338499999999],[-76.145519,41.99884200000002],[-75.77344500000001,41.99787000000001]]]}},{"id":"2953","type":"Feature","properties":{"geoid":"42125","name":"Washington"},"geometry":{"type":"Polygon","coordinates":[[[-79.894761,40.070265000000006],[-79.885113,40.06855299999995],[-79.879145,40.06378500000001],[-79.879897,40.059177000000034],[-79.891913,40.04820100000001],[-79.888057,40.04324100000005],[-79.877048,40.03682600000004],[-79.876216,40.033753999999995],[-79.879992,40.02828199999999],[-79.889954,40.02246200000002],[-79.909962,40.022025999999975],[-79.924844,40.01612399999996],[-79.929786,40.011745000000005],[-79.934523,39.99962599999994],[-79.946732,39.99425000000001],[-79.95462,39.995274000000016],[-79.96935,40.013116999999966],[-79.985167,40.013100999999956],[-79.993566,40.009128999999994],[-79.995726,40.00509699999999],[-79.991374,39.985545999999964],[-79.996264,39.983414000000046],[-80.00742900000002,39.98457599999996],[-80.017555,39.97753500000002],[-80.032058,39.984161],[-80.03381,39.982600999999995],[-80.031937,39.977690999999965],[-80.039778,39.97409999999995],[-80.048292,39.97852700000005],[-80.044686,39.984823999999996],[-80.048497,39.98513599999998],[-80.050666,39.98964499999996],[-80.038962,39.996628000000015],[-80.044352,39.99856299999999],[-80.04912,40.006689999999985],[-80.058385,40.00361799999998],[-80.059781,40.00951799999998],[-80.086114,39.99031300000008],[-80.097826,39.991969999999995],[-80.11104300000001,39.98814999999998],[-80.118308,39.99128900000001],[-80.12951,39.98840599999995],[-80.136409,39.99258699999999],[-80.150983,39.99441299999997],[-80.160456,40.00333900000002],[-80.175921,40.00813800000003],[-80.181172,40.006694000000024],[-80.182587,40.00309099999998],[-80.19047,40.00176400000004],[-80.19389,40.00491299999999],[-80.200601,40.00306999999997],[-80.20845300000002,40.005096000000016],[-80.214792,40.00280400000002],[-80.22281,40.00466200000003],[-80.226427,40.00775600000001],[-80.241505,40.00949899999996],[-80.2443,40.007045000000026],[-80.251755,40.00778300000001],[-80.25664700000002,40.00308599999998],[-80.273355,40.00237600000001],[-80.276075,40.00551900000003],[-80.271966,40.007728999999976],[-80.273318,40.01332800000003],[-80.284842,40.01213700000001],[-80.287421,40.019206000000004],[-80.292077,40.020590000000034],[-80.294589,40.018538999999976],[-80.301396,40.02055900000001],[-80.310213,40.01765399999999],[-80.308854,40.006462999999954],[-80.31256800000001,40.00329300000002],[-80.321914,40.00592200000001],[-80.32980800000001,40.005457000000035],[-80.34406700000001,40.000428],[-80.350566,40.00056200000004],[-80.356317,39.996836000000016],[-80.372275,39.99657200000003],[-80.391202,39.987955],[-80.395778,39.983517000000006],[-80.396475,39.97789000000001],[-80.412921,39.976955000000004],[-80.425379,39.97188000000001],[-80.433595,39.97740399999999],[-80.444187,39.97603599999997],[-80.443677,39.97313899999997],[-80.448711,39.966504],[-80.453551,39.97335199999996],[-80.461532,39.967150999999966],[-80.459145,39.96307200000001],[-80.4636,39.960904999999954],[-80.470289,39.961373000000016],[-80.466605,39.95473600000001],[-80.471533,39.954671],[-80.475277,39.95206499999999],[-80.490082,39.95449899999998],[-80.487995,39.96144300000002],[-80.49976700000002,39.957597999999955],[-80.500943,39.95378399999995],[-80.518002,39.96351499999997],[-80.51909100000002,39.96220000000003],[-80.519038,40.477363000000025],[-80.360801,40.477590999999975],[-80.184603,40.333138999999996],[-79.914461,40.25244300000002],[-79.930754,40.24297300000003],[-79.962593,40.23876800000001],[-79.970042,40.233303999999954],[-79.971281,40.22817200000004],[-79.95794000000001,40.21425900000004],[-79.929289,40.207080999999995],[-79.913776,40.19790300000001],[-79.894771,40.194285],[-79.865817,40.19703100000001],[-79.853271,40.189223000000034],[-79.850584,40.17472699999999],[-79.859464,40.163143],[-79.868025,40.16187900000001],[-79.893306,40.16498299999996],[-79.901994,40.16136700000001],[-79.90489000000001,40.154231000000024],[-79.886649,40.13021600000001],[-79.851256,40.11514400000002],[-79.839319,40.08928900000002],[-79.846807,40.08071299999996],[-79.863608,40.075432999999975],[-79.87068,40.07525699999999],[-79.884649,40.07970500000001],[-79.896489,40.079832999999965],[-79.901962,40.07461699999999],[-79.894761,40.070265000000006]]]}},{"id":"3044","type":"Feature","properties":{"geoid":"42119","name":"Union"},"geometry":{"type":"Polygon","coordinates":[[[-76.973163,40.877131999999996],[-76.994851,40.874675000000046],[-76.996578,40.872036],[-77.003769,40.87239300000001],[-77.010254,40.86965999999998],[-77.019873,40.85792899999999],[-77.024901,40.85748899999997],[-77.031864,40.86411399999999],[-77.042657,40.86342900000005],[-77.052027,40.869386999999975],[-77.074058,40.86833300000005],[-77.129574,40.85379399999998],[-77.321639,40.81710199999998],[-77.356628,40.80733400000001],[-77.357113,40.84448399999997],[-77.36418,40.84693700000002],[-77.279236,40.909710000000004],[-77.204027,40.99271000000003],[-77.143804,41.042801000000004],[-77.144111,41.06883999999995],[-77.113839,41.06903199999995],[-77.06823600000001,41.085231],[-76.97793900000002,41.087882999999984],[-76.960229,41.14880099999998],[-76.896114,41.13907000000004],[-76.897919,41.13298000000002],[-76.895872,41.119913999999994],[-76.88958,41.100638000000025],[-76.872268,41.08228600000001],[-76.864524,41.079884999999976],[-76.860045,41.07572900000001],[-76.857,41.06660099999999],[-76.856276,41.04828299999996],[-76.861316,41.03796200000001],[-76.868016,40.996733],[-76.882359,40.971379999999975],[-76.87622100000002,40.95108899999999],[-76.851469,40.912846000000016],[-76.824587,40.89071799999997],[-76.80399400000002,40.88487399999998],[-76.799277,40.87856500000002],[-76.80845700000002,40.87866499999997],[-76.824902,40.887892000000015],[-76.834517,40.889621],[-76.849866,40.886428],[-76.851964,40.88867900000005],[-76.858319,40.88927000000001],[-76.87736,40.884398999999995],[-76.890804,40.888718999999966],[-76.912335,40.884540000000065],[-76.94155,40.88807100000001],[-76.970009,40.880928000000026],[-76.973163,40.877131999999996]]]}},{"id":"3047","type":"Feature","properties":{"geoid":"42039","name":"Crawford"},"geometry":{"type":"Polygon","coordinates":[[[-80.146496,41.849039000000005],[-79.612071,41.850328000000005],[-79.613173,41.61686799999999],[-79.768357,41.61771099999996],[-79.768345,41.620955000000016],[-79.82911100000001,41.62207000000001],[-79.829722,41.601953],[-79.849609,41.59776400000001],[-79.850054,41.58705599999998],[-79.873015,41.58126800000003],[-79.870031,41.574255000000036],[-79.892732,41.57413800000002],[-79.892757,41.56216800000004],[-79.90860600000002,41.56217399999998],[-79.909471,41.550149],[-79.925369,41.550208000000005],[-79.92334,41.537595999999986],[-79.943296,41.53783699999997],[-79.942227,41.525347999999994],[-79.959188,41.525439999999975],[-79.958146,41.513534999999976],[-79.981536,41.512886999999985],[-79.981779,41.500156000000004],[-79.998696,41.501031999999974],[-79.99873000000001,41.49009200000003],[-80.125596,41.48627800000004],[-80.125369,41.48039599999997],[-80.43114700000001,41.48695799999998],[-80.431157,41.48902700000003],[-80.433299,41.488655000000016],[-80.432089,41.49208900000005],[-80.444896,41.492269000000015],[-80.445001,41.48711799999997],[-80.519216,41.48911100000003],[-80.519354,41.849563],[-80.146496,41.849039000000005]]]}},{"id":"3055","type":"Feature","properties":{"geoid":"42121","name":"Venango"},"geometry":{"type":"Polygon","coordinates":[[[-79.694984,41.17286499999995],[-79.999779,41.17186100000002],[-79.998696,41.501031999999974],[-79.981779,41.500156000000004],[-79.981536,41.512886999999985],[-79.958146,41.513534999999976],[-79.959188,41.525439999999975],[-79.942227,41.525347999999994],[-79.943296,41.53783699999997],[-79.92334,41.537595999999986],[-79.925369,41.550208000000005],[-79.909471,41.550149],[-79.90860600000002,41.56217399999998],[-79.892757,41.56216800000004],[-79.892732,41.57413800000002],[-79.870031,41.574255000000036],[-79.873015,41.58126800000003],[-79.850054,41.58705599999998],[-79.849609,41.59776400000001],[-79.829722,41.601953],[-79.82911100000001,41.62207000000001],[-79.768345,41.620955000000016],[-79.768357,41.61771099999996],[-79.613173,41.61686799999999],[-79.613147,41.623863000000036],[-79.51207000000001,41.62455899999999],[-79.512276,41.465240000000016],[-79.522024,41.465218999999976],[-79.52159900000001,41.44055400000003],[-79.478163,41.440134000000015],[-79.47814,41.33570800000001],[-79.54143,41.33595100000003],[-79.541474,41.321008000000006],[-79.604161,41.32147799999999],[-79.60461,41.27707200000002],[-79.627561,41.27718300000004],[-79.627726,41.26690700000002],[-79.63271,41.26691900000001],[-79.632875,41.25359900000004],[-79.65039400000002,41.25370899999997],[-79.649628,41.21791199999998],[-79.668892,41.199074999999986],[-79.666323,41.19713599999995],[-79.670614,41.193166000000005],[-79.66536800000002,41.189024000000025],[-79.670125,41.18311600000006],[-79.684137,41.18435899999997],[-79.690304,41.18141899999998],[-79.697242,41.18461399999998],[-79.700432,41.18152499999999],[-79.70058100000001,41.17505899999997],[-79.694984,41.17286499999995]]]}},{"id":"3072","type":"Feature","properties":{"geoid":"42071","name":"Lancaster"},"geometry":{"type":"Polygon","coordinates":[[[-75.972407,39.98750999999999],[-75.994629,39.95242899999996],[-75.98821,39.93968299999999],[-75.98096600000001,39.93347900000001],[-75.981701,39.929464],[-75.984766,39.932133999999955],[-75.99175600000001,39.928841999999975],[-75.991517,39.926725999999974],[-75.997413,39.92806499999999],[-75.995011,39.898501999999986],[-75.986729,39.892879000000036],[-75.992379,39.882228],[-75.98684,39.873577999999966],[-75.991486,39.86869399999997],[-75.998373,39.872027],[-75.997802,39.87380699999996],[-76.002432,39.87435299999997],[-76.007576,39.852348999999975],[-76.01882500000002,39.85407999999998],[-76.022223,39.85076100000001],[-76.016543,39.831262],[-76.022826,39.83079999999999],[-76.027034,39.82415299999998],[-76.037636,39.826917],[-76.02962000000001,39.81273000000003],[-76.035216,39.811835],[-76.039023,39.80122199999998],[-76.046624,39.80396199999995],[-76.049764,39.80268800000005],[-76.04138,39.79662799999997],[-76.045127,39.793163],[-76.04348900000001,39.791369000000024],[-76.048525,39.78924],[-76.050529,39.78279299999998],[-76.058397,39.77986099999997],[-76.064564,39.77118900000006],[-76.062459,39.764845000000015],[-76.066685,39.759969],[-76.081852,39.76135099999999],[-76.085794,39.75588999999999],[-76.082599,39.75304999999998],[-76.086775,39.74578899999998],[-76.094035,39.74273300000001],[-76.100336,39.745721999999994],[-76.101953,39.73953200000002],[-76.092531,39.73399800000003],[-76.095818,39.729873],[-76.102014,39.72412599999998],[-76.106193,39.72422299999998],[-76.111186,39.72834699999999],[-76.108439,39.73463899999996],[-76.113865,39.737155000000016],[-76.120425,39.73579100000002],[-76.11909600000001,39.723505],[-76.122495,39.723495999999976],[-76.12762,39.727562000000006],[-76.134045,39.727171000000006],[-76.136672,39.725267999999986],[-76.135484,39.72114700000004],[-76.239805,39.72133500000001],[-76.238791,39.72595700000002],[-76.242249,39.73286799999998],[-76.267475,39.75935799999996],[-76.277404,39.77769000000001],[-76.290182,39.78501099999999],[-76.315702,39.810036999999994],[-76.33339600000001,39.817747],[-76.350503,39.83766700000002],[-76.35211,39.849031999999966],[-76.377663,39.866664],[-76.381716,39.87886700000002],[-76.379642,39.888201],[-76.38377700000001,39.89361699999995],[-76.385518,39.905698],[-76.39045,39.91175100000002],[-76.404929,39.91521300000002],[-76.422156,39.925832000000014],[-76.447343,39.93350300000003],[-76.45975,39.94124999999996],[-76.468598,39.943558999999965],[-76.477749,39.95197399999999],[-76.477726,39.949844],[-76.478193,39.95353900000003],[-76.487389,39.962134999999975],[-76.495352,39.976127999999996],[-76.500611,40.000623999999995],[-76.529813,40.03110200000003],[-76.533963,40.05098300000004],[-76.541455,40.05103700000001],[-76.555823,40.04637300000002],[-76.57314100000002,40.045821000000046],[-76.641144,40.059491000000016],[-76.647704,40.058583],[-76.663825,40.06322700000001],[-76.675504,40.07359599999998],[-76.693163,40.09876199999996],[-76.72162,40.120069999999934],[-76.715907,40.13147899999999],[-76.706626,40.13507299999997],[-76.709865,40.13763699999999],[-76.704548,40.14408599999996],[-76.69932800000001,40.14529599999998],[-76.695576,40.15155699999998],[-76.697352,40.15664000000002],[-76.690971,40.15666700000005],[-76.690135,40.148113999999985],[-76.683151,40.15179499999994],[-76.677209,40.14888600000001],[-76.676299,40.15320800000006],[-76.670563,40.15448700000003],[-76.6728,40.157498999999966],[-76.666209,40.16321000000001],[-76.63841,40.16673799999999],[-76.62625600000001,40.17825599999999],[-76.616279,40.180367000000004],[-76.606519,40.189989999999995],[-76.599865,40.18826399999996],[-76.586,40.18954400000001],[-76.580708,40.19468699999998],[-76.57026,40.19455900000005],[-76.43541000000002,40.238221],[-76.307578,40.255066000000014],[-76.151215,40.31597099999997],[-75.873375,40.13710699999998],[-75.942997,40.109266000000005],[-75.936135,40.078585000000025],[-75.93587000000001,40.03746600000004],[-75.972407,39.98750999999999]]]}},{"id":"3167","type":"Feature","properties":{"geoid":"42005","name":"Armstrong"},"geometry":{"type":"Polygon","coordinates":[[[-79.570511,40.58315000000001],[-79.564854,40.59449700000002],[-79.55047,40.60374500000001],[-79.566006,40.60795300000002],[-79.577206,40.601392999999995],[-79.582087,40.60326499999996],[-79.58397,40.610864],[-79.58957500000001,40.61686499999996],[-79.588662,40.625521000000035],[-79.582823,40.633168999999995],[-79.583735,40.63660899999998],[-79.591479,40.63433700000003],[-79.600727,40.62508900000001],[-79.607847,40.62532900000005],[-79.611032,40.642017000000024],[-79.626632,40.647584999999985],[-79.636056,40.654481],[-79.640009,40.666945000000055],[-79.668345,40.680049],[-79.679266,40.67226799999998],[-79.69293,40.66974400000003],[-79.68933200000001,41.169470999999994],[-79.679585,41.15952999999999],[-79.686719,41.14507699999999],[-79.678773,41.13335100000004],[-79.68134,41.10658900000002],[-79.679365,41.09132099999998],[-79.675289,41.08365999999997],[-79.663962,41.07742600000001],[-79.655527,41.068429000000016],[-79.657223,41.064002000000016],[-79.666579,41.057148999999995],[-79.666205,41.04974900000007],[-79.636814,41.03793399999997],[-79.61936500000002,41.03334799999998],[-79.60118000000001,41.036874000000005],[-79.599529,41.02943199999997],[-79.609012,41.01264200000003],[-79.609458,41.007218],[-79.606708,41.005181],[-79.590164,41.00402800000002],[-79.58177400000001,40.997981999999965],[-79.581578,40.994040000000005],[-79.584896,40.99155699999998],[-79.604818,40.99459300000002],[-79.61906700000002,40.98895999999995],[-79.62349100000002,40.98455999999998],[-79.622759,40.976374],[-79.601217,40.96928399999997],[-79.590091,40.969945],[-79.581096,40.98041800000003],[-79.570353,40.98563999999999],[-79.56010800000001,40.984849000000025],[-79.552624,40.979779999999955],[-79.540035,40.98451399999999],[-79.535822,40.98006299999995],[-79.522428,40.97495799999998],[-79.515232,40.97783900000002],[-79.517836,40.98396500000004],[-79.514012,40.98680899999998],[-79.507405,40.984044999999995],[-79.505148,40.976848000000004],[-79.493658,40.977901],[-79.494785,40.98618099999998],[-79.487894,40.99558299999999],[-79.470987,40.993964],[-79.463203,40.989958000000065],[-79.456335,40.99095299999996],[-79.455892,40.98817500000001],[-79.46215100000002,40.984967000000005],[-79.460803,40.98228299999994],[-79.45102200000001,40.98173],[-79.44187900000001,40.98736299999998],[-79.428635,40.985474],[-79.422851,40.99282500000001],[-79.421238,41.00267599999996],[-79.412319,41.008471000000014],[-79.409644,41.006064],[-79.414691,40.999438999999974],[-79.404653,40.997788999999976],[-79.40609100000002,40.990609999999975],[-79.40395,40.98825],[-79.398174,40.98926899999998],[-79.394714,40.994749999999996],[-79.378091,40.99434699999997],[-79.377711,40.99092600000002],[-79.38487,40.99009000000001],[-79.386684,40.98748799999996],[-79.384048,40.985109999999956],[-79.374611,40.98438200000001],[-79.380974,40.979881],[-79.382217,40.97533599999999],[-79.381512,40.96952100000001],[-79.376059,40.96837700000003],[-79.369387,40.97529300000002],[-79.371477,40.988496000000005],[-79.363827,41.00285000000003],[-79.360808,41.00370799999998],[-79.356341,40.99979600000001],[-79.346325,40.99768500000002],[-79.339357,41.00239399999999],[-79.333869,40.99903299999998],[-79.317023,41.00252500000002],[-79.302571,41.01353100000001],[-79.28300600000001,41.00964500000005],[-79.26757,41.020224999999996],[-79.26065600000001,41.029344999999985],[-79.242046,41.03534300000001],[-79.230423,41.045851000000056],[-79.215214,41.05051499999997],[-79.215201,41.048933],[-79.210197,41.04909099999997],[-79.212545,40.960526999999985],[-79.215706,40.94005000000003],[-79.21521500000001,40.775941999999986],[-79.450176,40.53014900000002],[-79.454203,40.53379899999995],[-79.460561,40.53429400000002],[-79.476634,40.52962999999999],[-79.476918,40.53577899999996],[-79.481872,40.536936999999995],[-79.486542,40.52742800000002],[-79.497092,40.52533800000002],[-79.498925,40.53215199999996],[-79.511292,40.542348],[-79.526249,40.542364],[-79.536213,40.55033299999999],[-79.55976600000001,40.562592999999964],[-79.570511,40.58315000000001]]]}},{"id":"3207","type":"Feature","properties":{"geoid":"42129","name":"Westmoreland"},"geometry":{"type":"Polygon","coordinates":[[[-79.172565,40.12554200000001],[-79.174249,40.12060400000001],[-79.185222,40.10984799999999],[-79.192161,40.11026699999995],[-79.19713,40.11870400000001],[-79.202191,40.11763999999999],[-79.20295,40.11492600000001],[-79.210155,40.11887000000003],[-79.21379100000001,40.117990999999954],[-79.220864,40.112737000000045],[-79.226672,40.098249999999965],[-79.23746,40.096230999999996],[-79.24059300000002,40.092335000000055],[-79.246786,40.09370999999999],[-79.256005,40.08846299999999],[-79.258921,40.07979400000002],[-79.264387,40.07866800000001],[-79.267739,40.07426800000001],[-79.267245,40.06586800000003],[-79.276398,40.05883699999997],[-79.278101,40.050479],[-79.28431,40.04824599999992],[-79.288578,40.04177499999995],[-79.293385,40.04034699999995],[-79.312674,40.044382],[-79.3248,40.04057],[-79.34231,40.04365999999999],[-79.35552800000002,40.07428899999999],[-79.393288,40.090608999999944],[-79.40193,40.10282999999999],[-79.41513,40.104490000000006],[-79.423074,40.110977000000005],[-79.43792,40.116040000000055],[-79.44744,40.12604999999999],[-79.447478,40.133232999999976],[-79.461225,40.14134900000001],[-79.461522,40.144098],[-79.471419,40.143986999999974],[-79.473183,40.14565200000002],[-79.473736,40.143928],[-79.483136,40.14404300000001],[-79.489718,40.141034000000005],[-79.50440100000002,40.140941],[-79.517954,40.133146999999994],[-79.527362,40.122961000000046],[-79.530665,40.12809299999999],[-79.534671,40.128444999999985],[-79.541135,40.120715999999994],[-79.542073,40.11188999999998],[-79.548751,40.11032499999998],[-79.556577,40.112833],[-79.560602,40.10521600000001],[-79.566229,40.106063999999975],[-79.57537,40.10341200000003],[-79.57892,40.105225999999945],[-79.585377,40.102125000000036],[-79.584576,40.097834000000006],[-79.593314,40.09092999999997],[-79.593021,40.082054999999976],[-79.602294,40.082997999999975],[-79.600442,40.084308000000014],[-79.603674,40.090839],[-79.612732,40.09346800000002],[-79.616751,40.091604],[-79.621958,40.09453299999996],[-79.626998,40.088423999999996],[-79.634497,40.086524999999966],[-79.638511,40.082867999999976],[-79.642371,40.083627999999976],[-79.644143,40.08469399999999],[-79.641098,40.08831700000001],[-79.654083,40.089293999999995],[-79.654346,40.09378600000001],[-79.65824500000001,40.097087000000016],[-79.661656,40.094483000000054],[-79.66419,40.096991999999986],[-79.668118,40.09701000000002],[-79.667579,40.10454199999997],[-79.68379400000002,40.10862000000001],[-79.685624,40.11382299999995],[-79.708123,40.107704],[-79.718147,40.11343300000001],[-79.722865,40.113179],[-79.718499,40.116921000000005],[-79.72438,40.12312299999999],[-79.7276,40.12060799999999],[-79.734596,40.12090400000002],[-79.746056,40.12845699999999],[-79.805804,40.12752800000003],[-79.806743,40.13118400000002],[-79.81659400000001,40.132791],[-79.81611300000002,40.12837499999999],[-79.86722,40.12776499999996],[-79.875296,40.129529999999974],[-79.877864,40.126959000000014],[-79.887705,40.13112799999998],[-79.892089,40.139528],[-79.904138,40.15186300000003],[-79.90314600000002,40.160183],[-79.891418,40.165127],[-79.863033,40.161975000000034],[-79.855128,40.16669499999996],[-79.850584,40.17472699999999],[-79.85445600000001,40.19125499999999],[-79.864985,40.196791000000005],[-79.871425,40.19739099999999],[-79.782588,40.227625999999994],[-79.804286,40.231911000000004],[-79.807431,40.236894000000014],[-79.787496,40.26250300000002],[-79.795058,40.27218900000001],[-79.79579600000001,40.281078999999984],[-79.780117,40.28210899999997],[-79.775151,40.28635599999999],[-79.780995,40.293607999999985],[-79.788648,40.297738],[-79.771082,40.375418999999994],[-79.7637,40.38526499999996],[-79.764806,40.39002700000005],[-79.762068,40.392767999999975],[-79.751262,40.38835699999999],[-79.744634,40.39616300000002],[-79.738677,40.39552800000004],[-79.7364,40.399528000000004],[-79.73426,40.398055],[-79.73142,40.40760299999997],[-79.722186,40.408835999999994],[-79.727532,40.41242900000002],[-79.727002,40.414397],[-79.717231,40.41378899999999],[-79.716028,40.41741299999999],[-79.706939,40.42231899999997],[-79.704783,40.42632400000001],[-79.701624,40.525449000000044],[-79.710032,40.53218899999999],[-79.715397,40.53351700000003],[-79.722379,40.542227000000004],[-79.731934,40.54506600000003],[-79.73559500000002,40.54897200000005],[-79.742656,40.548523000000024],[-79.751701,40.551823000000006],[-79.76509,40.54923799999999],[-79.773273,40.565827000000006],[-79.77470100000001,40.57497099999997],[-79.771623,40.58562899999999],[-79.76319,40.59361900000007],[-79.723154,40.60698899999997],[-79.694353,40.635126999999976],[-79.688975,40.64543499999998],[-79.695822,40.66150499999998],[-79.69293,40.66974400000003],[-79.679266,40.67226799999998],[-79.668345,40.680049],[-79.640009,40.666945000000055],[-79.636056,40.654481],[-79.626632,40.647584999999985],[-79.611032,40.642017000000024],[-79.607847,40.62532900000005],[-79.600727,40.62508900000001],[-79.591479,40.63433700000003],[-79.583735,40.63660899999998],[-79.582823,40.633168999999995],[-79.588662,40.625521000000035],[-79.58957500000001,40.61686499999996],[-79.58397,40.610864],[-79.582087,40.60326499999996],[-79.577206,40.601392999999995],[-79.566006,40.60795300000002],[-79.55047,40.60374500000001],[-79.564998,40.594368999999986],[-79.570614,40.58433699999999],[-79.560598,40.56336099999998],[-79.536213,40.55033299999999],[-79.526249,40.542364],[-79.511292,40.542348],[-79.498925,40.53215199999996],[-79.497092,40.52533800000002],[-79.486542,40.52742800000002],[-79.481872,40.536936999999995],[-79.476918,40.53577899999996],[-79.476634,40.52962999999999],[-79.464289,40.53408],[-79.453279,40.53321599999998],[-79.449088,40.527483000000004],[-79.456545,40.52323700000004],[-79.4599,40.51798600000001],[-79.453935,40.50552900000002],[-79.453765,40.48425000000004],[-79.446694,40.48086900000004],[-79.43846,40.486737000000055],[-79.429526,40.488589999999995],[-79.421315,40.47059800000001],[-79.41569,40.47057200000001],[-79.406631,40.474301000000004],[-79.392254,40.45479700000005],[-79.381753,40.452697],[-79.371175,40.455066999999985],[-79.36664,40.46446699999998],[-79.366698,40.47627400000007],[-79.36205600000001,40.478678],[-79.357319,40.475206000000036],[-79.362457,40.46250300000002],[-79.357901,40.45234300000001],[-79.346362,40.45347999999997],[-79.345408,40.467212000000025],[-79.34028000000002,40.470572999999995],[-79.332434,40.46299400000001],[-79.32863,40.45255100000001],[-79.325409,40.45269899999998],[-79.317744,40.45880399999996],[-79.30157,40.46143899999997],[-79.297631,40.455796000000056],[-79.301677,40.45135599999997],[-79.301284,40.43521200000001],[-79.289409,40.43667299999997],[-79.283785,40.44268299999999],[-79.273203,40.43953499999998],[-79.269351,40.42851699999994],[-79.273979,40.42170900000003],[-79.272856,40.41841100000002],[-79.266248,40.41638200000008],[-79.261542,40.417525000000026],[-79.254114,40.422288],[-79.246872,40.43219699999996],[-79.240175,40.429990999999994],[-79.230695,40.430185999999985],[-79.214783,40.42445800000002],[-79.20073,40.410899999999984],[-79.191197,40.41522099999999],[-79.173713,40.41062199999998],[-79.155789,40.41176499999997],[-79.152051,40.40876600000002],[-79.152698,40.39923400000001],[-79.148324,40.39757600000002],[-79.135005,40.39830399999999],[-79.115994,40.393516],[-79.115339,40.38936700000001],[-79.120828,40.38992800000002],[-79.128677,40.38505599999997],[-79.127116,40.37506799999999],[-79.121634,40.37057600000001],[-79.109309,40.373318],[-79.10418,40.36943600000002],[-79.099589,40.368936999999974],[-79.087816,40.387440999999995],[-79.082965,40.38958199999996],[-79.076018,40.38691100000001],[-79.069885,40.38041399999998],[-79.064553,40.379002000000014],[-79.058882,40.38031999999997],[-79.051885,40.389285999999984],[-79.041963,40.39160800000002],[-79.040521,40.39562999999997],[-79.035601,40.396350000000034],[-79.028422,40.40467000000001],[-79.028154,40.40705600000002],[-79.034262,40.40975399999999],[-79.033007,40.41677399999998],[-79.029308,40.41925300000002],[-79.012357,40.41958100000001],[-78.987085,40.410990000000034],[-78.973814,40.39542099999996],[-78.998171,40.35616900000003],[-79.00607800000002,40.35120300000003],[-79.00993300000002,40.34047699999994],[-79.020019,40.335605],[-79.03120400000002,40.31810000000001],[-79.036942,40.314062000000014],[-79.037295,40.30725899999995],[-79.051635,40.290091999999994],[-79.055121,40.28917800000001],[-79.056646,40.27860400000003],[-79.067963,40.272470999999996],[-79.073659,40.266579],[-79.07957,40.25792799999999],[-79.078059,40.252559999999974],[-79.086734,40.245342],[-79.086343,40.242390999999955],[-79.091694,40.24033200000003],[-79.095914,40.232630000000036],[-79.102446,40.23216499999999],[-79.098342,40.227345000000014],[-79.099344,40.22526800000002],[-79.104638,40.224480999999976],[-79.100286,40.22234400000002],[-79.103182,40.217909000000006],[-79.109072,40.21832399999998],[-79.106981,40.214306],[-79.114076,40.21062800000005],[-79.1146,40.20503899999996],[-79.126157,40.200391],[-79.123739,40.19301799999999],[-79.127711,40.18735000000001],[-79.126744,40.18328100000003],[-79.134393,40.178721999999944],[-79.143306,40.179888999999996],[-79.140025,40.16389900000003],[-79.149768,40.16037299999998],[-79.161263,40.16086899999997],[-79.162202,40.142770000000006],[-79.165825,40.138690999999994],[-79.167988,40.128164],[-79.172565,40.12554200000001]]]}}],"name":"pa_counties","crs":{"type":"name","properties":{"name":"EPSG:4326"}}}