{"type":"FeatureCollection","name":"pa_house_districts","crs":{"type":"name","properties":{"name":"EPSG:4326"}},"features":[{"type":"Feature","properties":{"district":"55","population":70703,"landAreaSqMi":219.4,"topMunicipalities":[{"name":"Murrysville","classCode":"borough","populationShare":0.29473820752147983},{"name":"New Kensington","classCode":"third_class_city","populationShare":0.17074138112190151},{"name":"Washington","classCode":"second_class_township","populationShare":0.09701086258408849},{"name":"Salem","classCode":"second_class_township","populationShare":0.08569599305977457},{"name":"Arnold","classCode":"third_class_city","populationShare":0.06701231475775084}],"topCounties":[{"name":"Westmoreland","geoid":"42129","populationShare":1.0}],"classShares":{"borough":0.3772660371144467,"second_class_township":0.33169161023038346,"third_class_city":0.29104235265516976},"medianIncome":84144,"medianHomeValue":208689,"rentBurdenedPct":36.3,"ownerBurdenedPct":15.4,"permitsPer1kPerYear":0.9,"permits5yrTotal":326,"popChange2020to2024Pct":-1.6,"parentSenateDistricts":[{"district":"41","overlapShareOfHD":0.6158925757081231,"areaShareOfSD":0.06447065829933178},{"district":"39","overlapShareOfHD":0.3841074242918829,"areaShareOfSD":0.1413828686585364}]},"geometry":{"type":"Polygon","coordinates":[[[-79.774693,40.57074600000006],[-79.773361,40.58208700000002],[-79.771623,40.58562899999999],[-79.76807000000001,40.58954399999997],[-79.761999,40.594335999999956],[-79.749192,40.598918999999974],[-79.749524,40.59404899999997],[-79.74414,40.58361000000002],[-79.739693,40.58543799999998],[-79.737389,40.58225299999999],[-79.74172,40.580573000000044],[-79.741,40.57959000000007],[-79.735774,40.57720300000001],[-79.71911000000001,40.57989000000003],[-79.71122200000002,40.58003300000001],[-79.711239,40.578702999999955],[-79.707619,40.573861000000036],[-79.705556,40.57281399999999],[-79.70710900000002,40.572695000000046],[-79.706553,40.571347000000024],[-79.70468,40.57084500000001],[-79.70373,40.56876000000003],[-79.700926,40.56686099999999],[-79.700568,40.56465399999996],[-79.698742,40.56352300000002],[-79.671155,40.588541000000006],[-79.647659,40.57164200000003],[-79.649481,40.57006200000001],[-79.6476,40.569220000000044],[-79.646598,40.56966400000003],[-79.645314,40.56904399999999],[-79.644976,40.56961000000001],[-79.621561,40.55126200000004],[-79.603929,40.564016000000024],[-79.59439,40.571522000000016],[-79.59436,40.57240600000001],[-79.585142,40.57894500000002],[-79.584955,40.58091300000002],[-79.580867,40.58121499999999],[-79.580227,40.582487999999984],[-79.565932,40.59340299999998],[-79.57066200000001,40.58374500000001],[-79.560598,40.56336099999998],[-79.557286,40.56096099999998],[-79.536213,40.55033299999999],[-79.53051900000001,40.54650200000001],[-79.526249,40.542364],[-79.520992,40.54130500000002],[-79.513533,40.54274900000001],[-79.511292,40.542348],[-79.507345,40.53743099999994],[-79.498925,40.53215199999996],[-79.497388,40.529512000000004],[-79.49795,40.526532999999965],[-79.497092,40.52533800000002],[-79.49267,40.525084000000014],[-79.488697,40.52607299999998],[-79.486542,40.52742800000002],[-79.484876,40.530608000000036],[-79.484569,40.53468100000002],[-79.481872,40.536936999999995],[-79.479337,40.537038000000024],[-79.476918,40.53577899999996],[-79.477877,40.53152799999999],[-79.476634,40.52962999999999],[-79.464289,40.53408],[-79.455033,40.53410699999998],[-79.451162,40.53153399999996],[-79.449216,40.52724199999997],[-79.456545,40.52323700000004],[-79.459045,40.52045700000005],[-79.4599,40.51798600000001],[-79.457452,40.511179999999996],[-79.453935,40.50552900000002],[-79.45539,40.50115900000001],[-79.455297,40.496615999999975],[-79.452462,40.48943000000001],[-79.453765,40.48425000000004],[-79.451747,40.48230700000006],[-79.446694,40.48086900000004],[-79.43846,40.486737000000055],[-79.431466,40.489027000000036],[-79.429526,40.488589999999995],[-79.42848,40.48339799999998],[-79.423574,40.47332899999998],[-79.421315,40.47059800000001],[-79.418786,40.469837000000005],[-79.41569,40.47057200000001],[-79.412306,40.47296900000005],[-79.408704,40.47433400000003],[-79.406631,40.474301000000004],[-79.404308,40.47254299999999],[-79.40095600000001,40.46553400000004],[-79.397926,40.46281500000001],[-79.394504,40.45598000000005],[-79.391102,40.45441200000002],[-79.381753,40.452697],[-79.374191,40.453693000000015],[-79.369591,40.45660399999998],[-79.366334,40.46596600000004],[-79.366698,40.47627400000007],[-79.365925,40.47747400000002],[-79.36205600000001,40.478678],[-79.358595,40.47791599999998],[-79.357319,40.475206000000036],[-79.358029,40.470878999999975],[-79.362457,40.46250300000002],[-79.360526,40.45409499999999],[-79.357901,40.45234300000001],[-79.351493,40.45179399999995],[-79.348271,40.452338],[-79.346362,40.45347999999997],[-79.345408,40.467212000000025],[-79.343664,40.46927999999999],[-79.34028000000002,40.470572999999995],[-79.33844,40.469997999999975],[-79.33665100000002,40.466804000000025],[-79.332434,40.46299400000001],[-79.331148,40.46037300000002],[-79.330267,40.45385099999998],[-79.32863,40.45255100000001],[-79.325409,40.45269899999998],[-79.322078,40.45673200000004],[-79.317744,40.45880399999996],[-79.307781,40.46027799999998],[-79.303868,40.461549000000005],[-79.300961,40.461236000000056],[-79.299413,40.46003199999997],[-79.297631,40.455796000000056],[-79.301677,40.45135599999997],[-79.301652,40.44832399999999],[-79.299897,40.44491199999997],[-79.301751,40.439291000000026],[-79.301284,40.43521200000001],[-79.297278,40.434656000000004],[-79.289409,40.43667299999997],[-79.285483,40.44175900000004],[-79.283785,40.44268299999999],[-79.278895,40.441891000000005],[-79.273203,40.43953499999998],[-79.270738,40.43541999999999],[-79.269351,40.42851699999994],[-79.269914,40.426634000000035],[-79.273542,40.422925000000006],[-79.273974,40.42033899999997],[-79.272856,40.41841100000002],[-79.270272,40.41744099999998],[-79.289,40.406235999999964],[-79.287968,40.404004000000015],[-79.288698,40.402624999999986],[-79.291154,40.40197199999998],[-79.29179,40.40050799999998],[-79.293617,40.400027],[-79.294806,40.401224000000006],[-79.295816,40.401093999999965],[-79.32965,40.39462400000003],[-79.328096,40.397468000000025],[-79.328902,40.402831999999975],[-79.334624,40.40669399999999],[-79.34832,40.39382300000001],[-79.350954,40.38866899999999],[-79.351409,40.38559300000001],[-79.353605,40.382763000000004],[-79.35394,40.379712000000026],[-79.355929,40.377425999999986],[-79.359382,40.37754800000001],[-79.361101,40.37429999999999],[-79.363856,40.37336999999997],[-79.364835,40.36701200000001],[-79.370112,40.36970999999996],[-79.371462,40.37244500000001],[-79.375585,40.37270700000001],[-79.379803,40.37570100000001],[-79.384272,40.377595999999976],[-79.385438,40.37907500000001],[-79.386894,40.37632199999999],[-79.393749,40.37551999999996],[-79.394544,40.37466700000001],[-79.400767,40.37270999999999],[-79.403022,40.369184],[-79.401765,40.36570100000004],[-79.404387,40.36180299999996],[-79.404541,40.35927600000003],[-79.406058,40.35814500000001],[-79.406255,40.361940999999995],[-79.408696,40.36298300000002],[-79.408938,40.365746000000016],[-79.414051,40.37064700000002],[-79.415273,40.37506799999999],[-79.421467,40.37500599999999],[-79.425276,40.37768499999999],[-79.42706700000001,40.380104],[-79.429738,40.37873800000002],[-79.43086,40.37488899999999],[-79.434941,40.375284999999984],[-79.437123,40.373668000000016],[-79.440214,40.36796999999999],[-79.442693,40.36664599999998],[-79.444013,40.368091999999955],[-79.446321,40.367884999999966],[-79.449242,40.363882],[-79.453886,40.362834999999976],[-79.458006,40.36023700000002],[-79.46613900000001,40.362712000000016],[-79.4701,40.36297600000002],[-79.473159,40.36134899999999],[-79.480301,40.361182],[-79.487655,40.35625399999999],[-79.49295800000002,40.35422],[-79.504888,40.351136999999994],[-79.515433,40.34933500000002],[-79.520283,40.35104500000003],[-79.524595,40.354107],[-79.571005,40.37516200000006],[-79.578234,40.37465699999999],[-79.588457,40.38730199999995],[-79.596007,40.39873299999998],[-79.60482000000002,40.40203000000003],[-79.609555,40.405700999999965],[-79.624332,40.402298000000016],[-79.655689,40.399372000000014],[-79.672165,40.401074999999935],[-79.677273,40.40334199999999],[-79.686622,40.40278700000004],[-79.691365,40.397601],[-79.694111,40.396962000000045],[-79.696385,40.397486],[-79.697868,40.399360999999985],[-79.701707,40.40150700000001],[-79.704904,40.401637000000015],[-79.707859,40.40290300000004],[-79.708472,40.404513999999985],[-79.7104,40.40556500000001],[-79.716394,40.40592100000003],[-79.727655,40.412986999999994],[-79.726826,40.41447299999999],[-79.723023,40.41495700000003],[-79.71983,40.413831999999985],[-79.717231,40.41378899999999],[-79.716028,40.41741299999999],[-79.712545,40.41864700000001],[-79.712081,40.41956699999995],[-79.706939,40.42231899999997],[-79.706762,40.424630999999955],[-79.704783,40.42632400000001],[-79.702485,40.47732600000001],[-79.701624,40.525449000000044],[-79.70577,40.527543999999985],[-79.707628,40.530376999999994],[-79.710032,40.53218899999999],[-79.715397,40.53351700000003],[-79.722379,40.542227000000004],[-79.724608,40.54219100000004],[-79.731934,40.54506600000003],[-79.732447,40.54642700000002],[-79.734044,40.54683600000001],[-79.73559500000002,40.54897200000005],[-79.74051800000001,40.54948499999996],[-79.742656,40.548523000000024],[-79.746804,40.55068700000002],[-79.751701,40.551823000000006],[-79.754048,40.55047499999995],[-79.756482,40.550176999999984],[-79.760995,40.551030000000004],[-79.76509,40.54923799999999],[-79.773273,40.565827000000006],[-79.774693,40.57074600000006]]]}},{"type":"Feature","properties":{"district":"43","population":64381,"landAreaSqMi":101.2,"topMunicipalities":[{"name":"Ephrata","classCode":"borough","populationShare":0.21324614404871017},{"name":"Ephrata","classCode":"second_class_township","populationShare":0.16393035212252},{"name":"Upper Leacock","classCode":"second_class_township","populationShare":0.1385501933800348},{"name":"West Earl","classCode":"second_class_township","populationShare":0.1321352572964074},{"name":"Earl","classCode":"second_class_township","populationShare":0.11087121976980793}],"topCounties":[{"name":"Lancaster","geoid":"42071","populationShare":1.0}],"classShares":{"borough":0.3666454388717169,"second_class_township":0.633354561128283},"medianIncome":75832,"medianHomeValue":283378,"rentBurdenedPct":38.1,"ownerBurdenedPct":19.7,"permitsPer1kPerYear":1.1,"permits5yrTotal":342,"popChange2020to2024Pct":0.3,"parentSenateDistricts":[{"district":"36","overlapShareOfHD":0.6188218447217073,"areaShareOfSD":0.18313214995690813},{"district":"13","overlapShareOfHD":0.3811781552782919,"areaShareOfSD":0.06399401500284901}]},"geometry":{"type":"Polygon","coordinates":[[[-76.260806,40.181168999999976],[-76.260597,40.182185999999966],[-76.256723,40.18208500000002],[-76.243217,40.18740100000004],[-76.225775,40.188459999999964],[-76.211205,40.200314],[-76.21188100000002,40.20072799999994],[-76.209923,40.20210100000002],[-76.166134,40.211504000000005],[-76.16292,40.209535],[-76.151815,40.196217999999995],[-76.145739,40.19484100000001],[-76.142272,40.191431000000016],[-76.135353,40.190873000000025],[-76.135353,40.189935999999946],[-76.134048,40.18963500000002],[-76.133118,40.18781200000002],[-76.131134,40.18734499999998],[-76.123833,40.182918],[-76.122693,40.180634000000055],[-76.120783,40.18003399999999],[-76.117463,40.17733099999998],[-76.11059100000001,40.175052999999984],[-76.106235,40.169608999999994],[-76.104986,40.17233900000003],[-76.094008,40.16634300000002],[-76.086955,40.17711300000002],[-76.084667,40.176989],[-76.082372,40.17587899999999],[-76.0809,40.174226000000026],[-76.04658000000002,40.05323500000001],[-76.059394,40.021537],[-76.059236,40.02032200000001],[-76.061165,40.01726400000004],[-76.06223900000002,40.01675600000001],[-76.065343,40.01708800000001],[-76.066449,40.01792900000002],[-76.06603099999998,40.018677999999994],[-76.067931,40.01964599999999],[-76.074427,40.015522000000004],[-76.076679,40.01623700000001],[-76.07784200000002,40.017975000000014],[-76.08028,40.01432200000001],[-76.081394,40.018439],[-76.087445,40.01965200000001],[-76.089575,40.015388000000016],[-76.096453,40.014818999999974],[-76.096433,40.012247],[-76.101011,40.00969700000003],[-76.103457,40.01006799999997],[-76.104552,40.01179300000002],[-76.108328,40.01231900000003],[-76.111673,40.01087700000002],[-76.116147,40.011072000000006],[-76.117645,40.00945099999997],[-76.119799,40.010895000000055],[-76.121104,40.01437399999998],[-76.122717,40.01563800000001],[-76.126931,40.01130300000003],[-76.128744,40.012226],[-76.12991,40.01443300000005],[-76.131378,40.01481299999999],[-76.132101,40.01281700000001],[-76.136015,40.01005599999999],[-76.163593,40.028245000000005],[-76.239231,40.081336],[-76.24809000000002,40.086621000000015],[-76.247916,40.08802499999999],[-76.252238,40.09518300000004],[-76.250274,40.096586999999985],[-76.246597,40.095349999999996],[-76.244613,40.09667400000003],[-76.247657,40.10241599999997],[-76.248281,40.10567699999995],[-76.24633,40.10751299999997],[-76.244456,40.107618000000016],[-76.240434,40.10279499999998],[-76.237913,40.10272499999998],[-76.237421,40.104019999999984],[-76.23845,40.10793999999999],[-76.234482,40.110873000000005],[-76.230512,40.10696699999997],[-76.228817,40.10635000000002],[-76.22625,40.106854],[-76.226186,40.10798999999999],[-76.228877,40.111495999999974],[-76.226474,40.11509400000005],[-76.231302,40.11670700000002],[-76.235637,40.11992800000003],[-76.237326,40.12141499999995],[-76.237383,40.123848000000045],[-76.23019,40.13197599999999],[-76.231372,40.13434600000001],[-76.229011,40.136984000000034],[-76.225318,40.13944400000001],[-76.222403,40.139199999999995],[-76.221452,40.14125999999997],[-76.219971,40.140849],[-76.216899,40.14142199999996],[-76.215686,40.14242700000004],[-76.218318,40.14628700000001],[-76.226804,40.15116999999997],[-76.228629,40.153733000000045],[-76.228288,40.15560599999995],[-76.223928,40.159175],[-76.224309,40.159880000000015],[-76.2289,40.16135300000002],[-76.234953,40.16162299999998],[-76.235573,40.16212300000001],[-76.23447,40.16352800000001],[-76.234823,40.16521700000002],[-76.241658,40.16493499999999],[-76.24401,40.16656999999998],[-76.244116,40.16901299999996],[-76.248445,40.168398],[-76.250534,40.17102100000003],[-76.255107,40.17105300000001],[-76.253683,40.17417000000003],[-76.258246,40.174947999999986],[-76.259703,40.17765700000004],[-76.258358,40.179527000000036],[-76.260806,40.181168999999976]]]}},{"type":"Feature","properties":{"district":"47","population":69702,"landAreaSqMi":99.2,"topMunicipalities":[{"name":"Manchester","classCode":"second_class_township","populationShare":0.2804070692901276},{"name":"Springettsbury","classCode":"second_class_township","populationShare":0.26386867611785986},{"name":"Conewago","classCode":"second_class_township","populationShare":0.1239271560259967},{"name":"East Manchester","classCode":"second_class_township","populationShare":0.12094303372298659},{"name":"Hellam","classCode":"second_class_township","populationShare":0.08504748563580855}],"topCounties":[{"name":"York","geoid":"42133","populationShare":1.0}],"classShares":{"borough":0.12580657920722066,"second_class_township":0.8741934207927793},"medianIncome":93570,"medianHomeValue":233727,"rentBurdenedPct":42.3,"ownerBurdenedPct":18.9,"permitsPer1kPerYear":2.1,"permits5yrTotal":747,"popChange2020to2024Pct":2.7,"parentSenateDistricts":[{"district":"31","overlapShareOfHD":0.5919424200001019,"areaShareOfSD":0.17528997627353585},{"district":"28","overlapShareOfHD":0.4080575799998999,"areaShareOfSD":0.06737017833857263}]},"geometry":{"type":"Polygon","coordinates":[[[-76.84766400000001,40.09382300000001],[-76.846141,40.09822099999999],[-76.842317,40.09906799999997],[-76.840334,40.09561299999996],[-76.840879,40.09031299999995],[-76.840124,40.08614600000005],[-76.837662,40.082826999999995],[-76.834623,40.08199499999998],[-76.832559,40.08316299999999],[-76.83225500000002,40.08738599999995],[-76.830015,40.08941799999998],[-76.832879,40.09490699999999],[-76.832799,40.096763000000045],[-76.831648,40.09723300000002],[-76.823757,40.09575600000001],[-76.818045,40.09841199999997],[-76.815053,40.09476500000006],[-76.813247,40.09389100000001],[-76.809756,40.100158000000015],[-76.80876400000001,40.10027],[-76.805548,40.09785400000002],[-76.80382000000002,40.09787000000001],[-76.800044,40.10233399999998],[-76.794539,40.10462200000001],[-76.794379,40.10689400000002],[-76.798044,40.10905600000002],[-76.797244,40.11049299999998],[-76.792488,40.109342999999946],[-76.791046,40.106528],[-76.788388,40.10432099999998],[-76.788225,40.100770000000004],[-76.784863,40.099458000000006],[-76.780096,40.100032999999975],[-76.777581,40.10405099999996],[-76.77563,40.104642],[-76.762806,40.09977400000001],[-76.756485,40.09826500000001],[-76.749721,40.09769100000001],[-76.745981,40.10110999999998],[-76.74475800000002,40.10538800000001],[-76.739656,40.10668599999999],[-76.737466,40.105559],[-76.730902,40.09755599999998],[-76.72630700000002,40.089087999999975],[-76.724228,40.08310100000001],[-76.717507,40.081446000000014],[-76.70907,40.082679999999996],[-76.707807,40.08405500000002],[-76.708633,40.086386999999995],[-76.711936,40.088051000000036],[-76.713243,40.08989499999997],[-76.712227,40.09230599999999],[-76.705003,40.10089499999997],[-76.709495,40.10781399999999],[-76.707881,40.11062600000005],[-76.693163,40.09876199999996],[-76.680428,40.08319199999999],[-76.676042,40.075987000000026],[-76.675504,40.07359599999998],[-76.670997,40.06877399999999],[-76.663825,40.06322700000001],[-76.65372200000002,40.05981300000002],[-76.647704,40.058583],[-76.644508,40.05806900000003],[-76.643902,40.05953600000003],[-76.641144,40.059491000000016],[-76.639726,40.058512000000036],[-76.63581,40.05836400000001],[-76.622323,40.05500299999997],[-76.613866,40.054547000000014],[-76.59581900000002,40.05151399999993],[-76.57314100000002,40.045821000000046],[-76.555823,40.04637300000002],[-76.541455,40.05103700000001],[-76.534437,40.05132299999998],[-76.53257,40.049282999999996],[-76.531552,40.046157],[-76.531995,40.03610500000001],[-76.530033,40.03356399999999],[-76.529813,40.03110200000003],[-76.527593,40.028692],[-76.526916,40.02617799999998],[-76.520902,40.02043700000002],[-76.51363800000001,40.01562300000001],[-76.512005,40.01248900000002],[-76.518828,40.01080699999999],[-76.527059,40.00762600000002],[-76.535206,40.001917000000034],[-76.538999,40.001003999999966],[-76.541224,40.00146000000001],[-76.542689,39.999818999999995],[-76.547788,39.99716199999999],[-76.556243,39.99426300000002],[-76.55957500000001,39.991511],[-76.564383,39.99053600000005],[-76.583333,39.983564],[-76.588981,39.983298000000005],[-76.60225000000001,39.977272],[-76.616092,39.97344199999998],[-76.621602,39.980043999999964],[-76.629816,39.97784799999998],[-76.642041,39.97900600000003],[-76.647984,39.984149000000016],[-76.653648,39.98173599999999],[-76.654286,39.983347000000045],[-76.663956,39.982324],[-76.668722,39.98795400000001],[-76.670081,39.98795400000001],[-76.675231,39.987495],[-76.68203,39.985138999999975],[-76.684546,39.985592000000004],[-76.687781,39.98434800000003],[-76.687588,39.983151999999954],[-76.690126,39.98224900000002],[-76.69471,39.982821000000044],[-76.69490600000002,39.97794899999999],[-76.693091,39.973052],[-76.69457,39.972892999999985],[-76.697846,39.978154999999965],[-76.709123,39.979048000000034],[-76.71657400000001,39.97839299999999],[-76.721751,39.982532000000006],[-76.723665,39.982763000000006],[-76.72447,39.98097099999995],[-76.728443,39.98187499999998],[-76.731476,39.98130400000002],[-76.732114,39.982846],[-76.735811,39.98257599999999],[-76.73599,39.981715999999984],[-76.736612,39.98238399999997],[-76.738067,39.981891],[-76.737681,39.98041899999999],[-76.739761,39.98015500000006],[-76.736386,39.97903200000001],[-76.734999,39.97924599999999],[-76.734019,39.97565700000001],[-76.73260400000001,39.975877],[-76.731935,39.972678000000045],[-76.735278,39.971563],[-76.743117,39.97304700000002],[-76.745177,39.98470000000001],[-76.742294,39.986213000000006],[-76.746686,39.992583999999965],[-76.750756,39.98818399999999],[-76.755844,39.989433],[-76.759356,39.98548700000001],[-76.75967500000002,39.981776],[-76.76107,39.98096100000005],[-76.76569,39.982628000000005],[-76.768983,39.98583400000008],[-76.785727,39.98747499999998],[-76.79252,39.99207199999999],[-76.79742799999998,39.999508000000006],[-76.802569,40.00405100000002],[-76.806892,40.01142100000002],[-76.813574,40.01605499999999],[-76.815733,40.01912999999997],[-76.822025,40.02187499999999],[-76.826254,40.02487900000003],[-76.828096,40.02876900000002],[-76.827628,40.03156700000002],[-76.831749,40.03591499999996],[-76.834862,40.04586999999994],[-76.83874800000001,40.04799600000001],[-76.837153,40.054219],[-76.84465200000001,40.063449000000006],[-76.84468300000002,40.06502400000002],[-76.842388,40.06765500000001],[-76.840736,40.07328699999998],[-76.842175,40.075888000000006],[-76.842349,40.07842800000004],[-76.84695800000001,40.083803],[-76.844476,40.08885499999999],[-76.84567100000001,40.09460300000002],[-76.84766400000001,40.09382300000001]]]}},{"type":"Feature","properties":{"district":"58","population":61308,"landAreaSqMi":164.8,"topMunicipalities":[{"name":"Rostraver","classCode":"first_class_township","populationShare":0.1860279293565511},{"name":"East Huntingdon","classCode":"second_class_township","populationShare":0.12471455921615027},{"name":"North Huntingdon","classCode":"first_class_township","populationShare":0.12140037896371243},{"name":"Monessen","classCode":"third_class_city","populationShare":0.11132315807614764},{"name":"Sewickley","classCode":"second_class_township","populationShare":0.09170092230096713}],"topCounties":[{"name":"Westmoreland","geoid":"42129","populationShare":1.0}],"classShares":{"borough":0.23654336094070175,"first_class_township":0.3074283083202635,"second_class_township":0.344705172662887,"third_class_city":0.11132315807614764},"medianIncome":69646,"medianHomeValue":182448,"rentBurdenedPct":27.8,"ownerBurdenedPct":17.1,"permitsPer1kPerYear":1.2,"permits5yrTotal":374,"popChange2020to2024Pct":-1.4,"parentSenateDistricts":[{"district":"39","overlapShareOfHD":0.9929994311351572,"areaShareOfSD":0.2725962024880068},{"district":"32","overlapShareOfHD":0.007000568864847301,"areaShareOfSD":0.0004020306637091432}]},"geometry":{"type":"Polygon","coordinates":[[[-79.904933,40.15560500000001],[-79.904426,40.15821499999992],[-79.901994,40.16136700000001],[-79.895322,40.164582999999965],[-79.88733700000002,40.16498299999996],[-79.870425,40.162087],[-79.864153,40.161815000000004],[-79.859464,40.163143],[-79.853048,40.16912699999997],[-79.851,40.173111000000034],[-79.850376,40.17730300000001],[-79.851767,40.184434],[-79.85445600000001,40.19125499999999],[-79.864985,40.196791000000005],[-79.871425,40.19739099999999],[-79.782588,40.227625999999994],[-79.786944,40.22796699999997],[-79.803455,40.23161100000003],[-79.806627,40.23358600000001],[-79.80745,40.23604800000003],[-79.806079,40.24026200000001],[-79.802915,40.242164000000024],[-79.800347,40.245188000000006],[-79.795813,40.25397199999999],[-79.78924,40.259592000000026],[-79.787496,40.26250300000002],[-79.788779,40.265311999999994],[-79.795058,40.27218900000001],[-79.796426,40.27772500000002],[-79.79579600000001,40.281078999999984],[-79.791851,40.28212599999997],[-79.780117,40.28210899999997],[-79.77643,40.284437000000025],[-79.775151,40.28635599999999],[-79.775963,40.289210000000004],[-79.780995,40.293607999999985],[-79.788648,40.297738],[-79.781991,40.32382100000006],[-79.78085,40.32413999999997],[-79.77081,40.32190000000003],[-79.77135,40.32116000000001],[-79.76891,40.31632000000001],[-79.76166,40.317180000000036],[-79.76137,40.31262000000006],[-79.75667,40.31090000000001],[-79.75101,40.31111999999998],[-79.74838,40.316119999999984],[-79.74954,40.31817999999998],[-79.74845,40.319129999999944],[-79.74647,40.31900000000002],[-79.74558,40.31998000000006],[-79.73929,40.31595999999997],[-79.73742,40.319459999999985],[-79.73347,40.32142000000002],[-79.73331,40.31846],[-79.73072,40.31706000000004],[-79.72935,40.314799999999984],[-79.72855,40.30969000000001],[-79.72274,40.307389999999984],[-79.72052,40.30515000000001],[-79.71323,40.30610000000004],[-79.71092,40.307499999999976],[-79.71186,40.30253000000001],[-79.71159,40.29568000000004],[-79.71643,40.29587999999999],[-79.716457,40.293245000000034],[-79.70440900000001,40.29134699999997],[-79.695136,40.29184300000002],[-79.697717,40.280823000000005],[-79.696484,40.27810200000005],[-79.700135,40.27297599999999],[-79.693222,40.26464],[-79.683517,40.24883499999998],[-79.68028800000002,40.25207300000001],[-79.678768,40.25043399999999],[-79.673995,40.250419999999934],[-79.668228,40.24699400000002],[-79.66793,40.24078400000004],[-79.670106,40.23878499999999],[-79.661407,40.23317199999998],[-79.65373300000002,40.21823999999997],[-79.65478,40.21631399999998],[-79.657301,40.21544200000003],[-79.65877,40.21380099999996],[-79.65720300000001,40.21167100000001],[-79.657533,40.210575000000006],[-79.661243,40.210803],[-79.662998,40.21036400000002],[-79.663446,40.20954599999998],[-79.658732,40.20790200000003],[-79.656215,40.20779199999995],[-79.651769,40.20845000000003],[-79.651196,40.21023100000003],[-79.642404,40.211081000000014],[-79.636886,40.20591899999998],[-79.631094,40.20387800000002],[-79.629983,40.202439000000005],[-79.622235,40.20107999999999],[-79.619493,40.206036999999974],[-79.615514,40.208926999999996],[-79.613468,40.209261],[-79.609424,40.20084600000003],[-79.615013,40.200176999999975],[-79.616895,40.202575999999986],[-79.621225,40.200740999999994],[-79.597994,40.19286999999998],[-79.594185,40.19279600000003],[-79.592475,40.19392799999998],[-79.589711,40.19277400000001],[-79.584428,40.192143999999985],[-79.58272400000001,40.19336500000001],[-79.575718,40.18957600000002],[-79.567096,40.18941799999998],[-79.557807,40.186632999999965],[-79.556629,40.19232000000002],[-79.553747,40.19606199999999],[-79.552787,40.21775799999999],[-79.545661,40.219104999999985],[-79.543181,40.221203000000024],[-79.547189,40.22299500000004],[-79.550104,40.22307700000001],[-79.54741300000002,40.22304199999998],[-79.544833,40.222517999999965],[-79.53713700000002,40.22061400000001],[-79.536469,40.22029799999999],[-79.534064,40.218029000000016],[-79.53426,40.21564000000001],[-79.515974,40.21540200000004],[-79.51011,40.208794000000026],[-79.510392,40.204655],[-79.509489,40.203193999999996],[-79.508061,40.202067999999954],[-79.499644,40.20089900000001],[-79.495634,40.19550199999999],[-79.489357,40.19021400000004],[-79.489132,40.18901100000004],[-79.489886,40.18588899999998],[-79.494238,40.178986],[-79.50732,40.17327000000003],[-79.516503,40.16269499999998],[-79.518766,40.151409],[-79.514993,40.15083899999999],[-79.505013,40.14464699999998],[-79.50297,40.14114200000002],[-79.50518800000002,40.14056799999999],[-79.511245,40.13597999999996],[-79.51384200000001,40.135692999999996],[-79.51473000000001,40.13438899999997],[-79.517954,40.133146999999994],[-79.517864,40.131378],[-79.527362,40.122961000000046],[-79.530665,40.12809299999999],[-79.534943,40.12828599999999],[-79.535437,40.12600399999999],[-79.538309,40.12429299999998],[-79.541135,40.120715999999994],[-79.541564,40.11793299999995],[-79.540312,40.114129000000005],[-79.542073,40.11188999999998],[-79.546623,40.111992000000015],[-79.548751,40.11032499999998],[-79.55315,40.11257800000001],[-79.556577,40.112833],[-79.559031,40.111349999999995],[-79.560933,40.106846000000004],[-79.560602,40.10521600000001],[-79.562857,40.10501399999998],[-79.566229,40.106063999999975],[-79.571755,40.10529600000005],[-79.57537,40.10341200000003],[-79.578507,40.10436399999999],[-79.57892,40.105225999999945],[-79.585377,40.102125000000036],[-79.584576,40.097834000000006],[-79.591212,40.09416099999997],[-79.593314,40.09092999999997],[-79.591944,40.08578900000001],[-79.593021,40.082054999999976],[-79.602294,40.082997999999975],[-79.600442,40.084308000000014],[-79.603092,40.08603299999999],[-79.602353,40.08781500000003],[-79.603674,40.090839],[-79.612732,40.09346800000002],[-79.614664,40.09128299999997],[-79.616751,40.091604],[-79.620727,40.09271000000001],[-79.621958,40.09453299999996],[-79.625853,40.09193299999996],[-79.625654,40.08987800000001],[-79.626998,40.088423999999996],[-79.630465,40.08679399999996],[-79.634497,40.086524999999966],[-79.638511,40.082867999999976],[-79.642371,40.083627999999976],[-79.644143,40.08469399999999],[-79.640986,40.086925],[-79.641098,40.08831700000001],[-79.644581,40.089461999999955],[-79.648122,40.08764299999995],[-79.654083,40.089293999999995],[-79.654793,40.09080100000006],[-79.654346,40.09378600000001],[-79.65824500000001,40.097087000000016],[-79.660384,40.09706200000004],[-79.661656,40.094483000000054],[-79.663347,40.094637],[-79.66419,40.096991999999986],[-79.666256,40.097593000000046],[-79.668118,40.09701000000002],[-79.668602,40.09884699999997],[-79.666667,40.100363999999985],[-79.666207,40.102152],[-79.667579,40.10454199999997],[-79.671089,40.10619599999996],[-79.675717,40.10571500000002],[-79.677068,40.106943000000065],[-79.68379400000002,40.10862000000001],[-79.684634,40.11311399999999],[-79.685624,40.11382299999995],[-79.691655,40.11309000000004],[-79.695123,40.110753],[-79.69865,40.10961900000006],[-79.702095,40.110414],[-79.705095,40.10770699999999],[-79.708123,40.107704],[-79.711267,40.10865800000003],[-79.712148,40.110259],[-79.715465,40.11109000000001],[-79.718147,40.11343300000001],[-79.721709,40.11277499999999],[-79.722865,40.113179],[-79.722298,40.11502500000005],[-79.718499,40.116921000000005],[-79.72438,40.12312299999999],[-79.726019,40.12268400000001],[-79.7276,40.12060799999999],[-79.734596,40.12090400000002],[-79.74117400000002,40.12627100000001],[-79.746056,40.12845699999999],[-79.78203,40.12846],[-79.783645,40.127709000000046],[-79.784371,40.128499999999995],[-79.78882100000001,40.12860899999999],[-79.789231,40.12801499999999],[-79.791728,40.128629999999994],[-79.803817,40.128761],[-79.805804,40.12752800000003],[-79.806743,40.13118400000002],[-79.81004,40.13248000000001],[-79.81659400000001,40.132791],[-79.81611300000002,40.12837499999999],[-79.839409,40.128251],[-79.839219,40.12756700000003],[-79.842184,40.128432000000004],[-79.843775,40.12743300000004],[-79.84470800000001,40.128296],[-79.847831,40.127976000000025],[-79.84975,40.128613000000016],[-79.853603,40.12753100000003],[-79.856544,40.12852300000003],[-79.86722,40.12776499999996],[-79.86937,40.12813999999999],[-79.870405,40.129195000000024],[-79.875296,40.129529999999974],[-79.877864,40.126959000000014],[-79.884569,40.12909600000001],[-79.887705,40.13112799999998],[-79.892089,40.139528],[-79.902986,40.14989499999998],[-79.904933,40.15560500000001]]]}},{"type":"Feature","properties":{"district":"41","population":58410,"landAreaSqMi":46.2,"topMunicipalities":[{"name":"East Hempfield","classCode":"second_class_township","populationShare":0.45377203222069257},{"name":"West Hempfield","classCode":"second_class_township","populationShare":0.29308143443071344},{"name":"Columbia","classCode":"borough","populationShare":0.17491751945666245},{"name":"Mountville","classCode":"borough","populationShare":0.051463449494638984},{"name":"Manor","classCode":"second_class_township","populationShare":0.0267655643972925}],"topCounties":[{"name":"Lancaster","geoid":"42071","populationShare":1.0}],"classShares":{"borough":0.22638096895130144,"second_class_township":0.7736190310486984},"medianIncome":88345,"medianHomeValue":276813,"rentBurdenedPct":47.5,"ownerBurdenedPct":16.7,"permitsPer1kPerYear":3.0,"permits5yrTotal":876,"popChange2020to2024Pct":2.2,"parentSenateDistricts":[{"district":"36","overlapShareOfHD":0.9290559390528583,"areaShareOfSD":0.13196763049558705},{"district":"13","overlapShareOfHD":0.07094406094713879,"areaShareOfSD":0.005716813131845137}]},"geometry":{"type":"MultiPolygon","coordinates":[[[[-76.34468600000001,40.10828400000001],[-76.339163,40.10866900000001],[-76.338189,40.10759299999997],[-76.342304,40.10669499999998],[-76.342328,40.107321999999975],[-76.344652,40.107375000000005],[-76.34468600000001,40.10828400000001]]],[[[-76.34721900000001,40.09990900000004],[-76.335468,40.10413300000001],[-76.33596700000001,40.10065300000003],[-76.335147,40.098222000000014],[-76.336156,40.09531200000003],[-76.339553,40.09302699999997],[-76.340007,40.090670999999965],[-76.343146,40.08820599999996],[-76.343467,40.088738000000006],[-76.339346,40.09345600000002],[-76.339389,40.09562600000001],[-76.346665,40.09355700000001],[-76.344517,40.098409],[-76.34699700000002,40.09836100000004],[-76.34721900000001,40.09990900000004]]],[[[-76.533874,40.05081799999998],[-76.526955,40.05526199999998],[-76.521292,40.054482],[-76.517507,40.056058],[-76.518655,40.05835099999999],[-76.518131,40.060553999999996],[-76.51510400000001,40.063751999999994],[-76.511872,40.06524600000002],[-76.51181200000002,40.06660499999999],[-76.512982,40.06780599999999],[-76.510403,40.06949899999998],[-76.509264,40.06949799999998],[-76.50681,40.06602499999999],[-76.504215,40.066297],[-76.502356,40.064934999999984],[-76.500931,40.06580799999998],[-76.504759,40.068257000000024],[-76.501997,40.07035400000001],[-76.500614,40.07020099999999],[-76.49903,40.06820699999999],[-76.495363,40.068781000000016],[-76.488174,40.06474299999998],[-76.48525,40.06555599999993],[-76.481166,40.06494700000001],[-76.47685300000002,40.06670699999998],[-76.476288,40.06892300000005],[-76.474637,40.069768999999965],[-76.476916,40.07214499999999],[-76.47664400000001,40.073173],[-76.469313,40.07316000000001],[-76.468976,40.074416000000035],[-76.470789,40.07469999999999],[-76.470858,40.07659000000001],[-76.47005,40.07673000000002],[-76.468431,40.074903],[-76.466936,40.075905],[-76.465264,40.075477000000014],[-76.463684,40.077085999999966],[-76.465608,40.07899699999997],[-76.46146,40.080037999999995],[-76.461903,40.083597000000005],[-76.459595,40.08484800000003],[-76.463319,40.085153],[-76.46398700000002,40.08588800000002],[-76.460443,40.088268000000014],[-76.456579,40.089461999999955],[-76.458761,40.09031099999999],[-76.458062,40.09415900000001],[-76.453657,40.095346],[-76.457061,40.09614499999998],[-76.45574,40.09866400000004],[-76.456059,40.10000200000004],[-76.448728,40.100713],[-76.445302,40.10217499999999],[-76.447925,40.106296000000015],[-76.451571,40.106041999999995],[-76.452049,40.10654599999998],[-76.452045,40.107649000000016],[-76.448422,40.111225999999945],[-76.447054,40.11095099999999],[-76.445581,40.10845900000004],[-76.440582,40.107605000000014],[-76.438164,40.109923999999964],[-76.438671,40.11248299999996],[-76.438023,40.113006999999946],[-76.433861,40.11012500000002],[-76.432883,40.10790699999997],[-76.43065700000001,40.10748899999996],[-76.43179700000002,40.11231699999996],[-76.424823,40.11085499999999],[-76.424361,40.11381100000002],[-76.42643,40.116664999999976],[-76.42538,40.11727999999998],[-76.420503,40.11582599999999],[-76.42029,40.11889899999999],[-76.418482,40.118531999999966],[-76.416888,40.11957799999999],[-76.418083,40.121374],[-76.417581,40.121891],[-76.41401,40.12027299999997],[-76.41351900000001,40.116291999999945],[-76.41130400000002,40.116341],[-76.409515,40.11497399999998],[-76.406737,40.116047000000016],[-76.406685,40.11865099999996],[-76.40496500000002,40.122192000000005],[-76.38751,40.12297000000004],[-76.383906,40.125545],[-76.38237000000001,40.12580799999998],[-76.374956,40.12513400000002],[-76.374545,40.12795499999998],[-76.366791,40.12433100000002],[-76.36475,40.124586000000015],[-76.35852900000002,40.12245299999999],[-76.355995,40.11871299999996],[-76.35363900000002,40.11819100000002],[-76.35250900000001,40.115891000000005],[-76.353049,40.11329400000001],[-76.350639,40.11295100000002],[-76.34709,40.11032899999994],[-76.352829,40.107575],[-76.352779,40.10695899999997],[-76.355869,40.106545000000004],[-76.360207,40.10725400000001],[-76.360662,40.10836700000006],[-76.367045,40.108849],[-76.364244,40.10457700000001],[-76.359722,40.09359499999999],[-76.355611,40.094559999999966],[-76.350901,40.09400399999999],[-76.346503,40.090261999999996],[-76.344494,40.08507200000004],[-76.344781,40.08370100000004],[-76.34612900000002,40.082159000000004],[-76.34752,40.08193599999999],[-76.349557,40.082754000000016],[-76.351673,40.08006],[-76.34729,40.07327700000002],[-76.345527,40.073058000000074],[-76.34481,40.07145900000004],[-76.345596,40.069852000000004],[-76.344805,40.06780400000002],[-76.347362,40.06356399999999],[-76.345923,40.06313199999999],[-76.343142,40.06460099999997],[-76.34255100000001,40.06387600000001],[-76.345474,40.05850199999999],[-76.34235200000002,40.05741199999997],[-76.342936,40.05473499999999],[-76.341405,40.05121599999995],[-76.34533700000001,40.04439199999999],[-76.342608,40.03977099999996],[-76.3436,40.037174999999955],[-76.34236100000001,40.03198199999999],[-76.343894,40.030158999999976],[-76.343867,40.02664700000001],[-76.349752,40.024684000000015],[-76.353965,40.02637499999999],[-76.352163,40.01491799999998],[-76.352627,40.014515999999986],[-76.35381,40.01519899999998],[-76.354898,40.014480000000056],[-76.355827,40.015189],[-76.357693,40.01252300000004],[-76.364063,40.00894600000004],[-76.362855,40.008162],[-76.363495,40.00799999999998],[-76.363,40.00690399999996],[-76.367781,40.005815000000005],[-76.377115,40.006597999999975],[-76.377687,40.00904399999999],[-76.375091,40.01044499999997],[-76.374931,40.01254200000001],[-76.382105,40.01568100000002],[-76.383908,40.02049899999999],[-76.378615,40.02177600000001],[-76.379929,40.02548499999995],[-76.382642,40.02783400000002],[-76.383359,40.03576],[-76.376531,40.03519599999997],[-76.375621,40.04010600000002],[-76.384147,40.04127299999997],[-76.39172400000001,40.040931],[-76.408236,40.037311999999986],[-76.418705,40.03733799999998],[-76.418589,40.035485999999985],[-76.422111,40.035668],[-76.433154,40.03266399999998],[-76.451582,40.02485399999998],[-76.45649700000001,40.020727999999984],[-76.477086,40.02164399999999],[-76.47677300000001,40.02016900000005],[-76.488421,40.018950999999994],[-76.489026,40.020654],[-76.512236,40.01344200000001],[-76.51363800000001,40.01562300000001],[-76.520902,40.02043700000002],[-76.52672600000001,40.02598],[-76.527593,40.028692],[-76.529813,40.03110200000003],[-76.530033,40.03356399999999],[-76.531995,40.03610500000001],[-76.531552,40.046157],[-76.533874,40.05081799999998]]]]}},{"type":"Feature","properties":{"district":"66","population":61880,"landAreaSqMi":986.5,"topMunicipalities":[{"name":"Punxsutawney","classCode":"borough","populationShare":0.0919360051712993},{"name":"Brookville","classCode":"borough","populationShare":0.06397866839043324},{"name":"Green","classCode":"second_class_township","populationShare":0.05517129928894639},{"name":"Rayne","classCode":"second_class_township","populationShare":0.044877181641887524},{"name":"Reynoldsville","classCode":"borough","populationShare":0.04237233354880409}],"topCounties":[{"name":"Jefferson","geoid":"42065","populationShare":0.7126535229476406},{"name":"Indiana","geoid":"42063","populationShare":0.2873464770523594}],"classShares":{"borough":0.31478668390433107,"second_class_township":0.6852133160956689},"medianIncome":57372,"medianHomeValue":134545,"rentBurdenedPct":36.0,"ownerBurdenedPct":16.1,"permitsPer1kPerYear":0.1,"permits5yrTotal":18,"popChange2020to2024Pct":-1.9,"parentSenateDistricts":[{"district":"41","overlapShareOfHD":0.5446302611515481,"areaShareOfSD":0.25343224528538927},{"district":"25","overlapShareOfHD":0.455369738848452,"areaShareOfSD":0.0831246134007643}]},"geometry":{"type":"Polygon","coordinates":[[[-79.215706,40.94005000000003],[-79.212545,40.960526999999985],[-79.210197,41.04909099999997],[-79.215201,41.048933],[-79.215214,41.05051499999997],[-79.214494,41.078774999999986],[-79.21132,41.078736999999975],[-79.211252,41.080669],[-79.208878,41.33186100000004],[-79.206523,41.33132800000001],[-79.202506,41.32679000000002],[-79.197518,41.325902],[-79.194596,41.324212000000024],[-79.191952,41.32427400000002],[-79.188497,41.32628],[-79.186045,41.328821],[-79.18659000000001,41.33795199999999],[-79.184934,41.338942999999986],[-79.180248,41.33930800000001],[-79.17526,41.33624800000001],[-79.176006,41.32839599999998],[-79.174843,41.325835999999974],[-79.173034,41.325339000000014],[-79.16945,41.32749800000002],[-79.166814,41.33069700000002],[-79.169213,41.34052900000001],[-79.168207,41.342960999999995],[-79.166118,41.343994000000016],[-79.162325,41.343067999999995],[-79.160531,41.341699000000034],[-79.160008,41.339590999999984],[-79.162562,41.33599000000001],[-79.163067,41.333104999999996],[-79.16155,41.33104000000003],[-79.157596,41.32875400000003],[-79.154733,41.32864999999997],[-79.14823300000002,41.331657000000035],[-79.140269,41.341010000000004],[-79.138159,41.341781999999995],[-79.132517,41.33922699999997],[-79.122847,41.330172000000005],[-79.117118,41.327720000000014],[-79.11444,41.325345000000006],[-79.111346,41.32508800000003],[-79.106444,41.326246999999974],[-79.104743,41.32939800000002],[-79.104642,41.33186499999997],[-79.107231,41.33640699999995],[-79.104977,41.34152600000003],[-79.099659,41.342587],[-79.094502,41.340452],[-79.092101,41.34060600000002],[-79.08294000000001,41.35122600000003],[-79.079123,41.35359799999998],[-79.074107,41.354135999999976],[-79.067409,41.35077099999999],[-79.06333,41.350107],[-79.048492,41.352053999999995],[-79.046106,41.353860000000026],[-79.036952,41.35759700000002],[-79.028572,41.357523000000015],[-79.021984,41.35241600000001],[-79.02188,41.351219999999984],[-79.017425,41.35009199999999],[-79.016354,41.35099899999998],[-79.014053,41.35763400000002],[-79.010052,41.359262000000015],[-79.002854,41.35930700000001],[-78.998505,41.36454000000002],[-78.99312700000002,41.368512],[-78.987084,41.36823399999995],[-78.984607,41.36691300000001],[-78.982161,41.36743099999997],[-78.978961,41.36969400000001],[-78.977879,41.372047],[-78.974478,41.37547600000003],[-78.971904,41.376564999999964],[-78.968857,41.37507800000003],[-78.966708,41.371100999999946],[-78.965216,41.37007599999996],[-78.962427,41.369959999999956],[-78.95946000000002,41.37148700000001],[-78.95925700000001,41.36216099999996],[-78.73528,41.262915],[-78.73910100000002,41.25376800000002],[-78.738214,41.23067200000002],[-78.710059,41.230243000000016],[-78.710248,41.20185899999994],[-78.766377,41.202759000000036],[-78.804532,41.132186000000004],[-78.804047,40.95181400000003],[-78.806406,40.86161800000001],[-78.806274,40.72974200000004],[-78.803291,40.72881999999996],[-78.799226,40.71710000000004],[-78.808862,40.72106199999999],[-78.846607,40.635605],[-78.865668,40.642958999999976],[-78.879634,40.647290000000034],[-78.886028,40.64740199999997],[-78.904284,40.64117400000001],[-78.905181,40.640344],[-78.907679,40.640699999999974],[-79.018803,40.70951500000003],[-79.020098,40.70571099999995],[-79.025554,40.69823700000003],[-79.05426,40.650321000000005],[-79.065468,40.648663999999975],[-79.070194,40.65092199999996],[-79.08913,40.64683799999996],[-79.089658,40.67010500000001],[-79.09687,40.67013800000003],[-79.097418,40.670697000000025],[-79.111333,40.670144000000015],[-79.15823000000002,40.67040700000003],[-79.156441,40.67243599999995],[-79.182229,40.67235900000001],[-79.130531,40.76512200000005],[-79.215235,40.77601600000002],[-79.215706,40.94005000000003]]]}},{"type":"Feature","properties":{"district":"17","population":66936,"landAreaSqMi":709.9,"topMunicipalities":[{"name":"Grove City","classCode":"borough","populationShare":0.11744054021752127},{"name":"Slippery Rock","classCode":"second_class_township","populationShare":0.11488586112107083},{"name":"Pine","classCode":"second_class_township","populationShare":0.0714114975498984},{"name":"Slippery Rock","classCode":"borough","populationShare":0.05130273694275124},{"name":"Findley","classCode":"second_class_township","populationShare":0.039799211186805315}],"topCounties":[{"name":"Mercer","geoid":"42085","populationShare":0.6573891478427154},{"name":"Butler","geoid":"42019","populationShare":0.3426108521572845}],"classShares":{"borough":0.2632664037289351,"second_class_township":0.7367335962710649},"medianIncome":66654,"medianHomeValue":192025,"rentBurdenedPct":34.3,"ownerBurdenedPct":14.7,"permitsPer1kPerYear":1.2,"permits5yrTotal":402,"popChange2020to2024Pct":1.4,"parentSenateDistricts":[{"district":"50","overlapShareOfHD":0.6626118518723366,"areaShareOfSD":0.2361976777194249},{"district":"21","overlapShareOfHD":0.33738814812766454,"areaShareOfSD":0.07199204910299947}]},"geometry":{"type":"Polygon","coordinates":[[[-80.38915,41.361619],[-80.320805,41.36364800000003],[-80.32296200000002,41.420050999999994],[-80.358472,41.42106999999999],[-80.358371,41.426798999999995],[-80.380223,41.427758],[-80.380943,41.444450000000025],[-80.380071,41.485861000000035],[-80.350722,41.484711999999966],[-80.257183,41.483418],[-80.125369,41.48039599999997],[-80.125596,41.48627800000004],[-79.999779,41.490048999999935],[-79.999779,41.17186100000002],[-79.927466,41.17178700000004],[-79.814298,41.173134000000005],[-79.697033,41.172917000000005],[-79.692195,41.171932000000005],[-79.68933200000001,41.169470999999994],[-79.688705,41.14717499999999],[-79.690272,41.10325199999996],[-79.689925,40.95766699999997],[-79.735137,40.955732999999974],[-79.878684,40.95849100000001],[-79.880077,41.02765000000001],[-79.97978500000002,41.02800999999995],[-80.011125,41.02716699999996],[-80.014219,41.025230999999955],[-80.016829,41.02473099999998],[-80.01803,41.025699999999986],[-80.02074200000001,41.02492599999999],[-80.023289,41.027413999999986],[-80.024309,41.02677399999998],[-80.044253,41.02660700000003],[-80.044139,41.023124999999965],[-80.052692,41.022977999999995],[-80.05282,41.026103000000006],[-80.06198,41.026667000000046],[-80.063028,41.02572399999999],[-80.065783,41.02677799999999],[-80.070649,41.02675100000001],[-80.07237000000002,41.028824000000014],[-80.074139,41.02880500000002],[-80.074161,41.029896000000015],[-80.071979,41.03012800000001],[-80.070903,41.03124400000005],[-80.073065,41.033896],[-80.072657,41.03495499999998],[-80.07623,41.03934999999999],[-80.079964,41.039689999999936],[-80.087003,41.04279499999999],[-80.101859,41.06740100000002],[-80.098294,41.071054],[-80.147303,41.11391700000004],[-80.257945,41.117229999999985],[-80.257933,41.12816499999998],[-80.38509400000001,41.12649199999999],[-80.384896,41.153893000000025],[-80.312542,41.155789000000034],[-80.313414,41.15848400000002],[-80.309941,41.16083999999996],[-80.310747,41.16346399999999],[-80.313566,41.166023000000024],[-80.313443,41.16720899999997],[-80.314569,41.167484000000044],[-80.313988,41.16792899999998],[-80.315238,41.17057500000002],[-80.313966,41.17186599999996],[-80.312382,41.17195899999998],[-80.310521,41.17456200000003],[-80.310856,41.17622600000001],[-80.308864,41.17996999999996],[-80.310849,41.186038999999994],[-80.31277400000002,41.187706999999975],[-80.313065,41.18960199999999],[-80.314439,41.191061999999995],[-80.314504,41.193286000000015],[-80.316184,41.1945],[-80.3159,41.19602599999998],[-80.317761,41.19894199999994],[-80.317151,41.20000200000002],[-80.319165,41.204526],[-80.318729,41.206227999999996],[-80.319784,41.20898999999994],[-80.318395,41.21288299999995],[-80.320162,41.21568899999995],[-80.318432,41.217864000000034],[-80.319014,41.21951099999999],[-80.316687,41.22488100000003],[-80.317429,41.226539999999986],[-80.314927,41.231399],[-80.317349,41.23329900000001],[-80.318526,41.23624999999998],[-80.38624200000001,41.23526599999995],[-80.38915,41.361619]]]}},{"type":"Feature","properties":{"district":"79","population":62531,"landAreaSqMi":86.1,"topMunicipalities":[{"name":"Altoona","classCode":"third_class_city","populationShare":0.6957828916857239},{"name":"Logan","classCode":"second_class_township","populationShare":0.19755001519246457},{"name":"Allegheny","classCode":"second_class_township","populationShare":0.10500391805664386},{"name":"Tunnelhill","classCode":"borough","populationShare":0.001663175065167675}],"topCounties":[{"name":"Blair","geoid":"42013","populationShare":1.0}],"classShares":{"borough":0.001663175065167675,"second_class_township":0.3025539332491084,"third_class_city":0.6957828916857239},"medianIncome":56429,"medianHomeValue":129354,"rentBurdenedPct":47.2,"ownerBurdenedPct":15.2,"permitsPer1kPerYear":0.4,"permits5yrTotal":136,"popChange2020to2024Pct":-2.4,"parentSenateDistricts":[{"district":"30","overlapShareOfHD":1.0,"areaShareOfSD":0.0324548963276019}]},"geometry":{"type":"Polygon","coordinates":[[[-78.550984,40.457044999999965],[-78.549138,40.459206999999985],[-78.54826,40.462146],[-78.544358,40.465544999999985],[-78.542538,40.46838800000003],[-78.540491,40.47499800000002],[-78.541073,40.47782799999997],[-78.544363,40.482906],[-78.544715,40.486681999999995],[-78.541323,40.497559999999986],[-78.539819,40.50629299999998],[-78.530384,40.51914400000001],[-78.522663,40.52325800000001],[-78.51821100000001,40.52880199999998],[-78.511851,40.531438999999956],[-78.497561,40.539162999999974],[-78.493917,40.540397999999996],[-78.485527,40.541351999999975],[-78.479051,40.54730700000006],[-78.45385,40.58124900000001],[-78.450844,40.588119999999975],[-78.447783,40.59165899999994],[-78.349409,40.55212800000002],[-78.30562300000001,40.55293299999998],[-78.308746,40.540324],[-78.314273,40.53308400000002],[-78.325058,40.52523000000001],[-78.336095,40.521664999999985],[-78.352323,40.50709000000003],[-78.357496,40.499121000000024],[-78.35946500000001,40.49222499999998],[-78.359187,40.48924300000003],[-78.357769,40.48729500000003],[-78.354435,40.48557100000001],[-78.389302,40.45611000000002],[-78.397015,40.445652000000045],[-78.39912,40.444557999999994],[-78.402128,40.444460999999976],[-78.402223,40.440571],[-78.409123,40.437610999999976],[-78.420841,40.429054000000015],[-78.421694,40.43224200000003],[-78.42042,40.432279],[-78.420429,40.43368599999998],[-78.422112,40.433735],[-78.429206,40.42965299999996],[-78.429804,40.430242999999976],[-78.43242100000002,40.429321000000016],[-78.432936,40.42833300000002],[-78.433985,40.43115200000002],[-78.434548,40.427684000000006],[-78.436132,40.42687199999998],[-78.436615,40.427755999999995],[-78.437779,40.427257999999966],[-78.437424,40.42616199999997],[-78.44062,40.42837399999998],[-78.441208,40.42736300000001],[-78.43978300000002,40.42725300000003],[-78.439039,40.425684000000004],[-78.441448,40.42570999999999],[-78.44143300000002,40.42469000000003],[-78.439376,40.42529700000002],[-78.439026,40.42043499999999],[-78.434217,40.42048399999997],[-78.455676,40.405761999999996],[-78.464284,40.41545200000003],[-78.525071,40.44385600000002],[-78.52734,40.446518],[-78.538346,40.45223199999999],[-78.543651,40.453419999999966],[-78.550984,40.457044999999965]]]}},{"type":"Feature","properties":{"district":"22","population":49003,"landAreaSqMi":11.7,"topMunicipalities":[{"name":"Allentown","classCode":"third_class_city","populationShare":0.8496121308911209},{"name":"Salisbury","classCode":"first_class_township","populationShare":0.15038695178605857},{"name":"Hanover","classCode":"second_class_township","populationShare":9.173228206268155e-07}],"topCounties":[{"name":"Lehigh","geoid":"42077","populationShare":1.0}],"classShares":{"first_class_township":0.15038695178605857,"second_class_township":9.173228206268155e-07,"third_class_city":0.8496121308911209},"medianIncome":48995,"medianHomeValue":165675,"rentBurdenedPct":61.9,"ownerBurdenedPct":25.6,"permitsPer1kPerYear":0.5,"permits5yrTotal":124,"popChange2020to2024Pct":1.1,"parentSenateDistricts":[{"district":"14","overlapShareOfHD":0.999999999999999,"areaShareOfSD":0.0649580855805485}]},"geometry":{"type":"Polygon","coordinates":[[[-75.490692,40.603343000000024],[-75.484383,40.605076],[-75.489295,40.61542499999998],[-75.488538,40.615310999999956],[-75.487104,40.61215999999998],[-75.476627,40.61806999999996],[-75.478516,40.619623999999995],[-75.479729,40.622095999999964],[-75.482818,40.623086],[-75.485843,40.62265799999996],[-75.485345,40.62327900000006],[-75.48907,40.62435199999998],[-75.487009,40.62504799999999],[-75.484653,40.623895],[-75.476859,40.623109000000056],[-75.476171,40.61972899999999],[-75.475075,40.61910599999992],[-75.463805,40.619085999999974],[-75.467301,40.62241100000005],[-75.465912,40.623278000000035],[-75.465413,40.62280200000004],[-75.459468,40.62398399999997],[-75.462601,40.62847000000001],[-75.423658,40.635917000000006],[-75.422054,40.63433299999999],[-75.419638,40.61609700000004],[-75.415242,40.61692499999998],[-75.41152,40.61644299999998],[-75.406584,40.61219599999998],[-75.395258,40.61351499999996],[-75.396881,40.608280000000036],[-75.399092,40.607590000000016],[-75.39739,40.60665100000001],[-75.401056,40.603875999999985],[-75.40637800000002,40.603522],[-75.403686,40.598885000000024],[-75.40544300000002,40.59828700000005],[-75.405321,40.596109000000006],[-75.403142,40.596106000000006],[-75.39429000000001,40.593017999999965],[-75.40441200000001,40.58115400000001],[-75.40382200000002,40.58078700000005],[-75.407705,40.57989599999997],[-75.417273,40.573932000000006],[-75.42789400000001,40.56942300000003],[-75.448651,40.56210900000003],[-75.450353,40.57026999999997],[-75.448114,40.57178799999999],[-75.447065,40.570788000000015],[-75.445859,40.57134200000004],[-75.446495,40.57253399999994],[-75.447247,40.572377],[-75.445932,40.57326600000001],[-75.44781700000001,40.581577000000046],[-75.449535,40.58173899999997],[-75.45017600000001,40.58614600000001],[-75.443435,40.58660499999999],[-75.443594,40.588184000000005],[-75.437819,40.588607999999944],[-75.438268,40.59197799999997],[-75.436107,40.592511999999964],[-75.436662,40.59648799999996],[-75.44032,40.59577099999999],[-75.441822,40.59991400000001],[-75.448731,40.59717399999998],[-75.45064,40.597188999999965],[-75.454633,40.59878599999998],[-75.456617,40.60047999999999],[-75.461109,40.600881000000015],[-75.46447,40.60423500000002],[-75.481739,40.599472999999975],[-75.483086,40.60228400000003],[-75.48936,40.60054899999998],[-75.490692,40.603343000000024]]]}},{"type":"Feature","properties":{"district":"42","population":62556,"landAreaSqMi":14.0,"topMunicipalities":[{"name":"Mount Lebanon","classCode":"first_class_township","populationShare":0.5364015145560878},{"name":"Upper St. Clair","classCode":"first_class_township","populationShare":0.17080366676981587},{"name":"Castle Shannon","classCode":"borough","populationShare":0.13167454255397087},{"name":"Dormont","classCode":"borough","populationShare":0.12980421094309152},{"name":"Baldwin","classCode":"first_class_township","populationShare":0.03131606517703401}],"topCounties":[{"name":"Allegheny","geoid":"42003","populationShare":1.0}],"classShares":{"borough":0.2614787534970624,"first_class_township":0.7385212465029376},"medianIncome":115642,"medianHomeValue":329990,"rentBurdenedPct":40.3,"ownerBurdenedPct":14.8,"permitsPer1kPerYear":0.6,"permits5yrTotal":190,"popChange2020to2024Pct":-3.1,"parentSenateDistricts":[{"district":"42","overlapShareOfHD":0.4899345151786838,"areaShareOfSD":0.11387327135428447},{"district":"37","overlapShareOfHD":0.3594788206418824,"areaShareOfSD":0.019930471837058122},{"district":"45","overlapShareOfHD":0.15058666417943367,"areaShareOfSD":0.012601393101120266}]},"geometry":{"type":"Polygon","coordinates":[[[-80.115415,40.33371999999999],[-80.107589,40.34758800000002],[-80.110101,40.348923999999975],[-80.110129,40.351565000000036],[-80.10802700000002,40.35141800000003],[-80.105828,40.34884499999998],[-80.098646,40.34964900000001],[-80.095619,40.35326499999998],[-80.090229,40.35043099999992],[-80.087691,40.35238700000006],[-80.099032,40.35758299999999],[-80.09776200000002,40.35752600000001],[-80.095184,40.36336800000001],[-80.093033,40.36207299999998],[-80.0891,40.36181200000001],[-80.087513,40.362244000000004],[-80.087661,40.363721000000005],[-80.086937,40.363981],[-80.085684,40.363040000000076],[-80.081825,40.36305899999997],[-80.081414,40.36428000000004],[-80.072816,40.363434000000034],[-80.07446100000001,40.36503299999994],[-80.073591,40.365497000000005],[-80.078,40.369648],[-80.079467,40.372802000000014],[-80.083968,40.37757999999999],[-80.079034,40.37639200000001],[-80.069566,40.37823500000006],[-80.068513,40.376370000000044],[-80.06748100000002,40.37645000000001],[-80.069164,40.37849399999999],[-80.06721500000002,40.379826000000016],[-80.069414,40.3833],[-80.06907800000002,40.38678900000002],[-80.071555,40.38545100000004],[-80.07398500000001,40.38817600000001],[-80.0689,40.38889000000001],[-80.06876,40.39195000000005],[-80.065829,40.393236],[-80.063486,40.39305900000005],[-80.059135,40.39081400000001],[-80.056734,40.39145299999996],[-80.056983,40.392372],[-80.054211,40.392922000000056],[-80.056237,40.39559699999998],[-80.054119,40.39648999999998],[-80.054892,40.40095399999998],[-80.051705,40.40066800000002],[-80.051202,40.40194300000002],[-80.045051,40.399040999999976],[-80.041937,40.39938599999999],[-80.03641600000002,40.40427699999997],[-80.03547100000002,40.40428600000004],[-80.035622,40.401698],[-80.036697,40.400785000000006],[-80.032482,40.40172899999999],[-80.02939,40.39720500000004],[-80.031144,40.39661300000001],[-80.028678,40.391262999999974],[-80.027827,40.39159799999997],[-80.017108,40.38631399999997],[-80.016418,40.38512899999999],[-80.013819,40.386562000000005],[-80.01339,40.383480999999954],[-80.012316,40.38302900000003],[-80.01317400000002,40.38283499999999],[-80.012579,40.38088900000003],[-80.010382,40.380441999999995],[-80.00894800000002,40.38113700000004],[-80.007356,40.38089800000002],[-80.007676,40.38301199999995],[-80.005121,40.38388299999998],[-80.001728,40.37969900000001],[-80.004869,40.37762699999999],[-80.006708,40.37486099999997],[-80.004125,40.373981000000015],[-80.001586,40.37484099999997],[-80.00081,40.37103599999998],[-80.007897,40.36661400000003],[-80.004877,40.36478999999996],[-80.009643,40.360266999999965],[-80.011219,40.362034000000044],[-80.012817,40.36197900000005],[-80.016409,40.358997],[-80.022301,40.35928399999998],[-80.022673,40.35745000000001],[-80.028482,40.35706399999999],[-80.028218,40.35585800000004],[-80.033428,40.35513900000001],[-80.03377,40.35444699999997],[-80.03788,40.353615999999995],[-80.039688,40.351783000000026],[-80.041927,40.35286700000004],[-80.052877,40.350734999999986],[-80.054273,40.34741000000002],[-80.057961,40.34533499999999],[-80.066287,40.338504000000036],[-80.070845,40.330148000000044],[-80.074543,40.32773800000003],[-80.081642,40.32487500000003],[-80.079393,40.328273000000024],[-80.080826,40.32917500000001],[-80.090188,40.32910700000003],[-80.09421200000001,40.33002499999996],[-80.095477,40.333348000000036],[-80.095657,40.33729699999997],[-80.099266,40.338063999999996],[-80.099769,40.33716299999996],[-80.104234,40.33816200000002],[-80.106548,40.33575200000001],[-80.11011300000001,40.33712899999997],[-80.111823,40.33542800000003],[-80.113471,40.331546000000024],[-80.115415,40.33371999999999]]]}},{"type":"Feature","properties":{"district":"62","population":65432,"landAreaSqMi":493.3,"topMunicipalities":[{"name":"White","classCode":"second_class_township","populationShare":0.23361657904389305},{"name":"Indiana","classCode":"borough","populationShare":0.2165607042425724},{"name":"Center","classCode":"second_class_township","populationShare":0.06704670497615843},{"name":"Burrell","classCode":"second_class_township","populationShare":0.053215552023474735},{"name":"Blairsville","classCode":"borough","populationShare":0.04907384765863795}],"topCounties":[{"name":"Indiana","geoid":"42063","populationShare":1.0}],"classShares":{"borough":0.32746973957696535,"second_class_township":0.6725302604230347},"medianIncome":60138,"medianHomeValue":151987,"rentBurdenedPct":43.7,"ownerBurdenedPct":16.5,"permitsPer1kPerYear":0.2,"permits5yrTotal":55,"popChange2020to2024Pct":-0.3,"parentSenateDistricts":[{"district":"41","overlapShareOfHD":1.0000000000000027,"areaShareOfSD":0.23413362524335957}]},"geometry":{"type":"Polygon","coordinates":[[[-79.45981,40.518245000000036],[-79.459045,40.52045700000005],[-79.456545,40.52323700000004],[-79.44964,40.526792000000015],[-79.449055,40.52782899999999],[-79.450176,40.53014900000002],[-79.37783,40.603958999999996],[-79.215235,40.77601600000002],[-79.130531,40.76512200000005],[-79.182229,40.67235900000001],[-79.156441,40.67243599999995],[-79.15823000000002,40.67040700000003],[-79.111333,40.670144000000015],[-79.097418,40.670697000000025],[-79.09687,40.67013800000003],[-79.089658,40.67010500000001],[-79.08913,40.64683799999996],[-79.070194,40.65092199999996],[-79.065468,40.648663999999975],[-79.05426,40.650321000000005],[-79.025554,40.69823700000003],[-79.020098,40.70571099999995],[-79.018803,40.70951500000003],[-78.907679,40.640699999999974],[-78.905181,40.640344],[-78.904284,40.64117400000001],[-78.886028,40.64740199999997],[-78.879634,40.647290000000034],[-78.865668,40.642958999999976],[-78.846607,40.635605],[-78.866495,40.593099999999986],[-78.921923,40.483512],[-78.973814,40.39542099999996],[-78.979165,40.400713000000046],[-78.983362,40.40693100000001],[-78.98887,40.41197400000001],[-78.996637,40.413256000000025],[-79.012357,40.41958100000001],[-79.018848,40.42032199999997],[-79.027837,40.41957400000003],[-79.032607,40.41749900000001],[-79.034262,40.40975399999999],[-79.033043,40.408592000000006],[-79.028154,40.40705600000002],[-79.028031,40.405290000000015],[-79.031898,40.402408000000044],[-79.032998,40.39898299999999],[-79.035001,40.39680899999998],[-79.036328,40.395996],[-79.039835,40.39627299999999],[-79.040521,40.39562999999997],[-79.040582,40.39304900000004],[-79.041963,40.39160800000002],[-79.051885,40.389285999999984],[-79.057531,40.38375299999999],[-79.058882,40.38031999999997],[-79.06368,40.37900100000001],[-79.070831,40.380999000000024],[-79.074483,40.38582000000001],[-79.079506,40.38883000000003],[-79.082965,40.38958199999996],[-79.08661700000002,40.38859200000003],[-79.088312,40.38655300000001],[-79.090527,40.38024300000004],[-79.095563,40.37501699999998],[-79.096769,40.37072500000001],[-79.10065,40.368717000000025],[-79.10418,40.36943600000002],[-79.109309,40.373318],[-79.120692,40.370562],[-79.123839,40.37215700000002],[-79.127454,40.37580000000002],[-79.1288,40.381254999999975],[-79.128458,40.38572399999995],[-79.120828,40.38992800000002],[-79.115339,40.38936700000001],[-79.115994,40.393516],[-79.117,40.39424300000001],[-79.12474900000001,40.39536099999999],[-79.135005,40.39830399999999],[-79.148324,40.39757600000002],[-79.152698,40.39923400000001],[-79.154002,40.40170099999997],[-79.152219,40.405495000000016],[-79.152051,40.40876600000002],[-79.153687,40.410841000000026],[-79.155789,40.41176499999997],[-79.164369,40.410224],[-79.173713,40.41062199999998],[-79.185372,40.414249999999946],[-79.191197,40.41522099999999],[-79.194186,40.41414299999998],[-79.197573,40.411479],[-79.20073,40.410899999999984],[-79.206513,40.415031999999954],[-79.210876,40.42124999999999],[-79.214783,40.42445800000002],[-79.224616,40.42734500000001],[-79.230695,40.430185999999985],[-79.233203,40.43074100000004],[-79.240175,40.429990999999994],[-79.246872,40.43219699999996],[-79.250144,40.42947599999994],[-79.254114,40.422288],[-79.261542,40.417525000000026],[-79.266248,40.41638200000008],[-79.272856,40.41841100000002],[-79.273979,40.42170900000003],[-79.269914,40.426634000000035],[-79.269351,40.42851699999994],[-79.270738,40.43541999999999],[-79.273203,40.43953499999998],[-79.278895,40.441891000000005],[-79.283785,40.44268299999999],[-79.285483,40.44175900000004],[-79.289409,40.43667299999997],[-79.297278,40.434656000000004],[-79.301284,40.43521200000001],[-79.301751,40.439291000000026],[-79.299897,40.44491199999997],[-79.301652,40.44832399999999],[-79.301677,40.45135599999997],[-79.297631,40.455796000000056],[-79.299413,40.46003199999997],[-79.30157,40.46143899999997],[-79.303868,40.461549000000005],[-79.307781,40.46027799999998],[-79.317744,40.45880399999996],[-79.322078,40.45673200000004],[-79.325409,40.45269899999998],[-79.32863,40.45255100000001],[-79.330267,40.45385099999998],[-79.331148,40.46037300000002],[-79.332434,40.46299400000001],[-79.33665100000002,40.466804000000025],[-79.33844,40.469997999999975],[-79.34028000000002,40.470572999999995],[-79.343664,40.46927999999999],[-79.345408,40.467212000000025],[-79.346362,40.45347999999997],[-79.348271,40.452338],[-79.351493,40.45179399999995],[-79.357901,40.45234300000001],[-79.360526,40.45409499999999],[-79.362457,40.46250300000002],[-79.358029,40.470878999999975],[-79.357319,40.475206000000036],[-79.358595,40.47791599999998],[-79.36205600000001,40.478678],[-79.365925,40.47747400000002],[-79.366698,40.47627400000007],[-79.36664,40.46446699999998],[-79.368263,40.459343999999994],[-79.371175,40.455066999999985],[-79.374191,40.453693000000015],[-79.381753,40.452697],[-79.392254,40.45479700000005],[-79.395461,40.457132],[-79.397926,40.46281500000001],[-79.40095600000001,40.46553400000004],[-79.404308,40.47254299999999],[-79.406631,40.474301000000004],[-79.408704,40.47433400000003],[-79.412306,40.47296900000005],[-79.41569,40.47057200000001],[-79.418786,40.469837000000005],[-79.421315,40.47059800000001],[-79.423574,40.47332899999998],[-79.42848,40.48339799999998],[-79.429526,40.488589999999995],[-79.431466,40.489027000000036],[-79.43846,40.486737000000055],[-79.446694,40.48086900000004],[-79.451747,40.48230700000006],[-79.453765,40.48425000000004],[-79.452462,40.48943000000001],[-79.455297,40.496615999999975],[-79.45539,40.50115900000001],[-79.453935,40.50552900000002],[-79.457452,40.511179999999996],[-79.45981,40.518245000000036]]]}},{"type":"Feature","properties":{"district":"44","population":65529,"landAreaSqMi":106.8,"topMunicipalities":[{"name":"Moon","classCode":"second_class_township","populationShare":0.41076469959865114},{"name":"North Fayette","classCode":"second_class_township","populationShare":0.24567748630377353},{"name":"Findlay","classCode":"second_class_township","populationShare":0.09830761952723234},{"name":"Sewickley","classCode":"borough","populationShare":0.05875261334676254},{"name":"Crescent","classCode":"first_class_township","populationShare":0.03525156800805752}],"topCounties":[{"name":"Allegheny","geoid":"42003","populationShare":1.0}],"classShares":{"borough":0.15921195196020088,"first_class_township":0.0860382426101421,"second_class_township":0.754749805429657},"medianIncome":110349,"medianHomeValue":303348,"rentBurdenedPct":34.1,"ownerBurdenedPct":17.3,"permitsPer1kPerYear":3.9,"permits5yrTotal":1291,"popChange2020to2024Pct":-0.1,"parentSenateDistricts":[{"district":"37","overlapShareOfHD":1.0000000000000013,"areaShareOfSD":0.42929912159887595}]},"geometry":{"type":"Polygon","coordinates":[[[-80.360802,40.47773899999996],[-80.27394,40.53958299999997],[-80.227089,40.57415400000002],[-80.22405100000002,40.575268],[-80.22400600000002,40.577329000000006],[-80.222267,40.57797100000004],[-80.220556,40.57990899999995],[-80.218694,40.57966699999996],[-80.21909,40.581956999999996],[-80.214549,40.58081900000004],[-80.212269,40.58214099999997],[-80.211167,40.58497899999998],[-80.208719,40.586588],[-80.208127,40.58799600000001],[-80.204163,40.58856799999997],[-80.202121,40.59093599999999],[-80.198464,40.592655000000015],[-80.194867,40.596775999999984],[-80.187059,40.59609799999999],[-80.184323,40.59692],[-80.185006,40.59802800000001],[-80.188712,40.599753],[-80.183871,40.60130900000002],[-80.184753,40.603584999999974],[-80.180563,40.60734400000001],[-80.180135,40.60947600000003],[-80.177874,40.60948199999999],[-80.176025,40.60811300000002],[-80.173721,40.607705000000024],[-80.171009,40.60799500000003],[-80.169376,40.60661800000005],[-80.16786000000002,40.60687299999998],[-80.165784,40.606030000000004],[-80.160825,40.60949099999998],[-80.158694,40.609281999999986],[-80.158645,40.60524100000002],[-80.13376300000002,40.588241999999994],[-80.13450200000001,40.588226999999996],[-80.113907,40.575460000000014],[-80.113884,40.57051499999998],[-80.116675,40.570456999999976],[-80.113951,40.566789000000014],[-80.113522,40.562274],[-80.115671,40.55285900000002],[-80.120224,40.55095899999999],[-80.122459,40.54884799999998],[-80.120288,40.51313999999997],[-80.137723,40.516329000000034],[-80.147264,40.520403999999935],[-80.15976500000001,40.52323100000003],[-80.171257,40.52739699999999],[-80.178128,40.517856000000045],[-80.176271,40.517581000000014],[-80.173444,40.511915000000045],[-80.174375,40.51052500000001],[-80.173091,40.50991199999998],[-80.171566,40.50974800000002],[-80.172183,40.51085999999999],[-80.161124,40.506224999999986],[-80.150301,40.50355099999996],[-80.14628600000002,40.50688900000001],[-80.144247,40.50383900000001],[-80.141603,40.50284999999998],[-80.141128,40.501507],[-80.141883,40.49915999999995],[-80.144924,40.50129999999999],[-80.147034,40.499478999999994],[-80.148505,40.50013200000003],[-80.153379,40.499233],[-80.155221,40.496771999999964],[-80.154633,40.49544000000004],[-80.151523,40.49485099999995],[-80.149113,40.491721000000055],[-80.153041,40.490394999999985],[-80.152826,40.48534700000001],[-80.154682,40.47905300000004],[-80.156685,40.47557300000001],[-80.155623,40.47422100000005],[-80.152267,40.47361099999998],[-80.151777,40.472725000000004],[-80.1522,40.47221799999995],[-80.15396,40.47265499999998],[-80.156673,40.47078299999996],[-80.156013,40.46622700000002],[-80.160048,40.466585],[-80.16234,40.46400399999997],[-80.15948,40.46040300000002],[-80.160922,40.458633999999996],[-80.162277,40.45872500000001],[-80.161654,40.46134400000005],[-80.168136,40.46247199999998],[-80.169068,40.46156700000005],[-80.167488,40.46009100000002],[-80.168695,40.45895000000006],[-80.172286,40.458288000000024],[-80.172293,40.443659],[-80.171058,40.43992599999997],[-80.171187,40.43716999999999],[-80.17273,40.43552199999999],[-80.168614,40.42766399999998],[-80.168865,40.42375199999998],[-80.167361,40.41820199999999],[-80.16959,40.398937000000004],[-80.170347,40.397864999999975],[-80.171641,40.397944999999986],[-80.172507,40.400919999999964],[-80.173345,40.40126800000002],[-80.177673,40.399572000000006],[-80.182085,40.40315500000003],[-80.181585,40.40347799999996],[-80.184636,40.40643500000005],[-80.188939,40.40310500000004],[-80.193439,40.406346999999975],[-80.197749,40.404729],[-80.19491,40.40315500000003],[-80.19251700000001,40.39952400000004],[-80.18907,40.39721399999994],[-80.189535,40.39604799999999],[-80.19364100000001,40.393688999999995],[-80.198256,40.38963800000001],[-80.202044,40.38910399999997],[-80.204543,40.387848999999974],[-80.20459,40.386971],[-80.206779,40.38531900000003],[-80.209555,40.38483600000002],[-80.209794,40.38377800000002],[-80.211297,40.38356499999996],[-80.213592,40.38072799999999],[-80.214832,40.380641000000004],[-80.216225,40.377524999999984],[-80.21519200000002,40.376675999999975],[-80.215875,40.37539999999998],[-80.218944,40.37312900000003],[-80.222441,40.372517000000045],[-80.22431,40.37290399999997],[-80.226743,40.37218599999998],[-80.227074,40.37141799999993],[-80.228718,40.37444399999999],[-80.229839,40.37413500000004],[-80.23065,40.37658800000004],[-80.234254,40.377500000000005],[-80.234722,40.37550300000003],[-80.360802,40.47773899999996]]]}},{"type":"Feature","properties":{"district":"61","population":65373,"landAreaSqMi":37.0,"topMunicipalities":[{"name":"Towamencin","classCode":"second_class_township","populationShare":0.27503748378441195},{"name":"Upper Gwynedd","classCode":"first_class_township","populationShare":0.2617598121534405},{"name":"Whitpain","classCode":"second_class_township","populationShare":0.2254130663853576},{"name":"Lower Gwynedd","classCode":"second_class_township","populationShare":0.18545909084550663},{"name":"North Wales","classCode":"borough","populationShare":0.05233054683128332}],"topCounties":[{"name":"Montgomery","geoid":"42091","populationShare":1.0}],"classShares":{"borough":0.05233054683128332,"first_class_township":0.2617598121534405,"second_class_township":0.6859096410152762},"medianIncome":130768,"medianHomeValue":497335,"rentBurdenedPct":52.9,"ownerBurdenedPct":19.2,"permitsPer1kPerYear":0.7,"permits5yrTotal":233,"popChange2020to2024Pct":1.4,"parentSenateDistricts":[{"district":"12","overlapShareOfHD":0.5030501813086576,"areaShareOfSD":0.1274177097139054},{"district":"24","overlapShareOfHD":0.49694981869133914,"areaShareOfSD":0.05251877664715549}]},"geometry":{"type":"Polygon","coordinates":[[[-75.385776,40.226369000000005],[-75.336964,40.27363099999999],[-75.297319,40.24964999999999],[-75.303337,40.24342799999997],[-75.29007400000002,40.235166999999954],[-75.291932,40.233233000000006],[-75.280618,40.22650499999997],[-75.27963300000002,40.223004],[-75.277991,40.22345399999998],[-75.27151,40.23055700000001],[-75.269392,40.23052199999999],[-75.267427,40.23185399999997],[-75.195455,40.188210000000005],[-75.218713,40.16535100000001],[-75.220951,40.16810000000005],[-75.226075,40.163065000000046],[-75.227394,40.16385699999997],[-75.231609,40.15972900000002],[-75.227356,40.15663499999998],[-75.260409,40.122001999999966],[-75.287294,40.136981999999975],[-75.288706,40.14222499999998],[-75.288348,40.14500200000003],[-75.275892,40.158309999999986],[-75.30844200000001,40.177994999999974],[-75.293214,40.19314499999999],[-75.330051,40.213765999999985],[-75.355792,40.229202],[-75.369466,40.21686500000004],[-75.385776,40.226369000000005]]]}},{"type":"Feature","properties":{"district":"50","population":66064,"landAreaSqMi":696.3,"topMunicipalities":[{"name":"Franklin","classCode":"second_class_township","populationShare":0.10424739646403496},{"name":"Cumberland","classCode":"second_class_township","populationShare":0.0951198837490917},{"name":"California","classCode":"borough","populationShare":0.07638047953499652},{"name":"Charleroi","classCode":"borough","populationShare":0.06362012593848392},{"name":"Waynesburg","classCode":"borough","populationShare":0.05854928554129328}],"topCounties":[{"name":"Greene","geoid":"42059","populationShare":0.5338005570356018},{"name":"Washington","geoid":"42125","populationShare":0.4661994429643982}],"classShares":{"borough":0.4524703317994673,"first_class_township":0.03139379995156213,"second_class_township":0.5161358682489706},"medianIncome":64113,"medianHomeValue":140606,"rentBurdenedPct":32.8,"ownerBurdenedPct":15.7,"permitsPer1kPerYear":0.6,"permits5yrTotal":210,"popChange2020to2024Pct":-4.7,"parentSenateDistricts":[{"district":"46","overlapShareOfHD":1.000000000000001,"areaShareOfSD":0.4643189651866038}]},"geometry":{"type":"Polygon","coordinates":[[[-80.519342,39.72140300000004],[-80.519031,39.96361199999994],[-80.517436,39.963117999999994],[-80.514683,39.96024199999996],[-80.509882,39.95929900000001],[-80.507725,39.95693299999996],[-80.501356,39.95381200000001],[-80.500403,39.954436000000015],[-80.50133100000001,39.95646199999998],[-80.49976700000002,39.957597999999955],[-80.493003,39.95875500000002],[-80.489802,39.961469],[-80.487995,39.96144300000002],[-80.486781,39.96083],[-80.48669100000001,39.95988399999997],[-80.490567,39.956921999999956],[-80.490082,39.95449899999998],[-80.485515,39.954603999999996],[-80.480116,39.95271600000003],[-80.475277,39.95206499999999],[-80.471533,39.954671],[-80.466605,39.95473600000001],[-80.466115,39.95680300000008],[-80.46982,39.95975400000002],[-80.470289,39.961373000000016],[-80.4636,39.960904999999954],[-80.459145,39.96307200000001],[-80.45869700000002,39.964081000000036],[-80.461053,39.965845],[-80.461532,39.967150999999966],[-80.456381,39.969397000000015],[-80.453551,39.97335199999996],[-80.452451,39.97312200000001],[-80.450996,39.970853],[-80.450911,39.96781000000005],[-80.448711,39.966504],[-80.446975,39.97115199999996],[-80.443677,39.97313899999997],[-80.445412,39.97552800000002],[-80.444187,39.97603599999997],[-80.440202,39.97545899999999],[-80.438907,39.97705500000001],[-80.433595,39.97740399999999],[-80.42976,39.975837],[-80.425379,39.97188000000001],[-80.422367,39.97244600000002],[-80.419952,39.975416000000024],[-80.416846,39.975351000000025],[-80.412921,39.976955000000004],[-80.40671300000001,39.976755999999995],[-80.40168700000001,39.978674999999946],[-80.400047,39.97792699999997],[-80.396475,39.97789000000001],[-80.395778,39.983517000000006],[-80.391202,39.987955],[-80.386581,39.98959399999999],[-80.380821,39.992692999999996],[-80.37950500000001,39.99412500000001],[-80.374634,39.99516800000002],[-80.372275,39.99657200000003],[-80.369073,39.99718900000001],[-80.364001,39.99652499999999],[-80.36084,39.99733699999999],[-80.356317,39.996836000000016],[-80.35432400000002,39.997294],[-80.350566,40.00056200000004],[-80.348248,40.00105299999998],[-80.34406700000001,40.000428],[-80.342332,40.001725000000036],[-80.333041,40.00364000000002],[-80.32980800000001,40.005457000000035],[-80.326797,40.00463699999999],[-80.321914,40.00592200000001],[-80.317484,40.00330399999997],[-80.31256800000001,40.00329300000002],[-80.308854,40.006462999999954],[-80.309899,40.00908399999995],[-80.309,40.01218300000001],[-80.31082,40.01367600000002],[-80.310213,40.01765399999999],[-80.306245,40.01812599999995],[-80.30481300000001,40.019566000000054],[-80.301396,40.02055900000001],[-80.29784000000001,40.02008300000003],[-80.294589,40.018538999999976],[-80.292077,40.020590000000034],[-80.287421,40.019206000000004],[-80.285771,40.016554000000006],[-80.284842,40.01213700000001],[-80.281139,40.01344699999995],[-80.278988,40.01272399999996],[-80.273318,40.01332800000003],[-80.271966,40.007728999999976],[-80.276075,40.00551900000003],[-80.275417,40.00404399999998],[-80.273355,40.00237600000001],[-80.271974,40.003111000000025],[-80.269261,40.002849],[-80.265877,40.001617999999986],[-80.263703,40.001899999999985],[-80.262601,40.00319200000005],[-80.259883,40.00400999999997],[-80.25664700000002,40.00308599999998],[-80.252936,40.005183999999986],[-80.251755,40.00778300000001],[-80.2443,40.007045000000026],[-80.2421,40.009167000000005],[-80.240138,40.00947599999998],[-80.230344,40.00748500000001],[-80.226427,40.00775600000001],[-80.22281,40.00466200000003],[-80.214792,40.00280400000002],[-80.212657,40.002907000000036],[-80.20845300000002,40.005096000000016],[-80.204503,40.003336000000004],[-80.200601,40.00306999999997],[-80.197132,40.004802],[-80.19389,40.00491299999999],[-80.19047,40.00176400000004],[-80.187751,40.003302000000005],[-80.186485,40.00265999999998],[-80.182587,40.00309099999998],[-80.181172,40.006694000000024],[-80.175921,40.00813800000003],[-80.171787,40.00545],[-80.169479,40.006263],[-80.160456,40.00333900000002],[-80.15733900000001,39.999580999999985],[-80.15298300000002,40.001463000000015],[-80.151745,40.003432],[-80.147644,40.005855999999994],[-80.145512,40.01050099999998],[-80.143306,40.01176800000004],[-80.13926,40.011288000000015],[-80.134187,40.01264400000002],[-80.12969700000001,40.011488],[-80.127197,40.012440999999974],[-80.125205,40.015001999999974],[-80.12962,40.01736799999997],[-80.125385,40.020589],[-80.131004,40.02203699999996],[-80.133105,40.02443699999998],[-80.137648,40.02681500000003],[-80.139857,40.03098200000002],[-80.137803,40.03465100000004],[-80.140232,40.03869999999994],[-80.143931,40.041923999999945],[-80.14478,40.04448900000003],[-80.144107,40.04743799999997],[-80.145131,40.04976799999998],[-80.141447,40.05297400000007],[-80.145166,40.05377400000001],[-80.146682,40.05540100000001],[-80.143518,40.05686799999997],[-80.143606,40.057583000000015],[-80.145801,40.059011999999974],[-80.149564,40.058937000000014],[-80.154803,40.06019300000006],[-80.161351,40.06336499999997],[-80.168202,40.06790400000006],[-80.168632,40.070102],[-80.171805,40.07275800000001],[-80.170211,40.07897800000001],[-80.168231,40.07948799999997],[-80.168947,40.080810999999976],[-80.166916,40.08338599999999],[-80.166337,40.086718999999974],[-80.160351,40.09376799999999],[-80.158369,40.098275],[-80.156431,40.09957600000004],[-80.156642,40.10147400000003],[-80.155591,40.103648],[-80.152472,40.106767999999974],[-80.1506,40.110754],[-80.147343,40.112832],[-80.145976,40.115512999999986],[-80.140127,40.12158999999999],[-80.138286,40.124196999999974],[-80.13827,40.125894000000024],[-80.133025,40.13198699999997],[-80.133319,40.135265000000004],[-80.131983,40.138265999999994],[-80.132182,40.14339500000002],[-80.130902,40.14932799999998],[-80.129434,40.14949799999999],[-80.119941,40.144407999999956],[-80.118179,40.14519],[-80.116584,40.14404099999994],[-80.112149,40.14568200000004],[-80.1061,40.13772199999997],[-80.09408100000002,40.134406999999996],[-80.062384,40.10356],[-80.057792,40.10231200000001],[-80.05915700000001,40.09918799999994],[-80.058335,40.098234000000005],[-80.059392,40.09781600000002],[-80.039888,40.07289800000002],[-80.037242,40.07395099999998],[-80.030515,40.09004999999997],[-80.026653,40.090647999999995],[-80.021588,40.093964],[-80.021006,40.09733599999999],[-80.028129,40.10560999999999],[-80.02796700000002,40.109032000000035],[-80.029935,40.10928799999994],[-80.029023,40.113367999999966],[-80.026655,40.11380000000004],[-80.028655,40.116646999999986],[-80.027311,40.11738299999999],[-80.025022,40.11547999999997],[-80.023358,40.11543199999998],[-80.021852,40.11775599999998],[-80.026363,40.123503],[-80.026361,40.127855000000004],[-80.022083,40.12800399999999],[-80.019566,40.127335000000016],[-80.015614,40.13192700000004],[-80.007694,40.13146299999999],[-80.00691300000001,40.13362599999997],[-80.00439,40.132747999999964],[-79.995116,40.141126],[-79.991194,40.14155200000006],[-79.989914,40.13965299999999],[-79.990874,40.13827700000004],[-79.99585100000002,40.13718799999998],[-79.992091,40.131247],[-79.995068,40.126151],[-79.98866800000002,40.12066400000001],[-79.98678,40.12116000000004],[-79.984445,40.11818399999995],[-79.984413,40.115384],[-79.988871,40.111911],[-79.978696,40.11282300000002],[-79.976854,40.11367500000005],[-79.947114,40.10574500000002],[-79.90137,40.10160799999997],[-79.904083,40.12922799999997],[-79.906476,40.137965999999984],[-79.912122,40.14435899999997],[-79.913564,40.153256999999975],[-79.90953,40.15499899999993],[-79.904874,40.15480699999996],[-79.902074,40.148646999999976],[-79.892089,40.139528],[-79.888777,40.13264799999999],[-79.886649,40.13021600000001],[-79.874009,40.125719999999966],[-79.860056,40.11883999999995],[-79.85384800000001,40.11675999999996],[-79.850088,40.11396000000001],[-79.839047,40.09164100000004],[-79.839863,40.08786500000001],[-79.844295,40.08234500000003],[-79.849367,40.07954499999999],[-79.864392,40.075305000000036],[-79.870248,40.07517699999998],[-79.880473,40.078889000000004],[-79.891705,40.08036099999996],[-79.89730500000002,40.079528999999965],[-79.89999300000001,40.07810500000004],[-79.901786,40.076008999999985],[-79.90153000000001,40.07359300000002],[-79.898489,40.071273000000005],[-79.885113,40.06855299999995],[-79.881193,40.066520999999995],[-79.879401,40.064408999999976],[-79.878969,40.06178499999999],[-79.879897,40.059177000000034],[-79.890441,40.051208999999965],[-79.891913,40.04820100000001],[-79.890873,40.04588099999999],[-79.888057,40.04324100000005],[-79.877048,40.03682600000004],[-79.876216,40.033753999999995],[-79.879992,40.02828199999999],[-79.885246,40.024635000000046],[-79.889954,40.02246200000002],[-79.909962,40.022025999999975],[-79.91432,40.02103700000003],[-79.924844,40.01612399999996],[-79.929786,40.011745000000005],[-79.934523,39.99962599999994],[-79.938331,39.997177999999984],[-79.946732,39.99425000000001],[-79.951004,39.994154000000016],[-79.95462,39.995274000000016],[-79.95902,40.000026],[-79.963198,40.007967000000015],[-79.96935,40.013116999999966],[-79.974622,40.013860000000015],[-79.985167,40.013100999999956],[-79.988232,40.01190600000001],[-79.993566,40.009128999999994],[-79.995726,40.00509699999999],[-79.99430200000002,39.99720899999999],[-79.990782,39.988090000000014],[-79.991374,39.985545999999964],[-79.993374,39.98397799999995],[-79.999839,39.982874000000024],[-80.005855,39.98020200000001],[-80.009135,39.977146],[-80.01046300000002,39.97396200000001],[-80.010368,39.962282000000016],[-80.009344,39.95879400000001],[-80.006272,39.95564199999998],[-79.998816,39.950889999999994],[-79.995072,39.949514000000015],[-79.99068700000001,39.94976999999997],[-79.978639,39.95409000000004],[-79.971838,39.95538599999997],[-79.965134,39.95514599999998],[-79.957246,39.95327400000003],[-79.952125,39.950569999999956],[-79.943757,39.94401099999998],[-79.932413,39.930730999999966],[-79.925597,39.92479499999997],[-79.923069,39.920986999999975],[-79.923325,39.91773899999994],[-79.928734,39.90996299999999],[-79.92940600000001,39.905675],[-79.92843,39.902283],[-79.923358,39.89327500000001],[-79.91627,39.88346800000001],[-79.915358,39.87961199999999],[-79.917311,39.87623599999998],[-79.927675,39.871976000000004],[-79.930276,39.869275999999985],[-79.930276,39.86617600000002],[-79.924777,39.85878300000003],[-79.92465,39.85505600000001],[-79.930376,39.85097600000002],[-79.936108,39.84813599999992],[-79.938377,39.846176000000014],[-79.938577,39.84487599999996],[-79.937477,39.842476000000026],[-79.935877,39.841376000000004],[-79.928177,39.83987599999994],[-79.924376,39.83817599999999],[-79.921716,39.831323999999995],[-79.920643,39.81341500000004],[-79.910177,39.79957700000003],[-79.908577,39.793477000000024],[-79.909478,39.791077000000044],[-79.913978,39.78797700000002],[-79.920083,39.78667600000001],[-79.930584,39.785875000000004],[-79.932475,39.78488099999998],[-79.934411,39.78127699999998],[-79.932978,39.77120300000002],[-79.93468,39.76467700000001],[-79.93078,39.75787700000001],[-79.92748,39.75537800000002],[-79.92248000000001,39.753477000000025],[-79.913079,39.75167699999996],[-79.90717900000001,39.747477999999994],[-79.903379,39.74297799999998],[-79.903919,39.73780899999999],[-79.906174,39.73339400000003],[-79.91628000000001,39.72077699999996],[-80.249514,39.72100199999997],[-80.519342,39.72140300000004]]]}},{"type":"Feature","properties":{"district":"88","population":64255,"landAreaSqMi":27.5,"topMunicipalities":[{"name":"Hampden","classCode":"first_class_township","populationShare":0.5229466039454987},{"name":"Lower Allen","classCode":"first_class_township","populationShare":0.18450086165275384},{"name":"Mechanicsburg","classCode":"borough","populationShare":0.14839282985001925},{"name":"New Cumberland","classCode":"borough","populationShare":0.11720465669643365},{"name":"Shiremanstown","classCode":"borough","populationShare":0.02695504785529454}],"topCounties":[{"name":"Cumberland","geoid":"42041","populationShare":1.0}],"classShares":{"borough":0.2925525344017475,"first_class_township":0.7074474655982526},"medianIncome":95031,"medianHomeValue":274679,"rentBurdenedPct":38.4,"ownerBurdenedPct":14.9,"permitsPer1kPerYear":4.3,"permits5yrTotal":1392,"popChange2020to2024Pct":6.4,"parentSenateDistricts":[{"district":"34","overlapShareOfHD":0.6312683460880663,"areaShareOfSD":0.013309138508216481},{"district":"31","overlapShareOfHD":0.36873165391193613,"areaShareOfSD":0.03085765986062904}]},"geometry":{"type":"Polygon","coordinates":[[[-77.032245,40.210764],[-77.031229,40.21654099999995],[-77.027604,40.216974999999955],[-77.027236,40.21435599999996],[-77.025995,40.21366400000001],[-77.025954,40.215723999999994],[-77.013673,40.21917300000001],[-77.01374,40.22099699999999],[-77.011917,40.22389599999998],[-77.007934,40.22430999999998],[-77.006758,40.233351000000006],[-77.007497,40.23716300000002],[-77.006898,40.23651899999995],[-77.004838,40.23747199999997],[-77.004817,40.239701999999966],[-77.006833,40.24069500000001],[-77.006965,40.24320100000002],[-77.005166,40.243714000000004],[-77.005064,40.24720399999998],[-77.007743,40.25262599999997],[-77.014719,40.30472799999998],[-76.976861,40.309857],[-76.959181,40.280285999999975],[-76.954737,40.26924299999998],[-76.944506,40.25044899999998],[-76.942784,40.24289400000007],[-76.940147,40.236468000000016],[-76.944473,40.23494399999998],[-76.942306,40.23053999999999],[-76.937628,40.23225200000004],[-76.936465,40.22889099999999],[-76.918174,40.23277800000002],[-76.907115,40.23832900000001],[-76.90621900000001,40.23779399999994],[-76.906553,40.23696000000003],[-76.9094,40.23517700000002],[-76.895933,40.23547099999999],[-76.892701,40.234575999999976],[-76.878871,40.243999999999964],[-76.866473,40.23115700000003],[-76.858633,40.22620900000005],[-76.861942,40.22291199999998],[-76.860961,40.21919199999998],[-76.865024,40.21823700000001],[-76.866719,40.21609799999996],[-76.872744,40.21562500000004],[-76.877498,40.217834000000025],[-76.879784,40.21782500000002],[-76.883055,40.216211999999985],[-76.884482,40.214521999999995],[-76.888215,40.21366400000001],[-76.889704,40.213874000000004],[-76.891586,40.21558999999997],[-76.893123,40.21928300000001],[-76.896961,40.22466600000002],[-76.900493,40.22342000000002],[-76.901149,40.22430299999999],[-76.902886,40.224602999999995],[-76.904313,40.22351400000001],[-76.903321,40.22110400000003],[-76.89964000000002,40.21740599999997],[-76.898676,40.214632000000016],[-76.899978,40.212188000000005],[-76.900921,40.211784000000016],[-76.902223,40.21246299999992],[-76.903356,40.216115999999985],[-76.905389,40.21732499999996],[-76.907465,40.214729999999996],[-76.90615200000002,40.21160400000001],[-76.906468,40.209600000000016],[-76.910063,40.20831299999999],[-76.911321,40.20481900000003],[-76.913053,40.20464800000001],[-76.914916,40.205939999999956],[-76.91487,40.20871699999999],[-76.917853,40.21037799999996],[-76.921683,40.20886700000004],[-76.923962,40.205485000000024],[-76.923579,40.203758000000015],[-76.925795,40.202750999999985],[-76.926755,40.20289200000005],[-76.928145,40.20520999999999],[-76.934582,40.20623800000002],[-76.940572,40.216455],[-76.94069,40.218979999999995],[-76.965019,40.20453200000001],[-76.976585,40.211832],[-76.98314300000001,40.20901599999997],[-76.984435,40.211184999999986],[-76.987498,40.209886000000026],[-76.9863,40.20759800000001],[-76.986705,40.204344999999975],[-76.98491,40.19966199999999],[-76.985664,40.199158],[-76.990209,40.201515],[-76.99054400000001,40.20274000000006],[-76.996998,40.199967999999984],[-77.000087,40.20352399999999],[-76.996424,40.205049],[-76.997719,40.207540000000016],[-77.019328,40.20138000000003],[-77.022499,40.20912299999999],[-77.030743,40.20867899999998],[-77.032245,40.210764]]]}},{"type":"Feature","properties":{"district":"51","population":63708,"landAreaSqMi":362.6,"topMunicipalities":[{"name":"North Union","classCode":"second_class_township","populationShare":0.1834934388145916},{"name":"South Union","classCode":"second_class_township","populationShare":0.16784391285238887},{"name":"Uniontown","classCode":"third_class_city","populationShare":0.1541250706347713},{"name":"Georges","classCode":"second_class_township","populationShare":0.09844917435800846},{"name":"German","classCode":"second_class_township","populationShare":0.07228291580335275}],"topCounties":[{"name":"Fayette","geoid":"42051","populationShare":1.0}],"classShares":{"borough":0.11223080303886483,"second_class_township":0.7336441263263638,"third_class_city":0.1541250706347713},"medianIncome":60347,"medianHomeValue":148173,"rentBurdenedPct":36.9,"ownerBurdenedPct":19.8,"permitsPer1kPerYear":0.8,"permits5yrTotal":246,"popChange2020to2024Pct":-3.7,"parentSenateDistricts":[{"district":"32","overlapShareOfHD":0.9999999999999997,"areaShareOfSD":0.12622370357440585}]},"geometry":{"type":"Polygon","coordinates":[[[-79.938577,39.845476000000005],[-79.936108,39.84813599999992],[-79.930376,39.85097600000002],[-79.92465,39.85505600000001],[-79.924777,39.85878300000003],[-79.930276,39.86617600000002],[-79.930276,39.869275999999985],[-79.927675,39.871976000000004],[-79.917311,39.87623599999998],[-79.915358,39.87961199999999],[-79.916654,39.88417200000003],[-79.921022,39.889404],[-79.928702,39.903098999999976],[-79.929598,39.907738999999964],[-79.925614,39.91476299999998],[-79.92181,39.91334700000001],[-79.919104,39.91318599999996],[-79.916154,39.914374000000024],[-79.914284,39.916481999999995],[-79.904226,39.917754999999985],[-79.893574,39.92971599999996],[-79.882369,39.92930099999998],[-79.851382,39.93341400000002],[-79.84996,39.93291000000002],[-79.849157,39.934140000000035],[-79.85018,39.935698],[-79.848901,39.938776999999995],[-79.84290600000001,39.94077999999998],[-79.83118,39.94296600000004],[-79.825941,39.942038999999994],[-79.822626,39.95121799999998],[-79.823178,39.95203200000001],[-79.820724,39.95568300000002],[-79.819605,39.96063300000001],[-79.810751,39.96533700000002],[-79.799942,39.987655999999994],[-79.793758,39.99059399999998],[-79.792377,39.99196399999998],[-79.792337,39.99128900000001],[-79.788244,39.997968999999976],[-79.78509700000001,39.99731400000001],[-79.782027,39.99861500000002],[-79.781039,39.99781799999997],[-79.78020000000001,39.991904999999974],[-79.777868,39.99038700000005],[-79.774812,39.99046899999999],[-79.774467,39.99280299999999],[-79.771041,39.99233400000001],[-79.765845,39.99280299999999],[-79.76606,39.98981099999999],[-79.767446,39.987443999999996],[-79.766389,39.98356100000002],[-79.764334,39.98069900000004],[-79.76433800000001,39.97816400000004],[-79.765795,39.97609099999996],[-79.762032,39.97377200000004],[-79.754322,39.97501200000001],[-79.752636,39.97334199999997],[-79.755509,39.96997299999998],[-79.75508,39.96897499999999],[-79.747541,39.96934900000002],[-79.746375,39.96857399999999],[-79.745191,39.963500999999994],[-79.746742,39.96201300000002],[-79.75033,39.96135999999997],[-79.748712,39.95888199999997],[-79.746116,39.95823000000003],[-79.746066,39.95694899999998],[-79.743187,39.95629300000003],[-79.74358,39.955368],[-79.746203,39.954221000000004],[-79.74512,39.95308200000004],[-79.736815,39.95291499999995],[-79.730768,39.95134399999997],[-79.729707,39.95195500000001],[-79.72929,39.951320000000024],[-79.728297,39.95300000000003],[-79.724148,39.95554799999997],[-79.71046,39.962566000000024],[-79.70293,39.95843999999996],[-79.698376,39.958207000000016],[-79.680274,39.9583],[-79.673982,39.96181899999999],[-79.66523,39.959890000000016],[-79.652711,39.952798000000044],[-79.643113,39.94890900000001],[-79.642314,39.94967200000002],[-79.642267,39.948598],[-79.634232,39.94459399999999],[-79.628475,39.93722299999996],[-79.628022,39.93557499999998],[-79.629936,39.93308799999997],[-79.63087,39.929770000000005],[-79.62804,39.93061999999999],[-79.62578,39.92951000000002],[-79.62323,39.92258],[-79.62409,39.92085000000001],[-79.62775,39.91885000000001],[-79.62944,39.914159999999995],[-79.63403,39.91011000000001],[-79.63474,39.90726000000002],[-79.63629,39.90564000000003],[-79.63472,39.90134000000003],[-79.633649,39.90029099999999],[-79.595773,39.90066499999996],[-79.566775,39.863063999999994],[-79.565472,39.863137999999985],[-79.565247,39.86112299999999],[-79.538047,39.82586999999995],[-79.533186,39.82466700000004],[-79.530011,39.825141000000066],[-79.522627,39.82825900000005],[-79.519891,39.830631],[-79.513484,39.83271499999999],[-79.510157,39.83225800000001],[-79.509492,39.83314299999997],[-79.486812,39.822593000000055],[-79.441791,39.824244],[-79.44239,39.824630000000006],[-79.43967,39.82651999999999],[-79.417285,39.85445100000003],[-79.416758,39.85307600000001],[-79.409782,39.84929799999998],[-79.39365800000002,39.84347599999999],[-79.389589,39.83963599999999],[-79.381956,39.83686099999996],[-79.381159,39.834782],[-79.383196,39.828826000000014],[-79.382068,39.82708199999996],[-79.373333,39.82776700000006],[-79.369107,39.824670999999974],[-79.365695,39.82054600000001],[-79.365505,39.81375299999998],[-79.363957,39.80677700000002],[-79.368849,39.80145800000001],[-79.368949,39.798266000000005],[-79.367057,39.79327700000001],[-79.365257,39.790077000000004],[-79.362557,39.78847700000001],[-79.352857,39.78837700000005],[-79.351257,39.786577000000015],[-79.354457,39.782476999999986],[-79.358557,39.781377000000006],[-79.361657,39.78367699999997],[-79.370457,39.78587699999999],[-79.376157,39.78917700000003],[-79.380058,39.790077000000004],[-79.381658,39.784377000000006],[-79.383058,39.782476999999965],[-79.384558,39.782277000000036],[-79.391458,39.784377000000035],[-79.39495800000002,39.78337700000004],[-79.39495800000002,39.78167699999998],[-79.391658,39.777977],[-79.380258,39.77317700000005],[-79.378658,39.768877000000025],[-79.380458,39.76617700000002],[-79.386258,39.76187699999999],[-79.398558,39.75827699999994],[-79.399658,39.75437700000005],[-79.394158,39.747277000000004],[-79.394058,39.743277],[-79.398259,39.74257699999996],[-79.40435900000001,39.742977],[-79.407959,39.741977000000034],[-79.409359,39.739477],[-79.409959,39.73497800000001],[-79.406159,39.73357800000005],[-79.401959,39.73417799999999],[-79.398659,39.73317800000002],[-79.396859,39.73407800000003],[-79.392659,39.73267799999996],[-79.389459,39.72707799999999],[-79.39014500000002,39.72417],[-79.392459,39.72157799999998],[-79.548465,39.720777999999996],[-79.583866,39.72127700000005],[-79.66737,39.72077699999996],[-79.916263,39.72077400000002],[-79.906174,39.73339400000003],[-79.903919,39.73780899999999],[-79.903379,39.74297799999998],[-79.90717900000001,39.747477999999994],[-79.913079,39.75167699999996],[-79.92248000000001,39.753477000000025],[-79.92748,39.75537800000002],[-79.93078,39.75787700000001],[-79.93468,39.76467700000001],[-79.932978,39.77120300000002],[-79.934411,39.78127699999998],[-79.932475,39.78488099999998],[-79.930584,39.785875000000004],[-79.920083,39.78667600000001],[-79.913978,39.78797700000002],[-79.909478,39.791077000000044],[-79.908577,39.793477000000024],[-79.910177,39.79957700000003],[-79.920643,39.81341500000004],[-79.921716,39.831323999999995],[-79.924376,39.83817599999999],[-79.926777,39.839476000000005],[-79.933277,39.84047600000005],[-79.936477,39.841676000000035],[-79.938477,39.843976000000005],[-79.938577,39.845476000000005]]]}},{"type":"Feature","properties":{"district":"45","population":65010,"landAreaSqMi":43.0,"topMunicipalities":[{"name":"Robinson","classCode":"first_class_township","populationShare":0.2377018920166131},{"name":"Collier","classCode":"first_class_township","populationShare":0.13704045531456696},{"name":"Kennedy","classCode":"first_class_township","populationShare":0.13193354868481785},{"name":"Carnegie","classCode":"borough","populationShare":0.12328872481156737},{"name":"Stowe","classCode":"first_class_township","populationShare":0.09729272419627737}],"topCounties":[{"name":"Allegheny","geoid":"42003","populationShare":1.0}],"classShares":{"borough":0.3801722811875094,"first_class_township":0.6198277188124907},"medianIncome":76492,"medianHomeValue":213505,"rentBurdenedPct":36.7,"ownerBurdenedPct":18.9,"permitsPer1kPerYear":2.5,"permits5yrTotal":818,"popChange2020to2024Pct":-1.9,"parentSenateDistricts":[{"district":"37","overlapShareOfHD":0.7099720214731167,"areaShareOfSD":0.1255057164343536},{"district":"42","overlapShareOfHD":0.29002797852688605,"areaShareOfSD":0.21493228583308915}]},"geometry":{"type":"Polygon","coordinates":[[[-80.178128,40.517856000000045],[-80.171257,40.52739699999999],[-80.15976500000001,40.52323100000003],[-80.147264,40.520403999999935],[-80.13418,40.51534199999999],[-80.110044,40.511090999999986],[-80.09163000000001,40.50384599999998],[-80.07779500000001,40.500184000000026],[-80.063596,40.488931999999984],[-80.051722,40.48128699999995],[-80.048476,40.4773],[-80.046841,40.47239499999998],[-80.050265,40.46928099999999],[-80.051178,40.46559899999999],[-80.058134,40.46342900000002],[-80.060835,40.464183999999975],[-80.068551,40.460786999999996],[-80.072334,40.46137400000001],[-80.076265,40.46455799999999],[-80.078059,40.46468399999999],[-80.083157,40.45960500000001],[-80.09345700000002,40.45982300000003],[-80.09523,40.45910300000005],[-80.0945,40.45133099999996],[-80.093256,40.450744999999976],[-80.090713,40.45142099999998],[-80.089517,40.45042700000001],[-80.091024,40.44904999999998],[-80.090165,40.444162],[-80.084068,40.441928999999995],[-80.082883,40.44043699999998],[-80.080375,40.43963699999998],[-80.086361,40.439569999999975],[-80.086005,40.438354999999994],[-80.089565,40.43627800000001],[-80.091229,40.437088],[-80.092724,40.43234500000001],[-80.090384,40.430924000000054],[-80.092338,40.428464999999974],[-80.095276,40.42998900000002],[-80.096479,40.42126199999999],[-80.09943,40.421272999999964],[-80.09883,40.41816200000001],[-80.092073,40.42019999999999],[-80.089346,40.41843800000001],[-80.088463,40.41888500000004],[-80.085948,40.41695000000003],[-80.084422,40.417505],[-80.079472,40.41481999999998],[-80.079056,40.413578000000015],[-80.080984,40.412796],[-80.070257,40.406397],[-80.067424,40.400976999999976],[-80.069667,40.39856200000002],[-80.079881,40.39987200000003],[-80.079913,40.399218000000005],[-80.08668,40.398683],[-80.086979,40.40325800000003],[-80.090585,40.40144400000001],[-80.09854,40.39997600000004],[-80.100167,40.397838000000036],[-80.100503,40.395055999999975],[-80.099103,40.39389100000002],[-80.097455,40.387860999999994],[-80.099278,40.38641100000002],[-80.099678,40.384697000000024],[-80.098512,40.38429899999999],[-80.095146,40.38520200000001],[-80.092147,40.38453600000003],[-80.094372,40.37808000000001],[-80.098205,40.37403199999998],[-80.094766,40.36913799999995],[-80.09429600000001,40.36554899999999],[-80.09776200000002,40.35752600000001],[-80.099032,40.35758299999999],[-80.087691,40.35238700000006],[-80.090229,40.35043099999992],[-80.095619,40.35326499999998],[-80.098812,40.349577999999944],[-80.106111,40.34885399999998],[-80.10802700000002,40.35141800000003],[-80.110129,40.351565000000036],[-80.110861,40.35310599999999],[-80.117613,40.357902999999965],[-80.119926,40.358263],[-80.120637,40.35958500000001],[-80.11997800000002,40.367934999999974],[-80.12222200000001,40.37031799999998],[-80.119675,40.372285999999995],[-80.12429000000002,40.37305000000001],[-80.129791,40.37203099999992],[-80.138737,40.37677899999999],[-80.150394,40.37961600000003],[-80.157222,40.380271],[-80.168675,40.383762999999995],[-80.170105,40.39072600000004],[-80.167361,40.41820199999999],[-80.168865,40.42375199999998],[-80.168614,40.42766399999998],[-80.17273,40.43552199999999],[-80.171187,40.43716999999999],[-80.171058,40.43992599999997],[-80.172293,40.443659],[-80.172286,40.458288000000024],[-80.168695,40.45895000000006],[-80.167488,40.46009100000002],[-80.169068,40.46156700000005],[-80.168136,40.46247199999998],[-80.161654,40.46134400000005],[-80.162277,40.45872500000001],[-80.160922,40.458633999999996],[-80.15948,40.46040300000002],[-80.16234,40.46400399999997],[-80.160048,40.466585],[-80.156013,40.46622700000002],[-80.156673,40.47078299999996],[-80.15396,40.47265499999998],[-80.1522,40.47221799999995],[-80.151777,40.472725000000004],[-80.152267,40.47361099999998],[-80.155623,40.47422100000005],[-80.156685,40.47557300000001],[-80.154682,40.47905300000004],[-80.152826,40.48534700000001],[-80.153041,40.490394999999985],[-80.149113,40.491721000000055],[-80.151523,40.49485099999995],[-80.154633,40.49544000000004],[-80.155221,40.496771999999964],[-80.153379,40.499233],[-80.148505,40.50013200000003],[-80.147034,40.499478999999994],[-80.144924,40.50129999999999],[-80.141883,40.49915999999995],[-80.141128,40.501507],[-80.141603,40.50284999999998],[-80.144247,40.50383900000001],[-80.14628600000002,40.50688900000001],[-80.150301,40.50355099999996],[-80.161124,40.506224999999986],[-80.172183,40.51085999999999],[-80.171566,40.50974800000002],[-80.173091,40.50991199999998],[-80.174375,40.51052500000001],[-80.173444,40.511915000000045],[-80.176271,40.517581000000014],[-80.178128,40.517856000000045]]]}},{"type":"Feature","properties":{"district":"56","population":65469,"landAreaSqMi":58.4,"topMunicipalities":[{"name":"North Huntingdon","classCode":"first_class_township","populationShare":0.37213210269431957},{"name":"Penn","classCode":"first_class_township","populationShare":0.31071105840977353},{"name":"Jeannette","classCode":"third_class_city","populationShare":0.1331771565369588},{"name":"Irwin","classCode":"borough","populationShare":0.0589895835010591},{"name":"Manor","classCode":"borough","populationShare":0.05422398276249615}],"topCounties":[{"name":"Westmoreland","geoid":"42129","populationShare":1.0}],"classShares":{"borough":0.1839796823589481,"first_class_township":0.6828431611040932,"third_class_city":0.1331771565369588},"medianIncome":91841,"medianHomeValue":219140,"rentBurdenedPct":35.9,"ownerBurdenedPct":14.9,"permitsPer1kPerYear":2.5,"permits5yrTotal":833,"popChange2020to2024Pct":0.5,"parentSenateDistricts":[{"district":"39","overlapShareOfHD":0.9999999999999992,"areaShareOfSD":0.09635552868579896}]},"geometry":{"type":"Polygon","coordinates":[[[-79.781991,40.32382100000006],[-79.771082,40.375418999999994],[-79.76561,40.38447099999995],[-79.764571,40.38384000000001],[-79.7637,40.38526499999996],[-79.764638,40.390317000000024],[-79.762068,40.392767999999975],[-79.760548,40.39285900000001],[-79.754625,40.38882900000002],[-79.751097,40.38844399999994],[-79.750316,40.39139599999998],[-79.747829,40.39087100000002],[-79.744634,40.39616300000002],[-79.741905,40.39689300000001],[-79.739995,40.395498999999994],[-79.738677,40.39552800000004],[-79.738177,40.39854399999998],[-79.73583300000001,40.39950300000001],[-79.734759,40.39783299999998],[-79.732523,40.399599000000016],[-79.732162,40.40611800000003],[-79.729838,40.40880799999999],[-79.723319,40.40827100000002],[-79.722151,40.40909800000002],[-79.715591,40.40563500000003],[-79.7104,40.40556500000001],[-79.708472,40.404513999999985],[-79.707859,40.40290300000004],[-79.704904,40.401637000000015],[-79.701797,40.40154799999998],[-79.697868,40.399360999999985],[-79.696775,40.39766199999999],[-79.694174,40.396962000000045],[-79.691305,40.39763399999998],[-79.686622,40.40278700000004],[-79.677273,40.40334199999999],[-79.672165,40.401074999999935],[-79.655689,40.399372000000014],[-79.624332,40.402298000000016],[-79.609555,40.405700999999965],[-79.60482000000002,40.40203000000003],[-79.596007,40.39873299999998],[-79.588457,40.38730199999995],[-79.578234,40.37465699999999],[-79.571167,40.37514300000002],[-79.575326,40.37195799999997],[-79.581333,40.36224499999997],[-79.578739,40.35276400000006],[-79.572612,40.353982],[-79.577521,40.34651099999996],[-79.583584,40.34541199999997],[-79.586783,40.34156400000002],[-79.589517,40.33972400000001],[-79.592714,40.33308300000002],[-79.592993,40.330274999999986],[-79.594672,40.330083999999964],[-79.59663100000002,40.33088699999999],[-79.598101,40.32860299999998],[-79.601164,40.32738800000002],[-79.603539,40.32830899999999],[-79.60722,40.32810999999999],[-79.611399,40.325385999999995],[-79.607912,40.32257800000001],[-79.608529,40.321964000000015],[-79.603607,40.31965199999995],[-79.604537,40.318418000000044],[-79.607498,40.317459000000035],[-79.602625,40.31595999999998],[-79.601922,40.313204000000006],[-79.604602,40.31226699999993],[-79.604986,40.311381999999995],[-79.61288,40.310364000000035],[-79.614321,40.31249999999997],[-79.617723,40.31307900000003],[-79.617661,40.31388299999996],[-79.619255,40.31291199999999],[-79.618586,40.315738000000046],[-79.623872,40.31599400000002],[-79.62081,40.31930000000002],[-79.62994,40.323699999999995],[-79.628791,40.32532799999997],[-79.630577,40.32659399999999],[-79.630145,40.328681000000024],[-79.632656,40.32999099999995],[-79.639098,40.32774499999998],[-79.64232,40.32762300000003],[-79.646081,40.32637100000002],[-79.648477,40.32662500000003],[-79.648921,40.32803799999998],[-79.647549,40.330130000000025],[-79.650198,40.33458900000002],[-79.65267,40.33536099999998],[-79.654651,40.33241600000001],[-79.658828,40.334143999999995],[-79.659679,40.33654400000002],[-79.66473900000001,40.334171999999974],[-79.664928,40.331544],[-79.665937,40.33113899999996],[-79.66528,40.31906100000003],[-79.667985,40.311903],[-79.671031,40.31291300000004],[-79.673998,40.312957000000026],[-79.674504,40.31055700000001],[-79.680242,40.306744999999985],[-79.695136,40.29184300000002],[-79.70440900000001,40.29134699999997],[-79.716457,40.293245000000034],[-79.71643,40.29587999999999],[-79.71159,40.29568000000004],[-79.71186,40.30253000000001],[-79.71092,40.307499999999976],[-79.71323,40.30610000000004],[-79.72052,40.30515000000001],[-79.72274,40.307389999999984],[-79.72855,40.30969000000001],[-79.72935,40.314799999999984],[-79.73072,40.31706000000004],[-79.73331,40.31846],[-79.73347,40.32142000000002],[-79.73742,40.319459999999985],[-79.73929,40.31595999999997],[-79.74558,40.31998000000006],[-79.74647,40.31900000000002],[-79.74845,40.319129999999944],[-79.74954,40.31817999999998],[-79.74838,40.316119999999984],[-79.75101,40.31111999999998],[-79.75667,40.31090000000001],[-79.76137,40.31262000000006],[-79.76166,40.317180000000036],[-79.76891,40.31632000000001],[-79.77135,40.32116000000001],[-79.77081,40.32190000000003],[-79.77902,40.32417000000001],[-79.781991,40.32382100000006]]]}},{"type":"Feature","properties":{"district":"30","population":62857,"landAreaSqMi":45.7,"topMunicipalities":[{"name":"McCandless","classCode":"first_class_township","populationShare":0.4654728580237722},{"name":"Franklin Park","classCode":"borough","populationShare":0.24298198648564723},{"name":"Ohio","classCode":"second_class_township","populationShare":0.11365568725551391},{"name":"Hampton","classCode":"second_class_township","populationShare":0.09183633100591293},{"name":"Emsworth","classCode":"borough","populationShare":0.039104938308238114}],"topCounties":[{"name":"Allegheny","geoid":"42003","populationShare":1.0}],"classShares":{"borough":0.3180736499579352,"first_class_township":0.4654728580237722,"second_class_township":0.2164534920182926},"medianIncome":128014,"medianHomeValue":373447,"rentBurdenedPct":41.7,"ownerBurdenedPct":14.9,"permitsPer1kPerYear":1.1,"permits5yrTotal":358,"popChange2020to2024Pct":-2.6,"parentSenateDistricts":[{"district":"37","overlapShareOfHD":0.5032454359396157,"areaShareOfSD":0.09197622477303524},{"district":"38","overlapShareOfHD":0.4717831711313585,"areaShareOfSD":0.1051910746766275},{"district":"42","overlapShareOfHD":0.024971392929024647,"areaShareOfSD":0.01913277623839532}]},"geometry":{"type":"Polygon","coordinates":[[[-80.158691,40.609231999999984],[-80.155013,40.60801299999998],[-80.153647,40.60845699999997],[-80.151915,40.60952999999996],[-80.15113,40.611474999999984],[-80.14511,40.61344699999999],[-80.145188,40.61474899999999],[-80.068301,40.61628599999998],[-80.068057,40.61253600000004],[-79.968222,40.614785999999974],[-79.968865,40.60853200000001],[-79.973219,40.59802800000001],[-79.972439,40.59349899999999],[-79.973472,40.589115999999954],[-79.976194,40.58726300000003],[-79.976669,40.58590600000004],[-79.972448,40.58329299999998],[-79.975101,40.58066300000003],[-79.974923,40.579441000000045],[-79.96987200000001,40.577152000000005],[-79.968563,40.57928900000005],[-79.965034,40.58048400000002],[-79.957459,40.579471000000005],[-79.960464,40.57470399999995],[-79.961914,40.569107000000024],[-79.960395,40.567854000000004],[-79.962082,40.56681100000003],[-79.960901,40.56533800000001],[-79.959849,40.565642999999966],[-79.96007400000002,40.566741999999984],[-79.959157,40.56731399999999],[-79.957907,40.566430999999966],[-79.957176,40.566692],[-79.95798,40.569430999999994],[-79.955414,40.56768599999999],[-79.95570500000001,40.566828],[-79.954542,40.56764599999996],[-79.959193,40.56226499999993],[-79.958231,40.55426400000003],[-79.979285,40.55379599999996],[-79.979023,40.555066999999994],[-79.982712,40.55514199999998],[-79.982685,40.553955000000016],[-80.027467,40.55387399999999],[-80.064723,40.552711999999985],[-80.061592,40.50580300000001],[-80.06849500000001,40.508999999999936],[-80.075357,40.50883199999998],[-80.075005,40.49839499999997],[-80.079559,40.50083199999999],[-80.09163000000001,40.50384599999998],[-80.110044,40.511090999999986],[-80.120288,40.51313999999997],[-80.122459,40.54884799999998],[-80.120224,40.55095899999999],[-80.115671,40.55285900000002],[-80.113522,40.562274],[-80.113951,40.566789000000014],[-80.116675,40.570456999999976],[-80.113884,40.57051499999998],[-80.113907,40.575460000000014],[-80.13450200000001,40.588226999999996],[-80.13376300000002,40.588241999999994],[-80.158645,40.60524100000002],[-80.158691,40.609231999999984]]]}},{"type":"Feature","properties":{"district":"20","population":62724,"landAreaSqMi":19.1,"topMunicipalities":[{"name":"Ross","classCode":"first_class_township","populationShare":0.527551864086282},{"name":"Pittsburgh","classCode":"second_class_city","populationShare":0.16224636439583437},{"name":"Bellevue","classCode":"borough","populationShare":0.13050890176519478},{"name":"West View","classCode":"borough","populationShare":0.104936426999574},{"name":"Avalon","classCode":"borough","populationShare":0.07475644275311488}],"topCounties":[{"name":"Allegheny","geoid":"42003","populationShare":1.0}],"classShares":{"borough":0.3102017715178837,"first_class_township":0.527551864086282,"second_class_city":0.16224636439583437},"medianIncome":80174,"medianHomeValue":222327,"rentBurdenedPct":40.3,"ownerBurdenedPct":16.1,"permitsPer1kPerYear":1.4,"permits5yrTotal":451,"popChange2020to2024Pct":-2.7,"parentSenateDistricts":[{"district":"38","overlapShareOfHD":0.8041855127393139,"areaShareOfSD":0.07498850380331686},{"district":"42","overlapShareOfHD":0.19581448726068618,"areaShareOfSD":0.06274542138458915}]},"geometry":{"type":"Polygon","coordinates":[[[-80.075357,40.50883199999998],[-80.06849500000001,40.508999999999936],[-80.061592,40.50580300000001],[-80.064723,40.552711999999985],[-80.027467,40.55387399999999],[-79.988921,40.55393799999999],[-79.988252,40.524581999999995],[-79.98647,40.503248999999954],[-79.985701,40.50324600000003],[-79.985646,40.501953000000015],[-79.989709,40.500658000000016],[-79.989625,40.49721400000002],[-79.994275,40.49706799999999],[-79.994142,40.494042999999934],[-80.003932,40.49628500000003],[-80.004022,40.49778800000001],[-80.005009,40.49714999999998],[-80.00746,40.49795699999999],[-80.00912400000001,40.49754100000003],[-80.008913,40.499142000000006],[-80.010681,40.49909599999999],[-80.011166,40.50075400000001],[-80.012505,40.49670600000004],[-80.010698,40.49054700000001],[-80.015593,40.490764999999975],[-80.016964,40.48940900000005],[-80.018348,40.489508999999984],[-80.016274,40.48783199999999],[-80.015472,40.484796],[-80.012951,40.483656999999994],[-80.013786,40.48196299999998],[-80.011751,40.47971799999999],[-80.012064,40.47816200000002],[-80.015832,40.476809000000024],[-80.01443,40.47476999999999],[-80.015118,40.474155000000025],[-80.017251,40.47413299999999],[-80.017371,40.47729399999995],[-80.022731,40.47666100000006],[-80.025622,40.47546],[-80.02994,40.476994000000026],[-80.035117,40.47509100000003],[-80.036751,40.47705300000002],[-80.03524700000001,40.478849000000025],[-80.036016,40.481278999999994],[-80.043003,40.47969000000005],[-80.043951,40.47852400000001],[-80.0511,40.483782],[-80.053179,40.48216999999999],[-80.054641,40.48297000000003],[-80.066067,40.490799],[-80.075005,40.49839499999997],[-80.075357,40.50883199999998]]]}},{"type":"Feature","properties":{"district":"7","population":65849,"landAreaSqMi":203.8,"topMunicipalities":[{"name":"Hermitage","classCode":"third_class_city","populationShare":0.24498473780923022},{"name":"Sharon","classCode":"third_class_city","populationShare":0.19770991207155722},{"name":"Greenville","classCode":"borough","populationShare":0.0840255736609516},{"name":"Farrell","classCode":"third_class_city","populationShare":0.06437455390362802},{"name":"Sharpsville","classCode":"borough","populationShare":0.06407082871417945}],"topCounties":[{"name":"Mercer","geoid":"42085","populationShare":1.0}],"classShares":{"borough":0.19505231666388267,"second_class_township":0.2978784795517018,"third_class_city":0.5070692037844154},"medianIncome":59647,"medianHomeValue":135111,"rentBurdenedPct":40.7,"ownerBurdenedPct":13.4,"permitsPer1kPerYear":0.4,"permits5yrTotal":132,"popChange2020to2024Pct":-2.5,"parentSenateDistricts":[{"district":"50","overlapShareOfHD":1.000000000000002,"areaShareOfSD":0.1037221951220632}]},"geometry":{"type":"Polygon","coordinates":[[[-80.519217,41.48901300000003],[-80.445001,41.48711799999997],[-80.444896,41.492269000000015],[-80.432089,41.49208900000005],[-80.431494,41.48982600000002],[-80.433299,41.488655000000016],[-80.432946,41.48785099999995],[-80.431157,41.48902700000003],[-80.43114700000001,41.48695799999998],[-80.380071,41.485861000000035],[-80.380943,41.444450000000025],[-80.380223,41.427758],[-80.358371,41.426798999999995],[-80.358472,41.42106999999999],[-80.32296200000002,41.420050999999994],[-80.320805,41.36364800000003],[-80.38915,41.361619],[-80.38624200000001,41.23526599999995],[-80.318526,41.23624999999998],[-80.317349,41.23329900000001],[-80.314927,41.231399],[-80.317429,41.226539999999986],[-80.316687,41.22488100000003],[-80.319014,41.21951099999999],[-80.318432,41.217864000000034],[-80.320162,41.21568899999995],[-80.318395,41.21288299999995],[-80.319762,41.20830399999999],[-80.317151,41.20000200000002],[-80.317761,41.19894199999994],[-80.3159,41.19602599999998],[-80.316184,41.1945],[-80.314504,41.193286000000015],[-80.314439,41.191061999999995],[-80.313065,41.18960199999999],[-80.31277400000002,41.187706999999975],[-80.310849,41.186038999999994],[-80.308871,41.18028300000001],[-80.310856,41.17622600000001],[-80.310521,41.17456200000003],[-80.312382,41.17195899999998],[-80.313966,41.17186599999996],[-80.315259,41.17035599999994],[-80.313988,41.16792899999998],[-80.314569,41.167484000000044],[-80.313443,41.16720899999997],[-80.313566,41.166023000000024],[-80.310747,41.16346399999999],[-80.309919,41.160647999999995],[-80.313414,41.15848400000002],[-80.312542,41.155789000000034],[-80.384896,41.153893000000025],[-80.38509400000001,41.12649199999999],[-80.519037,41.12509300000003],[-80.519217,41.48901300000003]]]}},{"type":"Feature","properties":{"district":"19","population":67748,"landAreaSqMi":11.5,"topMunicipalities":[{"name":"Pittsburgh","classCode":"second_class_city","populationShare":1.0}],"topCounties":[{"name":"Allegheny","geoid":"42003","populationShare":1.0}],"classShares":{"second_class_city":1.0},"medianIncome":54365,"medianHomeValue":196401,"rentBurdenedPct":46.0,"ownerBurdenedPct":20.5,"permitsPer1kPerYear":6.1,"permits5yrTotal":2068,"popChange2020to2024Pct":1.6,"parentSenateDistricts":[{"district":"42","overlapShareOfHD":0.6824799697042094,"areaShareOfSD":0.14789736852631186},{"district":"43","overlapShareOfHD":0.31752003029578985,"areaShareOfSD":0.07007535163580628}]},"geometry":{"type":"Polygon","coordinates":[[[-80.075194,40.462490999999964],[-80.074234,40.46312699999997],[-80.072334,40.46137400000001],[-80.068551,40.460786999999996],[-80.060835,40.464183999999975],[-80.058134,40.46342900000002],[-80.051178,40.46559899999999],[-80.050265,40.46928099999999],[-80.046841,40.47239499999998],[-80.048476,40.4773],[-80.053179,40.48216999999999],[-80.0511,40.483782],[-80.043951,40.47852400000001],[-80.043003,40.47969000000005],[-80.036016,40.481278999999994],[-80.03524700000001,40.478849000000025],[-80.036751,40.47705300000002],[-80.035117,40.47509100000003],[-80.02994,40.476994000000026],[-80.025622,40.47546],[-80.022731,40.47666100000006],[-80.017371,40.47729399999995],[-80.017251,40.47413299999999],[-80.015118,40.474155000000025],[-80.01443,40.47476999999999],[-80.015832,40.476809000000024],[-80.012064,40.47816200000002],[-80.011751,40.47971799999999],[-80.013786,40.48196299999998],[-80.012951,40.483656999999994],[-80.015472,40.484796],[-80.016274,40.48783199999999],[-80.018348,40.489508999999984],[-80.016964,40.48940900000005],[-80.015593,40.490764999999975],[-80.010698,40.49054700000001],[-80.012505,40.49670600000004],[-80.012209,40.49917100000001],[-80.010817,40.50103700000001],[-80.010681,40.49909599999999],[-80.008913,40.499142000000006],[-80.00912400000001,40.49754100000003],[-80.00746,40.49795699999999],[-80.005009,40.49714999999998],[-80.004022,40.49778800000001],[-80.003188,40.48237599999997],[-80.001767,40.48242799999996],[-80.001683,40.48008200000004],[-79.998778,40.47981400000001],[-79.998539,40.478906],[-79.99651700000001,40.47918599999999],[-79.99534600000001,40.477360999999966],[-79.995987,40.47733199999995],[-79.995833,40.47453599999997],[-79.997611,40.47459100000001],[-79.997545,40.472981999999995],[-80.00057,40.472894000000025],[-80.000838,40.471330000000016],[-79.999272,40.469494000000026],[-79.996802,40.470263],[-79.990933,40.469727999999996],[-79.99008,40.46719600000004],[-79.992178,40.466805999999956],[-79.992809,40.465935999999985],[-80.001233,40.46567800000002],[-80.000666,40.45847699999999],[-79.998393,40.45879699999998],[-79.996845,40.454211000000015],[-79.997882,40.454029999999975],[-79.997712,40.45341499999999],[-80.001491,40.45269099999996],[-79.99976,40.446679],[-79.996133,40.44818200000004],[-79.992886,40.44293799999999],[-79.987036,40.44659299999998],[-79.977896,40.45052000000001],[-79.976662,40.448936],[-79.979106,40.44789800000004],[-79.976798,40.44592900000001],[-79.979281,40.444876000000036],[-79.97657,40.440916000000016],[-79.97504,40.44114900000001],[-79.97160600000001,40.439563000000064],[-79.970488,40.43970600000004],[-79.967028,40.43764099999997],[-79.966988,40.436048],[-79.964946,40.43585299999997],[-79.963111,40.43710900000001],[-79.961527,40.435836000000045],[-79.956176,40.43594999999996],[-79.95672,40.43160799999996],[-79.955475,40.430705999999965],[-79.955159,40.432041999999996],[-79.953773,40.431784999999955],[-79.953191,40.43438299999997],[-79.94986,40.43443],[-79.950273,40.43087499999998],[-79.949081,40.42771099999998],[-79.953572,40.42566999999999],[-79.952949,40.42487200000001],[-79.951013,40.42460800000001],[-79.943586,40.41527899999995],[-79.942411,40.41576200000001],[-79.940436,40.41244300000002],[-79.939473,40.41347899999999],[-79.938009,40.41212000000003],[-79.936367,40.41185100000003],[-79.932293,40.41371100000001],[-79.929601,40.409656000000055],[-79.925492,40.411442999999984],[-79.921112,40.40829799999998],[-79.927225,40.400925999999956],[-79.932971,40.39731699999997],[-79.93727700000001,40.39664500000001],[-79.94259,40.39732799999997],[-79.9455,40.398462],[-79.949021,40.40130599999996],[-79.951621,40.405367000000034],[-79.953093,40.41118299999998],[-79.952317,40.411237000000014],[-79.955973,40.42456899999998],[-79.960296,40.42863500000003],[-79.975474,40.434368999999975],[-79.981474,40.433459999999954],[-79.982379,40.425462999999965],[-79.987497,40.426007],[-79.988691,40.422843000000015],[-79.988039,40.41443399999997],[-79.991908,40.40717200000006],[-79.996749,40.40816500000002],[-79.99716400000001,40.41558000000002],[-79.998141,40.41556800000004],[-79.998133,40.41361500000002],[-80.001161,40.41356600000003],[-80.001321,40.415885],[-80.003895,40.415843000000024],[-80.003837,40.41408200000003],[-80.005817,40.41403900000001],[-80.005675,40.412282999999995],[-80.00823,40.41163699999997],[-80.00997,40.41307900000002],[-80.009563,40.414023000000014],[-80.011361,40.415068000000005],[-80.011293,40.417699],[-80.00890500000001,40.41969300000004],[-80.00490300000001,40.42078099999997],[-80.00561300000001,40.42704999999997],[-80.002214,40.42855399999997],[-80.005167,40.430200000000006],[-80.001985,40.43506700000002],[-80.014217,40.44070000000002],[-80.01629,40.443207000000044],[-80.023004,40.44452899999995],[-80.028228,40.44666400000004],[-80.033234,40.45062299999999],[-80.036574,40.448431000000014],[-80.035784,40.44779099999999],[-80.04063,40.44397300000002],[-80.039205,40.44244500000002],[-80.040059,40.442101000000015],[-80.043969,40.44430899999999],[-80.046505,40.44682899999994],[-80.044106,40.447258999999995],[-80.045281,40.45042199999999],[-80.040163,40.45246099999999],[-80.047813,40.451435],[-80.050259,40.45197500000005],[-80.055936,40.45775899999999],[-80.057011,40.457698],[-80.057524,40.45843800000005],[-80.058557,40.45709600000004],[-80.057199,40.45548600000002],[-80.056451,40.45590599999997],[-80.05562,40.45502200000003],[-80.056463,40.45343199999996],[-80.058667,40.45322200000001],[-80.060537,40.45202099999999],[-80.066557,40.45750899999998],[-80.067343,40.457155999999976],[-80.067008,40.45599699999997],[-80.07215700000002,40.45327599999998],[-80.073214,40.461250999999955],[-80.075194,40.462490999999964]]]}},{"type":"Feature","properties":{"district":"28","population":62870,"landAreaSqMi":87.9,"topMunicipalities":[{"name":"Pine","classCode":"second_class_township","populationShare":0.2383153102541349},{"name":"Hampton","classCode":"second_class_township","populationShare":0.19882919458714696},{"name":"West Deer","classCode":"second_class_township","populationShare":0.19452688009130803},{"name":"Richland","classCode":"second_class_township","populationShare":0.18826002884388585},{"name":"Marshall","classCode":"second_class_township","populationShare":0.1609181067770864}],"topCounties":[{"name":"Allegheny","geoid":"42003","populationShare":1.0}],"classShares":{"borough":0.019150479446437833,"second_class_township":0.9808495205535621},"medianIncome":139989,"medianHomeValue":409949,"rentBurdenedPct":24.7,"ownerBurdenedPct":16.1,"permitsPer1kPerYear":4.4,"permits5yrTotal":1384,"popChange2020to2024Pct":1.0,"parentSenateDistricts":[{"district":"38","overlapShareOfHD":0.8143140478219908,"areaShareOfSD":0.34694223542610386},{"district":"37","overlapShareOfHD":0.18568595217800948,"areaShareOfSD":0.0648490446509595}]},"geometry":{"type":"Polygon","coordinates":[[[-80.148497,40.67376900000004],[-80.101438,40.673983000000014],[-80.071434,40.67493499999996],[-80.071393,40.67417399999999],[-79.987842,40.67358699999996],[-79.959939,40.67227999999999],[-79.914626,40.67328599999999],[-79.851556,40.67228799999996],[-79.829433,40.67114200000002],[-79.816996,40.671699000000025],[-79.81637500000001,40.63878299999995],[-79.813127,40.613593000000016],[-79.812579,40.59911300000002],[-79.915946,40.596367000000036],[-79.915083,40.55494699999999],[-79.949621,40.55356799999999],[-79.950217,40.554542999999974],[-79.958231,40.55426400000003],[-79.959193,40.56226499999993],[-79.954542,40.56764599999996],[-79.95570500000001,40.566828],[-79.955414,40.56768599999999],[-79.95798,40.569430999999994],[-79.957176,40.566692],[-79.957907,40.566430999999966],[-79.959157,40.56731399999999],[-79.96007400000002,40.566741999999984],[-79.959849,40.565642999999966],[-79.960901,40.56533800000001],[-79.962082,40.56681100000003],[-79.960395,40.567854000000004],[-79.961914,40.569107000000024],[-79.960464,40.57470399999995],[-79.957459,40.579471000000005],[-79.965034,40.58048400000002],[-79.968563,40.57928900000005],[-79.96987200000001,40.577152000000005],[-79.974923,40.579441000000045],[-79.975101,40.58066300000003],[-79.972448,40.58329299999998],[-79.976669,40.58590600000004],[-79.976194,40.58726300000003],[-79.973472,40.589115999999954],[-79.972439,40.59349899999999],[-79.973219,40.59802800000001],[-79.968865,40.60853200000001],[-79.968222,40.614785999999974],[-80.068057,40.61253600000004],[-80.068301,40.61628599999998],[-80.145188,40.61474899999999],[-80.148497,40.67376900000004]]]}},{"type":"Feature","properties":{"district":"16","population":64317,"landAreaSqMi":51.7,"topMunicipalities":[{"name":"Hopewell","classCode":"first_class_township","populationShare":0.20848137210773657},{"name":"Center","classCode":"second_class_township","populationShare":0.17895518503666116},{"name":"Aliquippa","classCode":"third_class_city","populationShare":0.1422008076140918},{"name":"Ambridge","classCode":"borough","populationShare":0.1074668688200966},{"name":"Monaca","classCode":"borough","populationShare":0.08639950665990691}],"topCounties":[{"name":"Beaver","geoid":"42007","populationShare":1.0}],"classShares":{"borough":0.3786372477395561,"first_class_township":0.3001360584061263,"second_class_township":0.1790258862402259,"third_class_city":0.1422008076140918},"medianIncome":66481,"medianHomeValue":153306,"rentBurdenedPct":42.7,"ownerBurdenedPct":16.8,"permitsPer1kPerYear":1.3,"permits5yrTotal":404,"popChange2020to2024Pct":-1.6,"parentSenateDistricts":[{"district":"47","overlapShareOfHD":0.9999999999999998,"areaShareOfSD":0.09191717787885827}]},"geometry":{"type":"Polygon","coordinates":[[[-80.344698,40.61547100000002],[-80.34223900000002,40.61958099999995],[-80.344374,40.62411899999998],[-80.341298,40.625655],[-80.336586,40.62500099999998],[-80.33543400000002,40.62550400000004],[-80.335583,40.62722399999997],[-80.340508,40.63008200000001],[-80.338032,40.63252500000001],[-80.334583,40.633906],[-80.333878,40.635338000000004],[-80.334788,40.636031],[-80.338911,40.635314000000015],[-80.343718,40.63739600000001],[-80.344323,40.63881099999999],[-80.338828,40.640915000000035],[-80.324821,40.64342800000003],[-80.314625,40.64895900000001],[-80.32562800000001,40.659189000000005],[-80.32063,40.67467900000001],[-80.310266,40.68049899999996],[-80.312672,40.684938000000024],[-80.293224,40.69140999999999],[-80.287584,40.695466],[-80.294423,40.705850999999946],[-80.305858,40.71970899999999],[-80.300636,40.71989200000001],[-80.301446,40.724806],[-80.275858,40.72559800000004],[-80.275494,40.72004400000003],[-80.26859300000001,40.72024200000003],[-80.268697,40.722207999999995],[-80.248103,40.72395099999998],[-80.24703,40.699484],[-80.257092,40.69270700000003],[-80.252531,40.687972],[-80.250206,40.689838999999964],[-80.247674,40.689721],[-80.246741,40.69407399999995],[-80.245477,40.69408700000003],[-80.245756,40.68987999999998],[-80.249643,40.68705699999997],[-80.246926,40.684005],[-80.243064,40.676071],[-80.234277,40.676469999999995],[-80.224958,40.66397700000003],[-80.237731,40.65864500000001],[-80.237398,40.657727999999985],[-80.243563,40.655362000000004],[-80.239807,40.64996400000003],[-80.22267,40.656751000000035],[-80.221913,40.65567500000004],[-80.226666,40.653590000000015],[-80.224896,40.65097100000001],[-80.217701,40.65361000000003],[-80.207639,40.640025000000016],[-80.206786,40.58815299999999],[-80.208127,40.58799600000001],[-80.208719,40.586588],[-80.211167,40.58497899999998],[-80.211832,40.58248399999998],[-80.214549,40.58081900000004],[-80.21909,40.581956999999996],[-80.218694,40.57966699999996],[-80.220556,40.57990899999995],[-80.222267,40.57797100000004],[-80.22400600000002,40.577329000000006],[-80.22405100000002,40.575268],[-80.227089,40.57415400000002],[-80.278026,40.53673600000002],[-80.320899,40.60099999999997],[-80.31651,40.604083000000024],[-80.32061,40.60750900000002],[-80.322523,40.61194700000001],[-80.324593,40.61416000000003],[-80.326114,40.61427699999997],[-80.329281,40.61698899999999],[-80.332277,40.62112800000003],[-80.334197,40.620534000000006],[-80.336054,40.61783299999996],[-80.341053,40.61382199999999],[-80.34419600000001,40.614248999999944],[-80.344698,40.61547100000002]]]}},{"type":"Feature","properties":{"district":"15","population":66167,"landAreaSqMi":498.6,"topMunicipalities":[{"name":"Brighton","classCode":"second_class_township","populationShare":0.1325292948313626},{"name":"Canton","classCode":"second_class_township","populationShare":0.12465521995313951},{"name":"Beaver","classCode":"borough","populationShare":0.06654424508410188},{"name":"Smith","classCode":"second_class_township","populationShare":0.06382383533730707},{"name":"Ohioville","classCode":"borough","populationShare":0.05020667321584977}],"topCounties":[{"name":"Beaver","geoid":"42007","populationShare":0.5515555666283274},{"name":"Washington","geoid":"42125","populationShare":0.4484444333716725}],"classShares":{"borough":0.23390989806192256,"first_class_township":0.019904331314050006,"second_class_township":0.7461857706240274},"medianIncome":80652,"medianHomeValue":202982,"rentBurdenedPct":27.0,"ownerBurdenedPct":17.5,"permitsPer1kPerYear":1.6,"permits5yrTotal":514,"popChange2020to2024Pct":-0.9,"parentSenateDistricts":[{"district":"46","overlapShareOfHD":0.7124413500575821,"areaShareOfSD":0.23821004189857206},{"district":"47","overlapShareOfHD":0.28755864994241864,"areaShareOfSD":0.24526106467138756}]},"geometry":{"type":"Polygon","coordinates":[[[-80.518976,40.073928999999985],[-80.519039,40.342108999999994],[-80.517953,40.36754700000004],[-80.517689,40.462216999999974],[-80.519038,40.477363000000025],[-80.519047,40.78944400000003],[-80.518384,40.788795999999984],[-80.516954,40.788909999999994],[-80.516063,40.78767799999998],[-80.512301,40.78826599999999],[-80.511564,40.786111999999996],[-80.507758,40.78513700000002],[-80.500273,40.78594799999998],[-80.492582,40.78852500000004],[-80.494218,40.79152300000003],[-80.493171,40.792676],[-80.490787,40.793517],[-80.489226,40.792613999999965],[-80.484191,40.79485699999999],[-80.481294,40.79536199999996],[-80.482162,40.79665000000001],[-80.481172,40.79746500000004],[-80.479395,40.797142],[-80.475946,40.79455400000002],[-80.471575,40.795201000000006],[-80.467217,40.79350999999996],[-80.46627800000002,40.794158999999986],[-80.462889,40.79319299999999],[-80.459059,40.793747000000025],[-80.457491,40.79449199999997],[-80.454783,40.79848799999995],[-80.45242,40.797962999999996],[-80.450714,40.79885999999994],[-80.449501,40.80094899999999],[-80.447803,40.80072900000003],[-80.443764,40.80372800000002],[-80.444233,40.802657999999994],[-80.441855,40.802421000000024],[-80.43765,40.805760999999976],[-80.434911,40.806284000000026],[-80.433349,40.80750999999997],[-80.427531,40.80747699999998],[-80.426527,40.806669999999976],[-80.422133,40.80622099999999],[-80.411738,40.79969799999999],[-80.40894,40.79946700000004],[-80.408726,40.76142599999996],[-80.410264,40.74547399999996],[-80.409662,40.718813000000004],[-80.338762,40.740521000000015],[-80.339545,40.739244000000035],[-80.338729,40.735220000000005],[-80.337366,40.73295700000003],[-80.334853,40.73140999999998],[-80.334646,40.730247000000034],[-80.331157,40.72875099999999],[-80.322997,40.722496],[-80.316932,40.72239399999993],[-80.319004,40.71991900000002],[-80.311026,40.71625200000004],[-80.312209,40.714763000000005],[-80.310898,40.714220000000005],[-80.309715,40.71570900000003],[-80.305552,40.71387499999999],[-80.306034,40.71322200000002],[-80.304305,40.712081999999995],[-80.304167,40.70989900000003],[-80.302179,40.70916600000003],[-80.302403,40.70560900000001],[-80.307972,40.70529999999999],[-80.30542100000001,40.701822000000035],[-80.30324500000002,40.702719000000016],[-80.302354,40.701449000000025],[-80.299649,40.70256999999998],[-80.294867,40.695778000000026],[-80.296195,40.695222999999935],[-80.293224,40.69140999999999],[-80.312672,40.684938000000024],[-80.310266,40.68049899999996],[-80.32063,40.67467900000001],[-80.32562800000001,40.659189000000005],[-80.314625,40.64895900000001],[-80.324821,40.64342800000003],[-80.338828,40.640915000000035],[-80.344323,40.63881099999999],[-80.343718,40.63739600000001],[-80.338911,40.635314000000015],[-80.334788,40.636031],[-80.333878,40.635338000000004],[-80.334583,40.633906],[-80.338032,40.63252500000001],[-80.340508,40.63008200000001],[-80.335583,40.62722399999997],[-80.33543400000002,40.62550400000004],[-80.336586,40.62500099999998],[-80.341298,40.625655],[-80.344374,40.62411899999998],[-80.34223900000002,40.61958099999995],[-80.344854,40.61476599999998],[-80.341954,40.613681000000014],[-80.340081,40.61427999999998],[-80.334197,40.620534000000006],[-80.332277,40.62112800000003],[-80.329281,40.61698899999999],[-80.326114,40.61427699999997],[-80.324593,40.61416000000003],[-80.322523,40.61194700000001],[-80.32061,40.60750900000002],[-80.31651,40.604083000000024],[-80.320899,40.60099999999997],[-80.278026,40.53673600000002],[-80.360902,40.47766800000003],[-80.234342,40.37519599999996],[-80.23437,40.37358899999996],[-80.243366,40.370518000000025],[-80.241541,40.36646999999999],[-80.239901,40.36532200000005],[-80.242203,40.36458200000001],[-80.244055,40.36517500000004],[-80.245648,40.36418500000003],[-80.247594,40.36417099999998],[-80.249938,40.36223600000002],[-80.254886,40.36051500000003],[-80.257355,40.360527],[-80.261722,40.35898199999994],[-80.267515,40.35819899999999],[-80.280069,40.36408899999998],[-80.296208,40.36025699999995],[-80.32832700000002,40.349609999999984],[-80.35649,40.30859400000003],[-80.361564,40.261833000000024],[-80.365215,40.25752599999996],[-80.358876,40.25357199999999],[-80.357527,40.25181200000005],[-80.355549,40.25201799999998],[-80.347275,40.24825999999998],[-80.343381,40.242601999999955],[-80.3322,40.23816599999998],[-80.311287,40.24998699999996],[-80.306995,40.246791],[-80.305152,40.24695100000004],[-80.303368,40.24607599999998],[-80.299715,40.23682800000001],[-80.291032,40.23050400000003],[-80.288533,40.22623699999998],[-80.286899,40.22514100000002],[-80.286021,40.21844599999996],[-80.286838,40.21557300000002],[-80.287971,40.214705],[-80.286488,40.21330100000006],[-80.285759,40.20997599999998],[-80.284305,40.20930499999998],[-80.282158,40.205548],[-80.27923,40.20382599999997],[-80.265546,40.20171600000003],[-80.260019,40.19791099999996],[-80.260479,40.19713600000001],[-80.262622,40.196791000000005],[-80.262499,40.19540000000002],[-80.263449,40.195229999999995],[-80.265071,40.19650400000001],[-80.267432,40.19493299999999],[-80.269832,40.18733399999999],[-80.268436,40.18459900000001],[-80.257923,40.17594299999999],[-80.266753,40.172567000000015],[-80.267815,40.168742999999964],[-80.269924,40.16896700000006],[-80.269095,40.166870999999944],[-80.26817,40.16661999999999],[-80.275642,40.16387099999999],[-80.285509,40.161531999999994],[-80.29018,40.157644999999974],[-80.296872,40.15474199999998],[-80.30104000000001,40.154766],[-80.304337,40.15281600000003],[-80.309871,40.15256699999999],[-80.309915,40.150700000000015],[-80.307608,40.14557599999996],[-80.310537,40.14151299999999],[-80.309706,40.13815200000003],[-80.310629,40.12904600000004],[-80.308794,40.12444199999995],[-80.312705,40.12151300000002],[-80.312635,40.11907500000001],[-80.314326,40.118061999999945],[-80.322191,40.11907600000006],[-80.324737,40.117258000000014],[-80.329527,40.11596400000003],[-80.332655,40.113706999999984],[-80.343697,40.113099000000005],[-80.344347,40.110010999999965],[-80.34660000000001,40.10868299999999],[-80.390176,40.12050600000004],[-80.412475,40.096307999999965],[-80.435944,40.09163600000005],[-80.435574,40.089136999999994],[-80.478048,40.080102999999966],[-80.499791,40.077626999999985],[-80.518976,40.073928999999985]]]}},{"type":"Feature","properties":{"district":"26","population":64739,"landAreaSqMi":107.1,"topMunicipalities":[{"name":"Phoenixville","classCode":"borough","populationShare":0.29444384374179383},{"name":"North Coventry","classCode":"second_class_township","populationShare":0.13004525865397978},{"name":"East Pikeland","classCode":"second_class_township","populationShare":0.12995257881647856},{"name":"East Vincent","classCode":"second_class_township","populationShare":0.11617417630794431},{"name":"East Coventry","classCode":"second_class_township","populationShare":0.1102272200682741}],"topCounties":[{"name":"Chester","geoid":"42029","populationShare":1.0}],"classShares":{"borough":0.37079658320332404,"second_class_township":0.629203416796676},"medianIncome":114220,"medianHomeValue":386790,"rentBurdenedPct":38.5,"ownerBurdenedPct":21.2,"permitsPer1kPerYear":5.2,"permits5yrTotal":1692,"popChange2020to2024Pct":5.4,"parentSenateDistricts":[{"district":"44","overlapShareOfHD":1.0000000000000016,"areaShareOfSD":0.3000116524125373}]},"geometry":{"type":"Polygon","coordinates":[[[-75.860414,40.129797999999965],[-75.854045,40.14087900000001],[-75.85454800000001,40.14929700000002],[-75.743178,40.216721000000035],[-75.69682,40.24185999999999],[-75.690381,40.23653000000002],[-75.686933,40.23625199999998],[-75.67667,40.242293000000004],[-75.67119900000002,40.244576000000066],[-75.66784,40.245105999999986],[-75.663598,40.24476099999998],[-75.657179,40.241295000000044],[-75.650887,40.24201999999999],[-75.640254,40.237054000000036],[-75.634769,40.235871000000024],[-75.625998,40.23198599999999],[-75.6209,40.23069900000001],[-75.619056,40.229620000000004],[-75.616038,40.224658000000005],[-75.61237300000002,40.222997000000014],[-75.606629,40.224309],[-75.603173,40.227006000000046],[-75.60370300000001,40.229549],[-75.607468,40.232773],[-75.606923,40.23613199999999],[-75.603221,40.23806999999999],[-75.597031,40.236844],[-75.58775700000001,40.214449],[-75.581492,40.207119000000056],[-75.57869,40.20000300000001],[-75.573338,40.195303],[-75.570352,40.19411699999998],[-75.5674,40.194159000000056],[-75.56274,40.19753900000003],[-75.562342,40.20135399999999],[-75.564987,40.206925999999996],[-75.563995,40.20934499999996],[-75.561125,40.20981499999997],[-75.557438,40.20760100000003],[-75.553391,40.200354],[-75.548655,40.188420000000015],[-75.540986,40.175951],[-75.528941,40.16839600000001],[-75.526696,40.16016799999999],[-75.527734,40.15139200000005],[-75.525945,40.148611],[-75.522174,40.147085000000004],[-75.519155,40.14795700000001],[-75.514017,40.15735600000005],[-75.50986300000001,40.159846999999985],[-75.503804,40.15972600000002],[-75.501633,40.15825599999999],[-75.500656,40.155618999999994],[-75.503301,40.151095000000055],[-75.50932500000002,40.14558999999998],[-75.510824,40.14004099999997],[-75.5097,40.13705899999999],[-75.507245,40.134043],[-75.499728,40.12958500000003],[-75.51290300000001,40.11669399999998],[-75.517007,40.11906099999994],[-75.518542,40.117523999999996],[-75.520521,40.119118999999976],[-75.522119,40.119375],[-75.52296,40.118519000000006],[-75.526394,40.12141299999999],[-75.527197,40.120623000000016],[-75.52939,40.12193599999997],[-75.531097,40.12029500000001],[-75.535969,40.123408],[-75.533891,40.124570000000006],[-75.534422,40.124915000000016],[-75.537642,40.122882],[-75.54724400000002,40.12856700000005],[-75.581244,40.094001999999975],[-75.606336,40.10820800000005],[-75.577188,40.13786299999996],[-75.58197100000001,40.138359000000015],[-75.58461200000002,40.139764999999976],[-75.586776,40.142570999999975],[-75.592982,40.14325800000003],[-75.595333,40.147327000000004],[-75.594523,40.151126000000026],[-75.599999,40.153012000000004],[-75.60363800000002,40.15072700000002],[-75.605432,40.14753100000001],[-75.608354,40.14510599999998],[-75.61528800000002,40.14294999999997],[-75.618345,40.14453900000001],[-75.620713,40.147733000000024],[-75.62003300000002,40.15084000000004],[-75.620927,40.15224400000004],[-75.623174,40.15104500000008],[-75.628625,40.15115000000001],[-75.631878,40.15386399999998],[-75.633289,40.15328499999998],[-75.641281,40.15574200000001],[-75.64915300000001,40.15517400000004],[-75.651074,40.157910000000015],[-75.653005,40.15836899999999],[-75.655432,40.157211],[-75.656068,40.155829000000004],[-75.658713,40.15631500000001],[-75.659867,40.15424599999997],[-75.659723,40.15193600000006],[-75.666217,40.149298999999964],[-75.667657,40.15073600000001],[-75.674178,40.150448999999995],[-75.70945100000002,40.115303999999995],[-75.715114,40.118845000000015],[-75.71969,40.10821400000001],[-75.723329,40.106311000000005],[-75.730238,40.10605299999997],[-75.733082,40.103331000000004],[-75.733895,40.099757000000025],[-75.735127,40.09871600000001],[-75.750145,40.10001900000004],[-75.750612,40.10241200000002],[-75.754744,40.10581000000002],[-75.759005,40.11354499999997],[-75.764112,40.11907000000002],[-75.765272,40.12425899999993],[-75.77779,40.123446000000015],[-75.780278,40.12065699999999],[-75.779516,40.11585099999994],[-75.833631,40.07334200000002],[-75.836402,40.080335999999996],[-75.839469,40.082519000000005],[-75.8387,40.08613900000001],[-75.842958,40.095708000000016],[-75.846646,40.10013999999999],[-75.848756,40.10126500000001],[-75.850453,40.106273999999964],[-75.849704,40.109084999999986],[-75.850698,40.11409099999998],[-75.85047,40.121234999999956],[-75.849309,40.12289200000003],[-75.860414,40.129797999999965]],[[-75.546026,40.129636],[-75.538689,40.130579000000004],[-75.537053,40.12888000000006],[-75.536477,40.131781000000004],[-75.534943,40.133435],[-75.537749,40.133225],[-75.541716,40.134443999999945],[-75.546026,40.129636]]]}},{"type":"Feature","properties":{"district":"29","population":65538,"landAreaSqMi":81.2,"topMunicipalities":[{"name":"Buckingham","classCode":"second_class_township","populationShare":0.3179529433305866},{"name":"Doylestown","classCode":"second_class_township","populationShare":0.27399371357075303},{"name":"Solebury","classCode":"second_class_township","populationShare":0.13236595562879552},{"name":"Doylestown","classCode":"borough","populationShare":0.12697976746315115},{"name":"Chalfont","classCode":"borough","populationShare":0.06562604900973479}],"topCounties":[{"name":"Bucks","geoid":"42017","populationShare":1.0}],"classShares":{"borough":0.2756873874698648,"second_class_township":0.7243126125301351},"medianIncome":159043,"medianHomeValue":615225,"rentBurdenedPct":53.5,"ownerBurdenedPct":19.0,"permitsPer1kPerYear":1.3,"permits5yrTotal":440,"popChange2020to2024Pct":0.6,"parentSenateDistricts":[{"district":"10","overlapShareOfHD":0.9999999999999988,"areaShareOfSD":0.3604211454821403}]},"geometry":{"type":"Polygon","coordinates":[[[-75.225502,40.29248500000005],[-75.223271,40.29523199999999],[-75.219035,40.296358999999974],[-75.220322,40.29734600000003],[-75.21869500000001,40.299094],[-75.220469,40.30178300000002],[-75.218101,40.302961],[-75.21608,40.30170300000004],[-75.217112,40.300536999999935],[-75.211417,40.30241500000004],[-75.207838,40.30033999999996],[-75.208704,40.29693199999998],[-75.200846,40.29226899999999],[-75.18727100000001,40.30524399999998],[-75.192935,40.31003999999995],[-75.178391,40.31604500000001],[-75.173426,40.319141],[-75.151084,40.341221000000004],[-75.131929,40.329665000000034],[-75.112712,40.348839999999996],[-75.113485,40.34958900000005],[-75.097341,40.36559300000003],[-75.09907,40.36645],[-75.083984,40.38034199999999],[-75.08057,40.378299999999996],[-75.06755800000002,40.389992999999976],[-75.063922,40.387628],[-75.056513,40.395082999999985],[-75.05837,40.397127000000026],[-75.04121600000002,40.410451000000016],[-75.032437,40.40510299999993],[-75.02571299999998,40.40347900000001],[-75.007443,40.407596999999996],[-75.004049,40.407524],[-74.998111,40.41029499999998],[-74.993869,40.41013200000002],[-74.98841300000001,40.40849400000001],[-74.98384100000001,40.404994],[-74.97806200000001,40.40229200000001],[-74.966969,40.39847499999999],[-74.963777,40.39484199999998],[-74.961478,40.38893500000003],[-74.955785,40.38002800000003],[-74.948901,40.365054999999934],[-74.945828,40.35507199999999],[-74.94451700000002,40.34506300000001],[-74.942843,40.34150600000003],[-74.93971100000002,40.338005999999965],[-74.926908,40.32946299999997],[-74.981015,40.319203999999985],[-75.039704,40.26169500000001],[-75.040852,40.26075400000003],[-75.044242,40.263091000000024],[-75.047813,40.25782200000002],[-75.05357300000001,40.25588300000004],[-75.054808,40.25583700000001],[-75.057279,40.25754800000002],[-75.053287,40.26579300000002],[-75.053524,40.26813499999999],[-75.05517200000001,40.26912599999999],[-75.058112,40.26898900000003],[-75.060227,40.266736000000044],[-75.061958,40.26283800000001],[-75.065801,40.263397000000005],[-75.072461,40.269071000000004],[-75.073924,40.269485],[-75.072702,40.27024600000003],[-75.074733,40.27206100000003],[-75.073393,40.27340700000003],[-75.089055,40.28274499999996],[-75.095455,40.27630399999999],[-75.101641,40.27693200000004],[-75.107986,40.27251199999999],[-75.113106,40.271858000000016],[-75.112059,40.269671],[-75.116154,40.265533000000005],[-75.119091,40.267310000000016],[-75.125785,40.26122300000002],[-75.143495,40.27140399999997],[-75.152016,40.26286799999997],[-75.185457,40.28312900000001],[-75.174285,40.293652],[-75.177815,40.29586800000005],[-75.181483,40.292357],[-75.19105700000001,40.290136000000004],[-75.193828,40.288140999999975],[-75.191497,40.28673200000001],[-75.19207600000001,40.28617300000002],[-75.190883,40.28544300000002],[-75.192781,40.283997000000014],[-75.190098,40.281124000000005],[-75.194717,40.27875299999993],[-75.199769,40.28232699999998],[-75.199733,40.28327899999994],[-75.19835900000001,40.28379899999998],[-75.198704,40.285299999999964],[-75.20532,40.28240500000001],[-75.211121,40.27752099999998],[-75.21643400000002,40.28172799999999],[-75.217237,40.28094800000002],[-75.219965,40.28259299999998],[-75.221916,40.2807],[-75.22343600000002,40.281604000000016],[-75.218303,40.286486000000025],[-75.220299,40.288837000000015],[-75.225502,40.29248500000005]]]}},{"type":"Feature","properties":{"district":"1","population":64836,"landAreaSqMi":14.2,"topMunicipalities":[{"name":"Erie","classCode":"third_class_city","populationShare":0.9416066755516164},{"name":"Lawrence Park","classCode":"first_class_township","populationShare":0.05839332444838369},{"name":"County subdivisions not defined","classCode":"other","populationShare":0.0}],"topCounties":[{"name":"Erie","geoid":"42049","populationShare":1.0}],"classShares":{"first_class_township":0.05839332444838369,"third_class_city":0.9416066755516164},"medianIncome":46543,"medianHomeValue":105019,"rentBurdenedPct":51.6,"ownerBurdenedPct":20.5,"permitsPer1kPerYear":0.0,"permits5yrTotal":16,"popChange2020to2024Pct":-2.2,"parentSenateDistricts":[{"district":"49","overlapShareOfHD":1.0000000000000022,"areaShareOfSD":0.5189311508221196}]},"geometry":{"type":"Polygon","coordinates":[[[-80.519851,42.327132000000006],[-80.080222,42.39416199999999],[-79.762418,42.51607199999999],[-79.761867,42.269326000000056],[-79.77397,42.26430599999997],[-79.777678,42.265355],[-79.78262200000002,42.26451999999997],[-79.784193,42.262836999999955],[-79.78469,42.26326099999999],[-79.796622,42.256183999999976],[-79.801375,42.25565000000002],[-79.807974,42.25098100000002],[-79.812759,42.24932499999997],[-79.81806000000002,42.24535100000002],[-79.82614,42.243213999999995],[-79.832054,42.24308799999999],[-79.83664,42.23915899999998],[-79.844147,42.23548100000003],[-79.859354,42.23231499999995],[-79.86207000000002,42.23250599999997],[-79.86930300000002,42.230599000000005],[-79.87352200000001,42.23186900000001],[-79.902248,42.21603099999998],[-79.907191,42.21548099999998],[-79.912052,42.212528999999996],[-79.915081,42.21206699999997],[-79.916272,42.21074300000003],[-79.91843900000002,42.210804],[-79.924579,42.207043000000006],[-79.930783,42.206863999999996],[-79.937511,42.202999000000034],[-79.946003,42.19998899999996],[-79.955471,42.19355799999998],[-79.962888,42.19152899999998],[-79.963068,42.190927],[-79.963161,42.19173300000001],[-79.967069,42.18838899999995],[-79.975905,42.18430700000003],[-79.980367,42.18322700000003],[-79.983367,42.18113699999999],[-79.985671,42.18105299999996],[-79.985814,42.179325000000006],[-79.99368100000001,42.17454899999999],[-80.004851,42.170635],[-80.012153,42.166301999999966],[-80.015266,42.166313000000045],[-80.020224,42.163859999999964],[-80.021324,42.163115000000026],[-80.017548,42.15721300000002],[-80.013046,42.16042999999996],[-80.012664,42.160047999999996],[-80.003805,42.14677400000002],[-80.012616,42.143609999999995],[-80.013939,42.144690000000004],[-80.021929,42.141729999999995],[-80.019524,42.138236999999975],[-80.028846,42.13421199999999],[-80.054383,42.12467899999999],[-80.058167,42.125755000000005],[-80.079286,42.11795799999997],[-80.074945,42.11125200000003],[-80.077073,42.10565900000005],[-80.08732,42.08646299999997],[-80.112313,42.077190999999964],[-80.138518,42.11671200000006],[-80.14027199999998,42.117350000000044],[-80.141836,42.11557099999999],[-80.14645600000001,42.11484000000004],[-80.146932,42.113945999999984],[-80.150701,42.11274000000002],[-80.151976,42.113361999999945],[-80.149046,42.11807300000003],[-80.146101,42.12572899999995],[-80.139325,42.12853699999998],[-80.140905,42.128933999999965],[-80.143308,42.12726300000001],[-80.144675,42.127244],[-80.141455,42.128812000000046],[-80.143461,42.130325999999975],[-80.13954,42.13946699999998],[-80.133085,42.14250700000005],[-80.129438,42.14726400000001],[-80.13015600000001,42.14775599999998],[-80.12878200000002,42.14873600000002],[-80.1183,42.151204999999976],[-80.098442,42.15224399999999],[-80.092584,42.15413399999996],[-80.081967,42.15532799999995],[-80.080279,42.15209299999998],[-80.072047,42.15547200000001],[-80.073454,42.16705300000005],[-80.069576,42.168938000000004],[-80.068855,42.16777400000005],[-80.066398,42.16958499999998],[-80.065179,42.169455],[-80.065474,42.16873500000001],[-80.063553,42.16753400000002],[-80.061151,42.16847599999999],[-80.061576,42.170507999999984],[-80.064791,42.17196799999998],[-80.077086,42.170877],[-80.086666,42.17265199999997],[-80.091556,42.17238400000004],[-80.10558,42.16964500000002],[-80.113111,42.16646699999999],[-80.115392,42.16671100000001],[-80.123487,42.160024],[-80.128981,42.15667100000001],[-80.131879,42.152733999999974],[-80.134818,42.15073499999999],[-80.145307,42.13333600000004],[-80.148099,42.12504999999993],[-80.155797,42.11277100000003],[-80.166021,42.10578999999999],[-80.173895,42.102026000000045],[-80.182746,42.09658799999995],[-80.197828,42.08983600000002],[-80.203688,42.08906199999997],[-80.214805,42.083015999999965],[-80.22741,42.07930100000001],[-80.23092,42.077629999999985],[-80.233835,42.07736300000002],[-80.236223,42.078137],[-80.239158,42.07674100000001],[-80.240073,42.07711399999997],[-80.244188,42.072815999999996],[-80.266077,42.06100500000002],[-80.290735,42.052489999999956],[-80.296693,42.04906399999997],[-80.328142,42.03669300000005],[-80.349147,42.030173000000026],[-80.363368,42.02789599999997],[-80.37080600000002,42.02487899999998],[-80.371853,42.02381800000004],[-80.37404200000002,42.024425000000015],[-80.387028,42.01870199999999],[-80.403279,42.01320899999996],[-80.419956,42.00992500000005],[-80.432889,42.00577400000002],[-80.437711,42.00571299999998],[-80.457624,41.99738599999995],[-80.472769,41.99267499999997],[-80.47589800000002,41.99231599999998],[-80.480765,41.990283],[-80.483359,41.99015300000003],[-80.489554,41.98776899999998],[-80.49467400000002,41.98741000000003],[-80.49701,41.985796999999984],[-80.499061,41.98585400000002],[-80.505913,41.982272000000016],[-80.519421,41.977523000000005],[-80.519851,42.327132000000006]]]}},{"type":"Feature","properties":{"district":"34","population":60268,"landAreaSqMi":15.8,"topMunicipalities":[{"name":"Wilkinsburg","classCode":"borough","populationShare":0.23503204761386054},{"name":"Swissvale","classCode":"borough","populationShare":0.14101922856831675},{"name":"Pittsburgh","classCode":"second_class_city","populationShare":0.11159047473427794},{"name":"Forest Hills","classCode":"borough","populationShare":0.1050633904335312},{"name":"Wilkins","classCode":"first_class_township","populationShare":0.10376917937007303}],"topCounties":[{"name":"Allegheny","geoid":"42003","populationShare":1.0}],"classShares":{"borough":0.7846403458956489,"first_class_township":0.10376917937007303,"second_class_city":0.11159047473427794},"medianIncome":63487,"medianHomeValue":168060,"rentBurdenedPct":43.5,"ownerBurdenedPct":15.9,"permitsPer1kPerYear":0.9,"permits5yrTotal":262,"popChange2020to2024Pct":-3.1,"parentSenateDistricts":[{"district":"43","overlapShareOfHD":0.8384496702175884,"areaShareOfSD":0.22893700392573868},{"district":"45","overlapShareOfHD":0.16155032978241068,"areaShareOfSD":0.015594501981796264}]},"geometry":{"type":"Polygon","coordinates":[[[-79.91308300000001,40.43802799999997],[-79.91165,40.446696000000024],[-79.908192,40.45148699999998],[-79.912424,40.454036999999936],[-79.909547,40.45669099999998],[-79.903128,40.454524000000006],[-79.9013,40.45801500000002],[-79.898712,40.457434],[-79.898894,40.456971000000046],[-79.89666,40.456464],[-79.897024,40.45552600000004],[-79.892629,40.45453],[-79.892812,40.45406100000005],[-79.889572,40.45332299999999],[-79.889758,40.452847000000006],[-79.888458,40.454598],[-79.886807,40.45422400000003],[-79.887169,40.453289000000034],[-79.885314,40.452881999999974],[-79.884029,40.44891800000002],[-79.878312,40.449922000000036],[-79.86714,40.449392],[-79.865843,40.455745000000014],[-79.868278,40.45635100000001],[-79.867028,40.45854699999999],[-79.860629,40.45859399999998],[-79.858016,40.459408000000025],[-79.857285,40.457241999999994],[-79.85553700000001,40.45738600000001],[-79.855472,40.45360599999999],[-79.844323,40.44964599999998],[-79.84374,40.45073999999997],[-79.840227,40.44978900000004],[-79.835346,40.44506999999999],[-79.82952,40.444313999999984],[-79.82761,40.44505800000001],[-79.802667,40.43857999999997],[-79.80456100000002,40.434231999999994],[-79.802017,40.43160900000001],[-79.803448,40.42689999999999],[-79.808009,40.42508799999999],[-79.81816400000001,40.417646999999974],[-79.823218,40.416208],[-79.825071,40.41352400000005],[-79.824826,40.41249499999998],[-79.826704,40.41392599999995],[-79.827477,40.410062000000025],[-79.831202,40.41067199999998],[-79.831915,40.40927800000005],[-79.832647,40.40983599999999],[-79.833681,40.40039900000002],[-79.830103,40.399336999999996],[-79.8301,40.39834699999999],[-79.835554,40.39431299999998],[-79.837107,40.39088799999997],[-79.83998600000001,40.391123999999984],[-79.846531,40.39367699999997],[-79.851742,40.394513],[-79.853208,40.39304399999999],[-79.851661,40.39215199999999],[-79.853443,40.388406],[-79.866608,40.39354699999997],[-79.881203,40.40555099999999],[-79.899623,40.41545000000003],[-79.897491,40.425932000000024],[-79.896712,40.42645999999996],[-79.893474,40.425632000000014],[-79.891006,40.42719700000004],[-79.892878,40.428265],[-79.893762,40.42692200000005],[-79.89509600000001,40.42816599999998],[-79.897111,40.427609000000025],[-79.895142,40.43719200000001],[-79.896427,40.43686699999997],[-79.897642,40.43966099999997],[-79.901852,40.43938599999997],[-79.905345,40.43808799999997],[-79.91308300000001,40.43802799999997]]]}},{"type":"Feature","properties":{"district":"6","population":63980,"landAreaSqMi":693.4,"topMunicipalities":[{"name":"Meadville","classCode":"third_class_city","populationShare":0.19885901844326356},{"name":"Vernon","classCode":"second_class_township","populationShare":0.08254141919349789},{"name":"West Mead","classCode":"second_class_township","populationShare":0.07829009065332909},{"name":"Conneaut","classCode":"second_class_township","populationShare":0.06436386370740858},{"name":"Springfield","classCode":"second_class_township","populationShare":0.047843075961237866}],"topCounties":[{"name":"Crawford","geoid":"42039","populationShare":0.8307752422632072},{"name":"Erie","geoid":"42049","populationShare":0.16922475773679274}],"classShares":{"borough":0.09284151297280403,"second_class_township":0.7082994685839323,"third_class_city":0.19885901844326356},"medianIncome":63759,"medianHomeValue":145962,"rentBurdenedPct":34.7,"ownerBurdenedPct":16.8,"permitsPer1kPerYear":1.0,"permits5yrTotal":317,"popChange2020to2024Pct":-2.3,"parentSenateDistricts":[{"district":"50","overlapShareOfHD":0.8356110753041447,"areaShareOfSD":0.29864840592168085},{"district":"49","overlapShareOfHD":0.16438892469585775,"areaShareOfSD":0.07974694269200913}]},"geometry":{"type":"Polygon","coordinates":[[[-80.519216,41.48911100000003],[-80.519421,41.977523000000005],[-80.505913,41.982272000000016],[-80.499061,41.98585400000002],[-80.49701,41.985796999999984],[-80.49467400000002,41.98741000000003],[-80.489554,41.98776899999998],[-80.483359,41.99015300000003],[-80.480765,41.990283],[-80.47589800000002,41.99231599999998],[-80.472769,41.99267499999997],[-80.457624,41.99738599999995],[-80.437711,42.00571299999998],[-80.432889,42.00577400000002],[-80.419956,42.00992500000005],[-80.403279,42.01320899999996],[-80.385954,42.01921400000002],[-80.385782,41.99966600000003],[-80.387782,41.99965500000005],[-80.388765,41.940310000000004],[-80.265444,41.93999500000001],[-80.266156,41.89054300000001],[-80.205966,41.88998299999997],[-80.20654500000002,41.84904499999995],[-80.26698000000002,41.84946899999998],[-80.269043,41.75348500000001],[-80.16805900000001,41.75202999999999],[-80.167966,41.762115999999985],[-80.115674,41.76170700000002],[-80.112422,41.75761499999999],[-80.11242800000001,41.755948999999966],[-80.115771,41.75231999999998],[-80.12103,41.75069699999998],[-80.12146700000001,41.74666999999998],[-80.123554,41.74315],[-80.126399,41.74214600000001],[-80.132421,41.74204899999998],[-80.134295,41.74285499999998],[-80.136783,41.74233999999999],[-80.140457,41.738826999999986],[-80.145043,41.73622699999999],[-80.150925,41.730684000000004],[-80.151016,41.727207000000035],[-80.149373,41.723684],[-80.152139,41.71987800000003],[-80.146086,41.713479000000056],[-80.146272,41.70996799999998],[-80.145225,41.70660699999993],[-80.146537,41.70162800000005],[-80.146129,41.69816500000005],[-80.147685,41.69522499999998],[-80.152434,41.69256599999995],[-80.162151,41.693871999999985],[-80.164721,41.691965],[-80.166839,41.691514000000005],[-80.169412,41.68920199999999],[-80.172267,41.68431199999996],[-80.14898,41.679309999999994],[-80.13984,41.67925900000001],[-80.139757,41.67417399999999],[-80.132418,41.67425200000004],[-80.132165,41.67363300000001],[-80.131887,41.674234000000006],[-80.12619000000001,41.67426599999996],[-80.126612,41.66876699999997],[-80.057792,41.668880000000044],[-80.057927,41.670911],[-80.007784,41.67273500000002],[-79.970506,41.67554100000004],[-79.952903,41.67531300000001],[-79.919443,41.67678500000003],[-79.900196,41.68133700000002],[-79.89655,41.624145000000006],[-79.874153,41.623935],[-79.873457,41.611896],[-79.876211,41.60052100000002],[-79.877171,41.574242000000005],[-79.892732,41.57413800000002],[-79.892757,41.56216800000004],[-79.90860600000002,41.56217399999998],[-79.909471,41.550149],[-79.925369,41.550208000000005],[-79.92334,41.537595999999986],[-79.943296,41.53783699999997],[-79.942227,41.525347999999994],[-79.959188,41.525439999999975],[-79.958146,41.513534999999976],[-79.965875,41.512841000000066],[-79.981536,41.512886999999985],[-79.981779,41.500156000000004],[-79.998696,41.501031999999974],[-79.99873000000001,41.49009200000003],[-80.125596,41.48627800000004],[-80.125369,41.48039599999997],[-80.257183,41.483418],[-80.350722,41.484711999999966],[-80.43114700000001,41.48695799999998],[-80.431157,41.48902700000003],[-80.432946,41.48785099999995],[-80.433299,41.488655000000016],[-80.431494,41.48982600000002],[-80.432089,41.49208900000005],[-80.444896,41.492269000000015],[-80.445001,41.48711799999997],[-80.519216,41.48911100000003]]]}},{"type":"Feature","properties":{"district":"18","population":63650,"landAreaSqMi":20.3,"topMunicipalities":[{"name":"Bensalem","classCode":"second_class_township","populationShare":0.9849018067556953},{"name":"Hulmeville","classCode":"borough","populationShare":0.015098193244304758}],"topCounties":[{"name":"Bucks","geoid":"42017","populationShare":1.0}],"classShares":{"borough":0.015098193244304758,"second_class_township":0.9849018067556953},"medianIncome":85168,"medianHomeValue":361496,"rentBurdenedPct":46.1,"ownerBurdenedPct":24.6,"permitsPer1kPerYear":1.3,"permits5yrTotal":399,"popChange2020to2024Pct":0.6,"parentSenateDistricts":[{"district":"6","overlapShareOfHD":1.0000000000000009,"areaShareOfSD":0.16826186340782032}]},"geometry":{"type":"Polygon","coordinates":[[[-74.994526,40.12695299999999],[-74.992744,40.13050500000004],[-74.993595,40.132265999999994],[-74.970904,40.155785999999964],[-74.95749,40.14800099999998],[-74.957416,40.14582599999998],[-74.949197,40.146183000000036],[-74.943384,40.14807199999998],[-74.935749,40.15275299999999],[-74.933165,40.15351700000001],[-74.928175,40.152883999999986],[-74.92436100000002,40.150989000000024],[-74.918076,40.14572399999999],[-74.912981,40.14903599999996],[-74.90919,40.145481000000025],[-74.907561,40.146631000000035],[-74.900376,40.14064100000001],[-74.898158,40.13343100000001],[-74.898945,40.13304900000002],[-74.89823,40.13115799999999],[-74.901031,40.127096],[-74.90227,40.12083199999998],[-74.905363,40.116981000000024],[-74.90256,40.10403100000003],[-74.90591,40.09990699999996],[-74.91021100000002,40.098855000000015],[-74.912721,40.09702300000001],[-74.914953,40.08860399999999],[-74.913444,40.08580399999995],[-74.910715,40.08450899999998],[-74.90967,40.082678999999985],[-74.90910300000002,40.07050499999998],[-74.914224,40.07035399999998],[-74.921898,40.07144599999999],[-74.930642,40.06953700000001],[-74.966891,40.05271599999998],[-74.973981,40.048594999999985],[-74.97973500000002,40.053547],[-74.983194,40.054222999999986],[-74.985186,40.05710599999996],[-74.980437,40.06030399999998],[-74.980838,40.066102000000015],[-74.972445,40.07223500000003],[-74.971062,40.07373099999998],[-74.970837,40.076213000000045],[-74.963145,40.07732599999998],[-74.958382,40.08395699999996],[-74.957936,40.09042300000002],[-74.955777,40.09510299999998],[-74.961787,40.097772999999975],[-74.96088600000002,40.10310399999998],[-74.963962,40.10563599999997],[-74.963335,40.106872],[-74.96505600000002,40.10721499999997],[-74.965607,40.10809100000001],[-74.963709,40.10986700000004],[-74.964155,40.11337300000003],[-74.963168,40.11481600000001],[-74.963174,40.11667499999998],[-74.964612,40.118476000000015],[-74.969202,40.116816999999955],[-74.972961,40.11980299999999],[-74.97593100000002,40.12045700000004],[-74.979132,40.11934300000004],[-74.980215,40.120015000000016],[-74.982371,40.11994200000003],[-74.982958,40.12335299999999],[-74.984983,40.12389600000001],[-74.986491,40.123039000000006],[-74.988632,40.124416000000075],[-74.98915600000001,40.126162000000036],[-74.993924,40.12604800000002],[-74.994526,40.12695299999999]]]}},{"type":"Feature","properties":{"district":"35","population":62975,"landAreaSqMi":29.9,"topMunicipalities":[{"name":"McKeesport","classCode":"third_class_city","populationShare":0.27820702801538144},{"name":"Munhall","classCode":"borough","populationShare":0.16884562379495177},{"name":"White Oak","classCode":"borough","populationShare":0.11941306225317733},{"name":"Clairton","classCode":"third_class_city","populationShare":0.0969437160978256},{"name":"Duquesne","classCode":"third_class_city","populationShare":0.08235055064427918}],"topCounties":[{"name":"Allegheny","geoid":"42003","populationShare":1.0}],"classShares":{"borough":0.5362104641983306,"first_class_township":0.006288241044183277,"third_class_city":0.4575012947574862},"medianIncome":50565,"medianHomeValue":91930,"rentBurdenedPct":47.3,"ownerBurdenedPct":17.9,"permitsPer1kPerYear":0.3,"permits5yrTotal":90,"popChange2020to2024Pct":-3.5,"parentSenateDistricts":[{"district":"45","overlapShareOfHD":0.9999999999999982,"areaShareOfSD":0.1890438002165638}]},"geometry":{"type":"Polygon","coordinates":[[[-79.933008,40.39763100000001],[-79.929157,40.39925600000005],[-79.927225,40.400925999999956],[-79.921198,40.408215999999996],[-79.91540300000001,40.413225999999966],[-79.907991,40.41546599999998],[-79.899936,40.41554],[-79.881203,40.40555099999999],[-79.866608,40.39354699999997],[-79.853474,40.38843099999992],[-79.843939,40.38091000000002],[-79.839148,40.375883000000016],[-79.837189,40.37164900000004],[-79.836374,40.364988000000025],[-79.834186,40.361458000000006],[-79.833204,40.36267399999998],[-79.832059,40.36217199999999],[-79.832129,40.363006000000034],[-79.830819,40.36307399999998],[-79.82918,40.36118400000004],[-79.774412,40.359672999999994],[-79.7823,40.321526000000034],[-79.788648,40.297738],[-79.792896,40.29799299999999],[-79.799558,40.292603000000035],[-79.803032,40.293641000000015],[-79.80689000000001,40.297868999999956],[-79.806767,40.30224100000005],[-79.804622,40.30403700000002],[-79.796056,40.306580000000025],[-79.792667,40.30837400000003],[-79.790226,40.310979000000025],[-79.790528,40.31448499999998],[-79.793311,40.317075000000024],[-79.799821,40.31915899999998],[-79.804883,40.31989899999999],[-79.814419,40.31987500000004],[-79.818472,40.31887500000003],[-79.82706800000001,40.313444],[-79.83018800000002,40.312264],[-79.835881,40.31248100000004],[-79.837772,40.31464800000003],[-79.838406,40.31428600000001],[-79.835635,40.30895399999998],[-79.836445,40.308719999999965],[-79.835884,40.30762500000002],[-79.836889,40.30741999999997],[-79.839537,40.302732],[-79.829229,40.29830700000005],[-79.829889,40.29637099999997],[-79.83434,40.291167000000016],[-79.838394,40.289613],[-79.841262,40.28543700000004],[-79.846432,40.28413399999997],[-79.851651,40.27942300000005],[-79.861957,40.27740100000004],[-79.866322,40.27923999999997],[-79.869601,40.276679],[-79.871736,40.27636099999998],[-79.875348,40.27885900000002],[-79.87451,40.27964500000001],[-79.877761,40.28262999999996],[-79.876178,40.28359599999997],[-79.880129,40.28537599999998],[-79.88203400000002,40.28341100000002],[-79.88356,40.28297],[-79.888347,40.283189],[-79.892702,40.28090999999997],[-79.897918,40.28100000000002],[-79.900475,40.28321100000007],[-79.90037000000001,40.295629999999996],[-79.896646,40.29699500000001],[-79.883666,40.29813600000005],[-79.889186,40.300708999999976],[-79.89536500000001,40.29889000000001],[-79.899548,40.301929000000015],[-79.894698,40.30557999999994],[-79.900763,40.31205900000001],[-79.899589,40.312098999999996],[-79.8973,40.31425299999997],[-79.898853,40.31656899999999],[-79.900467,40.317195000000005],[-79.900468,40.31897299999999],[-79.899253,40.318653999999974],[-79.898627,40.319525999999996],[-79.896675,40.31974600000003],[-79.89139,40.31472799999999],[-79.884177,40.31145300000002],[-79.881828,40.31495800000001],[-79.877823,40.313095],[-79.876176,40.31464699999997],[-79.876219,40.316334000000005],[-79.87468300000002,40.31712600000001],[-79.875245,40.317859000000006],[-79.87411,40.32021099999996],[-79.876294,40.32099500000002],[-79.87231,40.32644299999998],[-79.875434,40.32907800000002],[-79.883106,40.332399999999936],[-79.883537,40.33612500000001],[-79.884714,40.336966],[-79.883289,40.339810999999976],[-79.880966,40.341771],[-79.881796,40.34338599999997],[-79.885612,40.34516799999998],[-79.880846,40.35164899999999],[-79.876551,40.35439299999996],[-79.863389,40.35631099999999],[-79.847944,40.356931999999965],[-79.846969,40.360337],[-79.854323,40.361126],[-79.856795,40.36562699999999],[-79.859515,40.367019999999954],[-79.859561,40.368112999999965],[-79.858247,40.367881999999966],[-79.857288,40.37085199999997],[-79.861674,40.376094999999985],[-79.868856,40.38192800000001],[-79.866563,40.38300100000001],[-79.868774,40.38390499999999],[-79.871032,40.38383099999999],[-79.87373100000002,40.38775700000001],[-79.87714,40.387814],[-79.88455,40.397480999999964],[-79.889789,40.39523200000005],[-79.891401,40.39630699999999],[-79.893679,40.39539299999999],[-79.894597,40.38421200000004],[-79.890914,40.382960999999995],[-79.88997600000002,40.38378100000001],[-79.890819,40.381680999999986],[-79.88937600000001,40.38080800000004],[-79.890952,40.37938099999999],[-79.891307,40.37635200000002],[-79.895376,40.37659500000002],[-79.898201,40.375165999999986],[-79.905932,40.375558000000034],[-79.909336,40.376895],[-79.908347,40.37815299999994],[-79.910477,40.37837500000001],[-79.91168900000001,40.380541000000036],[-79.913753,40.38092400000001],[-79.916241,40.38007899999998],[-79.917314,40.38159700000003],[-79.916084,40.38211300000002],[-79.918466,40.388474999999985],[-79.9149,40.393389999999954],[-79.916912,40.393921000000034],[-79.913306,40.39697200000002],[-79.918244,40.39930600000003],[-79.92961900000002,40.38973100000004],[-79.932357,40.391498999999996],[-79.933008,40.39763100000001]]]}},{"type":"Feature","properties":{"district":"3","population":64790,"landAreaSqMi":61.0,"topMunicipalities":[{"name":"Millcreek","classCode":"second_class_township","populationShare":0.8278129340947677},{"name":"Fairview","classCode":"second_class_township","populationShare":0.17218706590523228}],"topCounties":[{"name":"Erie","geoid":"42049","populationShare":1.0}],"classShares":{"second_class_township":1.0},"medianIncome":85851,"medianHomeValue":230754,"rentBurdenedPct":44.2,"ownerBurdenedPct":16.2,"permitsPer1kPerYear":1.4,"permits5yrTotal":467,"popChange2020to2024Pct":-1.1,"parentSenateDistricts":[{"district":"49","overlapShareOfHD":1.0000000000000022,"areaShareOfSD":0.042094169851871324}]},"geometry":{"type":"Polygon","coordinates":[[[-80.298697,42.04834799999998],[-80.290735,42.052489999999956],[-80.266077,42.06100500000002],[-80.244188,42.072815999999996],[-80.240073,42.07711399999997],[-80.239158,42.07674100000001],[-80.236223,42.078137],[-80.231453,42.07748099999997],[-80.22741,42.07930100000001],[-80.217561,42.08191],[-80.203688,42.08906199999997],[-80.197828,42.08983600000002],[-80.193581,42.092243999999994],[-80.188093,42.09399099999999],[-80.166021,42.10578999999999],[-80.160903,42.10971900000003],[-80.158156,42.11067599999999],[-80.153731,42.11525799999999],[-80.148099,42.12504999999993],[-80.145307,42.13333600000004],[-80.141226,42.14079799999998],[-80.138006,42.144506],[-80.134818,42.15073499999999],[-80.131879,42.152733999999974],[-80.128981,42.15667100000001],[-80.123487,42.160024],[-80.115392,42.16671100000001],[-80.112912,42.166515999999994],[-80.106619,42.16935900000002],[-80.095235,42.17181500000003],[-80.086666,42.17265199999997],[-80.082324,42.17146899999999],[-80.074989,42.170860000000005],[-80.064791,42.17196799999998],[-80.062315,42.171100000000045],[-80.060855,42.16928900000007],[-80.062463,42.167478000000045],[-80.066398,42.16958499999998],[-80.068855,42.16777400000005],[-80.069576,42.168938000000004],[-80.073454,42.16705300000005],[-80.072047,42.15547200000001],[-80.080279,42.15209299999998],[-80.081967,42.15532799999995],[-80.092584,42.15413399999996],[-80.098442,42.15224399999999],[-80.1183,42.151204999999976],[-80.12878200000002,42.14873600000002],[-80.13015600000001,42.14775599999998],[-80.129438,42.14726400000001],[-80.133085,42.14250700000005],[-80.13954,42.13946699999998],[-80.143461,42.130325999999975],[-80.141455,42.128812000000046],[-80.144675,42.127244],[-80.143308,42.12726300000001],[-80.140905,42.128933999999965],[-80.139325,42.12853699999998],[-80.146101,42.12572899999995],[-80.149046,42.11807300000003],[-80.151976,42.113361999999945],[-80.150701,42.11274000000002],[-80.146932,42.113945999999984],[-80.14645600000001,42.11484000000004],[-80.141836,42.11557099999999],[-80.14027199999998,42.117350000000044],[-80.138518,42.11671200000006],[-80.112313,42.077190999999964],[-80.079176,42.089497999999956],[-80.076956,42.08614799999998],[-80.073418,42.08742100000002],[-80.072014,42.08514700000003],[-80.070939,42.08526900000001],[-80.070694,42.08618499999995],[-80.068085,42.087725999999975],[-80.066994,42.09041500000003],[-80.069878,42.09306699999997],[-80.003376,42.11725600000001],[-79.990085,42.09635800000001],[-80.003465,42.09104299999999],[-80.140915,42.04245699999998],[-80.1402,42.04135800000001],[-80.141369,42.04094699999998],[-80.176392,42.02867599999996],[-80.177543,42.03050600000001],[-80.202314,42.02188399999999],[-80.202666,41.999186000000016],[-80.203859,41.999154000000026],[-80.20433,41.96977799999997],[-80.264549,41.97028499999998],[-80.263796,42.006181999999974],[-80.271558,42.003561],[-80.298697,42.04834799999998]]]}},{"type":"Feature","properties":{"district":"21","population":65324,"landAreaSqMi":19.2,"topMunicipalities":[{"name":"Shaler","classCode":"first_class_township","populationShare":0.4245591413323128},{"name":"Pittsburgh","classCode":"second_class_city","populationShare":0.4236442031022725},{"name":"Etna","classCode":"borough","populationShare":0.051787826318858254},{"name":"Millvale","classCode":"borough","populationShare":0.05102241357397406},{"name":"Reserve","classCode":"first_class_township","populationShare":0.04898641567258242}],"topCounties":[{"name":"Allegheny","geoid":"42003","populationShare":1.0}],"classShares":{"borough":0.1028102398928323,"first_class_township":0.4735455570048952,"second_class_city":0.4236442031022725},"medianIncome":82931,"medianHomeValue":231384,"rentBurdenedPct":35.3,"ownerBurdenedPct":14.0,"permitsPer1kPerYear":5.5,"permits5yrTotal":1806,"popChange2020to2024Pct":-1.4,"parentSenateDistricts":[{"district":"38","overlapShareOfHD":0.6546108211280499,"areaShareOfSD":0.06349041279208197},{"district":"42","overlapShareOfHD":0.3453891788719476,"areaShareOfSD":0.11511514755742122}]},"geometry":{"type":"Polygon","coordinates":[[[-80.003932,40.49628500000003],[-79.994142,40.494042999999934],[-79.994275,40.49706799999999],[-79.989625,40.49721400000002],[-79.989709,40.500658000000016],[-79.985646,40.501953000000015],[-79.985701,40.50324600000003],[-79.98647,40.503248999999954],[-79.988252,40.524581999999995],[-79.988921,40.55393799999999],[-79.982685,40.553955000000016],[-79.982712,40.55514199999998],[-79.979023,40.555066999999994],[-79.979285,40.55379599999996],[-79.950217,40.554542999999974],[-79.949621,40.55356799999999],[-79.93868,40.55404700000002],[-79.936068,40.497202999999985],[-79.940458,40.496389000000036],[-79.938609,40.495172],[-79.93944000000002,40.494625000000056],[-79.938355,40.490983000000014],[-79.93218,40.491688999999965],[-79.923567,40.49071699999998],[-79.924791,40.48761000000002],[-79.928192,40.48509699999997],[-79.930721,40.47953600000003],[-79.931678,40.47971599999999],[-79.93191600000002,40.475217],[-79.933208,40.47985499999999],[-79.940247,40.481956999999994],[-79.942697,40.481528000000026],[-79.947146,40.47799699999998],[-79.948944,40.478172999999956],[-79.946254,40.47769599999999],[-79.940681,40.47372799999997],[-79.936529,40.474268],[-79.934937,40.47254200000002],[-79.939082,40.47308099999996],[-79.944495,40.47163399999997],[-79.947333,40.46867899999996],[-79.946116,40.466964],[-79.946446,40.46546600000005],[-79.948068,40.46569799999995],[-79.949866,40.462087000000004],[-79.952782,40.46361100000001],[-79.956933,40.460727],[-79.955936,40.46030300000006],[-79.957202,40.45882099999998],[-79.96042,40.456980000000016],[-79.97281,40.452288000000024],[-79.97394600000001,40.452704999999966],[-79.976967,40.45049099999999],[-79.979146,40.45040199999998],[-79.992886,40.44293799999999],[-79.996133,40.44818200000004],[-79.99976,40.446679],[-80.00050300000001,40.44821899999999],[-80.001491,40.45269099999996],[-79.997712,40.45341499999999],[-79.997882,40.454029999999975],[-79.996845,40.454211000000015],[-79.998393,40.45879699999998],[-80.000666,40.45847699999999],[-80.001233,40.46567800000002],[-79.992809,40.465935999999985],[-79.992178,40.466805999999956],[-79.99008,40.46719600000004],[-79.990933,40.469727999999996],[-79.996802,40.470263],[-79.999272,40.469494000000026],[-80.000915,40.471480000000035],[-80.00057,40.472894000000025],[-79.997545,40.472981999999995],[-79.997611,40.47459100000001],[-79.995833,40.47453599999997],[-79.995987,40.47733199999995],[-79.99534600000001,40.477360999999966],[-79.99651700000001,40.47918599999999],[-79.998539,40.478906],[-79.998778,40.47981400000001],[-80.001683,40.48008200000004],[-80.001767,40.48242799999996],[-80.003188,40.48237599999997],[-80.003932,40.49628500000003]]]}},{"type":"Feature","properties":{"district":"23","population":38525,"landAreaSqMi":7.3,"topMunicipalities":[{"name":"Pittsburgh","classCode":"second_class_city","populationShare":1.0}],"topCounties":[{"name":"Allegheny","geoid":"42003","populationShare":1.0}],"classShares":{"second_class_city":1.0},"medianIncome":89421,"medianHomeValue":450275,"rentBurdenedPct":51.2,"ownerBurdenedPct":19.3,"permitsPer1kPerYear":3.6,"permits5yrTotal":686,"popChange2020to2024Pct":1.6,"parentSenateDistricts":[{"district":"43","overlapShareOfHD":1.0000000000000022,"areaShareOfSD":0.1254986318360659}]},"geometry":{"type":"Polygon","coordinates":[[[-79.963111,40.43710900000001],[-79.959432,40.439779999999985],[-79.960275,40.440459999999966],[-79.957816,40.442238],[-79.956544,40.441870999999985],[-79.957438,40.442514000000024],[-79.952421,40.446114999999985],[-79.955526,40.44908899999998],[-79.954904,40.45097599999999],[-79.943082,40.454566],[-79.940003,40.453518000000024],[-79.937324,40.45377199999998],[-79.936232,40.451880999999986],[-79.927913,40.45479600000005],[-79.927509,40.45410900000003],[-79.925325,40.45499099999998],[-79.925341,40.45416099999997],[-79.922546,40.455861999999975],[-79.920712,40.45289400000004],[-79.912424,40.454036999999936],[-79.908192,40.45148699999998],[-79.91165,40.446696000000024],[-79.91308300000001,40.43802799999997],[-79.905345,40.43808799999997],[-79.901852,40.43938599999997],[-79.897642,40.43966099999997],[-79.896427,40.43686699999997],[-79.895142,40.43719200000001],[-79.897111,40.427609000000025],[-79.89509600000001,40.42816599999998],[-79.893762,40.42692200000005],[-79.892878,40.428265],[-79.891006,40.42719700000004],[-79.893474,40.425632000000014],[-79.896712,40.42645999999996],[-79.897491,40.425932000000024],[-79.899623,40.41545000000003],[-79.905972,40.41570699999997],[-79.913314,40.414240000000056],[-79.91727,40.41190799999996],[-79.921112,40.40829799999998],[-79.925492,40.411442999999984],[-79.929601,40.409656000000055],[-79.932293,40.41371100000001],[-79.936367,40.41185100000003],[-79.938009,40.41212000000003],[-79.939473,40.41347899999999],[-79.940436,40.41244300000002],[-79.942411,40.41576200000001],[-79.943586,40.41527899999995],[-79.951013,40.42460800000001],[-79.952949,40.42487200000001],[-79.953572,40.42566999999999],[-79.949081,40.42771099999998],[-79.950273,40.43087499999998],[-79.94986,40.43443],[-79.953191,40.43438299999997],[-79.953773,40.431784999999955],[-79.955159,40.432041999999996],[-79.955475,40.430705999999965],[-79.95672,40.43160799999996],[-79.956176,40.43594999999996],[-79.961527,40.435836000000045],[-79.963111,40.43710900000001]]]}},{"type":"Feature","properties":{"district":"32","population":69234,"landAreaSqMi":41.7,"topMunicipalities":[{"name":"Penn Hills","classCode":"first_class_township","populationShare":0.5853735302290937},{"name":"Plum","classCode":"borough","populationShare":0.2792602852735943},{"name":"Oakmont","classCode":"borough","populationShare":0.09694599128744749},{"name":"Verona","classCode":"borough","populationShare":0.03842019320986447}],"topCounties":[{"name":"Allegheny","geoid":"42003","populationShare":1.0}],"classShares":{"borough":0.4146264697709063,"first_class_township":0.5853735302290937},"medianIncome":73728,"medianHomeValue":178550,"rentBurdenedPct":43.8,"ownerBurdenedPct":19.3,"permitsPer1kPerYear":0.8,"permits5yrTotal":263,"popChange2020to2024Pct":-3.1,"parentSenateDistricts":[{"district":"43","overlapShareOfHD":0.5108222459429993,"areaShareOfSD":0.36857083754826414},{"district":"45","overlapShareOfHD":0.4891777540569981,"areaShareOfSD":0.124779295807477}]},"geometry":{"type":"Polygon","coordinates":[[[-79.889997,40.46186900000002],[-79.886561,40.47818400000004],[-79.884665,40.47931200000005],[-79.883807,40.483212],[-79.874992,40.48338500000004],[-79.86277600000001,40.48580899999999],[-79.857784,40.488089999999985],[-79.851113,40.493601],[-79.84892,40.502440999999955],[-79.850969,40.515864000000015],[-79.849434,40.52355299999997],[-79.847433,40.52619800000002],[-79.842302,40.52980399999996],[-79.83082,40.53434200000003],[-79.822086,40.536206],[-79.805012,40.53745499999997],[-79.783753,40.53410800000004],[-79.776618,40.534934000000035],[-79.771508,40.53697000000002],[-79.766091,40.540712999999975],[-79.763775,40.54499699999997],[-79.76509,40.54923799999999],[-79.760995,40.551030000000004],[-79.757132,40.550124000000025],[-79.754048,40.55047499999995],[-79.75134600000001,40.55180899999998],[-79.746804,40.55068700000002],[-79.742656,40.548523000000024],[-79.74051800000001,40.54948499999996],[-79.736183,40.54918299999996],[-79.734044,40.54683600000001],[-79.732582,40.546561000000025],[-79.731934,40.54506600000003],[-79.724608,40.54219100000004],[-79.722379,40.542227000000004],[-79.715397,40.53351700000003],[-79.710032,40.53218899999999],[-79.707628,40.530376999999994],[-79.70577,40.527543999999985],[-79.701624,40.525449000000044],[-79.702142,40.48952300000003],[-79.709054,40.489264999999996],[-79.712208,40.48758500000004],[-79.716075,40.48386599999999],[-79.72493,40.481866],[-79.727442,40.479732],[-79.736034,40.477845],[-79.737975,40.479939999999985],[-79.737896,40.48549900000003],[-79.741091,40.490202999999966],[-79.74553400000002,40.49361700000005],[-79.75002,40.49493000000001],[-79.751638,40.496472000000026],[-79.753674,40.49653300000003],[-79.755499,40.494788000000014],[-79.771547,40.49055],[-79.778255,40.48935299999998],[-79.781105,40.48999199999999],[-79.778869,40.487113000000015],[-79.770828,40.48201299999996],[-79.759567,40.460387999999995],[-79.761867,40.461784],[-79.767418,40.46206600000003],[-79.773489,40.45965600000001],[-79.779298,40.460953000000046],[-79.779279,40.45989200000003],[-79.780927,40.45913200000001],[-79.782498,40.456519000000036],[-79.787204,40.453136999999955],[-79.79628,40.45010700000005],[-79.79701200000001,40.44387499999996],[-79.798263,40.44149400000005],[-79.801908,40.44034699999996],[-79.800437,40.439644999999956],[-79.800939,40.43906200000001],[-79.802667,40.43857999999997],[-79.82761,40.44505800000001],[-79.82952,40.444313999999984],[-79.835346,40.44506999999999],[-79.840227,40.44978900000004],[-79.84374,40.45073999999997],[-79.844323,40.44964599999998],[-79.855472,40.45360599999999],[-79.85553700000001,40.45738600000001],[-79.857285,40.457241999999994],[-79.858016,40.459408000000025],[-79.860629,40.45859399999998],[-79.867028,40.45854699999999],[-79.868278,40.45635100000001],[-79.872644,40.45745500000003],[-79.87162,40.458389000000004],[-79.871695,40.46056500000002],[-79.869102,40.46097300000001],[-79.872284,40.46088399999998],[-79.874504,40.459263],[-79.875644,40.459955000000036],[-79.875531,40.461549000000005],[-79.876902,40.461607],[-79.876295,40.459700999999974],[-79.877399,40.459829999999975],[-79.877366,40.45895999999998],[-79.889997,40.46186900000002]]]}},{"type":"Feature","properties":{"district":"10","population":33333,"landAreaSqMi":2.9,"topMunicipalities":[{"name":"Philadelphia","classCode":"first_class_city","populationShare":1.0}],"topCounties":[{"name":"Philadelphia","geoid":"42101","populationShare":1.0}],"classShares":{"first_class_city":1.0},"medianIncome":46152,"medianHomeValue":234744,"rentBurdenedPct":48.6,"ownerBurdenedPct":28.3,"permitsPer1kPerYear":19.3,"permits5yrTotal":3209,"popChange2020to2024Pct":-1.9,"parentSenateDistricts":[{"district":"7","overlapShareOfHD":0.8178731647873513,"areaShareOfSD":0.06053761521055607},{"district":"1","overlapShareOfHD":0.09821341552391205,"areaShareOfSD":0.011073303842498907},{"district":"8","overlapShareOfHD":0.08391341968873678,"areaShareOfSD":0.009028487750875938}]},"geometry":{"type":"Polygon","coordinates":[[[-75.240449,39.953733000000014],[-75.23878500000001,39.96171500000001],[-75.234869,39.961230999999984],[-75.234644,39.96228],[-75.236587,39.962519000000036],[-75.236481,39.96304700000001],[-75.236162,39.96456500000001],[-75.23422400000001,39.96432499999999],[-75.23361,39.96734300000003],[-75.230058,39.967648999999966],[-75.229922,39.96691900000002],[-75.22786,39.96619099999998],[-75.227679,39.96507199999997],[-75.226109,39.964878999999996],[-75.226382,39.96648899999996],[-75.220456,39.967089000000044],[-75.220578,39.968066999999955],[-75.21877,39.96825100000003],[-75.2168,39.96745900000001],[-75.216996,39.96896900000002],[-75.214808,39.96919099999997],[-75.214318,39.970541999999995],[-75.21264,39.969536],[-75.208227,39.970015000000004],[-75.20864600000002,39.972158],[-75.203722,39.97092899999998],[-75.204314,39.974117],[-75.193724,39.97528500000002],[-75.191012,39.97003400000001],[-75.183323,39.96437399999999],[-75.179494,39.964518],[-75.171988,39.959046000000036],[-75.17239,39.95742799999997],[-75.16917300000001,39.95703099999995],[-75.167803,39.955934999999954],[-75.167989,39.955008000000035],[-75.16957,39.955204999999964],[-75.170007,39.95317099999999],[-75.22486800000001,39.960004999999995],[-75.226224,39.95352800000005],[-75.229999,39.953995999999954],[-75.230323,39.952474999999986],[-75.240449,39.953733000000014]]]}},{"type":"Feature","properties":{"district":"39","population":65811,"landAreaSqMi":93.8,"topMunicipalities":[{"name":"South Park","classCode":"second_class_township","populationShare":0.20795820616721744},{"name":"Elizabeth","classCode":"first_class_township","populationShare":0.19434352308042616},{"name":"Jefferson Hills","classCode":"borough","populationShare":0.18709552773176596},{"name":"Pleasant Hills","classCode":"borough","populationShare":0.12791116319710916},{"name":"Union","classCode":"second_class_township","populationShare":0.08190481092027163}],"topCounties":[{"name":"Allegheny","geoid":"42003","populationShare":0.7902442224271868},{"name":"Washington","geoid":"42125","populationShare":0.2097557775728131}],"classShares":{"borough":0.3798739700555631,"first_class_township":0.19434352308042616,"second_class_township":0.3632856413104694,"third_class_city":0.06249686555354126},"medianIncome":90751,"medianHomeValue":210318,"rentBurdenedPct":39.0,"ownerBurdenedPct":14.3,"permitsPer1kPerYear":2.1,"permits5yrTotal":691,"popChange2020to2024Pct":-1.5,"parentSenateDistricts":[{"district":"45","overlapShareOfHD":0.4541645483907314,"areaShareOfSD":0.2617776773546922},{"district":"37","overlapShareOfHD":0.30005251631902974,"areaShareOfSD":0.11458529259119776},{"district":"46","overlapShareOfHD":0.24578293529023992,"areaShareOfSD":0.015681269198192068}]},"geometry":{"type":"Polygon","coordinates":[[[-80.033699,40.28767400000003],[-80.030472,40.291990000000006],[-80.026707,40.294856],[-80.025542,40.297879000000016],[-80.023851,40.298368000000046],[-80.02314,40.300725000000014],[-80.02099,40.30219900000004],[-80.020534,40.304697000000004],[-79.998059,40.33824799999999],[-79.986659,40.331190999999976],[-79.985425,40.32952700000003],[-79.985254,40.33341200000001],[-79.984334,40.33328800000001],[-79.980599,40.33622099999998],[-79.976614,40.33627399999998],[-79.97808,40.33720499999995],[-79.975878,40.33805299999996],[-79.974742,40.33730800000003],[-79.96908600000002,40.34038300000001],[-79.968278,40.341808],[-79.966662,40.34151800000001],[-79.964,40.344991000000014],[-79.931465,40.32685000000005],[-79.930913,40.32520200000001],[-79.929135,40.32588500000005],[-79.927056,40.32447899999999],[-79.925802,40.325599],[-79.898627,40.319525999999996],[-79.899253,40.318653999999974],[-79.900468,40.31897299999999],[-79.900467,40.317195000000005],[-79.898853,40.31656899999999],[-79.8973,40.31425299999997],[-79.899589,40.312098999999996],[-79.900763,40.31205900000001],[-79.894698,40.30557999999994],[-79.899548,40.301929000000015],[-79.89536500000001,40.29889000000001],[-79.889186,40.300708999999976],[-79.883666,40.29813600000005],[-79.896646,40.29699500000001],[-79.90037000000001,40.295629999999996],[-79.900475,40.28321100000007],[-79.897918,40.28100000000002],[-79.892702,40.28090999999997],[-79.888347,40.283189],[-79.88356,40.28297],[-79.88203400000002,40.28341100000002],[-79.880129,40.28537599999998],[-79.878312,40.28502900000001],[-79.876178,40.28359599999997],[-79.877761,40.28262999999996],[-79.87451,40.27964500000001],[-79.875348,40.27885900000002],[-79.871736,40.27636099999998],[-79.869601,40.276679],[-79.866322,40.27923999999997],[-79.861957,40.27740100000004],[-79.851651,40.27942300000005],[-79.846432,40.28413399999997],[-79.841262,40.28543700000004],[-79.838394,40.289613],[-79.83434,40.291167000000016],[-79.830209,40.295800999999976],[-79.829229,40.29830700000005],[-79.839537,40.302732],[-79.836889,40.30741999999997],[-79.835884,40.30762500000002],[-79.836445,40.308719999999965],[-79.835635,40.30895399999998],[-79.837962,40.31455499999999],[-79.835881,40.31248100000004],[-79.83018800000002,40.312264],[-79.816069,40.31961099999999],[-79.81050600000002,40.32016499999997],[-79.799821,40.31915899999998],[-79.792467,40.31657600000003],[-79.790528,40.31448499999998],[-79.790226,40.310979000000025],[-79.79483,40.307098999999994],[-79.80553,40.30350800000002],[-79.807098,40.300527],[-79.80645,40.29702200000001],[-79.802478,40.293212],[-79.800354,40.292564999999975],[-79.798759,40.29286899999998],[-79.792896,40.29799299999999],[-79.787507,40.29747300000002],[-79.780995,40.293607999999985],[-79.775963,40.289210000000004],[-79.775027,40.28702100000001],[-79.776,40.28482800000004],[-79.780117,40.28210899999997],[-79.791851,40.28212599999997],[-79.79579600000001,40.281078999999984],[-79.796426,40.27772500000002],[-79.795058,40.27218900000001],[-79.788779,40.265311999999994],[-79.787496,40.26250300000002],[-79.78924,40.259592000000026],[-79.795813,40.25397199999999],[-79.799109,40.24696599999999],[-79.802261,40.24286500000001],[-79.806079,40.24026200000001],[-79.807338,40.235439],[-79.806038,40.232949999999995],[-79.803455,40.23161100000003],[-79.786944,40.22796699999997],[-79.782588,40.227625999999994],[-79.871425,40.19739099999999],[-79.864985,40.196791000000005],[-79.85770500000001,40.19317500000003],[-79.861929,40.189929000000035],[-79.86241000000001,40.190325000000016],[-79.861051,40.19173599999997],[-79.863126,40.193574999999974],[-79.865911,40.19464700000003],[-79.866313,40.193913000000016],[-79.869705,40.19467300000002],[-79.869561,40.18957499999998],[-79.87382,40.186890000000055],[-79.87892,40.186918000000034],[-79.87882,40.18063699999999],[-79.886772,40.18072],[-79.889418,40.18166900000001],[-79.890692,40.18328899999999],[-79.894132,40.18000499999996],[-79.904489,40.17995900000003],[-79.90305,40.183126999999985],[-79.912913,40.18489000000003],[-79.921243,40.184902999999984],[-79.922939,40.18735099999999],[-79.925211,40.188662999999984],[-79.929373,40.188674],[-79.931475,40.19442000000005],[-79.939355,40.196645999999966],[-79.939355,40.194694000000005],[-79.942276,40.19681699999999],[-79.94760800000002,40.19395099999999],[-79.954229,40.191501999999964],[-79.956132,40.19149399999995],[-79.961796,40.18088000000002],[-79.965533,40.182458999999945],[-79.967969,40.186174],[-79.96863,40.184011000000005],[-79.974194,40.18521500000002],[-79.978216,40.18490800000001],[-79.982813,40.18247100000001],[-79.98429700000001,40.184101000000005],[-79.988112,40.18587999999994],[-79.993205,40.19246600000001],[-79.989477,40.196133999999994],[-79.990171,40.19789899999997],[-79.98429700000001,40.207800999999996],[-79.986101,40.207597000000014],[-79.990749,40.20971800000003],[-79.996325,40.209706999999995],[-80.002457,40.212598000000014],[-80.002832,40.21710100000001],[-80.011905,40.223249000000024],[-80.012355,40.22618100000001],[-80.022379,40.226636999999975],[-80.018364,40.23345699999994],[-80.016276,40.24830200000001],[-80.01859,40.25735099999999],[-80.011043,40.25868700000002],[-80.0135,40.263342000000016],[-80.017317,40.265072],[-80.023285,40.262336999999945],[-80.033283,40.276430000000026],[-80.033699,40.28767400000003]]]}},{"type":"Feature","properties":{"district":"13","population":64398,"landAreaSqMi":189.0,"topMunicipalities":[{"name":"East Nottingham","classCode":"second_class_township","populationShare":0.14009751855647665},{"name":"London Grove","classCode":"second_class_township","populationShare":0.1379545948631944},{"name":"New London","classCode":"second_class_township","populationShare":0.0904220627969814},{"name":"Oxford","classCode":"borough","populationShare":0.08949035684338028},{"name":"Penn","classCode":"second_class_township","populationShare":0.08779775769433834}],"topCounties":[{"name":"Chester","geoid":"42029","populationShare":1.0}],"classShares":{"borough":0.13283021211838883,"second_class_township":0.8671697878816111},"medianIncome":125175,"medianHomeValue":384679,"rentBurdenedPct":52.1,"ownerBurdenedPct":19.0,"permitsPer1kPerYear":2.9,"permits5yrTotal":926,"popChange2020to2024Pct":3.5,"parentSenateDistricts":[{"district":"19","overlapShareOfHD":0.7856234346550114,"areaShareOfSD":0.4553560473625813},{"district":"9","overlapShareOfHD":0.21437656534498656,"areaShareOfSD":0.1829548337328563}]},"geometry":{"type":"Polygon","coordinates":[[[-76.136672,39.725267999999986],[-76.134045,39.727171000000006],[-76.128262,39.727656999999994],[-76.124967,39.72681100000005],[-76.122495,39.723495999999976],[-76.119195,39.72344399999999],[-76.118226,39.72541200000003],[-76.120477,39.730486],[-76.11977800000001,39.73193],[-76.120425,39.73579100000002],[-76.119218,39.73655600000001],[-76.113865,39.737155000000016],[-76.108439,39.73463899999996],[-76.11092,39.72786399999999],[-76.106193,39.72422299999998],[-76.102014,39.72412599999998],[-76.100919,39.72651600000003],[-76.096382,39.729339999999986],[-76.092508,39.733800000000045],[-76.096188,39.73723600000001],[-76.09971600000002,39.73802599999997],[-76.101953,39.73953200000002],[-76.100336,39.745721999999994],[-76.098608,39.74548600000003],[-76.096877,39.74311099999999],[-76.094035,39.74273300000001],[-76.088033,39.74493199999995],[-76.084661,39.74777099999998],[-76.082599,39.75304999999998],[-76.085794,39.75588999999999],[-76.082598,39.760786000000046],[-76.079568,39.76196300000002],[-76.076461,39.761813],[-76.067427,39.75965000000001],[-76.062602,39.76450099999996],[-76.064923,39.77028300000003],[-76.064564,39.77118900000006],[-76.060524,39.77501099999997],[-76.058397,39.77986099999997],[-76.055646,39.78016300000003],[-76.050529,39.78279299999998],[-76.048525,39.78924],[-76.04348900000001,39.791369000000024],[-76.045127,39.793163],[-76.041257,39.79694700000001],[-76.043507,39.797852000000056],[-76.04573800000001,39.80098900000002],[-76.049764,39.80268800000005],[-76.048756,39.80380300000001],[-76.046624,39.80396199999995],[-76.040223,39.80112099999999],[-76.039023,39.80122199999998],[-76.035249,39.80773799999997],[-76.035216,39.811835],[-76.034438,39.812517000000014],[-76.031185,39.812071999999986],[-76.02962000000001,39.81273000000003],[-76.03107100000001,39.81476600000001],[-76.03138500000001,39.81828700000001],[-76.037319,39.824526000000034],[-76.037636,39.826917],[-76.033764,39.82627500000002],[-76.030232,39.823973000000024],[-76.027034,39.82415299999998],[-76.023784,39.82713400000001],[-76.022826,39.83079999999999],[-76.017575,39.83056400000004],[-76.01649,39.831354000000026],[-76.017783,39.834876000000044],[-76.01711,39.835805999999984],[-76.018138,39.83665600000004],[-76.017809,39.83817299999999],[-76.01996500000001,39.84002900000001],[-76.018775,39.84051400000002],[-76.0195,39.843942999999996],[-76.020728,39.844658999999965],[-76.020953,39.84945900000001],[-76.022236,39.848603999999995],[-76.022863,39.84890100000001],[-76.022223,39.85076100000001],[-76.01882500000002,39.85407999999998],[-76.01641300000001,39.85395599999996],[-76.014678,39.852845999999985],[-76.011783,39.85319499999997],[-76.008575,39.85196499999999],[-76.007576,39.852348999999975],[-76.006743,39.85382199999999],[-76.007653,39.85715900000001],[-76.006176,39.861594000000046],[-76.006822,39.86239799999996],[-76.005856,39.86683500000005],[-76.004442,39.868870000000065],[-76.004379,39.872562000000016],[-76.002432,39.87435299999997],[-76.000604,39.874856000000015],[-75.997802,39.87380699999996],[-75.997123,39.87301999999998],[-75.99828,39.872925],[-75.998373,39.872027],[-75.991486,39.86869399999997],[-75.990398,39.871041000000005],[-75.987605,39.87225100000001],[-75.986803,39.873656000000004],[-75.988493,39.878428999999976],[-75.992379,39.882228],[-75.990599,39.88448400000001],[-75.991583,39.88555500000004],[-75.991316,39.88749399999995],[-75.989371,39.89061600000001],[-75.986729,39.892879000000036],[-75.987836,39.89481999999997],[-75.988578,39.89465900000002],[-75.993329,39.89899600000001],[-75.995011,39.898501999999986],[-75.99448500000001,39.90236799999997],[-75.995989,39.903786],[-75.997516,39.909995999999985],[-75.995318,39.911525999999974],[-75.996103,39.914552000000036],[-75.994905,39.916776999999996],[-75.9971,39.921907999999995],[-75.995827,39.92459500000003],[-75.997418,39.92799000000003],[-75.996445,39.928619],[-75.993426,39.926739999999995],[-75.991517,39.926725999999974],[-75.99175600000001,39.928841999999975],[-75.986957,39.929942999999966],[-75.984973,39.932114],[-75.981588,39.92953800000002],[-75.981119,39.93402899999999],[-75.985056,39.93787100000005],[-75.926078,39.94950100000002],[-75.90614,39.95393600000001],[-75.904792,39.95521700000001],[-75.89043100000002,39.95863699999999],[-75.890521,39.957373999999994],[-75.885832,39.954265000000014],[-75.881715,39.94995899999998],[-75.88012500000002,39.949730000000045],[-75.880353,39.949182000000015],[-75.87546200000001,39.94946600000003],[-75.875525,39.950021000000014],[-75.874015,39.949025],[-75.873699,39.94959400000004],[-75.872179,39.94643000000002],[-75.87285,39.94613599999995],[-75.872127,39.94379400000002],[-75.869093,39.941971999999986],[-75.866738,39.94145399999995],[-75.863108,39.94244800000005],[-75.859153,39.942474],[-75.857389,39.93775900000004],[-75.85514,39.93675700000001],[-75.85372400000001,39.93292199999999],[-75.856718,39.931607],[-75.856587,39.927449999999965],[-75.850789,39.92273199999998],[-75.847732,39.92163400000001],[-75.846531,39.92217499999996],[-75.84204800000002,39.909413999999984],[-75.84002,39.90661999999999],[-75.837312,39.90743599999999],[-75.83532,39.90078999999996],[-75.853072,39.88922899999999],[-75.849008,39.866505999999966],[-75.789273,39.87219700000003],[-75.785846,39.87169499999998],[-75.78349400000002,39.85514299999997],[-75.78115500000001,39.85533699999998],[-75.78046,39.849236000000026],[-75.784984,39.848776999999984],[-75.784522,39.84489600000001],[-75.785792,39.84487100000004],[-75.785643,39.843891],[-75.784412,39.84399299999997],[-75.782725,39.830163000000056],[-75.788527,39.82890200000002],[-75.78872,39.822211],[-75.786246,39.81886500000004],[-75.780919,39.819424999999974],[-75.775678,39.77442700000002],[-75.760831,39.775698999999996],[-75.759398,39.76730999999997],[-75.75447,39.75563400000002],[-75.76535,39.739268],[-75.773786,39.722199999999965],[-76.135484,39.72114700000004],[-76.136672,39.725267999999986]]]}},{"type":"Feature","properties":{"district":"14","population":66181,"landAreaSqMi":174.4,"topMunicipalities":[{"name":"Economy","classCode":"borough","populationShare":0.1366253154228556},{"name":"Beaver Falls","classCode":"third_class_city","populationShare":0.13425303334793948},{"name":"Chippewa","classCode":"second_class_township","populationShare":0.12116770674362738},{"name":"New Sewickley","classCode":"second_class_township","populationShare":0.10738731660144143},{"name":"New Brighton","classCode":"borough","populationShare":0.08461643069763229}],"topCounties":[{"name":"Beaver","geoid":"42007","populationShare":1.0}],"classShares":{"borough":0.32917302549069993,"first_class_township":0.046705247729710825,"second_class_township":0.48986869343164974,"third_class_city":0.13425303334793948},"medianIncome":75579,"medianHomeValue":189628,"rentBurdenedPct":36.6,"ownerBurdenedPct":18.7,"permitsPer1kPerYear":1.3,"permits5yrTotal":423,"popChange2020to2024Pct":-1.8,"parentSenateDistricts":[{"district":"47","overlapShareOfHD":1.000000000000007,"areaShareOfSD":0.2979077392844769}]},"geometry":{"type":"Polygon","coordinates":[[[-80.519047,40.78944400000003],[-80.519044,40.851339000000024],[-80.331442,40.85291099999995],[-80.15853,40.85509599999997],[-80.14511,40.61344699999999],[-80.15113,40.611474999999984],[-80.151915,40.60952999999996],[-80.15377,40.60840700000003],[-80.155013,40.60801299999998],[-80.160579,40.609561],[-80.165784,40.606030000000004],[-80.16786000000002,40.60687299999998],[-80.169376,40.60661800000005],[-80.171009,40.60799500000003],[-80.173721,40.607705000000024],[-80.176025,40.60811300000002],[-80.177874,40.60948199999999],[-80.180135,40.60947600000003],[-80.180563,40.60734400000001],[-80.184753,40.603584999999974],[-80.183871,40.60130900000002],[-80.188712,40.599753],[-80.185006,40.59802800000001],[-80.184323,40.59692],[-80.187059,40.59609799999999],[-80.194867,40.596775999999984],[-80.198464,40.592655000000015],[-80.202121,40.59093599999999],[-80.204163,40.58856799999997],[-80.206786,40.58815299999999],[-80.207639,40.640025000000016],[-80.217701,40.65361000000003],[-80.224896,40.65097100000001],[-80.226666,40.653590000000015],[-80.221913,40.65567500000004],[-80.22267,40.656751000000035],[-80.239807,40.64996400000003],[-80.243563,40.655362000000004],[-80.237398,40.657727999999985],[-80.237731,40.65864500000001],[-80.224958,40.66397700000003],[-80.234277,40.676469999999995],[-80.243064,40.676071],[-80.246926,40.684005],[-80.249643,40.68705699999997],[-80.245756,40.68987999999998],[-80.245477,40.69408700000003],[-80.246741,40.69407399999995],[-80.247674,40.689721],[-80.250206,40.689838999999964],[-80.252531,40.687972],[-80.257092,40.69270700000003],[-80.24703,40.699484],[-80.248103,40.72395099999998],[-80.268697,40.722207999999995],[-80.26859300000001,40.72024200000003],[-80.275494,40.72004400000003],[-80.275858,40.72559800000004],[-80.301446,40.724806],[-80.300636,40.71989200000001],[-80.305858,40.71970899999999],[-80.294423,40.705850999999946],[-80.287584,40.695466],[-80.293224,40.69140999999999],[-80.296195,40.695222999999935],[-80.294867,40.695778000000026],[-80.299649,40.70256999999998],[-80.302354,40.701449000000025],[-80.30324500000002,40.702719000000016],[-80.30542100000001,40.701822000000035],[-80.307972,40.70529999999999],[-80.302403,40.70560900000001],[-80.302179,40.70916600000003],[-80.304167,40.70989900000003],[-80.304305,40.712081999999995],[-80.306034,40.71322200000002],[-80.305552,40.71387499999999],[-80.309715,40.71570900000003],[-80.310898,40.714220000000005],[-80.312209,40.714763000000005],[-80.311026,40.71625200000004],[-80.319004,40.71991900000002],[-80.316932,40.72239399999993],[-80.322997,40.722496],[-80.331157,40.72875099999999],[-80.334646,40.730247000000034],[-80.334853,40.73140999999998],[-80.337366,40.73295700000003],[-80.338729,40.735220000000005],[-80.339545,40.739244000000035],[-80.338762,40.740521000000015],[-80.409662,40.718813000000004],[-80.410264,40.74547399999996],[-80.408726,40.76142599999996],[-80.40894,40.79946700000004],[-80.411738,40.79969799999999],[-80.422133,40.80622099999999],[-80.426527,40.806669999999976],[-80.427531,40.80747699999998],[-80.432995,40.80759400000004],[-80.434911,40.806284000000026],[-80.43765,40.805760999999976],[-80.441371,40.80255399999997],[-80.444233,40.802657999999994],[-80.443764,40.80372800000002],[-80.447803,40.80072900000003],[-80.449501,40.80094899999999],[-80.450714,40.79885999999994],[-80.45242,40.797962999999996],[-80.454552,40.798613],[-80.458807,40.793804],[-80.462889,40.79319299999999],[-80.46627800000002,40.794158999999986],[-80.467217,40.79350999999996],[-80.471575,40.795201000000006],[-80.475946,40.79455400000002],[-80.479395,40.797142],[-80.481172,40.79746500000004],[-80.482162,40.79665000000001],[-80.481294,40.79536199999996],[-80.484191,40.79485699999999],[-80.489226,40.792613999999965],[-80.490787,40.793517],[-80.493171,40.792676],[-80.494218,40.79152300000003],[-80.49246,40.78879900000002],[-80.49386,40.787675000000036],[-80.500273,40.78594799999998],[-80.507758,40.78513700000002],[-80.511564,40.786111999999996],[-80.512301,40.78826599999999],[-80.516063,40.78767799999998],[-80.516954,40.788909999999994],[-80.518384,40.788795999999984],[-80.519047,40.78944400000003]]]}},{"type":"Feature","properties":{"district":"25","population":58331,"landAreaSqMi":38.8,"topMunicipalities":[{"name":"Monroeville","classCode":"borough","populationShare":0.48658872617842847},{"name":"North Versailles","classCode":"first_class_township","populationShare":0.1700651856283691},{"name":"Plum","classCode":"borough","populationShare":0.12923881971409926},{"name":"Turtle Creek","classCode":"borough","populationShare":0.08650694825410804},{"name":"Pitcairn","classCode":"borough","populationShare":0.05254534213215236}],"topCounties":[{"name":"Allegheny","geoid":"42003","populationShare":1.0}],"classShares":{"borough":0.829934814371631,"first_class_township":0.1700651856283691},"medianIncome":73171,"medianHomeValue":162008,"rentBurdenedPct":40.5,"ownerBurdenedPct":15.5,"permitsPer1kPerYear":0.8,"permits5yrTotal":228,"popChange2020to2024Pct":-3.0,"parentSenateDistricts":[{"district":"45","overlapShareOfHD":1.0000000000000004,"areaShareOfSD":0.23388848852308122}]},"geometry":{"type":"Polygon","coordinates":[[[-79.853443,40.388406],[-79.851661,40.39215199999999],[-79.853208,40.39304399999999],[-79.851742,40.394513],[-79.846531,40.39367699999997],[-79.83998600000001,40.391123999999984],[-79.837107,40.39088799999997],[-79.835554,40.39431299999998],[-79.8301,40.39834699999999],[-79.830103,40.399336999999996],[-79.833681,40.40039900000002],[-79.832647,40.40983599999999],[-79.831915,40.40927800000005],[-79.831202,40.41067199999998],[-79.827477,40.410062000000025],[-79.826704,40.41392599999995],[-79.824826,40.41249499999998],[-79.825071,40.41352400000005],[-79.823218,40.416208],[-79.81816400000001,40.417646999999974],[-79.808009,40.42508799999999],[-79.803186,40.427124999999975],[-79.802027,40.431845],[-79.804215,40.43354900000003],[-79.804535,40.43474399999999],[-79.802959,40.43649300000001],[-79.802869,40.43848399999999],[-79.80035,40.43950900000001],[-79.801908,40.44034699999996],[-79.79789,40.441933],[-79.796274,40.44642600000004],[-79.796975,40.44797200000006],[-79.796253,40.45013300000002],[-79.787204,40.453136999999955],[-79.782498,40.456519000000036],[-79.780927,40.45913200000001],[-79.779279,40.45989200000003],[-79.779298,40.460953000000046],[-79.773489,40.45965600000001],[-79.767418,40.46206600000003],[-79.761867,40.461784],[-79.759567,40.460387999999995],[-79.770828,40.48201299999996],[-79.778869,40.487113000000015],[-79.781105,40.48999199999999],[-79.778255,40.48935299999998],[-79.771547,40.49055],[-79.755499,40.494788000000014],[-79.753674,40.49653300000003],[-79.751638,40.496472000000026],[-79.75002,40.49493000000001],[-79.74553400000002,40.49361700000005],[-79.741091,40.490202999999966],[-79.737896,40.48549900000003],[-79.737975,40.479939999999985],[-79.736034,40.477845],[-79.727442,40.479732],[-79.72493,40.481866],[-79.716075,40.48386599999999],[-79.712208,40.48758500000004],[-79.709054,40.489264999999996],[-79.702142,40.48952300000003],[-79.704783,40.42632400000001],[-79.706762,40.424630999999955],[-79.706848,40.422453],[-79.712081,40.41956699999995],[-79.712545,40.41864700000001],[-79.716028,40.41741299999999],[-79.717489,40.41367099999997],[-79.722338,40.41491899999997],[-79.727002,40.414397],[-79.727532,40.41242900000002],[-79.722593,40.40995000000001],[-79.722231,40.408743000000015],[-79.727253,40.40819999999998],[-79.730111,40.40872199999996],[-79.732195,40.406003000000005],[-79.732523,40.399599000000016],[-79.734759,40.39783299999998],[-79.73583300000001,40.39950300000001],[-79.738177,40.39854399999998],[-79.738677,40.39552800000004],[-79.739995,40.395498999999994],[-79.741905,40.39689300000001],[-79.744634,40.39616300000002],[-79.747829,40.39087100000002],[-79.750316,40.39139599999998],[-79.751097,40.38844399999994],[-79.754625,40.38882900000002],[-79.759807,40.39272599999998],[-79.762068,40.392767999999975],[-79.76319,40.391741],[-79.764895,40.38893300000004],[-79.7637,40.38526499999996],[-79.764571,40.38384000000001],[-79.76561,40.38447099999995],[-79.771082,40.375418999999994],[-79.774412,40.359672999999994],[-79.82918,40.36118400000004],[-79.830819,40.36307399999998],[-79.832129,40.363006000000034],[-79.832059,40.36217199999999],[-79.833204,40.36267399999998],[-79.834186,40.361458000000006],[-79.836374,40.364988000000025],[-79.837189,40.37164900000004],[-79.839148,40.375883000000016],[-79.843939,40.38091000000002],[-79.853443,40.388406]]]}},{"type":"Feature","properties":{"district":"24","population":47728,"landAreaSqMi":8.8,"topMunicipalities":[{"name":"Pittsburgh","classCode":"second_class_city","populationShare":1.0}],"topCounties":[{"name":"Allegheny","geoid":"42003","populationShare":1.0}],"classShares":{"second_class_city":1.0},"medianIncome":57794,"medianHomeValue":272368,"rentBurdenedPct":48.3,"ownerBurdenedPct":21.5,"permitsPer1kPerYear":7.0,"permits5yrTotal":1679,"popChange2020to2024Pct":1.6,"parentSenateDistricts":[{"district":"38","overlapShareOfHD":0.5923042918976531,"areaShareOfSD":0.026314209028536057},{"district":"43","overlapShareOfHD":0.40769570810234657,"areaShareOfSD":0.06338755180454973}]},"geometry":{"type":"Polygon","coordinates":[[[-79.97918,40.44491800000003],[-79.976798,40.44592900000001],[-79.979106,40.44789800000004],[-79.976662,40.448936],[-79.977676,40.45021],[-79.974095,40.452629999999985],[-79.97281,40.452288000000024],[-79.96042,40.456980000000016],[-79.957202,40.45882099999998],[-79.955936,40.46030300000006],[-79.956933,40.460727],[-79.952782,40.46361100000001],[-79.949866,40.462087000000004],[-79.948068,40.46569799999995],[-79.946446,40.46546600000005],[-79.946116,40.466964],[-79.947333,40.46867899999996],[-79.944495,40.47163399999997],[-79.939082,40.47308099999996],[-79.934937,40.47254200000002],[-79.936529,40.474268],[-79.940681,40.47372799999997],[-79.946254,40.47769599999999],[-79.947058,40.47761200000002],[-79.948944,40.478172999999956],[-79.948867,40.47834599999998],[-79.947146,40.47799699999998],[-79.942697,40.481528000000026],[-79.940247,40.481956999999994],[-79.933208,40.47985499999999],[-79.93191600000002,40.475217],[-79.931678,40.47971599999999],[-79.930721,40.47953600000003],[-79.928192,40.48509699999997],[-79.924791,40.48761000000002],[-79.923567,40.49071699999998],[-79.901404,40.48578999999998],[-79.901626,40.488984999999985],[-79.89760400000002,40.487879000000014],[-79.89691200000001,40.49261399999999],[-79.884604,40.490922000000026],[-79.884556,40.48677399999998],[-79.888175,40.486440000000044],[-79.888213,40.48368200000003],[-79.883807,40.483212],[-79.884665,40.47931200000005],[-79.886561,40.47818400000004],[-79.889992,40.46182899999999],[-79.877366,40.45895999999998],[-79.877399,40.459829999999975],[-79.876295,40.459700999999974],[-79.876902,40.461607],[-79.875531,40.461549000000005],[-79.875644,40.459955000000036],[-79.874504,40.459263],[-79.872284,40.46088399999998],[-79.869102,40.46097300000001],[-79.871695,40.46056500000002],[-79.87162,40.458389000000004],[-79.872644,40.45745500000003],[-79.865843,40.455745000000014],[-79.86714,40.449392],[-79.878312,40.449922000000036],[-79.884029,40.44891800000002],[-79.885314,40.452881999999974],[-79.887169,40.453289000000034],[-79.886807,40.45422400000003],[-79.888458,40.454598],[-79.889758,40.452847000000006],[-79.889572,40.45332299999999],[-79.892812,40.45406100000005],[-79.892629,40.45453],[-79.897024,40.45552600000004],[-79.89666,40.456464],[-79.898894,40.456971000000046],[-79.898712,40.457434],[-79.9013,40.45801500000002],[-79.903128,40.454524000000006],[-79.909547,40.45669099999998],[-79.912593,40.45397899999998],[-79.920712,40.45289400000004],[-79.922546,40.455861999999975],[-79.925341,40.45416099999997],[-79.925325,40.45499099999998],[-79.927509,40.45410900000003],[-79.927913,40.45479600000005],[-79.936232,40.451880999999986],[-79.937324,40.45377199999998],[-79.940003,40.453518000000024],[-79.943082,40.454566],[-79.954904,40.45097599999999],[-79.955526,40.44908899999998],[-79.952421,40.446114999999985],[-79.957438,40.442514000000024],[-79.95643800000002,40.441949],[-79.956971,40.441564],[-79.957816,40.442238],[-79.959902,40.440745],[-79.959432,40.439779999999985],[-79.964946,40.43585299999997],[-79.966988,40.436048],[-79.967028,40.43764099999997],[-79.970488,40.43970600000004],[-79.97160600000001,40.439563000000064],[-79.97504,40.44114900000001],[-79.97657,40.440916000000016],[-79.97918,40.44491800000003]]]}},{"type":"Feature","properties":{"district":"12","population":66260,"landAreaSqMi":72.3,"topMunicipalities":[{"name":"Cranberry","classCode":"second_class_township","populationShare":0.5075762149109567},{"name":"Adams","classCode":"second_class_township","populationShare":0.22722607908240258},{"name":"Jackson","classCode":"second_class_township","populationShare":0.07962571687292502},{"name":"Zelienople","classCode":"borough","populationShare":0.05840627829761548},{"name":"Seven Fields","classCode":"borough","populationShare":0.04360096589194084}],"topCounties":[{"name":"Butler","geoid":"42019","populationShare":1.0}],"classShares":{"borough":0.18557198913371573,"second_class_township":0.8144280108662844},"medianIncome":121286,"medianHomeValue":416427,"rentBurdenedPct":40.9,"ownerBurdenedPct":15.4,"permitsPer1kPerYear":9.6,"permits5yrTotal":3172,"popChange2020to2024Pct":5.9,"parentSenateDistricts":[{"district":"47","overlapShareOfHD":0.9999999999999979,"areaShareOfSD":0.12261314919216376}]},"geometry":{"type":"Polygon","coordinates":[[[-80.15671,40.81752999999996],[-80.06306500000001,40.81725999999997],[-80.062376,40.79025100000006],[-80.060928,40.77455],[-80.055499,40.77463899999997],[-80.055453,40.77173200000001],[-80.049988,40.770589999999984],[-80.048077,40.77123600000002],[-80.044194,40.76687100000002],[-80.050086,40.76278099999998],[-80.050354,40.76072600000002],[-80.051381,40.760227000000015],[-80.052861,40.760223999999944],[-80.056205,40.764054],[-80.060339,40.764073999999944],[-80.059406,40.744996],[-80.044927,40.74498100000001],[-80.047319,40.747694000000024],[-80.042425,40.747989],[-80.039931,40.74443300000001],[-80.03456,40.74501200000001],[-79.967724,40.74482299999996],[-79.966424,40.71047999999994],[-79.966982,40.68296899999999],[-79.96162,40.68298],[-79.961447,40.67714200000001],[-79.963781,40.677073999999955],[-79.963697,40.67351899999997],[-79.964605,40.673524000000036],[-79.964595,40.67251400000003],[-79.987842,40.67358699999996],[-80.071393,40.67417399999999],[-80.071434,40.67493499999996],[-80.127791,40.673603999999976],[-80.148677,40.67384800000001],[-80.15671,40.81752999999996]]]}},{"type":"Feature","properties":{"district":"38","population":78482,"landAreaSqMi":28.6,"topMunicipalities":[{"name":"Baldwin","classCode":"borough","populationShare":0.2696016797407889},{"name":"Pittsburgh","classCode":"second_class_city","populationShare":0.23368452653832186},{"name":"West Mifflin","classCode":"borough","populationShare":0.23088365787174311},{"name":"Whitehall","classCode":"borough","populationShare":0.18937992182935615},{"name":"Glassport","classCode":"borough","populationShare":0.05606349028117932}],"topCounties":[{"name":"Allegheny","geoid":"42003","populationShare":1.0}],"classShares":{"borough":0.766315473461678,"second_class_city":0.23368452653832186},"medianIncome":74552,"medianHomeValue":171777,"rentBurdenedPct":40.5,"ownerBurdenedPct":17.3,"permitsPer1kPerYear":0.4,"permits5yrTotal":163,"popChange2020to2024Pct":-2.2,"parentSenateDistricts":[{"district":"45","overlapShareOfHD":0.8791371434722265,"areaShareOfSD":0.15363357889788617},{"district":"43","overlapShareOfHD":0.12086285652777308,"areaShareOfSD":0.059744469377823475}]},"geometry":{"type":"Polygon","coordinates":[[[-80.01708400000001,40.359027000000026],[-80.012817,40.36197900000005],[-80.011219,40.362034000000044],[-80.009643,40.360266999999965],[-80.004877,40.36478999999996],[-80.007897,40.36661400000003],[-80.00081,40.37103599999998],[-80.001586,40.37484099999997],[-79.999123,40.37734399999998],[-79.994945,40.37566599999999],[-79.99399900000002,40.375838999999985],[-79.992901,40.37860400000003],[-79.991127,40.37892399999997],[-79.986032,40.377821999999995],[-79.985419,40.37672999999999],[-79.98693,40.37508099999999],[-79.984762,40.372116],[-79.986171,40.37024099999998],[-79.985051,40.36816200000004],[-79.98886,40.36394499999999],[-79.987742,40.36199],[-79.983331,40.36257099999998],[-79.982341,40.36087200000003],[-79.962096,40.37069100000001],[-79.961621,40.37152900000004],[-79.965094,40.37566399999999],[-79.962774,40.37885600000002],[-79.968763,40.38211799999999],[-79.969257,40.38579600000002],[-79.974081,40.384792],[-79.975756,40.38721200000002],[-79.975413,40.38827999999998],[-79.973083,40.388717],[-79.97303500000001,40.39246299999997],[-79.973903,40.39343299999998],[-79.975788,40.393122],[-79.979994,40.400694999999956],[-79.976555,40.40391999999998],[-79.96889,40.405645],[-79.96377,40.40950199999998],[-79.959055,40.40977800000002],[-79.95666,40.41063200000001],[-79.952955,40.410658999999974],[-79.95084900000002,40.40375099999999],[-79.9455,40.398462],[-79.94259,40.39732799999997],[-79.93727700000001,40.39664500000001],[-79.932971,40.39731699999997],[-79.932357,40.391498999999996],[-79.929701,40.38974499999999],[-79.918244,40.39930600000003],[-79.913306,40.39697200000002],[-79.916912,40.393921000000034],[-79.9149,40.393389999999954],[-79.918466,40.388474999999985],[-79.916084,40.38211300000002],[-79.917314,40.38159700000003],[-79.916241,40.38007899999998],[-79.913753,40.38092400000001],[-79.91168900000001,40.380541000000036],[-79.910477,40.37837500000001],[-79.908347,40.37815299999994],[-79.909336,40.376895],[-79.90549200000001,40.375433000000044],[-79.898201,40.375165999999986],[-79.895376,40.37659500000002],[-79.891307,40.37635200000002],[-79.890952,40.37938099999999],[-79.88937600000001,40.38080800000004],[-79.890819,40.381680999999986],[-79.88997600000002,40.38378100000001],[-79.890914,40.382960999999995],[-79.894597,40.38421200000004],[-79.894825,40.388056000000006],[-79.893567,40.391199999999984],[-79.89427300000001,40.393979999999985],[-79.893679,40.39539299999999],[-79.891401,40.39630699999999],[-79.889789,40.39523200000005],[-79.88455,40.397480999999964],[-79.87714,40.387814],[-79.87373100000002,40.38775700000001],[-79.871032,40.38383099999999],[-79.868774,40.38390499999999],[-79.866563,40.38300100000001],[-79.868856,40.38192800000001],[-79.861674,40.376094999999985],[-79.857288,40.37085199999997],[-79.858247,40.367881999999966],[-79.859561,40.368112999999965],[-79.859515,40.367019999999954],[-79.856795,40.36562699999999],[-79.854323,40.361126],[-79.846969,40.360337],[-79.847944,40.356931999999965],[-79.863389,40.35631099999999],[-79.872957,40.355101000000026],[-79.878293,40.35364099999994],[-79.88140800000001,40.351045999999975],[-79.885612,40.34516799999998],[-79.881796,40.34338599999997],[-79.880966,40.341771],[-79.883289,40.339810999999976],[-79.884714,40.336966],[-79.883537,40.33612500000001],[-79.883106,40.332399999999936],[-79.875434,40.32907800000002],[-79.87231,40.32644299999998],[-79.876294,40.32099500000002],[-79.87411,40.32021099999996],[-79.875245,40.317859000000006],[-79.87468300000002,40.31712600000001],[-79.876219,40.316334000000005],[-79.876176,40.31464699999997],[-79.877823,40.313095],[-79.881828,40.31495800000001],[-79.884177,40.31145300000002],[-79.89139,40.31472799999999],[-79.896675,40.31974600000003],[-79.898454,40.31948400000004],[-79.925802,40.325599],[-79.927056,40.32447899999999],[-79.929135,40.32588500000005],[-79.930913,40.32520200000001],[-79.931465,40.32685000000005],[-79.964,40.344991000000014],[-79.966662,40.34151800000001],[-79.968278,40.341808],[-79.96908600000002,40.34038300000001],[-79.974742,40.33730800000003],[-79.975878,40.33805299999996],[-79.97808,40.33720499999995],[-79.976614,40.33627399999998],[-79.980599,40.33622099999998],[-79.984334,40.33328800000001],[-79.985254,40.33341200000001],[-79.985425,40.32952700000003],[-79.987054,40.331461],[-80.005624,40.342983000000025],[-80.01708400000001,40.359027000000026]]]}},{"type":"Feature","properties":{"district":"11","population":64387,"landAreaSqMi":214.3,"topMunicipalities":[{"name":"Butler","classCode":"first_class_township","populationShare":0.2642148259741874},{"name":"Butler","classCode":"third_class_city","populationShare":0.20665662323139766},{"name":"Buffalo","classCode":"second_class_township","populationShare":0.12407784180036342},{"name":"Jefferson","classCode":"second_class_township","populationShare":0.07998509015795112},{"name":"Summit","classCode":"second_class_township","populationShare":0.06917545467252703}],"topCounties":[{"name":"Butler","geoid":"42019","populationShare":1.0}],"classShares":{"borough":0.04914035441937034,"first_class_township":0.2642148259741874,"second_class_township":0.47998819637504453,"third_class_city":0.20665662323139766},"medianIncome":72219,"medianHomeValue":211508,"rentBurdenedPct":41.0,"ownerBurdenedPct":17.1,"permitsPer1kPerYear":2.0,"permits5yrTotal":645,"popChange2020to2024Pct":-1.9,"parentSenateDistricts":[{"district":"21","overlapShareOfHD":1.0000000000000036,"areaShareOfSD":0.06406006855897278}]},"geometry":{"type":"Polygon","coordinates":[[[-79.972402,40.88667899999999],[-79.87593800000002,40.886706000000004],[-79.878684,40.95849100000001],[-79.735137,40.955732999999974],[-79.689925,40.95766699999997],[-79.692803,40.79340500000003],[-79.692878,40.66961100000006],[-79.732744,40.66923999999999],[-79.780651,40.67122799999996],[-79.818729,40.67170800000001],[-79.829433,40.67114200000002],[-79.851556,40.67228799999996],[-79.877128,40.67243499999994],[-79.874557,40.81610699999991],[-79.97008,40.81636599999995],[-79.972402,40.88667899999999]]]}},{"type":"Feature","properties":{"district":"5","population":64537,"landAreaSqMi":247.0,"topMunicipalities":[{"name":"South Heidelberg","classCode":"second_class_township","populationShare":0.11948138083016412},{"name":"Bern","classCode":"second_class_township","populationShare":0.10389348443343926},{"name":"Lower Heidelberg","classCode":"second_class_township","populationShare":0.09868718901664018},{"name":"Spring","classCode":"second_class_township","populationShare":0.08542743844902091},{"name":"Centre","classCode":"second_class_township","populationShare":0.06419548188034876}],"topCounties":[{"name":"Berks","geoid":"42011","populationShare":1.0}],"classShares":{"borough":0.19277238476307487,"second_class_township":0.8072276152369251},"medianIncome":96148,"medianHomeValue":280850,"rentBurdenedPct":36.9,"ownerBurdenedPct":20.9,"permitsPer1kPerYear":2.5,"permits5yrTotal":822,"popChange2020to2024Pct":4.0,"parentSenateDistricts":[{"district":"48","overlapShareOfHD":0.9857034091705048,"areaShareOfSD":0.28118773888887655},{"district":"11","overlapShareOfHD":0.014296590829496521,"areaShareOfSD":0.01749230843307133}]},"geometry":{"type":"Polygon","coordinates":[[[-76.439762,40.49593900000002],[-76.427311,40.49543399999998],[-76.415912,40.49602199999999],[-76.384348,40.50573899999995],[-76.376927,40.506332999999955],[-76.369222,40.50959700000003],[-76.3524,40.51115699999998],[-76.338228,40.515536000000054],[-76.330435,40.51591000000001],[-76.322544,40.51415999999999],[-76.314579,40.51591000000005],[-76.30232600000001,40.514657999999976],[-76.282109,40.51613699999998],[-76.272152,40.517586000000016],[-76.262998,40.51669700000002],[-76.256008,40.51706699999999],[-76.234321,40.522074000000046],[-76.23112300000001,40.52421599999999],[-76.219407,40.528699000000046],[-76.203562,40.53052699999997],[-76.206767,40.52197399999999],[-76.206742,40.51678400000001],[-76.20556,40.51372100000004],[-76.20674,40.51273],[-76.208713,40.50703599999996],[-76.206412,40.503919],[-76.20480500000001,40.498618],[-76.20330100000001,40.49675299999997],[-76.205692,40.49467699999998],[-76.203111,40.48826099999999],[-76.201009,40.48708599999997],[-76.200261,40.481396000000004],[-76.203864,40.48040100000002],[-76.208778,40.48185599999998],[-76.214084,40.47982200000002],[-76.217433,40.47744499999999],[-76.221084,40.47722799999999],[-76.209663,40.45619700000001],[-76.19715300000001,40.46828600000006],[-76.117532,40.46919099999995],[-76.117908,40.470167000000025],[-76.11709300000001,40.47106799999997],[-76.118369,40.471908999999975],[-76.117879,40.472991000000015],[-76.11377300000001,40.47441300000002],[-76.110276,40.47339699999998],[-76.106406,40.47421899999995],[-76.106579,40.47793700000001],[-76.065553,40.484605999999985],[-76.04818,40.499327000000015],[-76.014457,40.51340700000004],[-76.001473,40.51530099999998],[-76.001664,40.51698599999997],[-75.996528,40.524023],[-75.992431,40.52700900000001],[-75.988681,40.527162000000025],[-75.98392,40.53094100000002],[-75.877609,40.538425],[-75.878855,40.53054999999995],[-75.87828500000002,40.52855699999997],[-75.874647,40.52583800000001],[-75.876087,40.523362],[-75.878094,40.52213899999999],[-75.883205,40.51625600000001],[-75.882122,40.51258899999999],[-75.884278,40.50938699999999],[-75.882454,40.50683999999997],[-75.884306,40.504706999999996],[-75.884428,40.502600999999984],[-75.88911200000001,40.49947199999995],[-75.892855,40.49436000000001],[-75.896632,40.49712400000003],[-75.924202,40.486002],[-75.948205,40.47765],[-75.945795,40.47387100000005],[-75.935576,40.46572999999997],[-75.93417,40.46291900000002],[-75.928459,40.45952699999999],[-75.922851,40.45819300000006],[-75.920916,40.454980000000056],[-75.91548500000002,40.45163700000001],[-75.914772,40.448166000000036],[-75.915934,40.44850299999998],[-75.910818,40.43878399999997],[-75.898988,40.425643],[-75.932559,40.414327],[-75.93935,40.412736000000024],[-75.945589,40.40986699999999],[-75.955369,40.41002299999998],[-75.962221,40.40801099999999],[-75.969062,40.411809999999974],[-75.970648,40.41125900000001],[-75.972518,40.409025999999955],[-75.974796,40.405398000000005],[-75.974751,40.40338699999998],[-75.972681,40.402419000000044],[-75.969456,40.403360000000035],[-75.965786,40.40235499999998],[-75.964864,40.401239000000004],[-75.97350900000002,40.39613100000001],[-75.972766,40.39348199999999],[-75.969622,40.39089999999996],[-75.960397,40.38824299999996],[-75.95269,40.38335000000006],[-75.950975,40.38032099999997],[-75.956153,40.37290600000002],[-75.955833,40.371214],[-75.953878,40.368751999999986],[-75.951092,40.36694099999997],[-75.943591,40.36558100000002],[-75.94137200000002,40.36437000000001],[-75.960708,40.35458299999999],[-75.963655,40.35622499999999],[-75.965835,40.35653899999999],[-75.977473,40.34546100000002],[-75.978171,40.34590700000001],[-75.983508,40.340848],[-75.993084,40.34224799999998],[-75.999054,40.344414000000015],[-76.003864,40.33819799999999],[-76.00502,40.33485199999996],[-76.011671,40.32885799999999],[-76.025712,40.334772999999984],[-76.031285,40.32743599999998],[-76.034651,40.326529999999984],[-76.037195,40.324105999999965],[-76.041108,40.322058000000006],[-76.041437,40.317992],[-76.042453,40.31772400000005],[-76.043211,40.315204000000016],[-76.042804,40.31412399999999],[-76.04587800000002,40.30916499999996],[-76.055065,40.30728100000001],[-76.055576,40.303958000000016],[-76.068927,40.295373999999974],[-76.076774,40.28533799999998],[-76.081311,40.283085000000064],[-76.084093,40.28005800000002],[-76.091764,40.27769200000001],[-76.149509,40.314454000000055],[-76.205528,40.36066099999994],[-76.23191600000001,40.366292000000044],[-76.439762,40.49593900000002]]]}},{"type":"Feature","properties":{"district":"49","population":53813,"landAreaSqMi":11.1,"topMunicipalities":[{"name":"Lancaster","classCode":"third_class_city","populationShare":0.4929879878738109},{"name":"Lancaster","classCode":"second_class_township","populationShare":0.3451375935060736},{"name":"Millersville","classCode":"borough","populationShare":0.1618744186201155}],"topCounties":[{"name":"Lancaster","geoid":"42071","populationShare":1.0}],"classShares":{"borough":0.1618744186201155,"second_class_township":0.3451375935060736,"third_class_city":0.4929879878738109},"medianIncome":70991,"medianHomeValue":219001,"rentBurdenedPct":49.6,"ownerBurdenedPct":23.6,"permitsPer1kPerYear":1.7,"permits5yrTotal":469,"popChange2020to2024Pct":3.0,"parentSenateDistricts":[{"district":"13","overlapShareOfHD":1.000000000000002,"areaShareOfSD":0.01873610608345404}]},"geometry":{"type":"Polygon","coordinates":[[[-76.367213,39.998641999999975],[-76.365818,39.99899400000002],[-76.366238,39.99989399999998],[-76.365456,40.00009700000001],[-76.36426,39.99875899999997],[-76.36217000000002,39.99934299999993],[-76.363534,40.00247200000002],[-76.364419,40.00227299999999],[-76.364726,40.002961],[-76.362027,40.003634000000005],[-76.361891,40.00455100000002],[-76.362352,40.005585999999965],[-76.363797,40.00495799999995],[-76.364307,40.006025000000015],[-76.362787,40.00641400000002],[-76.363495,40.00799999999998],[-76.362855,40.008162],[-76.364063,40.00894600000004],[-76.357693,40.01252300000004],[-76.355827,40.015189],[-76.354898,40.014480000000056],[-76.35381,40.01519899999998],[-76.352627,40.014515999999986],[-76.352163,40.01491799999998],[-76.353629,40.022215999999986],[-76.352892,40.02308800000003],[-76.354038,40.026296999999985],[-76.349752,40.024684000000015],[-76.343867,40.02664700000001],[-76.343894,40.030158999999976],[-76.34236100000001,40.03198199999999],[-76.3436,40.037174999999955],[-76.342608,40.03977099999996],[-76.34533700000001,40.04439199999999],[-76.341405,40.05121599999995],[-76.342078,40.05314599999998],[-76.326925,40.05026399999996],[-76.325274,40.040842],[-76.326138,40.03853700000001],[-76.315199,40.036942],[-76.297137,40.03888600000004],[-76.297703,40.04201100000001],[-76.29377900000001,40.04241899999999],[-76.294282,40.045273999999985],[-76.295446,40.045175000000036],[-76.293055,40.047681000000026],[-76.292372,40.04557599999998],[-76.288098,40.046020000000006],[-76.287849,40.04462800000001],[-76.287881,40.04604199999997],[-76.283816,40.04622499999999],[-76.27796000000001,40.04844800000001],[-76.273983,40.04326399999999],[-76.273251,40.03222199999997],[-76.274436,40.02893900000002],[-76.271249,40.02915000000003],[-76.271063,40.02793899999997],[-76.2687,40.02823300000003],[-76.267594,40.02733800000002],[-76.263737,40.029580999999986],[-76.266321,40.032767],[-76.268312,40.032811],[-76.268703,40.033590000000004],[-76.26830200000002,40.03323300000002],[-76.268025,40.03373400000001],[-76.269514,40.03394],[-76.267914,40.034155],[-76.267386,40.03307400000003],[-76.266308,40.03302099999996],[-76.265866,40.03602900000003],[-76.263962,40.036542000000026],[-76.261495,40.03615899999999],[-76.261288,40.03700499999997],[-76.25815,40.03650899999998],[-76.260669,40.033803000000006],[-76.258106,40.02882299999997],[-76.267002,40.02677099999999],[-76.26742,40.027198999999975],[-76.271573,40.025670000000005],[-76.275042,40.02657200000001],[-76.27626300000001,40.02457900000003],[-76.279784,40.02413399999996],[-76.27844200000001,40.020627999999995],[-76.283952,40.019452999999984],[-76.28159200000002,40.01531799999998],[-76.282213,40.015121000000015],[-76.281052,40.01371699999999],[-76.280452,40.009794],[-76.278857,40.01064000000005],[-76.27779,40.00866399999999],[-76.279131,40.007400000000025],[-76.282379,40.006767000000025],[-76.283006,40.012800000000055],[-76.284446,40.016114],[-76.286729,40.016294999999985],[-76.286814,40.018024000000054],[-76.289113,40.01792699999998],[-76.290397,40.019263999999936],[-76.290242,40.02115800000003],[-76.28802,40.022513999999966],[-76.29186100000001,40.02475699999999],[-76.298941,40.024037000000014],[-76.295572,40.022064999999984],[-76.294501,40.020218000000014],[-76.294408,40.017096999999964],[-76.295849,40.01524999999996],[-76.299562,40.01698599999995],[-76.302566,40.021099],[-76.30449,40.021492000000016],[-76.30551000000001,40.01966000000002],[-76.30545000000001,40.015611999999976],[-76.303107,40.010428],[-76.302571,40.00636599999999],[-76.303984,40.004546],[-76.305817,39.998256000000005],[-76.307932,39.995988999999994],[-76.310294,39.996179000000005],[-76.31204700000002,39.99781799999997],[-76.313057,40.00364900000004],[-76.316031,40.006647000000015],[-76.317672,40.00688799999996],[-76.321074,40.00524699999997],[-76.320671,40.00019099999998],[-76.321878,39.999637000000014],[-76.323124,40.000111000000025],[-76.32435,40.001556000000036],[-76.32618,40.009318000000036],[-76.329152,40.01200800000001],[-76.33103100000001,40.011610000000005],[-76.331893,40.009288000000005],[-76.328046,40.000688999999994],[-76.328854,39.997600999999996],[-76.32634,39.990272],[-76.3285,39.987745000000004],[-76.33104,39.98833399999996],[-76.336856,39.994956999999985],[-76.34240700000001,39.998711000000014],[-76.344581,39.997849],[-76.34545200000001,39.99517400000003],[-76.355033,39.99315600000002],[-76.35232,39.98706999999999],[-76.354109,39.984895999999985],[-76.35596,39.98508400000001],[-76.35749400000002,39.98728599999999],[-76.358251,39.98711100000001],[-76.361789,39.992967000000036],[-76.362936,39.99261099999994],[-76.363784,39.99443800000001],[-76.36457000000001,39.99424199999995],[-76.365599,39.998773000000035],[-76.367213,39.998641999999975]],[[-76.28761700000001,40.043063999999994],[-76.286721,40.04315899999999],[-76.28538,40.044493000000024],[-76.286187,40.044801],[-76.286974,40.043499],[-76.28774400000002,40.04384100000005],[-76.28761700000001,40.043063999999994]]]}},{"type":"Feature","properties":{"district":"33","population":61029,"landAreaSqMi":76.7,"topMunicipalities":[{"name":"Harrison","classCode":"first_class_township","populationShare":0.16421701158465646},{"name":"O'Hara","classCode":"first_class_township","populationShare":0.1498631797997673},{"name":"Indiana","classCode":"second_class_township","populationShare":0.11912369529240194},{"name":"Fox Chapel","classCode":"borough","populationShare":0.08625407593111474},{"name":"Tarentum","classCode":"borough","populationShare":0.07022890756853302}],"topCounties":[{"name":"Allegheny","geoid":"42003","populationShare":1.0}],"classShares":{"borough":0.4144423143095906,"first_class_township":0.36182798341771943,"second_class_township":0.22372970227268998},"medianIncome":97493,"medianHomeValue":273353,"rentBurdenedPct":36.7,"ownerBurdenedPct":18.3,"permitsPer1kPerYear":1.1,"permits5yrTotal":335,"popChange2020to2024Pct":-2.8,"parentSenateDistricts":[{"district":"38","overlapShareOfHD":1.0,"areaShareOfSD":0.38307356427333744}]},"geometry":{"type":"Polygon","coordinates":[[[-79.940458,40.496389000000036],[-79.936068,40.497202999999985],[-79.93868,40.55404700000002],[-79.915083,40.55494699999999],[-79.915946,40.596367000000036],[-79.812579,40.59911300000002],[-79.813127,40.613593000000016],[-79.81637500000001,40.63878299999995],[-79.816996,40.671699000000025],[-79.780651,40.67122799999996],[-79.732744,40.66923999999999],[-79.692878,40.66961100000006],[-79.692904,40.668249999999986],[-79.695554,40.66552799999995],[-79.695822,40.66150499999998],[-79.689208,40.647851999999965],[-79.689226,40.64384499999996],[-79.693292,40.63656600000004],[-79.700012,40.628991999999975],[-79.714576,40.61701000000004],[-79.719992,40.60948999999999],[-79.723154,40.60698899999997],[-79.736087,40.60204299999998],[-79.749437,40.59886699999999],[-79.760285,40.595118],[-79.76676,40.59067800000005],[-79.771623,40.58562899999999],[-79.773911,40.57980099999996],[-79.774693,40.57074600000006],[-79.768543,40.55499600000007],[-79.763698,40.54602500000001],[-79.765306,40.54175300000003],[-79.768478,40.538779000000034],[-79.776618,40.534934000000035],[-79.783753,40.53410800000004],[-79.805012,40.53745499999997],[-79.822086,40.536206],[-79.83082,40.53434200000003],[-79.842302,40.52980399999996],[-79.848426,40.525125999999965],[-79.850583,40.52016000000002],[-79.850844,40.51419000000005],[-79.848853,40.503657999999994],[-79.851113,40.493601],[-79.859138,40.48722700000002],[-79.865498,40.485069],[-79.877252,40.48317000000004],[-79.888213,40.48368200000003],[-79.888175,40.486440000000044],[-79.884556,40.48677399999998],[-79.884604,40.490922000000026],[-79.89691200000001,40.49261399999999],[-79.89760400000002,40.487879000000014],[-79.901626,40.488984999999985],[-79.901404,40.48578999999998],[-79.927922,40.491538000000006],[-79.938355,40.490983000000014],[-79.93944000000002,40.494625000000056],[-79.938609,40.495172],[-79.940458,40.496389000000036]]]}},{"type":"Feature","properties":{"district":"8","population":64243,"landAreaSqMi":417.9,"topMunicipalities":[{"name":"Center","classCode":"second_class_township","populationShare":0.1218031536509814},{"name":"Middlesex","classCode":"second_class_township","populationShare":0.11036221845181576},{"name":"Ellwood City","classCode":"borough","populationShare":0.10836978347835564},{"name":"Penn","classCode":"second_class_township","populationShare":0.07703563034104885},{"name":"Connoquenessing","classCode":"second_class_township","populationShare":0.0655012997525022}],"topCounties":[{"name":"Butler","geoid":"42019","populationShare":0.6582818361533552},{"name":"Lawrence","geoid":"42073","populationShare":0.3417181638466448}],"classShares":{"borough":0.20185856824868081,"second_class_township":0.7981414317513192},"medianIncome":82838,"medianHomeValue":236023,"rentBurdenedPct":31.8,"ownerBurdenedPct":16.7,"permitsPer1kPerYear":4.7,"permits5yrTotal":1496,"popChange2020to2024Pct":1.1,"parentSenateDistricts":[{"district":"21","overlapShareOfHD":0.465285425185122,"areaShareOfSD":0.05889239762118021},{"district":"47","overlapShareOfHD":0.3372570976099431,"areaShareOfSD":0.24230086897311767},{"district":"50","overlapShareOfHD":0.1974574772049365,"areaShareOfSD":0.04175178832679318}]},"geometry":{"type":"Polygon","coordinates":[[[-80.51918600000002,40.90235599999996],[-80.45254300000002,40.90523000000001],[-80.263986,40.90900199999997],[-80.264631,40.93725199999995],[-80.268427,40.937735000000025],[-80.270025,40.97363200000001],[-80.266299,40.97368100000006],[-80.266926,40.99893000000002],[-80.258473,40.99911800000004],[-80.259146,41.050650000000005],[-80.258325,41.11073900000003],[-80.258706,41.11154799999999],[-80.263167,41.10999799999998],[-80.262246,41.11291800000002],[-80.263057,41.113983000000005],[-80.261956,41.11384100000001],[-80.261428,41.11600699999996],[-80.25849,41.11610200000002],[-80.258511,41.117329000000026],[-80.147303,41.11391700000004],[-80.098294,41.071054],[-80.101859,41.06740100000002],[-80.087003,41.04279499999999],[-80.079964,41.039689999999936],[-80.07579,41.03910300000001],[-80.07089,41.031558999999994],[-80.071979,41.03012800000001],[-80.074161,41.029896000000015],[-80.07427,41.028982999999975],[-80.07237000000002,41.028824000000014],[-80.070649,41.02675100000001],[-80.065783,41.02677799999999],[-80.063028,41.02572399999999],[-80.06198,41.026667000000046],[-80.05282,41.026103000000006],[-80.052692,41.022977999999995],[-80.047714,41.022897999999955],[-80.044139,41.023124999999965],[-80.044253,41.02660700000003],[-80.024309,41.02677399999998],[-80.023289,41.027413999999986],[-80.02074200000001,41.02492599999999],[-80.01803,41.025699999999986],[-80.016829,41.02473099999998],[-80.014219,41.025230999999955],[-80.011125,41.02716699999996],[-79.97978500000002,41.02800999999995],[-79.880077,41.02765000000001],[-79.878684,40.95849100000001],[-79.87593800000002,40.886706000000004],[-79.972402,40.88667899999999],[-79.97008,40.81636599999995],[-79.874557,40.81610699999991],[-79.877128,40.67243499999994],[-79.914626,40.67328599999999],[-79.964595,40.67251400000003],[-79.964605,40.673524000000036],[-79.963697,40.67351899999997],[-79.963781,40.677073999999955],[-79.961447,40.67714200000001],[-79.96162,40.68298],[-79.966982,40.68296899999999],[-79.966424,40.71047999999994],[-79.967724,40.74482299999996],[-80.03456,40.74501200000001],[-80.039931,40.74443300000001],[-80.042425,40.747989],[-80.047319,40.747694000000024],[-80.044927,40.74498100000001],[-80.059406,40.744996],[-80.060339,40.764073999999944],[-80.056205,40.764054],[-80.052861,40.760223999999944],[-80.051381,40.760227000000015],[-80.050354,40.76072600000002],[-80.050086,40.76278099999998],[-80.044194,40.76687100000002],[-80.048077,40.77123600000002],[-80.049988,40.770589999999984],[-80.055453,40.77173200000001],[-80.055499,40.77463899999997],[-80.060928,40.77455],[-80.062376,40.79025100000006],[-80.06306500000001,40.81725999999997],[-80.15671,40.81752999999996],[-80.15853,40.85509599999997],[-80.331442,40.85291099999995],[-80.519057,40.851337999999984],[-80.51918600000002,40.90235599999996]]]}},{"type":"Feature","properties":{"district":"40","population":66354,"landAreaSqMi":36.0,"topMunicipalities":[{"name":"Bethel Park","classCode":"borough","populationShare":0.4983875415339749},{"name":"Peters","classCode":"second_class_township","populationShare":0.34768069498605353},{"name":"Upper St. Clair","classCode":"first_class_township","populationShare":0.15384528977299294},{"name":"Union","classCode":"second_class_township","populationShare":8.647370697873926e-05}],"topCounties":[{"name":"Allegheny","geoid":"42003","populationShare":0.6522328313069679},{"name":"Washington","geoid":"42125","populationShare":0.3477671686930322}],"classShares":{"borough":0.4983875415339749,"first_class_township":0.15384528977299294,"second_class_township":0.3477671686930322},"medianIncome":124779,"medianHomeValue":353405,"rentBurdenedPct":42.0,"ownerBurdenedPct":15.0,"permitsPer1kPerYear":1.2,"permits5yrTotal":396,"popChange2020to2024Pct":-1.7,"parentSenateDistricts":[{"district":"46","overlapShareOfHD":0.5441710902030539,"areaShareOfSD":0.013064640806362193},{"district":"37","overlapShareOfHD":0.45582890979694624,"areaShareOfSD":0.06550372460075318}]},"geometry":{"type":"Polygon","coordinates":[[[-80.141277,40.26139799999999],[-80.137329,40.26310000000001],[-80.137595,40.26634299999998],[-80.133029,40.26475399999998],[-80.131205,40.266826999999985],[-80.13168500000002,40.270447],[-80.13705,40.27302400000002],[-80.13883400000002,40.27466999999997],[-80.13783700000002,40.278496000000004],[-80.139952,40.280358000000014],[-80.139564,40.28195300000001],[-80.136738,40.28257100000002],[-80.13515,40.284048999999996],[-80.129036,40.286465999999976],[-80.130556,40.292314999999995],[-80.128519,40.29558799999999],[-80.136303,40.30021700000006],[-80.13645,40.302120999999985],[-80.133396,40.303420999999986],[-80.127182,40.29935099999995],[-80.124418,40.30191500000004],[-80.121716,40.302895000000035],[-80.117204,40.29935],[-80.115486,40.29918000000003],[-80.111986,40.30260700000003],[-80.11286,40.304223999999955],[-80.116172,40.30651500000004],[-80.117252,40.309587000000036],[-80.116126,40.31247799999996],[-80.116295,40.31519600000001],[-80.118338,40.31684499999999],[-80.115278,40.31796299999999],[-80.115785,40.32262699999998],[-80.112718,40.32455900000002],[-80.110148,40.32392599999999],[-80.103399,40.325221],[-80.100717,40.32796300000002],[-80.10138,40.33262200000001],[-80.108704,40.33147000000001],[-80.113471,40.331546000000024],[-80.110201,40.337078999999974],[-80.106548,40.33575200000001],[-80.104234,40.33816200000002],[-80.099769,40.33716299999996],[-80.099266,40.338063999999996],[-80.095773,40.33736900000002],[-80.09421200000001,40.33002499999996],[-80.090188,40.32910700000003],[-80.080826,40.32917500000001],[-80.079393,40.328273000000024],[-80.081642,40.32487500000003],[-80.071676,40.32927799999994],[-80.066443,40.338332000000044],[-80.057961,40.34533499999999],[-80.054273,40.34741000000002],[-80.052877,40.350734999999986],[-80.041927,40.35286700000004],[-80.039688,40.351783000000026],[-80.03788,40.353615999999995],[-80.03377,40.35444699999997],[-80.033428,40.35513900000001],[-80.028218,40.35585800000004],[-80.028482,40.35706399999999],[-80.022673,40.35745000000001],[-80.022301,40.35928399999998],[-80.01708400000001,40.359027000000026],[-80.005624,40.342983000000025],[-79.998059,40.33824799999999],[-80.020534,40.304697000000004],[-80.02099,40.30219900000004],[-80.02314,40.300725000000014],[-80.023851,40.298368000000046],[-80.025542,40.297879000000016],[-80.026707,40.294856],[-80.030472,40.291990000000006],[-80.033699,40.28767400000003],[-80.033283,40.276430000000026],[-80.023285,40.262336999999945],[-80.017317,40.265072],[-80.0135,40.263342000000016],[-80.011043,40.25868700000002],[-80.01859,40.25735099999999],[-80.016253,40.24987900000001],[-80.018358,40.24660300000002],[-80.022007,40.24573799999997],[-80.026041,40.246339999999975],[-80.031409,40.24537600000002],[-80.033553,40.24392500000004],[-80.043027,40.246593999999966],[-80.047406,40.24375199999998],[-80.053483,40.244049000000025],[-80.063034,40.242767000000036],[-80.070493,40.24880699999996],[-80.075085,40.24987299999997],[-80.079285,40.24820499999997],[-80.082122,40.24844899999999],[-80.084564,40.24980299999999],[-80.087231,40.25307300000006],[-80.090462,40.25343100000003],[-80.089574,40.254402000000006],[-80.092656,40.25412900000003],[-80.100004,40.257340000000006],[-80.110856,40.25638200000001],[-80.115747,40.254604000000036],[-80.114996,40.25393299999999],[-80.11885700000002,40.25083600000004],[-80.128819,40.25501100000002],[-80.134098,40.259663000000025],[-80.140113,40.26034199999997],[-80.141277,40.26139799999999]]]}},{"type":"Feature","properties":{"district":"2","population":64705,"landAreaSqMi":102.9,"topMunicipalities":[{"name":"Erie","classCode":"third_class_city","populationShare":0.5116438125054602},{"name":"Harborcreek","classCode":"second_class_township","populationShare":0.25712148774792437},{"name":"Summit","classCode":"second_class_township","populationShare":0.11286639568570592},{"name":"Greene","classCode":"second_class_township","populationShare":0.06908295066617909},{"name":"Wesleyville","classCode":"borough","populationShare":0.04928535339473043}],"topCounties":[{"name":"Erie","geoid":"42049","populationShare":1.0}],"classShares":{"borough":0.04928535339473043,"second_class_township":0.43907083409980935,"third_class_city":0.5116438125054602},"medianIncome":63147,"medianHomeValue":154884,"rentBurdenedPct":46.7,"ownerBurdenedPct":19.4,"permitsPer1kPerYear":1.1,"permits5yrTotal":341,"popChange2020to2024Pct":-1.3,"parentSenateDistricts":[{"district":"49","overlapShareOfHD":1.0000000000000024,"areaShareOfSD":0.06964059014264681}]},"geometry":{"type":"Polygon","coordinates":[[[-80.126029,42.04779400000002],[-80.003465,42.09104299999999],[-79.990085,42.09635800000001],[-80.003376,42.11725600000001],[-80.069878,42.09306699999997],[-80.066994,42.09041500000003],[-80.068085,42.087725999999975],[-80.070694,42.08618499999995],[-80.070939,42.08526900000001],[-80.072014,42.08514700000003],[-80.073418,42.08742100000002],[-80.076956,42.08614799999998],[-80.079176,42.089497999999956],[-80.08732,42.08646299999997],[-80.077073,42.10565900000005],[-80.074945,42.11125200000003],[-80.079286,42.11795799999997],[-80.058167,42.125755000000005],[-80.054383,42.12467899999999],[-80.028846,42.13421199999999],[-80.019524,42.138236999999975],[-80.021929,42.141729999999995],[-80.013939,42.144690000000004],[-80.012616,42.143609999999995],[-80.003805,42.14677400000002],[-80.013046,42.16042999999996],[-80.017548,42.15721300000002],[-80.021179,42.163231],[-80.015266,42.166313000000045],[-80.012153,42.166301999999966],[-80.0045,42.170790999999916],[-79.99368100000001,42.17454899999999],[-79.985814,42.179325000000006],[-79.985671,42.18105299999996],[-79.983367,42.18113699999999],[-79.980367,42.18322700000003],[-79.975905,42.18430700000003],[-79.967069,42.18838899999995],[-79.963161,42.19173300000001],[-79.963068,42.190927],[-79.962888,42.19152899999998],[-79.955471,42.19355799999998],[-79.94302,42.20140100000003],[-79.937511,42.202999000000034],[-79.930783,42.206863999999996],[-79.924207,42.20717699999996],[-79.91843900000002,42.210804],[-79.916272,42.21074300000003],[-79.915081,42.21206699999997],[-79.912052,42.212528999999996],[-79.907017,42.215500999999996],[-79.907521,42.20924899999998],[-79.902751,42.21095299999997],[-79.900176,42.20204399999996],[-79.900584,42.177814000000005],[-79.903362,42.176877999999995],[-79.90405,42.130810999999966],[-79.901566,42.130809000000056],[-79.901523,42.12775299999998],[-79.903884,41.998679999999986],[-80.02433500000001,41.999142],[-80.024666,42.005618999999975],[-80.045146,42.002846999999996],[-80.044932,41.99910200000003],[-80.064489,41.99894899999996],[-80.074625,42.015654000000026],[-80.083689,42.01558100000001],[-80.0838,42.01930500000004],[-80.104671,42.019441999999984],[-80.104403,42.03398800000002],[-80.114754,42.029906],[-80.126029,42.04779400000002]]]}},{"type":"Feature","properties":{"district":"31","population":66725,"landAreaSqMi":52.5,"topMunicipalities":[{"name":"Lower Makefield","classCode":"second_class_township","populationShare":0.49849381790932934},{"name":"Newtown","classCode":"second_class_township","populationShare":0.2968002997377296},{"name":"Upper Makefield","classCode":"second_class_township","populationShare":0.13231922068190327},{"name":"Yardley","classCode":"borough","populationShare":0.03890595728737355},{"name":"Newtown","classCode":"borough","populationShare":0.0334807043836643}],"topCounties":[{"name":"Bucks","geoid":"42017","populationShare":1.0}],"classShares":{"borough":0.07238666167103786,"second_class_township":0.9276133383289622},"medianIncome":171942,"medianHomeValue":613561,"rentBurdenedPct":33.9,"ownerBurdenedPct":19.6,"permitsPer1kPerYear":2.0,"permits5yrTotal":657,"popChange2020to2024Pct":1.6,"parentSenateDistricts":[{"district":"10","overlapShareOfHD":0.9999999999999993,"areaShareOfSD":0.2351127192713566}]},"geometry":{"type":"Polygon","coordinates":[[[-74.998864,40.30227599999998],[-74.981015,40.319203999999985],[-74.926908,40.32946299999997],[-74.91741,40.32240599999998],[-74.90831,40.31690699999999],[-74.90331,40.315607000000035],[-74.896409,40.315107],[-74.891609,40.31300700000002],[-74.880609,40.30560699999997],[-74.868208,40.295206],[-74.860492,40.284584],[-74.842308,40.250507999999996],[-74.836307,40.24620800000003],[-74.823907,40.24150800000005],[-74.819507,40.23850800000004],[-74.795306,40.22940800000003],[-74.781943,40.221932999999986],[-74.797929,40.21107600000002],[-74.801592,40.20969299999997],[-74.800176,40.20876300000004],[-74.802764,40.20773499999998],[-74.83112700000001,40.204636],[-74.830118,40.20135499999997],[-74.84764,40.200397999999964],[-74.84701700000001,40.195158000000006],[-74.871055,40.19298900000004],[-74.874369,40.20053599999997],[-74.876712,40.200010999999996],[-74.887551,40.224735],[-74.902454,40.221339999999955],[-74.910629,40.222041000000026],[-74.917038,40.220895],[-74.94331000000001,40.214175000000004],[-74.94441,40.21145299999996],[-74.95420100000001,40.21181899999996],[-74.957194,40.218126999999996],[-74.96536,40.221598000000036],[-74.962831,40.22686799999999],[-74.966061,40.229841999999955],[-74.972291,40.23083499999997],[-74.97423,40.232007],[-74.97423,40.233402999999946],[-74.971113,40.23628500000002],[-74.96993600000002,40.240339],[-74.973228,40.24061000000003],[-74.975595,40.23974400000006],[-74.978269,40.24075399999997],[-74.97945799999998,40.243405],[-74.982867,40.245656999999994],[-74.98561,40.24629899999997],[-74.955043,40.27674599999995],[-74.998864,40.30227599999998]]]}},{"type":"Feature","properties":{"district":"48","population":70670,"landAreaSqMi":310.9,"topMunicipalities":[{"name":"North Strabane","classCode":"second_class_township","populationShare":0.1964950938284461},{"name":"Washington","classCode":"third_class_city","populationShare":0.18906093809633392},{"name":"South Strabane","classCode":"second_class_township","populationShare":0.1362806597414712},{"name":"North Franklin","classCode":"second_class_township","populationShare":0.06780779996689117},{"name":"Donora","classCode":"borough","populationShare":0.06418534654628928}],"topCounties":[{"name":"Washington","geoid":"42125","populationShare":1.0}],"classShares":{"borough":0.08764639252815606,"second_class_township":0.7232926693755101,"third_class_city":0.18906093809633392},"medianIncome":77030,"medianHomeValue":224349,"rentBurdenedPct":38.4,"ownerBurdenedPct":17.1,"permitsPer1kPerYear":3.1,"permits5yrTotal":1101,"popChange2020to2024Pct":1.4,"parentSenateDistricts":[{"district":"46","overlapShareOfHD":1.0000000000000007,"areaShareOfSD":0.20671817041281904}]},"geometry":{"type":"Polygon","coordinates":[[[-80.51909100000002,39.96220000000003],[-80.518976,40.073928999999985],[-80.499791,40.077626999999985],[-80.478048,40.080102999999966],[-80.435574,40.089136999999994],[-80.435944,40.09163600000005],[-80.412475,40.096307999999965],[-80.390176,40.12050600000004],[-80.34660000000001,40.10868299999999],[-80.344347,40.110010999999965],[-80.343697,40.113099000000005],[-80.332655,40.113706999999984],[-80.329527,40.11596400000003],[-80.324737,40.117258000000014],[-80.322191,40.11907600000006],[-80.314326,40.118061999999945],[-80.312635,40.11907500000001],[-80.312705,40.12151300000002],[-80.308794,40.12444199999995],[-80.310629,40.12904600000004],[-80.309706,40.13815200000003],[-80.310537,40.14151299999999],[-80.307608,40.14557599999996],[-80.309915,40.150700000000015],[-80.309871,40.15256699999999],[-80.304337,40.15281600000003],[-80.30104000000001,40.154766],[-80.296872,40.15474199999998],[-80.29018,40.157644999999974],[-80.285509,40.161531999999994],[-80.275642,40.16387099999999],[-80.26817,40.16661999999999],[-80.269095,40.166870999999944],[-80.269924,40.16896700000006],[-80.267815,40.168742999999964],[-80.266753,40.172567000000015],[-80.257923,40.17594299999999],[-80.268436,40.18459900000001],[-80.269703,40.18663200000001],[-80.267432,40.19493299999999],[-80.265071,40.19650400000001],[-80.263021,40.195212],[-80.262046,40.196139],[-80.262622,40.196791000000005],[-80.26005000000002,40.19755300000003],[-80.265682,40.201845999999996],[-80.26564900000001,40.205244],[-80.262429,40.20697499999996],[-80.260887,40.205912],[-80.252665,40.205274999999986],[-80.247161,40.20890300000004],[-80.245688,40.20860799999998],[-80.243068,40.21023300000002],[-80.23683,40.211868999999965],[-80.224884,40.21181300000002],[-80.216192,40.21889799999998],[-80.211083,40.23385600000001],[-80.214642,40.236658000000034],[-80.214009,40.23799],[-80.208746,40.238302999999995],[-80.208322,40.24104400000004],[-80.205056,40.239190000000015],[-80.202996,40.23984700000001],[-80.202988,40.24354799999999],[-80.200524,40.24506799999997],[-80.193563,40.24242400000001],[-80.181033,40.24243899999998],[-80.178713,40.24046099999996],[-80.17546700000001,40.24445600000004],[-80.172638,40.24986799999998],[-80.16935,40.25382399999999],[-80.166852,40.25510800000002],[-80.157498,40.25465399999997],[-80.148201,40.256695],[-80.139634,40.26032600000001],[-80.136736,40.26011999999997],[-80.132651,40.258858999999994],[-80.13209,40.25741700000001],[-80.128819,40.25501100000002],[-80.11885700000002,40.25083600000004],[-80.114996,40.25393299999999],[-80.115747,40.254604000000036],[-80.110856,40.25638200000001],[-80.100255,40.257387000000044],[-80.092656,40.25412900000003],[-80.089574,40.254402000000006],[-80.090462,40.25343100000003],[-80.087231,40.25307300000006],[-80.084564,40.24980299999999],[-80.082122,40.24844899999999],[-80.079285,40.24820499999997],[-80.075085,40.24987299999997],[-80.070493,40.24880699999996],[-80.062614,40.24274100000001],[-80.053483,40.244049000000025],[-80.047406,40.24375199999998],[-80.042735,40.246612999999954],[-80.033553,40.24392500000004],[-80.031409,40.24537600000002],[-80.026041,40.246339999999975],[-80.022007,40.24573799999997],[-80.019025,40.24626199999999],[-80.016245,40.24924100000002],[-80.018364,40.23345699999994],[-80.022379,40.226636999999975],[-80.012355,40.22618100000001],[-80.011905,40.223249000000024],[-80.002832,40.21710100000001],[-80.002457,40.212598000000014],[-79.996325,40.209706999999995],[-79.990749,40.20971800000003],[-79.986101,40.207597000000014],[-79.98429700000001,40.207800999999996],[-79.990171,40.19789899999997],[-79.989477,40.196133999999994],[-79.993205,40.19246600000001],[-79.988112,40.18587999999994],[-79.98429700000001,40.184101000000005],[-79.982813,40.18247100000001],[-79.978216,40.18490800000001],[-79.974194,40.18521500000002],[-79.96863,40.184011000000005],[-79.967969,40.186174],[-79.965533,40.182458999999945],[-79.961796,40.18088000000002],[-79.956132,40.19149399999995],[-79.954229,40.191501999999964],[-79.94760800000002,40.19395099999999],[-79.942276,40.19681699999999],[-79.939355,40.194694000000005],[-79.939355,40.196645999999966],[-79.931475,40.19442000000005],[-79.929373,40.188674],[-79.925211,40.188662999999984],[-79.922939,40.18735099999999],[-79.921243,40.184902999999984],[-79.912913,40.18489000000003],[-79.90305,40.183126999999985],[-79.904489,40.17995900000003],[-79.894132,40.18000499999996],[-79.890692,40.18328899999999],[-79.889418,40.18166900000001],[-79.886772,40.18072],[-79.87882,40.18063699999999],[-79.87892,40.186918000000034],[-79.87382,40.186890000000055],[-79.869561,40.18957499999998],[-79.869705,40.19467300000002],[-79.866313,40.193913000000016],[-79.865911,40.19464700000003],[-79.863126,40.193574999999974],[-79.861051,40.19173599999997],[-79.86241000000001,40.190325000000016],[-79.861929,40.189929000000035],[-79.85770500000001,40.19317500000003],[-79.85445600000001,40.19125499999999],[-79.853271,40.189223000000034],[-79.850712,40.17995900000003],[-79.850584,40.17472699999999],[-79.853048,40.16912699999997],[-79.859464,40.163143],[-79.863033,40.161975000000034],[-79.868025,40.16187900000001],[-79.88733700000002,40.16498299999996],[-79.893306,40.16498299999996],[-79.897226,40.1639910000001],[-79.901994,40.16136700000001],[-79.904426,40.15821499999992],[-79.904874,40.15480699999996],[-79.90953,40.15499899999993],[-79.913564,40.153256999999975],[-79.912122,40.14435899999997],[-79.906476,40.137965999999984],[-79.904083,40.12922799999997],[-79.90137,40.10160799999997],[-79.947114,40.10574500000002],[-79.976854,40.11367500000005],[-79.978696,40.11282300000002],[-79.988871,40.111911],[-79.984413,40.115384],[-79.984445,40.11818399999995],[-79.98678,40.12116000000004],[-79.98866800000002,40.12066400000001],[-79.995068,40.126151],[-79.992091,40.131247],[-79.99585100000002,40.13718799999998],[-79.990874,40.13827700000004],[-79.989914,40.13965299999999],[-79.991194,40.14155200000006],[-79.995116,40.141126],[-80.00439,40.132747999999964],[-80.00691300000001,40.13362599999997],[-80.007694,40.13146299999999],[-80.015614,40.13192700000004],[-80.019566,40.127335000000016],[-80.022083,40.12800399999999],[-80.026361,40.127855000000004],[-80.026363,40.123503],[-80.021852,40.11775599999998],[-80.023358,40.11543199999998],[-80.025022,40.11547999999997],[-80.027311,40.11738299999999],[-80.028655,40.116646999999986],[-80.026655,40.11380000000004],[-80.029023,40.113367999999966],[-80.029935,40.10928799999994],[-80.02796700000002,40.109032000000035],[-80.028129,40.10560999999999],[-80.021006,40.09733599999999],[-80.021588,40.093964],[-80.026653,40.090647999999995],[-80.030515,40.09004999999997],[-80.037242,40.07395099999998],[-80.039888,40.07289800000002],[-80.059392,40.09781600000002],[-80.058335,40.098234000000005],[-80.05915700000001,40.09918799999994],[-80.057792,40.10231200000001],[-80.062384,40.10356],[-80.09408100000002,40.134406999999996],[-80.1061,40.13772199999997],[-80.112149,40.14568200000004],[-80.116584,40.14404099999994],[-80.118179,40.14519],[-80.119941,40.144407999999956],[-80.129434,40.14949799999999],[-80.130902,40.14932799999998],[-80.132182,40.14339500000002],[-80.131983,40.138265999999994],[-80.133319,40.135265000000004],[-80.133025,40.13198699999997],[-80.13827,40.125894000000024],[-80.138286,40.124196999999974],[-80.140127,40.12158999999999],[-80.145976,40.115512999999986],[-80.147343,40.112832],[-80.1506,40.110754],[-80.152472,40.106767999999974],[-80.155591,40.103648],[-80.156642,40.10147400000003],[-80.156431,40.09957600000004],[-80.158369,40.098275],[-80.160351,40.09376799999999],[-80.166337,40.086718999999974],[-80.166916,40.08338599999999],[-80.168947,40.080810999999976],[-80.168231,40.07948799999997],[-80.170211,40.07897800000001],[-80.171805,40.07275800000001],[-80.168632,40.070102],[-80.168202,40.06790400000006],[-80.161351,40.06336499999997],[-80.154803,40.06019300000006],[-80.149564,40.058937000000014],[-80.145801,40.059011999999974],[-80.143606,40.057583000000015],[-80.143518,40.05686799999997],[-80.14641900000001,40.05590500000001],[-80.14667300000002,40.055122000000004],[-80.144743,40.05359799999995],[-80.141447,40.05297400000007],[-80.145085,40.04992800000003],[-80.144101,40.04734499999996],[-80.14478,40.04448900000003],[-80.143669,40.041467999999995],[-80.140232,40.03869999999994],[-80.137754,40.03453099999999],[-80.13907,40.03342400000001],[-80.139679,40.03039899999998],[-80.137648,40.02681500000003],[-80.133105,40.02443699999998],[-80.13112600000001,40.02211200000003],[-80.125385,40.020589],[-80.12962,40.017278000000005],[-80.125205,40.015001999999974],[-80.126475,40.012837000000054],[-80.12969700000001,40.011488],[-80.134358,40.012642000000035],[-80.13926,40.011288000000015],[-80.142475,40.011919000000034],[-80.144455,40.01125100000001],[-80.147644,40.005855999999994],[-80.151745,40.003432],[-80.15298300000002,40.001463000000015],[-80.15733900000001,39.999580999999985],[-80.160456,40.00333900000002],[-80.169479,40.006263],[-80.171787,40.00545],[-80.175921,40.00813800000003],[-80.181172,40.006694000000024],[-80.182587,40.00309099999998],[-80.186485,40.00265999999998],[-80.187751,40.003302000000005],[-80.19047,40.00176400000004],[-80.19389,40.00491299999999],[-80.197132,40.004802],[-80.200601,40.00306999999997],[-80.204503,40.003336000000004],[-80.20845300000002,40.005096000000016],[-80.212657,40.002907000000036],[-80.214792,40.00280400000002],[-80.22281,40.00466200000003],[-80.226427,40.00775600000001],[-80.230344,40.00748500000001],[-80.241505,40.00949899999996],[-80.2443,40.007045000000026],[-80.251755,40.00778300000001],[-80.252936,40.005183999999986],[-80.25664700000002,40.00308599999998],[-80.25880500000001,40.00412500000001],[-80.265877,40.001617999999986],[-80.269261,40.002849],[-80.271974,40.003111000000025],[-80.273355,40.00237600000001],[-80.276075,40.00551900000003],[-80.271966,40.007728999999976],[-80.273318,40.01332800000003],[-80.278988,40.01272399999996],[-80.281139,40.01344699999995],[-80.284842,40.01213700000001],[-80.285771,40.016554000000006],[-80.287421,40.019206000000004],[-80.292077,40.020590000000034],[-80.294589,40.018538999999976],[-80.29784000000001,40.02008300000003],[-80.301396,40.02055900000001],[-80.30481300000001,40.019566000000054],[-80.306245,40.01812599999995],[-80.310213,40.01765399999999],[-80.31082,40.01367600000002],[-80.309,40.01218300000001],[-80.309899,40.00908399999995],[-80.308854,40.006462999999954],[-80.31256800000001,40.00329300000002],[-80.317484,40.00330399999997],[-80.321914,40.00592200000001],[-80.326797,40.00463699999999],[-80.32980800000001,40.005457000000035],[-80.333041,40.00364000000002],[-80.342332,40.001725000000036],[-80.34406700000001,40.000428],[-80.348248,40.00105299999998],[-80.350566,40.00056200000004],[-80.35432400000002,39.997294],[-80.356317,39.996836000000016],[-80.36084,39.99733699999999],[-80.364001,39.99652499999999],[-80.369073,39.99718900000001],[-80.372275,39.99657200000003],[-80.374634,39.99516800000002],[-80.37950500000001,39.99412500000001],[-80.380821,39.992692999999996],[-80.386581,39.98959399999999],[-80.391202,39.987955],[-80.395778,39.983517000000006],[-80.396475,39.97789000000001],[-80.400047,39.97792699999997],[-80.40168700000001,39.978674999999946],[-80.40671300000001,39.976755999999995],[-80.412921,39.976955000000004],[-80.416846,39.975351000000025],[-80.419952,39.975416000000024],[-80.422367,39.97244600000002],[-80.425379,39.97188000000001],[-80.42976,39.975837],[-80.433595,39.97740399999999],[-80.438907,39.97705500000001],[-80.440202,39.97545899999999],[-80.444187,39.97603599999997],[-80.445412,39.97552800000002],[-80.443677,39.97313899999997],[-80.446975,39.97115199999996],[-80.448265,39.96666200000003],[-80.449841,39.96682599999998],[-80.450911,39.96781000000005],[-80.450996,39.970853],[-80.452451,39.97312200000001],[-80.453551,39.97335199999996],[-80.456381,39.969397000000015],[-80.461532,39.967150999999966],[-80.461053,39.965845],[-80.45869700000002,39.964081000000036],[-80.459145,39.96307200000001],[-80.4636,39.960904999999954],[-80.469992,39.96165899999998],[-80.46982,39.95975400000002],[-80.465944,39.956463000000014],[-80.466605,39.95473600000001],[-80.471533,39.954671],[-80.473867,39.95271899999994],[-80.476268,39.95201600000002],[-80.485515,39.954603999999996],[-80.489245,39.95412700000001],[-80.490737,39.95531300000004],[-80.490567,39.956921999999956],[-80.48662,39.96022199999998],[-80.487239,39.96120700000004],[-80.488899,39.961603999999994],[-80.493003,39.95875500000002],[-80.498027,39.95824800000002],[-80.500998,39.95683099999998],[-80.500407,39.95411899999998],[-80.501356,39.95381200000001],[-80.507725,39.95693299999996],[-80.509882,39.95929900000001],[-80.514683,39.96024199999996],[-80.518002,39.96351499999997],[-80.519031,39.96361199999994],[-80.51909100000002,39.96220000000003]]]}},{"type":"Feature","properties":{"district":"52","population":63259,"landAreaSqMi":428.2,"topMunicipalities":[{"name":"Connellsville","classCode":"third_class_city","populationShare":0.10929670086469907},{"name":"Bullskin","classCode":"second_class_township","populationShare":0.10499691743467339},{"name":"Dunbar","classCode":"second_class_township","populationShare":0.10376389130400424},{"name":"Luzerne","classCode":"second_class_township","populationShare":0.08621698098294311},{"name":"Redstone","classCode":"second_class_township","populationShare":0.07922983290915109}],"topCounties":[{"name":"Fayette","geoid":"42051","populationShare":1.0}],"classShares":{"borough":0.16008789263187848,"second_class_township":0.7306154065034225,"third_class_city":0.10929670086469907},"medianIncome":56053,"medianHomeValue":126614,"rentBurdenedPct":35.0,"ownerBurdenedPct":17.0,"permitsPer1kPerYear":0.1,"permits5yrTotal":32,"popChange2020to2024Pct":-3.9,"parentSenateDistricts":[{"district":"32","overlapShareOfHD":1.0,"areaShareOfSD":0.14937370666353997}]},"geometry":{"type":"Polygon","coordinates":[[[-80.010735,39.971145999999976],[-80.009583,39.976346],[-80.005855,39.98020200000001],[-79.999839,39.982874000000024],[-79.993374,39.98397799999995],[-79.991374,39.985545999999964],[-79.990782,39.988090000000014],[-79.99430200000002,39.99720899999999],[-79.995726,40.00509699999999],[-79.993566,40.009128999999994],[-79.988232,40.01190600000001],[-79.985167,40.013100999999956],[-79.974622,40.013860000000015],[-79.96935,40.013116999999966],[-79.963198,40.007967000000015],[-79.95902,40.000026],[-79.95462,39.995274000000016],[-79.951004,39.994154000000016],[-79.946732,39.99425000000001],[-79.938331,39.997177999999984],[-79.934523,39.99962599999994],[-79.929786,40.011745000000005],[-79.924844,40.01612399999996],[-79.91432,40.02103700000003],[-79.909962,40.022025999999975],[-79.889954,40.02246200000002],[-79.885246,40.024635000000046],[-79.879992,40.02828199999999],[-79.876216,40.033753999999995],[-79.877048,40.03682600000004],[-79.888057,40.04324100000005],[-79.890873,40.04588099999999],[-79.891913,40.04820100000001],[-79.890441,40.051208999999965],[-79.879897,40.059177000000034],[-79.878969,40.06178499999999],[-79.879401,40.064408999999976],[-79.881193,40.066520999999995],[-79.885113,40.06855299999995],[-79.898489,40.071273000000005],[-79.90153000000001,40.07359300000002],[-79.901434,40.076729],[-79.89730500000002,40.079528999999965],[-79.891705,40.08036099999996],[-79.880473,40.078889000000004],[-79.870248,40.07517699999998],[-79.862456,40.07565700000002],[-79.850071,40.07930500000003],[-79.845911,40.08122499999998],[-79.84106300000002,40.085768999999935],[-79.838999,40.09060100000001],[-79.850088,40.11396000000001],[-79.85384800000001,40.11675999999996],[-79.860056,40.11883999999995],[-79.877864,40.126959000000014],[-79.875296,40.129529999999974],[-79.870405,40.129195000000024],[-79.86937,40.12813999999999],[-79.86722,40.12776499999996],[-79.856544,40.12852300000003],[-79.853603,40.12753100000003],[-79.84975,40.128613000000016],[-79.847831,40.127976000000025],[-79.84470800000001,40.128296],[-79.843775,40.12743300000004],[-79.842184,40.128432000000004],[-79.839219,40.12756700000003],[-79.839409,40.128251],[-79.81611300000002,40.12837499999999],[-79.81659400000001,40.132791],[-79.81004,40.13248000000001],[-79.806743,40.13118400000002],[-79.805804,40.12752800000003],[-79.803817,40.128761],[-79.791728,40.128629999999994],[-79.789231,40.12801499999999],[-79.78882100000001,40.12860899999999],[-79.784371,40.128499999999995],[-79.783645,40.127709000000046],[-79.78203,40.12846],[-79.746056,40.12845699999999],[-79.74117400000002,40.12627100000001],[-79.734596,40.12090400000002],[-79.7276,40.12060799999999],[-79.726019,40.12268400000001],[-79.72438,40.12312299999999],[-79.718499,40.116921000000005],[-79.722298,40.11502500000005],[-79.722865,40.113179],[-79.721709,40.11277499999999],[-79.718147,40.11343300000001],[-79.715465,40.11109000000001],[-79.712148,40.110259],[-79.711267,40.10865800000003],[-79.708123,40.107704],[-79.705095,40.10770699999999],[-79.702095,40.110414],[-79.69865,40.10961900000006],[-79.695123,40.110753],[-79.691655,40.11309000000004],[-79.685624,40.11382299999995],[-79.684634,40.11311399999999],[-79.68379400000002,40.10862000000001],[-79.677068,40.106943000000065],[-79.675717,40.10571500000002],[-79.671089,40.10619599999996],[-79.667579,40.10454199999997],[-79.666207,40.102152],[-79.666667,40.100363999999985],[-79.668602,40.09884699999997],[-79.668118,40.09701000000002],[-79.666256,40.097593000000046],[-79.66419,40.096991999999986],[-79.663347,40.094637],[-79.661656,40.094483000000054],[-79.660384,40.09706200000004],[-79.65824500000001,40.097087000000016],[-79.654346,40.09378600000001],[-79.654793,40.09080100000006],[-79.654083,40.089293999999995],[-79.648122,40.08764299999995],[-79.644581,40.089461999999955],[-79.641098,40.08831700000001],[-79.640986,40.086925],[-79.644143,40.08469399999999],[-79.642371,40.083627999999976],[-79.638511,40.082867999999976],[-79.634497,40.086524999999966],[-79.630465,40.08679399999996],[-79.626998,40.088423999999996],[-79.625654,40.08987800000001],[-79.625853,40.09193299999996],[-79.621958,40.09453299999996],[-79.620727,40.09271000000001],[-79.616751,40.091604],[-79.614664,40.09128299999997],[-79.612732,40.09346800000002],[-79.603674,40.090839],[-79.602353,40.08781500000003],[-79.603092,40.08603299999999],[-79.600442,40.084308000000014],[-79.602294,40.082997999999975],[-79.593021,40.082054999999976],[-79.591944,40.08578900000001],[-79.593314,40.09092999999997],[-79.591212,40.09416099999997],[-79.584576,40.097834000000006],[-79.585377,40.102125000000036],[-79.57892,40.105225999999945],[-79.578507,40.10436399999999],[-79.57537,40.10341200000003],[-79.571755,40.10529600000005],[-79.566229,40.106063999999975],[-79.562857,40.10501399999998],[-79.560602,40.10521600000001],[-79.560933,40.106846000000004],[-79.559031,40.111349999999995],[-79.556577,40.112833],[-79.55315,40.11257800000001],[-79.548751,40.11032499999998],[-79.546623,40.111992000000015],[-79.542073,40.11188999999998],[-79.540312,40.114129000000005],[-79.541564,40.11793299999995],[-79.541135,40.120715999999994],[-79.538309,40.12429299999998],[-79.535437,40.12600399999999],[-79.534671,40.128444999999985],[-79.530665,40.12809299999999],[-79.527362,40.122961000000046],[-79.517864,40.131378],[-79.517954,40.133146999999994],[-79.51473000000001,40.13438899999997],[-79.51384200000001,40.135692999999996],[-79.511245,40.13597999999996],[-79.50440100000002,40.140941],[-79.496424,40.141784],[-79.494011,40.140874],[-79.489718,40.141034000000005],[-79.488625,40.14192099999999],[-79.48852,40.14121999999998],[-79.48524,40.142440000000036],[-79.483136,40.14404300000001],[-79.473736,40.143928],[-79.473183,40.14565200000002],[-79.471093,40.145341999999964],[-79.471419,40.143986999999974],[-79.461522,40.144098],[-79.461225,40.14134900000001],[-79.452247,40.135688],[-79.45019,40.13541000000001],[-79.450247,40.13468699999998],[-79.447478,40.133232999999976],[-79.44744,40.12604999999999],[-79.44186,40.11922999999998],[-79.43792,40.116040000000055],[-79.423074,40.110977000000005],[-79.41513,40.104490000000006],[-79.40439,40.10221000000002],[-79.40193,40.10282999999999],[-79.397,40.094559999999966],[-79.393288,40.090608999999944],[-79.37307,40.081549999999986],[-79.367393,40.080167999999986],[-79.360442,40.075971],[-79.35552800000002,40.07428899999999],[-79.35124100000002,40.067868999999995],[-79.34177,40.04317000000003],[-79.33,40.040789999999966],[-79.3248,40.04057],[-79.31655,40.04371000000002],[-79.312571,40.04437800000002],[-79.293644,40.04079300000001],[-79.309927,40.019228999999974],[-79.309496,40.01859000000002],[-79.310458,40.0186],[-79.32278600000001,40.00349599999997],[-79.33846600000001,39.98201399999999],[-79.342585,39.98205600000003],[-79.342538,39.976303000000016],[-79.35416,39.960673],[-79.35412,39.95806400000002],[-79.356005,39.958163999999975],[-79.372884,39.936521999999975],[-79.378303,39.93665099999999],[-79.378258,39.933135000000014],[-79.383282,39.92755999999999],[-79.382249,39.92684599999999],[-79.384407,39.92482800000003],[-79.383957,39.92449400000001],[-79.391562,39.919503999999975],[-79.387624,39.915696000000004],[-79.398718,39.90062800000001],[-79.417285,39.85445100000003],[-79.43967,39.82651999999999],[-79.44239,39.824630000000006],[-79.441791,39.824244],[-79.486812,39.822593000000055],[-79.509492,39.83314299999997],[-79.510157,39.83225800000001],[-79.513484,39.83271499999999],[-79.519891,39.830631],[-79.522627,39.82825900000005],[-79.530011,39.825141000000066],[-79.533186,39.82466700000004],[-79.538047,39.82586999999995],[-79.565247,39.86112299999999],[-79.565472,39.863137999999985],[-79.566775,39.863063999999994],[-79.595773,39.90066499999996],[-79.633649,39.90029099999999],[-79.63472,39.90134000000003],[-79.63629,39.90564000000003],[-79.63474,39.90726000000002],[-79.63403,39.91011000000001],[-79.62944,39.914159999999995],[-79.62775,39.91885000000001],[-79.62409,39.92085000000001],[-79.62323,39.92258],[-79.62578,39.92951000000002],[-79.62804,39.93061999999999],[-79.63087,39.929770000000005],[-79.629936,39.93308799999997],[-79.628022,39.93557499999998],[-79.628475,39.93722299999996],[-79.634232,39.94459399999999],[-79.642267,39.948598],[-79.642314,39.94967200000002],[-79.643113,39.94890900000001],[-79.652711,39.952798000000044],[-79.66523,39.959890000000016],[-79.673982,39.96181899999999],[-79.680274,39.9583],[-79.698376,39.958207000000016],[-79.70293,39.95843999999996],[-79.71046,39.962566000000024],[-79.724148,39.95554799999997],[-79.728297,39.95300000000003],[-79.72929,39.951320000000024],[-79.729707,39.95195500000001],[-79.730768,39.95134399999997],[-79.736815,39.95291499999995],[-79.74512,39.95308200000004],[-79.746203,39.954221000000004],[-79.74358,39.955368],[-79.743187,39.95629300000003],[-79.746066,39.95694899999998],[-79.746116,39.95823000000003],[-79.748712,39.95888199999997],[-79.75033,39.96135999999997],[-79.746742,39.96201300000002],[-79.745191,39.963500999999994],[-79.746375,39.96857399999999],[-79.747541,39.96934900000002],[-79.75508,39.96897499999999],[-79.755509,39.96997299999998],[-79.752636,39.97334199999997],[-79.754322,39.97501200000001],[-79.762032,39.97377200000004],[-79.765795,39.97609099999996],[-79.76433800000001,39.97816400000004],[-79.764334,39.98069900000004],[-79.766389,39.98356100000002],[-79.767446,39.987443999999996],[-79.76606,39.98981099999999],[-79.765845,39.99280299999999],[-79.771041,39.99233400000001],[-79.774467,39.99280299999999],[-79.774812,39.99046899999999],[-79.777868,39.99038700000005],[-79.78020000000001,39.991904999999974],[-79.781757,39.99858099999998],[-79.78509700000001,39.99731400000001],[-79.788244,39.997968999999976],[-79.792337,39.99128900000001],[-79.792377,39.99196399999998],[-79.793758,39.99059399999998],[-79.799942,39.987655999999994],[-79.810751,39.96533700000002],[-79.819605,39.96063300000001],[-79.820724,39.95568300000002],[-79.823178,39.95203200000001],[-79.822626,39.95121799999998],[-79.825941,39.942038999999994],[-79.83118,39.94296600000004],[-79.84290600000001,39.94077999999998],[-79.848901,39.938776999999995],[-79.85018,39.935698],[-79.849157,39.934140000000035],[-79.84996,39.93291000000002],[-79.851382,39.93341400000002],[-79.882369,39.92930099999998],[-79.893574,39.92971599999996],[-79.904226,39.917754999999985],[-79.914284,39.916481999999995],[-79.916154,39.914374000000024],[-79.919104,39.91318599999996],[-79.92181,39.91334700000001],[-79.925614,39.91476299999998],[-79.923325,39.91773899999994],[-79.922957,39.919882999999984],[-79.924861,39.923947000000034],[-79.932413,39.930730999999966],[-79.943757,39.94401099999998],[-79.952125,39.950569999999956],[-79.96091,39.95436200000001],[-79.970286,39.95546599999995],[-79.977038,39.95453800000002],[-79.99068700000001,39.94976999999997],[-79.996192,39.949786000000024],[-80.00528,39.95492199999999],[-80.009344,39.95879400000001],[-80.010368,39.962282000000016],[-80.010735,39.971145999999976]]]}},{"type":"Feature","properties":{"district":"64","population":61711,"landAreaSqMi":809.4,"topMunicipalities":[{"name":"Oil City","classCode":"third_class_city","populationShare":0.1542188588744308},{"name":"Cranberry","classCode":"second_class_township","populationShare":0.10208876861499575},{"name":"Franklin","classCode":"third_class_city","populationShare":0.09764871740856548},{"name":"Titusville","classCode":"third_class_city","populationShare":0.08474988251689328},{"name":"Sugarcreek","classCode":"borough","populationShare":0.0768906677901832}],"topCounties":[{"name":"Venango","geoid":"42121","populationShare":0.8117839607201309},{"name":"Crawford","geoid":"42039","populationShare":0.18821603927986907}],"classShares":{"borough":0.15301972095736574,"second_class_township":0.5103628202427447,"third_class_city":0.3366174587998896},"medianIncome":59420,"medianHomeValue":112099,"rentBurdenedPct":39.0,"ownerBurdenedPct":14.1,"permitsPer1kPerYear":0.6,"permits5yrTotal":187,"popChange2020to2024Pct":-1.9,"parentSenateDistricts":[{"district":"21","overlapShareOfHD":0.834711195121843,"areaShareOfSD":0.20355237527495074},{"district":"50","overlapShareOfHD":0.16528880487815711,"areaShareOfSD":0.0673356546772381}]},"geometry":{"type":"Polygon","coordinates":[[[-79.999779,41.17186100000002],[-79.999814,41.490033999999994],[-79.99873000000001,41.49009200000003],[-79.998696,41.501031999999974],[-79.981779,41.500156000000004],[-79.981536,41.512886999999985],[-79.965875,41.512841000000066],[-79.958146,41.513534999999976],[-79.959188,41.525439999999975],[-79.942227,41.525347999999994],[-79.943296,41.53783699999997],[-79.92334,41.537595999999986],[-79.925369,41.550208000000005],[-79.909471,41.550149],[-79.90860600000002,41.56217399999998],[-79.892757,41.56216800000004],[-79.892732,41.57413800000002],[-79.877171,41.574242000000005],[-79.876211,41.60052100000002],[-79.873457,41.611896],[-79.874153,41.623935],[-79.89655,41.624145000000006],[-79.902049,41.70747600000001],[-79.907892,41.71210699999998],[-79.902509,41.713213000000025],[-79.886208,41.710921000000006],[-79.86439,41.714259999999996],[-79.80693,41.71334300000001],[-79.791359,41.71426300000002],[-79.792027,41.727106],[-79.772325,41.72817500000001],[-79.772254,41.72623199999998],[-79.758914,41.726041000000016],[-79.758948,41.73090999999998],[-79.755091,41.73079799999996],[-79.75494,41.736040000000045],[-79.746237,41.736003000000004],[-79.745804,41.748431000000004],[-79.769636,41.74876400000002],[-79.770899,41.75813300000003],[-79.771415,41.77460999999999],[-79.612601,41.774578],[-79.613147,41.623863000000036],[-79.51207000000001,41.62455899999999],[-79.51122,41.500418],[-79.512276,41.465240000000016],[-79.522024,41.465218999999976],[-79.52159900000001,41.44055400000003],[-79.478163,41.440134000000015],[-79.47814,41.33570800000001],[-79.54143,41.33595100000003],[-79.541474,41.321008000000006],[-79.604161,41.32147799999999],[-79.60461,41.27707200000002],[-79.627561,41.27718300000004],[-79.627726,41.26690700000002],[-79.63271,41.26691900000001],[-79.632875,41.25359900000004],[-79.65039400000002,41.25370899999997],[-79.649628,41.21791199999998],[-79.668892,41.199074999999986],[-79.666323,41.19713599999995],[-79.670614,41.193166000000005],[-79.66536800000002,41.189024000000025],[-79.670213,41.18454400000001],[-79.670125,41.18311600000006],[-79.672912,41.183013000000045],[-79.67309,41.18470399999996],[-79.676143,41.18491200000003],[-79.676913,41.183691999999986],[-79.679839,41.18322300000003],[-79.684137,41.18435899999997],[-79.686761,41.18214500000003],[-79.690304,41.18141899999998],[-79.694057,41.18401499999995],[-79.697242,41.18461399999998],[-79.700432,41.18152499999999],[-79.699333,41.17860299999998],[-79.70058100000001,41.17505899999997],[-79.694984,41.17286499999995],[-79.824481,41.17312200000003],[-79.927466,41.17178700000004],[-79.999779,41.17186100000002]]]}},{"type":"Feature","properties":{"district":"65","population":63380,"landAreaSqMi":1612.6,"topMunicipalities":[{"name":"Warren","classCode":"third_class_city","populationShare":0.14630798359103833},{"name":"Jenks","classCode":"second_class_township","populationShare":0.05773114547175764},{"name":"Conewango","classCode":"second_class_township","populationShare":0.05348690438624175},{"name":"Woodcock","classCode":"second_class_township","populationShare":0.04326285894603972},{"name":"Pine Grove","classCode":"second_class_township","populationShare":0.04064373619438304}],"topCounties":[{"name":"Warren","geoid":"42123","populationShare":0.6023035657936259},{"name":"Crawford","geoid":"42039","populationShare":0.29064373619438305},{"name":"Forest","geoid":"42053","populationShare":0.10705269801199112}],"classShares":{"borough":0.13008835594824864,"second_class_township":0.7236036604607131,"third_class_city":0.14630798359103833},"medianIncome":62555,"medianHomeValue":131372,"rentBurdenedPct":28.6,"ownerBurdenedPct":14.5,"permitsPer1kPerYear":0.7,"permits5yrTotal":210,"popChange2020to2024Pct":-3.2,"parentSenateDistricts":[{"district":"21","overlapShareOfHD":0.8145097145779314,"areaShareOfSD":0.39624382335747915},{"district":"50","overlapShareOfHD":0.18549028542207222,"areaShareOfSD":0.1507471525967895}]},"geometry":{"type":"Polygon","coordinates":[[[-80.269043,41.75348500000001],[-80.26698000000002,41.84946899999998],[-80.146496,41.849039000000005],[-79.680353,41.85152399999999],[-79.612071,41.850328000000005],[-79.610837,41.998757000000026],[-79.411731,41.99840400000001],[-79.158413,41.99967],[-78.91889600000002,41.99811900000003],[-78.918481,41.95293999999999],[-78.9155,41.95294800000001],[-78.917057,41.861820999999985],[-78.916004,41.86181199999999],[-78.915642,41.840896000000015],[-78.921544,41.84088200000001],[-78.921408,41.83091900000003],[-78.948612,41.830481000000006],[-78.954022,41.68587599999998],[-78.954669,41.640244],[-78.955489,41.640215000000055],[-78.957418,41.579222000000016],[-78.959128,41.50011500000001],[-78.958957,41.43706099999998],[-78.976657,41.43696299999998],[-78.976658,41.451760999999976],[-79.06352,41.45320699999999],[-79.065154,41.423193999999974],[-79.093588,41.42328599999996],[-79.095183,41.37205900000002],[-79.09509600000001,41.340658000000005],[-79.099659,41.342587],[-79.104977,41.34152600000003],[-79.107231,41.33640699999995],[-79.104642,41.33186499999997],[-79.104743,41.32939800000002],[-79.106444,41.326246999999974],[-79.111346,41.32508800000003],[-79.11444,41.325345000000006],[-79.117118,41.327720000000014],[-79.122847,41.330172000000005],[-79.132517,41.33922699999997],[-79.138159,41.341781999999995],[-79.140269,41.341010000000004],[-79.14823300000002,41.331657000000035],[-79.154733,41.32864999999997],[-79.157596,41.32875400000003],[-79.16155,41.33104000000003],[-79.163067,41.333104999999996],[-79.162562,41.33599000000001],[-79.160008,41.339590999999984],[-79.160531,41.341699000000034],[-79.162325,41.343067999999995],[-79.166118,41.343994000000016],[-79.168207,41.342960999999995],[-79.169213,41.34052900000001],[-79.166814,41.33069700000002],[-79.16945,41.32749800000002],[-79.173034,41.325339000000014],[-79.174843,41.325835999999974],[-79.176006,41.32839599999998],[-79.17526,41.33624800000001],[-79.180248,41.33930800000001],[-79.184934,41.338942999999986],[-79.18659000000001,41.33795199999999],[-79.186045,41.328821],[-79.188497,41.32628],[-79.191952,41.32427400000002],[-79.194596,41.324212000000024],[-79.197518,41.325902],[-79.202506,41.32679000000002],[-79.206523,41.33132800000001],[-79.208878,41.33186100000004],[-79.207196,41.43092199999999],[-79.357653,41.43243199999997],[-79.357586,41.436241000000024],[-79.400269,41.43614499999999],[-79.400439,41.386579],[-79.477822,41.38647900000002],[-79.478163,41.440134000000015],[-79.52159900000001,41.44055400000003],[-79.522024,41.465218999999976],[-79.512276,41.465240000000016],[-79.51122,41.500418],[-79.51207000000001,41.62455899999999],[-79.613147,41.623863000000036],[-79.612601,41.774578],[-79.771415,41.77460999999999],[-79.770899,41.75813300000003],[-79.769636,41.74876400000002],[-79.745804,41.748431000000004],[-79.746237,41.736003000000004],[-79.75494,41.736040000000045],[-79.755091,41.73079799999996],[-79.758948,41.73090999999998],[-79.758914,41.726041000000016],[-79.772254,41.72623199999998],[-79.772325,41.72817500000001],[-79.792027,41.727106],[-79.791359,41.71426300000002],[-79.80693,41.71334300000001],[-79.86439,41.714259999999996],[-79.886208,41.710921000000006],[-79.902509,41.713213000000025],[-79.907892,41.71210699999998],[-79.902049,41.70747600000001],[-79.900196,41.68133700000002],[-79.919443,41.67678500000003],[-79.952903,41.67531300000001],[-79.970506,41.67554100000004],[-80.007784,41.67273500000002],[-80.057927,41.670911],[-80.057792,41.668880000000044],[-80.126612,41.66876699999997],[-80.12619000000001,41.67426599999996],[-80.131887,41.674234000000006],[-80.132165,41.67363300000001],[-80.132418,41.67425200000004],[-80.139757,41.67417399999999],[-80.13984,41.67925900000001],[-80.14898,41.679309999999994],[-80.172267,41.68431199999996],[-80.169412,41.68920199999999],[-80.166839,41.691514000000005],[-80.164721,41.691965],[-80.162151,41.693871999999985],[-80.152434,41.69256599999995],[-80.147685,41.69522499999998],[-80.146129,41.69816500000005],[-80.146537,41.70162800000005],[-80.145225,41.70660699999993],[-80.146272,41.70996799999998],[-80.146086,41.713479000000056],[-80.152139,41.71987800000003],[-80.149373,41.723684],[-80.151016,41.727207000000035],[-80.150925,41.730684000000004],[-80.145043,41.73622699999999],[-80.140457,41.738826999999986],[-80.136783,41.74233999999999],[-80.134295,41.74285499999998],[-80.132421,41.74204899999998],[-80.126399,41.74214600000001],[-80.123554,41.74315],[-80.12146700000001,41.74666999999998],[-80.12103,41.75069699999998],[-80.115771,41.75231999999998],[-80.11242800000001,41.755948999999966],[-80.112422,41.75761499999999],[-80.115674,41.76170700000002],[-80.167966,41.762115999999985],[-80.16805900000001,41.75202999999999],[-80.269043,41.75348500000001]]]}},{"type":"Feature","properties":{"district":"67","population":60900,"landAreaSqMi":2457.2,"topMunicipalities":[{"name":"Bradford","classCode":"third_class_city","populationShare":0.12706075533661737},{"name":"Bradford","classCode":"second_class_township","populationShare":0.07783251231527097},{"name":"Foster","classCode":"second_class_township","populationShare":0.06555008210180623},{"name":"Kane","classCode":"borough","populationShare":0.05866995073891625},{"name":"Keating","classCode":"second_class_township","populationShare":0.04449917898193759}],"topCounties":[{"name":"McKean","geoid":"42083","populationShare":0.6592610837438423},{"name":"Potter","geoid":"42105","populationShare":0.2672577996715928},{"name":"Cameron","geoid":"42023","populationShare":0.07348111658456485}],"classShares":{"borough":0.2743021346469622,"second_class_township":0.5986371100164204,"third_class_city":0.12706075533661737},"medianIncome":61404,"medianHomeValue":111624,"rentBurdenedPct":35.9,"ownerBurdenedPct":14.6,"permitsPer1kPerYear":0.9,"permits5yrTotal":263,"popChange2020to2024Pct":-2.5,"parentSenateDistricts":[{"district":"25","overlapShareOfHD":1.000000000000001,"areaShareOfSD":0.4535117367746424}]},"geometry":{"type":"Polygon","coordinates":[[[-78.956135,41.623405000000005],[-78.955489,41.640215000000055],[-78.954669,41.640244],[-78.954022,41.68587599999998],[-78.948612,41.830481000000006],[-78.921408,41.83091900000003],[-78.921544,41.84088200000001],[-78.915642,41.840896000000015],[-78.916004,41.86181199999999],[-78.917057,41.861820999999985],[-78.9155,41.95294800000001],[-78.918481,41.95293999999999],[-78.91889600000002,41.99811900000003],[-78.857359,41.99770499999999],[-78.759236,41.99820299999997],[-78.622797,41.999975999999975],[-78.27927400000002,41.99909899999999],[-78.121515,42.00038899999999],[-77.904408,41.998219000000034],[-77.610027,41.99936799999998],[-77.598129,41.47857599999997],[-77.794519,41.477319],[-77.989194,41.47482199999998],[-77.988786,41.36745299999999],[-78.013264,41.331022000000026],[-78.093381,41.21693100000001],[-78.23683100000001,41.23018699999997],[-78.234602,41.29879600000002],[-78.234675,41.32341300000001],[-78.254382,41.323583999999954],[-78.253959,41.40472099999998],[-78.420028,41.40504599999999],[-78.419566,41.47372399999999],[-78.421154,41.473845],[-78.420156,41.49902400000001],[-78.420161,41.54404700000001],[-78.418431,41.54395400000007],[-78.418368,41.554694000000026],[-78.420498,41.60187399999995],[-78.482909,41.60233000000003],[-78.483815,41.63148099999999],[-78.676016,41.624972999999954],[-78.74462,41.62517200000002],[-78.815237,41.624248999999985],[-78.814971,41.62267299999999],[-78.956135,41.623405000000005]]]}},{"type":"Feature","properties":{"district":"70","population":65042,"landAreaSqMi":48.6,"topMunicipalities":[{"name":"Skippack","classCode":"second_class_township","populationShare":0.222054880520962},{"name":"East Norriton","classCode":"second_class_township","populationShare":0.21541306729759777},{"name":"Worcester","classCode":"second_class_township","populationShare":0.16278592224302074},{"name":"West Norriton","classCode":"first_class_township","populationShare":0.15448960544737672},{"name":"Perkiomen","classCode":"second_class_township","populationShare":0.13772537697893672}],"topCounties":[{"name":"Montgomery","geoid":"42091","populationShare":1.0}],"classShares":{"borough":0.02126302705535488,"first_class_township":0.15448960544737672,"second_class_township":0.8242473674972683},"medianIncome":128877,"medianHomeValue":423288,"rentBurdenedPct":38.6,"ownerBurdenedPct":19.7,"permitsPer1kPerYear":1.9,"permits5yrTotal":605,"popChange2020to2024Pct":2.7,"parentSenateDistricts":[{"district":"12","overlapShareOfHD":0.4033022016253129,"areaShareOfSD":0.13529466722997407},{"district":"24","overlapShareOfHD":0.39438776315176594,"areaShareOfSD":0.05520229040659211},{"district":"17","overlapShareOfHD":0.20231003522292107,"areaShareOfSD":0.1197067071159728}]},"geometry":{"type":"Polygon","coordinates":[[[-75.48997600000001,40.22464899999996],[-75.470617,40.24455900000004],[-75.479682,40.24959599999997],[-75.465539,40.260234999999945],[-75.47034100000002,40.25945400000004],[-75.471745,40.262331999999965],[-75.469534,40.263849000000015],[-75.47061300000001,40.26516600000002],[-75.469466,40.26574299999997],[-75.470023,40.26651399999999],[-75.46692800000001,40.267766000000016],[-75.465383,40.265164999999996],[-75.46461,40.261191],[-75.459194,40.26505500000002],[-75.422311,40.24437199999999],[-75.420179,40.246453999999986],[-75.369466,40.21686500000004],[-75.355792,40.229202],[-75.330051,40.213765999999985],[-75.293214,40.19314499999999],[-75.30844200000001,40.177994999999974],[-75.275892,40.158309999999986],[-75.288348,40.14500200000003],[-75.288706,40.14222499999998],[-75.287294,40.136981999999975],[-75.298153,40.14315900000002],[-75.316659,40.124793999999994],[-75.34453300000001,40.141754000000006],[-75.365128,40.120953999999955],[-75.362251,40.119223000000005],[-75.365479,40.116401000000025],[-75.360455,40.11616899999998],[-75.354866,40.114914999999954],[-75.346892,40.11109700000001],[-75.347487,40.10950800000001],[-75.350844,40.109425999999985],[-75.360929,40.11338999999999],[-75.36685,40.11447000000002],[-75.370504,40.11623399999997],[-75.377865,40.11790800000003],[-75.387944,40.11786800000002],[-75.37669600000001,40.12904600000004],[-75.379936,40.13098199999999],[-75.378326,40.132648999999994],[-75.389799,40.14226300000001],[-75.376116,40.155870999999976],[-75.410683,40.17609799999998],[-75.450125,40.20040300000003],[-75.45245000000001,40.20164299999996],[-75.458736,40.20208200000002],[-75.462401,40.20525800000003],[-75.460638,40.20697199999998],[-75.48997600000001,40.22464899999996]]]}},{"type":"Feature","properties":{"district":"72","population":63631,"landAreaSqMi":218.3,"topMunicipalities":[{"name":"Johnstown","classCode":"third_class_city","populationShare":0.2867301005372597},{"name":"Cambria","classCode":"second_class_township","populationShare":0.09025997889311542},{"name":"Upper Yoder","classCode":"second_class_township","populationShare":0.08044485167687665},{"name":"Westmont","classCode":"borough","populationShare":0.0768961568609927},{"name":"Jackson","classCode":"second_class_township","populationShare":0.06616244029936223}],"topCounties":[{"name":"Cambria","geoid":"42021","populationShare":1.0}],"classShares":{"borough":0.28064953487620786,"first_class_township":0.0001214704240732514,"second_class_township":0.43249889416245924,"third_class_city":0.2867301005372597},"medianIncome":56858,"medianHomeValue":105444,"rentBurdenedPct":38.0,"ownerBurdenedPct":16.4,"permitsPer1kPerYear":0.3,"permits5yrTotal":87,"popChange2020to2024Pct":-2.7,"parentSenateDistricts":[{"district":"35","overlapShareOfHD":0.9999999999999993,"areaShareOfSD":0.10123364754891623}]},"geometry":{"type":"Polygon","coordinates":[[[-79.056347,40.28485700000001],[-79.055121,40.28917800000001],[-79.051635,40.290091999999994],[-79.046251,40.29671799999997],[-79.045047,40.299647000000014],[-79.041695,40.302041999999986],[-79.039844,40.30526899999999],[-79.037295,40.30725899999995],[-79.036372,40.310746],[-79.036942,40.314062000000014],[-79.03120400000002,40.31810000000001],[-79.03039,40.32210100000004],[-79.024657,40.32691100000002],[-79.020019,40.335605],[-79.015368,40.339186999999995],[-79.00993300000002,40.34047699999994],[-79.009383,40.34478699999998],[-79.00607800000002,40.35120300000003],[-79.00054600000001,40.355273000000004],[-78.998171,40.35616900000003],[-78.97523,40.39192700000006],[-78.973422,40.39639],[-78.921923,40.483512],[-78.875341,40.575354000000026],[-78.848351,40.57493600000004],[-78.848516,40.573463000000004],[-78.849921,40.574256],[-78.850736,40.573904],[-78.849837,40.570234],[-78.851394,40.56850400000002],[-78.85092400000002,40.567266999999966],[-78.853243,40.564622000000035],[-78.79976800000001,40.54473100000003],[-78.797576,40.57775000000001],[-78.790637,40.57795199999998],[-78.790564,40.57451900000001],[-78.774117,40.56920600000003],[-78.769789,40.571049000000016],[-78.76640600000002,40.57100299999999],[-78.764972,40.57231400000002],[-78.764008,40.57207299999999],[-78.761118,40.566395],[-78.757693,40.56463700000003],[-78.754704,40.55883299999997],[-78.752496,40.55663599999998],[-78.751953,40.55317199999999],[-78.716226,40.53895],[-78.713328,40.538204999999984],[-78.705837,40.53805099999998],[-78.697744,40.53538599999996],[-78.68790300000002,40.53443200000004],[-78.68114,40.53665199999994],[-78.678141,40.53658599999998],[-78.679153,40.53248300000004],[-78.67792000000001,40.53090400000001],[-78.677765,40.52746899999998],[-78.679343,40.524695000000015],[-78.6835,40.521625999999955],[-78.685446,40.51839200000001],[-78.684232,40.51498],[-78.684323,40.51172],[-78.673374,40.505204],[-78.675296,40.49752900000004],[-78.674739,40.485207],[-78.67538,40.48346699999996],[-78.684304,40.47320699999996],[-78.697426,40.433458],[-78.703331,40.43260400000006],[-78.710427,40.42495500000002],[-78.725055,40.42838699999999],[-78.751806,40.42284400000002],[-78.751801,40.41700699999998],[-78.715108,40.33728100000002],[-78.710919,40.32413200000003],[-78.714173,40.32350899999999],[-78.718388,40.320055000000046],[-78.72741,40.31860900000001],[-78.73109700000002,40.32113799999997],[-78.732447,40.32350399999999],[-78.736494,40.32603300000005],[-78.737821,40.326005000000045],[-78.741732,40.32806200000001],[-78.745241,40.33095899999997],[-78.753794,40.33388700000001],[-78.763001,40.33325899999995],[-78.767033,40.33504000000001],[-78.77037,40.33848500000001],[-78.770791,40.340277],[-78.77563,40.34421599999998],[-78.774372,40.34642700000003],[-78.775165,40.348409999999994],[-78.777158,40.34946600000001],[-78.78560100000001,40.34885899999997],[-78.78652,40.34958999999997],[-78.785675,40.35251300000002],[-78.782443,40.35545800000003],[-78.784314,40.358746000000046],[-78.784163,40.360674],[-78.786881,40.363877999999985],[-78.787545,40.367312999999946],[-78.783874,40.368310000000044],[-78.785204,40.37050199999999],[-78.786093,40.37040399999996],[-78.798774,40.36685],[-78.800901,40.361937],[-78.858989,40.31235500000003],[-78.876613,40.318931],[-78.89599500000001,40.32073700000001],[-78.898619,40.31512899999998],[-78.895943,40.31312500000002],[-78.882381,40.313101999999986],[-78.882739,40.31068400000003],[-78.888233,40.309196],[-78.894264,40.304222000000024],[-78.89762,40.30596099999999],[-78.897049,40.30634500000001],[-78.899345,40.30886599999998],[-78.902275,40.30491800000002],[-78.901883,40.30104399999996],[-78.900425,40.300537],[-78.900092,40.299410000000016],[-78.893346,40.30166899999996],[-78.889821,40.29935099999999],[-78.891068,40.29846000000003],[-78.889705,40.297236999999974],[-78.891412,40.29174499999999],[-78.898824,40.29221399999998],[-78.904948,40.29345300000002],[-78.906224,40.291389],[-78.908274,40.29220400000003],[-78.910507,40.28970200000006],[-78.91193300000002,40.290440999999916],[-78.912253,40.289926999999956],[-78.917362,40.29217000000001],[-78.920426,40.295587000000005],[-78.921073,40.29152700000002],[-78.928451,40.293038000000045],[-78.928775,40.29383900000003],[-78.929783,40.29159200000004],[-78.924179,40.29043899999995],[-78.923945,40.289177],[-78.923145,40.28913900000001],[-78.924399,40.28681600000005],[-78.927109,40.284732999999996],[-78.981767,40.28543900000004],[-79.056347,40.28485700000001]]]}},{"type":"Feature","properties":{"district":"75","population":63025,"landAreaSqMi":1210.4,"topMunicipalities":[{"name":"St. Marys","classCode":"third_class_city","populationShare":0.20011106703689008},{"name":"Sandy","classCode":"second_class_township","populationShare":0.18637048790162644},{"name":"DuBois","classCode":"third_class_city","populationShare":0.11819119397064652},{"name":"Ridgway","classCode":"borough","populationShare":0.06332407774692583},{"name":"Fox","classCode":"second_class_township","populationShare":0.05640618802062678}],"topCounties":[{"name":"Clearfield","geoid":"42033","populationShare":0.512844109480365},{"name":"Elk","geoid":"42047","populationShare":0.487155890519635}],"classShares":{"borough":0.16014280047600157,"second_class_township":0.5215549385164617,"third_class_city":0.3183022610075366},"medianIncome":67738,"medianHomeValue":145734,"rentBurdenedPct":41.6,"ownerBurdenedPct":11.6,"permitsPer1kPerYear":1.0,"permits5yrTotal":328,"popChange2020to2024Pct":-2.6,"parentSenateDistricts":[{"district":"25","overlapShareOfHD":0.6823780568955882,"areaShareOfSD":0.1530666479208267},{"district":"35","overlapShareOfHD":0.31762194310441305,"areaShareOfSD":0.17830590089813078}]},"geometry":{"type":"Polygon","coordinates":[[[-79.095183,41.37205900000002],[-79.093588,41.42328599999996],[-79.065154,41.423193999999974],[-79.06352,41.45320699999999],[-78.976658,41.451760999999976],[-78.976657,41.43696299999998],[-78.958957,41.43706099999998],[-78.959128,41.50011500000001],[-78.956138,41.623334000000035],[-78.814971,41.62267299999999],[-78.815237,41.624248999999985],[-78.74462,41.62517200000002],[-78.676016,41.624972999999954],[-78.483815,41.63148099999999],[-78.482909,41.60233000000003],[-78.420498,41.60187399999995],[-78.418368,41.554694000000026],[-78.418431,41.54395400000007],[-78.420161,41.54404700000001],[-78.420156,41.49902400000001],[-78.421154,41.473845],[-78.419566,41.47372399999999],[-78.420028,41.40504599999999],[-78.253959,41.40472099999998],[-78.254382,41.323583999999954],[-78.234675,41.32341300000001],[-78.234602,41.29879600000002],[-78.236817,41.230474999999956],[-78.484712,41.24393999999997],[-78.485207,41.147974999999974],[-78.569508,41.148551000000026],[-78.56937,41.13723499999998],[-78.579215,41.13703899999997],[-78.580049,41.107885],[-78.583488,41.05276799999996],[-78.49599,41.05275600000006],[-78.496181,41.04571300000001],[-78.497352,41.045675],[-78.49749,41.04422000000001],[-78.497482,41.033393999999994],[-78.500181,41.033291000000006],[-78.499905,41.025717000000014],[-78.495193,41.02245599999996],[-78.489799,41.02171900000002],[-78.48969,40.98461500000004],[-78.494047,40.98425499999996],[-78.495575,40.981987000000025],[-78.494066,40.978369999999934],[-78.490448,40.97386199999993],[-78.488678,40.96935799999995],[-78.49045,40.96576999999998],[-78.491618,40.95160599999999],[-78.501148,40.947169],[-78.503241,40.947596000000054],[-78.483221,40.92369200000003],[-78.484843,40.91927900000004],[-78.484213,40.91577899999997],[-78.48503100000002,40.91498199999997],[-78.486802,40.91499400000002],[-78.488865,40.917747000000006],[-78.49304000000001,40.918039000000036],[-78.501489,40.91749899999997],[-78.502017,40.91665399999996],[-78.504273,40.91624300000001],[-78.504169,40.915052],[-78.50568600000001,40.914809999999996],[-78.505464,40.912743999999975],[-78.506994,40.911867999999984],[-78.507514,40.91002200000001],[-78.510429,40.90951199999996],[-78.51159,40.90738199999999],[-78.512535,40.907671999999984],[-78.512636,40.906686000000015],[-78.513489,40.906948999999976],[-78.514271,40.90420299999999],[-78.516066,40.90260900000001],[-78.515976,40.90194499999997],[-78.514194,40.90157999999998],[-78.511894,40.899840999999995],[-78.512586,40.89823399999996],[-78.515235,40.89670899999999],[-78.522602,40.89731700000004],[-78.526347,40.895018999999984],[-78.531792,40.89410399999996],[-78.53958,40.89566600000001],[-78.540173,40.89402600000001],[-78.542224,40.89358699999999],[-78.547092,40.89373000000002],[-78.547243,40.89432899999996],[-78.550526,40.895285000000015],[-78.556579,40.89632199999996],[-78.55687,40.89338799999999],[-78.564155,40.88842000000006],[-78.552242,40.87771500000001],[-78.552682,40.877285999999955],[-78.551301,40.876014000000005],[-78.559675,40.870638999999976],[-78.563744,40.872486000000045],[-78.568966,40.87272299999999],[-78.572221,40.871637999999976],[-78.573477,40.872959000000016],[-78.579556,40.869158000000006],[-78.58044,40.86999299999997],[-78.58654,40.865868000000006],[-78.592267,40.870658],[-78.615788,40.85560400000004],[-78.609503,40.850067999999986],[-78.617494,40.844933000000005],[-78.623842,40.850138000000015],[-78.634713,40.84262900000003],[-78.622118,40.83087899999995],[-78.646325,40.815001999999986],[-78.660728,40.82580900000002],[-78.664975,40.822731000000005],[-78.675346,40.83106099999998],[-78.675299,40.82776099999995],[-78.687864,40.82792800000002],[-78.687929,40.828972],[-78.68886400000001,40.829076],[-78.689242,40.82800900000004],[-78.691162,40.829140000000024],[-78.694449,40.82916099999999],[-78.694398,40.82685599999996],[-78.695642,40.82684499999997],[-78.695632,40.82055700000003],[-78.689522,40.820565000000016],[-78.689995,40.81851799999996],[-78.68925200000001,40.81716900000001],[-78.68465700000002,40.81584699999999],[-78.682966,40.816903999999994],[-78.682151,40.81541699999998],[-78.680541,40.816151999999974],[-78.678483,40.814585000000015],[-78.67837600000001,40.81309399999999],[-78.688523,40.813208],[-78.688484,40.80777299999999],[-78.705716,40.807716000000006],[-78.705884,40.813279],[-78.71438500000001,40.813169],[-78.714452,40.81700999999999],[-78.715843,40.816995999999996],[-78.715917,40.83359100000001],[-78.705674,40.83361199999998],[-78.705583,40.83907300000003],[-78.695648,40.839142999999986],[-78.695654,40.84452199999997],[-78.705449,40.84462899999997],[-78.705455,40.84376499999995],[-78.730891,40.84391599999995],[-78.736085,40.84492400000002],[-78.74106,40.84492100000002],[-78.741112,40.84611300000001],[-78.784648,40.845846],[-78.78434600000001,40.84428899999998],[-78.777543,40.84005899999999],[-78.77854400000001,40.839147],[-78.806363,40.845035000000024],[-78.804047,40.95181400000003],[-78.804532,41.132186000000004],[-78.766377,41.202759000000036],[-78.710248,41.20185899999994],[-78.710059,41.230243000000016],[-78.738214,41.23067200000002],[-78.73910100000002,41.25376800000002],[-78.73528,41.262915],[-78.95925700000001,41.36216099999996],[-78.95946000000002,41.37148700000001],[-78.962427,41.369959999999956],[-78.965216,41.37007599999996],[-78.969807,41.37589600000001],[-78.971904,41.376564999999964],[-78.974126,41.37574000000001],[-78.977879,41.372047],[-78.978961,41.36969400000001],[-78.982161,41.36743099999997],[-78.984607,41.36691300000001],[-78.987084,41.36823399999995],[-78.99312700000002,41.368512],[-78.998505,41.36454000000002],[-79.002854,41.35930700000001],[-79.009048,41.35937099999997],[-79.01299,41.358225000000004],[-79.014518,41.357217],[-79.016354,41.35099899999998],[-79.017425,41.35009199999999],[-79.02188,41.351219999999984],[-79.021984,41.35241600000001],[-79.028572,41.357523000000015],[-79.036952,41.35759700000002],[-79.046106,41.353860000000026],[-79.048492,41.352053999999995],[-79.06333,41.350107],[-79.067409,41.35077099999999],[-79.072122,41.353437000000014],[-79.076027,41.35434499999996],[-79.082103,41.35198199999998],[-79.088977,41.34350600000002],[-79.09186,41.34073800000003],[-79.093556,41.34031500000003],[-79.09509600000001,41.340658000000005],[-79.095183,41.37205900000002]]]}},{"type":"Feature","properties":{"district":"78","population":62048,"landAreaSqMi":1449.5,"topMunicipalities":[{"name":"Bedford","classCode":"second_class_township","populationShare":0.08201714801444045},{"name":"West Providence","classCode":"second_class_township","populationShare":0.0494133574007221},{"name":"East St. Clair","classCode":"second_class_township","populationShare":0.046770242392986036},{"name":"Bedford","classCode":"borough","populationShare":0.045948298091799906},{"name":"South Woodbury","classCode":"second_class_township","populationShare":0.03468282619907166}],"topCounties":[{"name":"Bedford","geoid":"42009","populationShare":0.7655847086126868},{"name":"Fulton","geoid":"42057","populationShare":0.23441529138731307}],"classShares":{"borough":0.1520435791645178,"second_class_township":0.8479564208354821},"medianIncome":62202,"medianHomeValue":180146,"rentBurdenedPct":35.7,"ownerBurdenedPct":17.1,"permitsPer1kPerYear":1.5,"permits5yrTotal":464,"popChange2020to2024Pct":-0.1,"parentSenateDistricts":[{"district":"32","overlapShareOfHD":0.6988640588432495,"areaShareOfSD":0.3507813102486625},{"district":"30","overlapShareOfHD":0.3011359411567465,"areaShareOfSD":0.1645696209903995}]},"geometry":{"type":"Polygon","coordinates":[[[-78.808387,39.72291100000002],[-78.802726,39.733223],[-78.796851,39.74115299999997],[-78.771541,39.78918400000001],[-78.769241,39.79138400000002],[-78.767041,39.79538399999999],[-78.757241,39.823484],[-78.76116500000002,40.00093799999996],[-78.761617,40.014490999999985],[-78.763037,40.01472100000001],[-78.76320600000001,40.057005000000046],[-78.752016,40.07491699999998],[-78.739847,40.069570999999996],[-78.676956,40.21120699999999],[-78.66141000000002,40.231104000000016],[-78.658305,40.243235],[-78.643816,40.25913999999998],[-78.651743,40.281524000000026],[-78.642707,40.28307100000001],[-78.636404,40.30550600000003],[-78.62522100000001,40.314301999999955],[-78.618889,40.32647100000002],[-78.529696,40.29287000000002],[-78.5057,40.287308000000046],[-78.457272,40.250659999999975],[-78.447895,40.244394999999955],[-78.442794,40.259608000000014],[-78.442002,40.27894600000004],[-78.436161,40.29426399999999],[-78.434288,40.30230100000001],[-78.3931,40.28420200000003],[-78.323922,40.25730999999997],[-78.30671,40.24813900000006],[-78.288764,40.24210699999999],[-78.284954,40.25294000000001],[-78.27406,40.26670399999998],[-78.272024,40.27152600000003],[-78.270803,40.27228299999998],[-78.270963,40.27361400000002],[-78.26590700000001,40.281333],[-78.259854,40.294581],[-78.25730500000002,40.29788299999998],[-78.236302,40.224559000000006],[-78.134863,40.16513100000002],[-78.078491,40.13326999999999],[-78.029525,40.12274100000001],[-77.925905,40.10191100000002],[-77.92556,40.10397700000002],[-77.864489,40.061568],[-77.867991,40.06022500000001],[-77.873773,40.05584100000003],[-77.876655,40.054661],[-77.883793,40.048307999999984],[-77.893592,40.033091999999975],[-77.9001,40.02793800000003],[-77.904105,40.023571000000004],[-77.905632,40.018725999999965],[-77.914329,40.01030300000004],[-77.919502,40.00341700000003],[-77.921236,39.998285],[-77.919792,39.99265200000001],[-77.921508,39.988246000000004],[-77.92486500000001,39.98432899999999],[-77.926589,39.97919000000004],[-77.929985,39.97497899999999],[-77.929985,39.97378899999999],[-77.932411,39.97239300000002],[-77.93384500000002,39.96541499999999],[-77.935027,39.96239400000002],[-77.936553,39.961123999999984],[-77.937789,39.948943999999976],[-77.943092,39.94228700000003],[-77.947273,39.934940000000005],[-77.95317100000001,39.93163300000003],[-77.95551100000002,39.928861],[-77.956168,39.92609099999999],[-77.954247,39.922778],[-77.956479,39.914906],[-77.958814,39.91192899999998],[-77.961661,39.90346300000004],[-77.964675,39.89988700000001],[-77.965257,39.89427200000004],[-77.967018,39.892967],[-77.969009,39.888789999999965],[-77.975135,39.871787999999995],[-77.976493,39.87046000000004],[-77.982612,39.857852000000015],[-77.99277500000001,39.84372699999998],[-77.995437,39.83801600000002],[-78.0,39.83188199999998],[-78.0027,39.826599],[-78.017898,39.80829999999999],[-78.028503,39.799899999999994],[-78.036499,39.79199899999997],[-78.0372,39.78999999999997],[-78.0531,39.77030099999998],[-78.063003,39.75979900000003],[-78.069297,39.74829800000003],[-78.099403,39.72209900000002],[-78.315139,39.72287700000003],[-78.345942,39.722003000000015],[-78.386177,39.722718],[-78.53759700000002,39.72247199999997],[-78.808387,39.72291100000002]]]}},{"type":"Feature","properties":{"district":"80","population":61417,"landAreaSqMi":499.9,"topMunicipalities":[{"name":"Frankstown","classCode":"second_class_township","populationShare":0.12065063418923107},{"name":"Antis","classCode":"second_class_township","populationShare":0.10469414005894134},{"name":"Hollidaysburg","classCode":"borough","populationShare":0.09087060585831289},{"name":"Tyrone","classCode":"borough","populationShare":0.08826546395949007},{"name":"Blair","classCode":"second_class_township","populationShare":0.07707963593141967}],"topCounties":[{"name":"Blair","geoid":"42013","populationShare":0.9659052053991566},{"name":"Huntingdon","geoid":"42061","populationShare":0.034094794600843456}],"classShares":{"borough":0.3137404953026035,"second_class_township":0.6862595046973965},"medianIncome":70435,"medianHomeValue":185847,"rentBurdenedPct":37.7,"ownerBurdenedPct":14.3,"permitsPer1kPerYear":1.3,"permits5yrTotal":395,"popChange2020to2024Pct":-1.7,"parentSenateDistricts":[{"district":"30","overlapShareOfHD":1.0000000000000002,"areaShareOfSD":0.1881728786735172}]},"geometry":{"type":"Polygon","coordinates":[[[-78.618638,40.32678700000004],[-78.61594100000002,40.33013099999993],[-78.608878,40.34348999999998],[-78.602236,40.35362899999998],[-78.561466,40.36967],[-78.552889,40.434783000000024],[-78.557721,40.441563000000016],[-78.551183,40.45665399999999],[-78.543651,40.453419999999966],[-78.538346,40.45223199999999],[-78.52734,40.446518],[-78.525071,40.44385600000002],[-78.464284,40.41545200000003],[-78.455676,40.405761999999996],[-78.434217,40.42048399999997],[-78.439026,40.42043499999999],[-78.439376,40.42529700000002],[-78.44143300000002,40.42469000000003],[-78.441448,40.42570999999999],[-78.439039,40.425684000000004],[-78.43978300000002,40.42725300000003],[-78.441208,40.42736300000001],[-78.44062,40.42837399999998],[-78.437424,40.42616199999997],[-78.437779,40.427257999999966],[-78.436615,40.427755999999995],[-78.436132,40.42687199999998],[-78.434548,40.427684000000006],[-78.433985,40.43115200000002],[-78.432936,40.42833300000002],[-78.43242100000002,40.429321000000016],[-78.429804,40.430242999999976],[-78.429206,40.42965299999996],[-78.422112,40.433735],[-78.420429,40.43368599999998],[-78.42042,40.432279],[-78.421694,40.43224200000003],[-78.420841,40.429054000000015],[-78.409123,40.437610999999976],[-78.402223,40.440571],[-78.402128,40.444460999999976],[-78.39912,40.444557999999994],[-78.397015,40.445652000000045],[-78.389302,40.45611000000002],[-78.354435,40.48557100000001],[-78.356943,40.48656899999996],[-78.359187,40.48924300000003],[-78.359294,40.493562],[-78.357496,40.499121000000024],[-78.351528,40.508121999999965],[-78.336095,40.521664999999985],[-78.325058,40.52523000000001],[-78.320119,40.528275000000015],[-78.314273,40.53308400000002],[-78.309823,40.53857200000003],[-78.30562300000001,40.55293299999998],[-78.349409,40.55212800000002],[-78.447783,40.59165899999994],[-78.441208,40.59723900000001],[-78.446323,40.62416400000005],[-78.441013,40.63159800000002],[-78.440167,40.63876099999999],[-78.442091,40.64135700000002],[-78.438762,40.645724999999985],[-78.432457,40.647756000000044],[-78.428465,40.64673999999997],[-78.42367300000001,40.647535999999945],[-78.421471,40.64661499999996],[-78.41927,40.64676099999996],[-78.416558,40.645174999999995],[-78.408504,40.644333000000024],[-78.348389,40.72343000000002],[-78.360619,40.733181000000016],[-78.340008,40.73353499999999],[-78.131834,40.74301700000005],[-78.115856,40.73928300000001],[-77.94412200000001,40.69162200000002],[-77.96386,40.68451100000001],[-77.982402,40.67896799999997],[-77.99992400000001,40.674671000000004],[-78.015527,40.668094999999994],[-78.040934,40.658839999999984],[-78.051348,40.654140999999974],[-78.070125,40.64275900000001],[-78.097485,40.62191500000001],[-78.133627,40.642318000000046],[-78.159933,40.64412199999998],[-78.175949,40.628083],[-78.17305,40.62803],[-78.169732,40.621024999999996],[-78.166371,40.61794799999994],[-78.169732,40.61342500000002],[-78.171675,40.61225699999998],[-78.184212,40.595294999999986],[-78.182891,40.595321000000034],[-78.179295,40.592725000000016],[-78.177886,40.58789500000001],[-78.17828,40.583785999999996],[-78.19708300000002,40.55844399999999],[-78.189145,40.551243000000014],[-78.186565,40.54770399999997],[-78.186963,40.54619299999995],[-78.185595,40.54370300000002],[-78.183032,40.54262600000004],[-78.180314,40.53868],[-78.17858,40.53803800000001],[-78.178501,40.536336999999975],[-78.176818,40.534470999999975],[-78.173891,40.53497600000005],[-78.171747,40.534415],[-78.166247,40.53140099999996],[-78.162981,40.53664199999997],[-78.158314,40.537649999999964],[-78.155037,40.540635999999985],[-78.151479,40.54071099999998],[-78.149706,40.54158500000003],[-78.149016,40.54315900000004],[-78.149884,40.54604500000004],[-78.146473,40.54744900000004],[-78.14539600000002,40.548640000000034],[-78.145135,40.55387400000001],[-78.140493,40.557647000000024],[-78.135701,40.56965099999998],[-78.132991,40.57039000000002],[-78.128638,40.56795300000001],[-78.132422,40.56449000000002],[-78.132745,40.561615999999994],[-78.139364,40.550595000000044],[-78.140692,40.54442300000001],[-78.147328,40.53325099999996],[-78.14924000000002,40.52530699999997],[-78.150476,40.51030199999998],[-78.152235,40.505280000000006],[-78.1539,40.49216499999997],[-78.153373,40.48855799999998],[-78.150883,40.48683399999999],[-78.148898,40.48762900000005],[-78.135633,40.49821399999996],[-78.133911,40.498321000000004],[-78.131741,40.49682200000002],[-78.130012,40.49294499999996],[-78.130081,40.48199],[-78.141639,40.46034000000003],[-78.15688100000001,40.43638200000003],[-78.177947,40.40864299999994],[-78.186282,40.39987699999996],[-78.197093,40.383094999999955],[-78.203993,40.37507499999994],[-78.209045,40.367077999999964],[-78.212035,40.35946600000001],[-78.214216,40.35627700000003],[-78.230924,40.339842],[-78.24638500000002,40.31799399999998],[-78.250091,40.312290999999995],[-78.25694,40.29813099999996],[-78.259854,40.294581],[-78.26590700000001,40.281333],[-78.270963,40.27361400000002],[-78.270803,40.27228299999998],[-78.272024,40.27152600000003],[-78.27406,40.26670399999998],[-78.284954,40.25294000000001],[-78.288764,40.24210699999999],[-78.30671,40.24813900000006],[-78.323922,40.25730999999997],[-78.3931,40.28420200000003],[-78.434288,40.30230100000001],[-78.436161,40.29426399999999],[-78.442002,40.27894600000004],[-78.442794,40.259608000000014],[-78.447895,40.244394999999955],[-78.457272,40.250659999999975],[-78.5057,40.287308000000046],[-78.529696,40.29287000000002],[-78.573071,40.308858000000015],[-78.618638,40.32678700000004]]]}},{"type":"Feature","properties":{"district":"82","population":66051,"landAreaSqMi":459.0,"topMunicipalities":[{"name":"State College","classCode":"borough","populationShare":0.41601848531732016},{"name":"College","classCode":"second_class_township","populationShare":0.16407691584007478},{"name":"Benner","classCode":"second_class_township","populationShare":0.13244230627540277},{"name":"Harris","classCode":"second_class_township","populationShare":0.08850223600425122},{"name":"Boggs","classCode":"second_class_township","populationShare":0.040862953636670474}],"topCounties":[{"name":"Centre","geoid":"42027","populationShare":1.0}],"classShares":{"borough":0.45806149909496,"second_class_township":0.54193850090504},"medianIncome":83320,"medianHomeValue":353158,"rentBurdenedPct":52.5,"ownerBurdenedPct":19.4,"permitsPer1kPerYear":3.6,"permits5yrTotal":1179,"popChange2020to2024Pct":1.2,"parentSenateDistricts":[{"district":"25","overlapShareOfHD":0.9999999999999996,"areaShareOfSD":0.08516721236313711}]},"geometry":{"type":"Polygon","coordinates":[[[-78.112194,41.113820999999994],[-78.108702,41.11764500000003],[-78.103273,41.121201999999975],[-78.100345,41.12178300000002],[-78.09540000000001,41.12036999999998],[-78.093165,41.11598899999995],[-78.091412,41.11553999999998],[-78.089202,41.11603800000006],[-78.086883,41.118261000000004],[-78.08593,41.12445900000002],[-78.082989,41.12630500000001],[-78.077672,41.12516699999998],[-78.073732,41.12205499999998],[-78.070417,41.12187799999996],[-78.068659,41.124308000000006],[-78.070432,41.128980999999996],[-78.06974500000001,41.131273],[-78.066996,41.13242599999997],[-78.05884400000001,41.13090900000004],[-78.056026,41.13199499999999],[-78.054836,41.134176999999966],[-78.054206,41.14266499999999],[-78.052733,41.14531699999997],[-78.04344,41.146508],[-78.039738,41.152579],[-78.03748300000001,41.15385700000004],[-78.034125,41.153611999999995],[-78.028594,41.15032499999999],[-78.024602,41.150784999999985],[-78.020159,41.152733999999946],[-78.015729,41.15289999999999],[-78.01447600000002,41.151996],[-78.012021,41.14507099999999],[-78.010732,41.14385399999995],[-78.007927,41.143332000000015],[-78.004688,41.14412300000006],[-78.0006,41.14886200000006],[-78.001796,41.15813299999998],[-78.000753,41.16165999999996],[-77.997908,41.16336899999998],[-77.98939,41.161879000000006],[-77.986711,41.16379900000002],[-77.983694,41.170713999999975],[-77.973012,41.173021],[-77.970778,41.17469700000003],[-77.973715,41.19239399999998],[-77.973078,41.20418799999997],[-77.971751,41.205939000000015],[-77.96565,41.209584],[-77.962032,41.215289],[-77.959438,41.217497000000016],[-77.955615,41.217427000000065],[-77.950606,41.213791],[-77.943601,41.21029199999999],[-77.940833,41.209436000000004],[-77.93709,41.21033599999998],[-77.93535,41.213438000000004],[-77.939188,41.22108199999999],[-77.937909,41.22484099999999],[-77.93450000000001,41.22638300000005],[-77.924661,41.22623800000002],[-77.92180100000002,41.22745599999997],[-77.912618,41.24197699999997],[-77.903614,41.24772099999996],[-77.898262,41.25266499999996],[-77.897667,41.17691799999995],[-77.790009,41.177142],[-77.789563,41.142127],[-77.777996,41.14661199999996],[-77.746675,41.106261000000025],[-77.743433,41.10769899999998],[-77.738071,41.10758400000003],[-77.733532,41.11019099999995],[-77.728725,41.11146700000003],[-77.725608,41.110142],[-77.724784,41.107392999999995],[-77.72049,41.105536000000036],[-77.716364,41.10508300000004],[-77.713691,41.10628800000001],[-77.711683,41.11113699999998],[-77.709323,41.11147499999996],[-77.706619,41.113887000000005],[-77.69549,41.10760000000002],[-77.691,41.10626699999999],[-77.687073,41.10727999999998],[-77.686219,41.108395000000016],[-77.683751,41.109306000000004],[-77.680354,41.108886000000005],[-77.675589,41.105976],[-77.672047,41.10523599999999],[-77.66592,41.10877800000001],[-77.66331,41.108844999999995],[-77.660812,41.10675799999999],[-77.660191,41.102844999999974],[-77.65897,41.10095499999995],[-77.650067,41.09755299999999],[-77.647666,41.09807999999998],[-77.641218,41.09668500000001],[-77.639515,41.09692200000001],[-77.635548,41.09501199999996],[-77.63257700000001,41.09534499999999],[-77.630995,41.094065000000015],[-77.62983800000002,41.09459899999998],[-77.629461,41.09310699999997],[-77.621759,41.091185000000024],[-77.620948,41.08908700000002],[-77.613603,41.086527],[-77.608863,41.08334200000002],[-77.606958,41.083166000000034],[-77.598765,41.07977899999997],[-77.595262,41.077710999999994],[-77.591916,41.07443899999998],[-77.591293,41.070722999999994],[-77.588831,41.071729],[-77.583821,41.07009699999998],[-77.581893,41.06715599999997],[-77.57356500000002,41.06868199999999],[-77.570696,41.06628499999999],[-77.567699,41.065482000000046],[-77.561736,41.057642],[-77.580194,41.04726999999999],[-77.559094,41.021818000000025],[-77.5623,41.02032099999998],[-77.568663,41.01389699999997],[-77.569655,41.011173000000014],[-77.571326,41.00980700000001],[-77.57395,41.00823899999995],[-77.57729300000001,41.007697999999934],[-77.583946,41.00216600000004],[-77.59371200000001,40.995929],[-77.603297,40.99247899999998],[-77.608204,40.984752999999984],[-77.614748,40.97882699999996],[-77.617692,40.97638600000003],[-77.621296,40.974972999999984],[-77.624666,40.97178500000001],[-77.63019000000001,40.96886300000001],[-77.633445,40.966036999999965],[-77.63679,40.96467800000001],[-77.63757500000001,40.96321299999996],[-77.641114,40.962467999999944],[-77.662562,40.952589],[-77.670879,40.950159000000035],[-77.710547,40.92895400000002],[-77.73019,40.94982799999998],[-77.74623,40.941652000000005],[-77.749616,40.94231400000001],[-77.763655,40.93585899999999],[-77.796782,40.92592500000001],[-77.805301,40.92117600000004],[-77.812716,40.91899500000003],[-77.759613,40.87336299999997],[-77.755608,40.86813100000002],[-77.75776,40.86708000000001],[-77.756884,40.864581000000044],[-77.753929,40.865956999999966],[-77.729115,40.83380699999997],[-77.751413,40.82324799999998],[-77.732936,40.79552400000001],[-77.731622,40.79476299999999],[-77.732178,40.79439599999996],[-77.725749,40.78475700000002],[-77.71906,40.771021000000026],[-77.710632,40.74932800000003],[-77.70814,40.74858900000008],[-77.708743,40.74446],[-77.704648,40.741418999999986],[-77.703468,40.738978000000046],[-77.703157,40.73006799999995],[-77.69895500000001,40.720704000000005],[-77.710548,40.71456399999998],[-77.718677,40.72737200000004],[-77.768549,40.71946599999999],[-77.824903,40.74353400000002],[-77.831415,40.74112200000002],[-77.855235,40.77183399999995],[-77.853828,40.77298299999997],[-77.853163,40.772379],[-77.851887,40.77316700000003],[-77.854965,40.77605399999996],[-77.851268,40.77824199999999],[-77.855053,40.78239699999995],[-77.859324,40.78257099999996],[-77.860335,40.78447699999999],[-77.85846100000002,40.785122999999956],[-77.857457,40.786385],[-77.858227,40.786700000000046],[-77.854105,40.79004900000001],[-77.857362,40.791734000000034],[-77.854495,40.79619100000001],[-77.856942,40.797968000000004],[-77.865201,40.791737999999974],[-77.872496,40.79679400000004],[-77.877953,40.789784000000026],[-77.882921,40.79413199999999],[-77.882877,40.796777999999996],[-77.885701,40.79731700000002],[-77.885246,40.79871200000001],[-77.88630100000002,40.79922999999999],[-77.881944,40.801199999999994],[-77.882004,40.79949800000001],[-77.876865,40.80183300000004],[-77.87607,40.804554999999986],[-77.875329,40.804351],[-77.874231,40.80578999999999],[-77.882286,40.81504400000001],[-77.881959,40.81567100000001],[-77.882975,40.815833999999995],[-77.8719,40.823631999999975],[-77.87226,40.824099000000004],[-77.870647,40.825323000000004],[-77.86978,40.82513800000004],[-77.851722,40.83809899999998],[-77.897714,40.87528699999999],[-77.928986,40.89507399999997],[-77.961626,40.90007700000001],[-77.975454,40.915812000000045],[-77.96408900000002,40.923599],[-77.985906,40.940322000000016],[-78.060411,41.00418299999998],[-78.056673,41.00403099999998],[-78.05558,41.00553700000005],[-78.055956,41.008273000000045],[-78.060347,41.01241000000004],[-78.062002,41.01327099999999],[-78.06741200000002,41.01277100000004],[-78.069383,41.01349500000003],[-78.0697,41.01616499999998],[-78.067889,41.019484],[-78.069475,41.02035899999999],[-78.072127,41.02033599999995],[-78.075599,41.02218499999995],[-78.074304,41.02385600000001],[-78.070747,41.02459699999999],[-78.071255,41.02658199999996],[-78.073308,41.02704999999996],[-78.077308,41.02660100000001],[-78.080312,41.03065500000006],[-78.078302,41.03406399999999],[-78.07468900000002,41.034296999999945],[-78.06984800000001,41.032585000000005],[-78.06613,41.035593],[-78.06074,41.03606899999997],[-78.057434,41.037205000000036],[-78.057258,41.039350999999996],[-78.062621,41.043360000000014],[-78.06408,41.04591299999999],[-78.059697,41.050389],[-78.0596,41.05177299999997],[-78.062363,41.05322999999999],[-78.068203,41.04995899999998],[-78.071396,41.04991799999997],[-78.072849,41.05192200000006],[-78.073367,41.057409],[-78.076091,41.05986399999999],[-78.085629,41.05726999999997],[-78.08895,41.05725300000003],[-78.09036,41.058171],[-78.090545,41.05990399999998],[-78.088795,41.06342700000003],[-78.085098,41.068113999999966],[-78.092192,41.070413999999985],[-78.095092,41.07063700000007],[-78.097184,41.07234899999999],[-78.093733,41.075832999999975],[-78.092671,41.07956200000001],[-78.10053100000002,41.09011399999999],[-78.107614,41.10551000000001],[-78.111695,41.11106099999997],[-78.112194,41.113820999999994]]]}},{"type":"Feature","properties":{"district":"85","population":65684,"landAreaSqMi":491.5,"topMunicipalities":[{"name":"East Buffalo","classCode":"second_class_township","populationShare":0.1129651056573899},{"name":"Derry","classCode":"second_class_township","populationShare":0.11014859021984037},{"name":"Selinsgrove","classCode":"borough","populationShare":0.0860940259423908},{"name":"Monroe","classCode":"second_class_township","populationShare":0.06310517020887896},{"name":"Penn","classCode":"second_class_township","populationShare":0.0620546860727118}],"topCounties":[{"name":"Snyder","geoid":"42109","populationShare":0.6045764569758237},{"name":"Mifflin","geoid":"42087","populationShare":0.18162718470251493},{"name":"Union","geoid":"42119","populationShare":0.13625844954631258},{"name":"Juniata","geoid":"42067","populationShare":0.0775379087753487}],"classShares":{"borough":0.20093173375555684,"second_class_township":0.7990682662444432},"medianIncome":78227,"medianHomeValue":225308,"rentBurdenedPct":37.0,"ownerBurdenedPct":16.2,"permitsPer1kPerYear":1.4,"permits5yrTotal":447,"popChange2020to2024Pct":-0.3,"parentSenateDistricts":[{"district":"27","overlapShareOfHD":0.670225853442479,"areaShareOfSD":0.1952954450314647},{"district":"30","overlapShareOfHD":0.27627493963014044,"areaShareOfSD":0.05134375930694701},{"district":"23","overlapShareOfHD":0.0534992069273795,"areaShareOfSD":0.006137135329789848}]},"geometry":{"type":"Polygon","coordinates":[[[-77.616434,40.63774499999998],[-77.601025,40.646943000000014],[-77.594647,40.64976100000001],[-77.587215,40.65177900000001],[-77.581616,40.655584000000026],[-77.576849,40.66004399999998],[-77.549578,40.67400900000003],[-77.52599100000002,40.68472300000001],[-77.49348,40.698143],[-77.488559,40.701623000000005],[-77.467851,40.71079000000006],[-77.425801,40.727000000000004],[-77.42171000000002,40.729696],[-77.355327,40.759414000000035],[-77.356628,40.80733400000001],[-77.321639,40.81710199999998],[-77.129574,40.85379399999998],[-77.074058,40.86833300000005],[-77.052027,40.869386999999975],[-77.048437,40.86658399999996],[-77.044755,40.86584800000001],[-77.042657,40.86342900000005],[-77.038472,40.86288000000004],[-77.036801,40.86477200000001],[-77.031864,40.86411399999999],[-77.024901,40.85748899999997],[-77.019873,40.85792899999999],[-77.015473,40.860924],[-77.014989,40.863692],[-77.012426,40.86627500000001],[-77.011309,40.86876799999997],[-77.004828,40.87212900000002],[-77.000016,40.872571999999984],[-76.996578,40.872036],[-76.995357,40.87272000000006],[-76.995077,40.874454999999976],[-76.99366,40.875139],[-76.973163,40.877131999999996],[-76.970916,40.87854700000002],[-76.970009,40.880928000000026],[-76.956209,40.884019999999985],[-76.95636500000002,40.90071400000001],[-76.952565,40.923135],[-76.953183,40.93464299999999],[-76.956217,40.94092000000003],[-76.95471400000001,40.94582299999998],[-76.955322,40.95361300000002],[-76.90589600000001,40.964006999999995],[-76.905669,40.96242800000002],[-76.894369,40.963303999999944],[-76.894573,40.966079],[-76.89345,40.96611499999999],[-76.892575,40.965239],[-76.891715,40.95788200000001],[-76.889982,40.95479700000002],[-76.88593,40.95857399999999],[-76.880949,40.955655000000014],[-76.878741,40.95629299999996],[-76.878001,40.95446200000004],[-76.8773,40.95457900000002],[-76.873964,40.946752000000046],[-76.8685,40.940171000000014],[-76.85992500000002,40.923978],[-76.851456,40.912834],[-76.823965,40.89031399999997],[-76.806497,40.88600300000003],[-76.800165,40.881921000000006],[-76.798714,40.878366],[-76.800436,40.87317500000002],[-76.810251,40.85456499999997],[-76.812812,40.84710599999999],[-76.817522,40.84378199999998],[-76.828525,40.83212000000001],[-76.838795,40.823327000000006],[-76.849786,40.809089],[-76.848912,40.80598900000001],[-76.852163,40.800838999999996],[-76.85595,40.79162700000001],[-76.859252,40.77704299999998],[-76.856711,40.76399899999998],[-76.856282,40.754703000000006],[-76.857521,40.74961199999999],[-76.855407,40.73504300000002],[-76.855361,40.728558],[-76.856492,40.72263000000002],[-76.863396,40.70764999999998],[-76.870698,40.697297],[-76.874322,40.69290500000003],[-76.876764,40.691437],[-76.87955400000001,40.68744500000005],[-76.886742,40.68272900000002],[-76.896251,40.678673999999965],[-76.910189,40.669254999999986],[-76.916301,40.662992000000024],[-76.920733,40.65488499999998],[-76.927625,40.645706999999994],[-76.9342,40.640869999999964],[-76.939883,40.63814200000001],[-76.939465,40.64108399999999],[-76.940656,40.64617500000002],[-76.945221,40.65033299999997],[-76.958641,40.64710999999998],[-76.961112,40.645745999999946],[-76.96546100000002,40.64721199999996],[-76.967829,40.64475200000004],[-76.967495,40.641254999999994],[-76.97482300000001,40.642809000000014],[-76.975901,40.642243],[-76.976749,40.645435],[-76.983865,40.64374],[-76.986631,40.644024999999985],[-76.98804400000002,40.643590999999994],[-76.99728900000001,40.635710999999965],[-76.998943,40.63778900000006],[-77.003363,40.63887900000006],[-77.005878,40.642288999999984],[-77.005535,40.64443199999998],[-77.004045,40.645572000000016],[-77.008117,40.651275000000005],[-77.008862,40.65532799999999],[-77.007234,40.656033],[-77.007923,40.658676999999976],[-77.010445,40.66160900000002],[-77.012522,40.662122000000004],[-77.014065,40.662108000000025],[-77.01641100000002,40.65994500000003],[-77.018241,40.659494000000045],[-77.021644,40.66004299999998],[-77.022514,40.660885999999984],[-77.024944,40.65892399999998],[-77.026411,40.65586],[-77.02950100000001,40.655561999999996],[-77.031674,40.657092000000006],[-77.07195,40.652955999999996],[-77.085588,40.65036099999995],[-77.11679,40.642519],[-77.153395,40.63651899999999],[-77.166733,40.635899000000016],[-77.174658,40.63304100000003],[-77.180982,40.64708900000002],[-77.20787,40.635321],[-77.233496,40.627115999999944],[-77.273602,40.611082],[-77.291948,40.60486800000001],[-77.319615,40.592459000000005],[-77.36069,40.66999099999999],[-77.383796,40.661751],[-77.407185,40.65231700000001],[-77.418737,40.64650199999997],[-77.442505,40.63710300000002],[-77.480828,40.619533000000025],[-77.486415,40.61589900000003],[-77.490021,40.614791999999994],[-77.49776,40.60948399999997],[-77.497746,40.596799],[-77.516833,40.589285000000004],[-77.51953600000002,40.58654500000004],[-77.522463,40.585168999999986],[-77.533088,40.58228099999996],[-77.536812,40.578778],[-77.545154,40.57748099999999],[-77.550158,40.575391999999994],[-77.551572,40.57541399999996],[-77.555051,40.57721000000001],[-77.559136,40.58283299999999],[-77.552214,40.58769900000002],[-77.551771,40.589702000000045],[-77.56065500000001,40.59268099999996],[-77.559035,40.59453299999995],[-77.563071,40.597010000000026],[-77.561957,40.60155699999997],[-77.565066,40.605358000000024],[-77.559866,40.60786100000003],[-77.56078200000002,40.60869299999998],[-77.558949,40.610079999999975],[-77.562741,40.612371999999986],[-77.56953600000001,40.61327300000003],[-77.570515,40.609590000000026],[-77.577982,40.604299],[-77.57682,40.60277099999998],[-77.578742,40.601571999999976],[-77.616434,40.63774499999998]]]}},{"type":"Feature","properties":{"district":"87","population":72666,"landAreaSqMi":112.3,"topMunicipalities":[{"name":"Upper Allen","classCode":"first_class_township","populationShare":0.32222586430989114},{"name":"Silver Spring","classCode":"second_class_township","populationShare":0.27750094186670754},{"name":"South Middleton","classCode":"second_class_township","populationShare":0.1630264180066248},{"name":"Lower Allen","classCode":"first_class_township","populationShare":0.11676471551213853},{"name":"Monroe","classCode":"second_class_township","populationShare":0.08837644674773104}],"topCounties":[{"name":"Cumberland","geoid":"42041","populationShare":1.0}],"classShares":{"borough":0.032105613556906984,"first_class_township":0.4389905798220297,"second_class_township":0.5289038066210634},"medianIncome":106231,"medianHomeValue":313019,"rentBurdenedPct":33.4,"ownerBurdenedPct":18.5,"permitsPer1kPerYear":5.6,"permits5yrTotal":2018,"popChange2020to2024Pct":7.2,"parentSenateDistricts":[{"district":"34","overlapShareOfHD":0.8447736852351727,"areaShareOfSD":0.07182140343256944},{"district":"31","overlapShareOfHD":0.15522631476482782,"areaShareOfSD":0.05238361808735895}]},"geometry":{"type":"Polygon","coordinates":[[[-77.213411,40.122864],[-77.205595,40.12382999999998],[-77.195187,40.12303699999994],[-77.19521800000001,40.124882000000014],[-77.190973,40.12486699999997],[-77.19208,40.13054399999995],[-77.195441,40.136794],[-77.195797,40.14363199999998],[-77.169032,40.14750300000005],[-77.166652,40.14845799999997],[-77.163085,40.15189300000001],[-77.159517,40.15313200000002],[-77.160559,40.166614000000024],[-77.164226,40.17319699999999],[-77.166183,40.187254000000024],[-77.168075,40.19151400000005],[-77.162185,40.194602999999994],[-77.158585,40.19916000000002],[-77.111419,40.19497699999991],[-77.10429,40.19486400000001],[-77.106032,40.218872999999974],[-77.103289,40.22044999999996],[-77.102411,40.22248300000003],[-77.104907,40.23048600000002],[-77.108113,40.23271800000004],[-77.102856,40.24794799999996],[-77.098848,40.25337899999999],[-77.100902,40.262096000000014],[-77.095273,40.27365499999999],[-77.096055,40.27844899999998],[-77.09360300000002,40.281118999999975],[-77.083942,40.301220000000065],[-77.07466,40.30223600000001],[-77.063874,40.301966999999976],[-77.059659,40.303293000000025],[-77.041769,40.30440200000002],[-77.024519,40.303958000000016],[-77.014719,40.30472799999998],[-77.007743,40.25262599999997],[-77.005064,40.24720399999998],[-77.005166,40.243714000000004],[-77.006965,40.24320100000002],[-77.006833,40.24069500000001],[-77.004817,40.239701999999966],[-77.004838,40.23747199999997],[-77.006898,40.23651899999995],[-77.007497,40.23716300000002],[-77.006758,40.233351000000006],[-77.007934,40.22430999999998],[-77.011917,40.22389599999998],[-77.01374,40.22099699999999],[-77.013673,40.21917300000001],[-77.025954,40.215723999999994],[-77.025995,40.21366400000001],[-77.027236,40.21435599999996],[-77.027604,40.216974999999955],[-77.031229,40.21654099999995],[-77.032289,40.213190999999995],[-77.032245,40.210764],[-77.030743,40.20867899999998],[-77.022499,40.20912299999999],[-77.019328,40.20138000000003],[-76.997719,40.207540000000016],[-76.996424,40.205049],[-77.000087,40.20352399999999],[-76.996998,40.199967999999984],[-76.99054400000001,40.20274000000006],[-76.990209,40.201515],[-76.985664,40.199158],[-76.98491,40.19966199999999],[-76.986705,40.204344999999975],[-76.9863,40.20759800000001],[-76.987498,40.209886000000026],[-76.984435,40.211184999999986],[-76.98314300000001,40.20901599999997],[-76.976585,40.211832],[-76.965019,40.20453200000001],[-76.94069,40.218979999999995],[-76.940572,40.216455],[-76.934582,40.20623800000002],[-76.928145,40.20520999999999],[-76.926755,40.20289200000005],[-76.925795,40.202750999999985],[-76.92718100000002,40.199981000000015],[-76.931511,40.19938500000001],[-76.931272,40.19758999999997],[-76.928865,40.19673699999996],[-76.926749,40.19775800000001],[-76.924229,40.197306999999974],[-76.918353,40.19823900000002],[-76.915015,40.19607000000003],[-76.91330300000001,40.19318700000001],[-76.908384,40.19037],[-76.90927300000001,40.18890399999995],[-76.913464,40.188929000000016],[-76.911898,40.184880000000035],[-76.914181,40.18277299999998],[-76.915951,40.182765000000025],[-76.92027400000002,40.186474000000004],[-76.925791,40.188571000000046],[-76.927661,40.18754200000002],[-76.928458,40.18510699999998],[-76.92421,40.17780799999996],[-76.90765000000002,40.169372],[-76.90580300000002,40.167804999999994],[-76.905875,40.16572299999998],[-76.909095,40.166139999999984],[-76.91117200000001,40.164789999999996],[-76.91509000000002,40.164316000000035],[-76.919214,40.16280400000002],[-76.929107,40.16127399999995],[-76.933227,40.161872],[-76.939283,40.164264],[-76.942704,40.16413300000002],[-76.949917,40.16578400000001],[-76.954886,40.16536300000003],[-76.95943200000002,40.163833],[-76.964648,40.16486300000003],[-76.96771900000002,40.16257600000001],[-76.973108,40.162988999999996],[-76.978024,40.164776999999994],[-76.981784,40.16303],[-76.980675,40.16055600000002],[-76.977442,40.158935999999976],[-76.973027,40.15914999999999],[-76.97122600000002,40.157179000000035],[-76.974768,40.15322600000003],[-76.976912,40.152339999999946],[-76.979009,40.15202900000005],[-76.980968,40.15351599999999],[-76.986812,40.155127],[-76.991645,40.15527099999996],[-76.996716,40.15340300000004],[-76.999774,40.15289799999998],[-77.001111,40.15360500000001],[-77.003135,40.153307],[-77.009212,40.14891699999999],[-77.019675,40.148309000000005],[-77.021249,40.14770899999999],[-77.022749,40.14581400000001],[-77.025909,40.147388000000014],[-77.028784,40.14779700000001],[-77.031754,40.14652600000003],[-77.05987100000002,40.125326999999956],[-77.155585,40.056707999999965],[-77.16207100000001,40.05169700000003],[-77.177403,40.03743400000006],[-77.213411,40.122864]]]}},{"type":"Feature","properties":{"district":"92","population":74201,"landAreaSqMi":202.3,"topMunicipalities":[{"name":"Fairview","classCode":"second_class_township","populationShare":0.23638614445343112},{"name":"Newberry","classCode":"second_class_township","populationShare":0.21258580630606744},{"name":"Dover","classCode":"second_class_township","populationShare":0.17723066597024098},{"name":"Carroll","classCode":"second_class_township","populationShare":0.09389408599812181},{"name":"Franklin","classCode":"second_class_township","populationShare":0.06800481669965872}],"topCounties":[{"name":"York","geoid":"42133","populationShare":1.0}],"classShares":{"borough":0.07900202843705893,"second_class_township":0.920997971562941},"medianIncome":93930,"medianHomeValue":254429,"rentBurdenedPct":39.8,"ownerBurdenedPct":18.4,"permitsPer1kPerYear":3.5,"permits5yrTotal":1300,"popChange2020to2024Pct":4.1,"parentSenateDistricts":[{"district":"31","overlapShareOfHD":0.9999999999999958,"areaShareOfSD":0.6052132625564697}]},"geometry":{"type":"Polygon","coordinates":[[[-77.137273,40.07005399999999],[-77.05987100000002,40.125326999999956],[-77.030997,40.146901999999976],[-77.028784,40.14779700000001],[-77.025909,40.147388000000014],[-77.022749,40.14581400000001],[-77.021249,40.14770899999999],[-77.019675,40.148309000000005],[-77.009212,40.14891699999999],[-77.003135,40.153307],[-77.001111,40.15360500000001],[-76.999774,40.15289799999998],[-76.996716,40.15340300000004],[-76.991645,40.15527099999996],[-76.986812,40.155127],[-76.980968,40.15351599999999],[-76.979009,40.15202900000005],[-76.976912,40.152339999999946],[-76.974768,40.15322600000003],[-76.97122600000002,40.157179000000035],[-76.973027,40.15914999999999],[-76.977442,40.158935999999976],[-76.980675,40.16055600000002],[-76.981784,40.16303],[-76.978024,40.164776999999994],[-76.973108,40.162988999999996],[-76.96771900000002,40.16257600000001],[-76.964648,40.16486300000003],[-76.95943200000002,40.163833],[-76.954886,40.16536300000003],[-76.949917,40.16578400000001],[-76.942704,40.16413300000002],[-76.939283,40.164264],[-76.933227,40.161872],[-76.929107,40.16127399999995],[-76.919214,40.16280400000002],[-76.91509000000002,40.164316000000035],[-76.91117200000001,40.164789999999996],[-76.909095,40.166139999999984],[-76.905875,40.16572299999998],[-76.90580300000002,40.167804999999994],[-76.90765000000002,40.169372],[-76.92421,40.17780799999996],[-76.928458,40.18510699999998],[-76.927661,40.18754200000002],[-76.925791,40.188571000000046],[-76.92027400000002,40.186474000000004],[-76.915951,40.182765000000025],[-76.914181,40.18277299999998],[-76.911898,40.184880000000035],[-76.913464,40.188929000000016],[-76.90927300000001,40.18890399999995],[-76.908354,40.18966599999998],[-76.908555,40.190729000000005],[-76.91330300000001,40.19318700000001],[-76.915015,40.19607000000003],[-76.918353,40.19823900000002],[-76.924229,40.197306999999974],[-76.926749,40.19775800000001],[-76.928865,40.19673699999996],[-76.931272,40.19758999999997],[-76.931717,40.19874400000002],[-76.931511,40.19938500000001],[-76.926875,40.200164],[-76.925728,40.20298900000002],[-76.923579,40.203758000000015],[-76.923962,40.205485000000024],[-76.922214,40.20833999999998],[-76.918373,40.21029699999997],[-76.916622,40.21013500000002],[-76.91487,40.20871699999999],[-76.915423,40.207237000000035],[-76.914699,40.20576299999998],[-76.913053,40.20464800000001],[-76.911321,40.20481900000003],[-76.910063,40.20831299999999],[-76.906468,40.209600000000016],[-76.90615200000002,40.21160400000001],[-76.907465,40.214729999999996],[-76.905952,40.21710899999999],[-76.90451,40.21728700000001],[-76.903693,40.21659100000001],[-76.901808,40.21207999999998],[-76.899978,40.212188000000005],[-76.898676,40.214632000000016],[-76.89964000000002,40.21740599999997],[-76.903321,40.22110400000003],[-76.904313,40.22351400000001],[-76.902886,40.224602999999995],[-76.901149,40.22430299999999],[-76.900493,40.22342000000002],[-76.896961,40.22466600000002],[-76.893123,40.21928300000001],[-76.891586,40.21558999999997],[-76.889704,40.213874000000004],[-76.888215,40.21366400000001],[-76.884482,40.214521999999995],[-76.883055,40.216211999999985],[-76.879784,40.21782500000002],[-76.877498,40.217834000000025],[-76.872744,40.21562500000004],[-76.866719,40.21609799999996],[-76.865024,40.21823700000001],[-76.860961,40.21919199999998],[-76.861942,40.22291199999998],[-76.859023,40.22632800000002],[-76.84073,40.22204799999999],[-76.833342,40.21646600000003],[-76.828859,40.20501999999995],[-76.824696,40.202318999999974],[-76.819019,40.20096399999996],[-76.800585,40.200110999999985],[-76.795384,40.197340000000004],[-76.787668,40.19155],[-76.774014,40.184090999999995],[-76.762986,40.17893599999998],[-76.752683,40.17580300000001],[-76.750844,40.173372000000036],[-76.749312,40.16853099999997],[-76.748219,40.15466800000004],[-76.746196,40.14821099999999],[-76.745531,40.139006999999985],[-76.743537,40.13085000000004],[-76.737236,40.12524500000002],[-76.733496,40.12312200000002],[-76.72228,40.12053900000001],[-76.710932,40.11384299999998],[-76.707881,40.11062600000005],[-76.709495,40.10781399999999],[-76.704994,40.10097399999998],[-76.71318800000002,40.090548],[-76.712805,40.088761000000005],[-76.70803500000001,40.085640999999974],[-76.708431,40.08295200000004],[-76.71844,40.08142399999999],[-76.724228,40.08310100000001],[-76.72630700000002,40.089087999999975],[-76.730902,40.09755599999998],[-76.737466,40.105559],[-76.739656,40.10668599999999],[-76.74475800000002,40.10538800000001],[-76.745981,40.10110999999998],[-76.749721,40.09769100000001],[-76.756485,40.09826500000001],[-76.762806,40.09977400000001],[-76.77563,40.104642],[-76.777581,40.10405099999996],[-76.780096,40.100032999999975],[-76.784863,40.099458000000006],[-76.788225,40.100770000000004],[-76.788388,40.10432099999998],[-76.791046,40.106528],[-76.792488,40.109342999999946],[-76.797244,40.11049299999998],[-76.798044,40.10905600000002],[-76.794379,40.10689400000002],[-76.794539,40.10462200000001],[-76.800044,40.10233399999998],[-76.80382000000002,40.09787000000001],[-76.805548,40.09785400000002],[-76.80876400000001,40.10027],[-76.809756,40.100158000000015],[-76.813247,40.09389100000001],[-76.815053,40.09476500000006],[-76.818045,40.09841199999997],[-76.823757,40.09575600000001],[-76.831648,40.09723300000002],[-76.832799,40.096763000000045],[-76.832879,40.09490699999999],[-76.830015,40.08941799999998],[-76.83225500000002,40.08738599999995],[-76.832559,40.08316299999999],[-76.834623,40.08199499999998],[-76.837662,40.082826999999995],[-76.840124,40.08614600000005],[-76.840879,40.09031299999995],[-76.840334,40.09561299999996],[-76.841214,40.09755499999999],[-76.842543,40.09918899999997],[-76.845204,40.09879999999999],[-76.846141,40.09822099999999],[-76.847673,40.09378400000002],[-76.846203,40.08795],[-76.849404,40.084404000000006],[-76.861569,40.08600000000002],[-76.864466,40.084813999999966],[-76.865228,40.08260600000001],[-76.86018,40.070735000000006],[-76.863061,40.06774200000004],[-76.863942,40.064173999999966],[-76.865734,40.06391800000003],[-76.867255,40.06516599999999],[-76.869048,40.06767699999999],[-76.86994600000001,40.07220499999997],[-76.874075,40.07127700000002],[-76.874443,40.06988500000002],[-76.870957,40.06591600000002],[-76.876834,40.06437599999999],[-76.882203,40.06105700000001],[-76.882433,40.05967399999998],[-76.879844,40.054219999999994],[-76.881153,40.05170600000001],[-76.885285,40.048989999999996],[-76.890093,40.04838800000002],[-76.898925,40.04500200000004],[-76.893708,40.04099500000001],[-76.881855,40.03447999999997],[-76.879214,40.03232199999997],[-76.854799,40.005408999999986],[-76.85922,40.002036999999966],[-76.851004,39.99615700000002],[-76.849577,39.99777199999998],[-76.848242,39.996838],[-76.845838,39.99769799999998],[-76.841726,39.992395000000045],[-76.838439,39.98999499999998],[-76.839995,39.985825000000034],[-76.841854,39.98394099999999],[-76.842827,39.97720500000001],[-76.849429,39.97348599999999],[-76.84576300000002,39.96704700000003],[-76.840245,39.96288600000001],[-76.834388,39.95643099999999],[-76.831872,39.952722],[-76.832136,39.95043000000002],[-76.829737,39.94731100000001],[-76.828556,39.94351299999996],[-76.833332,39.944973000000026],[-76.8345,39.94473199999997],[-76.834714,39.945398999999995],[-76.843366,39.94626099999996],[-76.871471,39.948490000000014],[-76.889944,39.949003999999995],[-76.890971,39.95008500000002],[-76.903253,39.954272999999986],[-76.932688,39.96698400000001],[-76.936892,39.962380999999965],[-76.961123,39.96278900000001],[-76.958853,39.95948599999999],[-76.944961,39.954849],[-76.943969,39.952284999999954],[-76.944946,39.950604999999975],[-76.948705,39.948891],[-76.949825,39.94924799999998],[-76.952937,39.953189999999985],[-76.957189,39.95307899999998],[-76.958878,39.948241000000046],[-76.964049,39.94487700000004],[-76.96351,39.94181399999996],[-76.96459,39.94064400000001],[-76.964187,39.93708099999998],[-76.964785,39.935551999999994],[-76.966202,39.93519199999999],[-76.993154,39.97391200000001],[-77.01864799999998,40.013946999999995],[-77.026238,40.018378000000006],[-77.033211,40.018724000000006],[-77.04069,40.02132000000001],[-77.056376,40.02348400000003],[-77.0615,40.02660800000005],[-77.068485,40.02887200000001],[-77.070232,40.03007799999999],[-77.072754,40.03438599999996],[-77.07842,40.03763699999998],[-77.08109600000002,40.043644999999984],[-77.092103,40.053713],[-77.103843,40.05769199999995],[-77.106818,40.060031],[-77.111899,40.06138899999998],[-77.125099,40.066878],[-77.127631,40.06861599999998],[-77.137273,40.07005399999999]]]}},{"type":"Feature","properties":{"district":"94","population":58073,"landAreaSqMi":180.0,"topMunicipalities":[{"name":"Windsor","classCode":"second_class_township","populationShare":0.3081479005889669},{"name":"Springettsbury","classCode":"second_class_township","populationShare":0.14973909542433952},{"name":"Lower Windsor","classCode":"second_class_township","populationShare":0.12995765329672754},{"name":"Red Lion","classCode":"borough","populationShare":0.11182522863507996},{"name":"Chanceford","classCode":"second_class_township","populationShare":0.10219937356778569}],"topCounties":[{"name":"York","geoid":"42133","populationShare":1.0}],"classShares":{"borough":0.17164673221966079,"second_class_township":0.8283532677803392},"medianIncome":86261,"medianHomeValue":235684,"rentBurdenedPct":42.6,"ownerBurdenedPct":20.0,"permitsPer1kPerYear":1.5,"permits5yrTotal":448,"popChange2020to2024Pct":2.0,"parentSenateDistricts":[{"district":"28","overlapShareOfHD":1.0000000000000018,"areaShareOfSD":0.29934144145981145}]},"geometry":{"type":"MultiPolygon","coordinates":[[[[-76.62203400000001,39.895414000000024],[-76.622302,39.896082999999976],[-76.621721,39.896026000000006],[-76.62203400000001,39.895414000000024]]],[[[-76.695008,39.97930800000001],[-76.69471,39.982821000000044],[-76.690744,39.982120999999985],[-76.687588,39.983151999999954],[-76.687895,39.98426900000002],[-76.684546,39.985592000000004],[-76.68203,39.985138999999975],[-76.675231,39.987495],[-76.668722,39.98795400000001],[-76.663956,39.982324],[-76.654286,39.983347000000045],[-76.653648,39.98173599999999],[-76.647984,39.984149000000016],[-76.642041,39.97900600000003],[-76.629816,39.97784799999998],[-76.621602,39.980043999999964],[-76.616092,39.97344199999998],[-76.60225000000001,39.977272],[-76.588981,39.983298000000005],[-76.583333,39.983564],[-76.564383,39.99053600000005],[-76.55957500000001,39.991511],[-76.556243,39.99426300000002],[-76.547788,39.99716199999999],[-76.542689,39.999818999999995],[-76.541224,40.00146000000001],[-76.538999,40.001003999999966],[-76.535206,40.001917000000034],[-76.527059,40.00762600000002],[-76.518828,40.01080699999999],[-76.512005,40.01248900000002],[-76.500611,40.000623999999995],[-76.498454,39.99672999999996],[-76.495352,39.976127999999996],[-76.487389,39.962134999999975],[-76.478193,39.95353900000003],[-76.477742,39.95245200000003],[-76.478206,39.951513000000006],[-76.477726,39.949844],[-76.477749,39.95197399999999],[-76.47358,39.94735199999997],[-76.468598,39.943558999999965],[-76.464274,39.94191300000006],[-76.45975,39.94124999999996],[-76.447343,39.93350300000003],[-76.43300500000001,39.92970899999998],[-76.422156,39.925832000000014],[-76.412365,39.92040399999996],[-76.404929,39.91521300000002],[-76.403916,39.915647000000035],[-76.395922,39.914217],[-76.39045,39.91175100000002],[-76.385518,39.905698],[-76.38377700000001,39.89361699999995],[-76.379642,39.888201],[-76.38008,39.881901999999954],[-76.381716,39.87886700000002],[-76.381017,39.874568],[-76.379508,39.87293100000003],[-76.377663,39.866664],[-76.374255,39.86466600000003],[-76.369641,39.86039900000002],[-76.361674,39.85705399999998],[-76.35211,39.849031999999966],[-76.35075900000001,39.847090000000016],[-76.351273,39.84232000000006],[-76.350503,39.83766700000002],[-76.342401,39.828865999999984],[-76.338817,39.822605999999986],[-76.337094,39.82177699999997],[-76.33339600000001,39.817747],[-76.328553,39.814809999999994],[-76.323235,39.812626],[-76.322289,39.81302200000001],[-76.315702,39.810036999999994],[-76.313194,39.807797],[-76.312324,39.805986000000026],[-76.314403,39.807481000000024],[-76.31086500000002,39.80340000000003],[-76.290182,39.78501099999999],[-76.28424000000001,39.78067199999999],[-76.279839,39.77963999999998],[-76.277404,39.77769000000001],[-76.267475,39.75935799999996],[-76.260577,39.75203500000003],[-76.256564,39.75004000000003],[-76.249584,39.73998000000001],[-76.245573,39.73717399999999],[-76.242249,39.73286799999998],[-76.238791,39.72595700000002],[-76.239805,39.72133500000001],[-76.404526,39.72123899999998],[-76.404968,39.72787600000004],[-76.412432,39.74193000000001],[-76.4062,39.785616],[-76.413494,39.79042100000001],[-76.416128,39.788707999999936],[-76.421609,39.790982],[-76.422712,39.79264600000001],[-76.428905,39.79521699999997],[-76.432279,39.799610000000015],[-76.434116,39.79795700000001],[-76.43727,39.79848999999997],[-76.438623,39.797798],[-76.440445,39.79497],[-76.442566,39.79340999999998],[-76.445848,39.79452500000005],[-76.44787,39.79730899999998],[-76.45168600000001,39.79674799999999],[-76.453937,39.801306000000004],[-76.456122,39.79933900000004],[-76.46102,39.79961300000001],[-76.460208,39.796994000000005],[-76.46072,39.795538],[-76.462016,39.795471999999975],[-76.464031,39.79770700000006],[-76.464517,39.801347000000014],[-76.469742,39.80064900000003],[-76.471601,39.801635999999995],[-76.469674,39.805453999999976],[-76.475848,39.807549000000016],[-76.47595,39.811640000000054],[-76.476819,39.813046],[-76.481197,39.81024899999997],[-76.483383,39.810456999999985],[-76.479398,39.814006],[-76.483881,39.81997899999998],[-76.48690800000001,39.81975199999999],[-76.487633,39.818094],[-76.486834,39.81666100000001],[-76.487539,39.816353000000014],[-76.492511,39.817669],[-76.496066,39.81966],[-76.499091,39.82557300000001],[-76.501809,39.82592699999999],[-76.505477,39.825175999999985],[-76.510099,39.825633999999944],[-76.514663,39.827031000000034],[-76.51814000000002,39.825950000000006],[-76.517839,39.82794899999998],[-76.521009,39.82797799999997],[-76.522368,39.829339999999966],[-76.520792,39.832398],[-76.522481,39.83230000000001],[-76.525115,39.83333899999998],[-76.527977,39.83646899999998],[-76.528118,39.839352000000005],[-76.53365200000002,39.842197999999975],[-76.53720600000001,39.84641099999999],[-76.53946400000001,39.846307000000024],[-76.543808,39.84470600000003],[-76.546417,39.845008000000014],[-76.550043,39.84929499999996],[-76.554895,39.848198000000025],[-76.55954700000001,39.84941099999999],[-76.561609,39.85098199999995],[-76.565228,39.85070700000001],[-76.571733,39.85282200000003],[-76.571433,39.855976000000005],[-76.57256400000001,39.856406],[-76.575065,39.85715800000005],[-76.579568,39.855674999999955],[-76.581713,39.85735999999998],[-76.584976,39.85797499999997],[-76.589253,39.862025999999965],[-76.593735,39.86214499999993],[-76.597812,39.86340200000005],[-76.59834,39.86503799999999],[-76.603343,39.86670500000002],[-76.608286,39.86619300000004],[-76.61253400000001,39.87018999999998],[-76.615441,39.87110699999997],[-76.612593,39.87798999999999],[-76.608495,39.88314399999998],[-76.59811800000001,39.88893499999997],[-76.600986,39.89399499999998],[-76.60329800000001,39.89165400000001],[-76.611163,39.890259000000015],[-76.615008,39.88727200000002],[-76.61918,39.89181900000001],[-76.617911,39.89341200000004],[-76.615596,39.893126],[-76.61356,39.89440100000005],[-76.62030000000001,39.89589500000004],[-76.621526,39.89963999999997],[-76.615346,39.90222699999999],[-76.61658200000001,39.903727000000025],[-76.613026,39.905297000000004],[-76.613963,39.90587700000004],[-76.6138,39.90694299999998],[-76.624325,39.91143],[-76.630387,39.916831],[-76.637238,39.92702199999997],[-76.64229,39.931774999999995],[-76.644046,39.93501200000003],[-76.644653,39.940211000000005],[-76.647667,39.947125],[-76.649219,39.95343799999999],[-76.658633,39.957205999999964],[-76.660317,39.96091900000001],[-76.681468,39.950921999999984],[-76.68534900000002,39.95459399999999],[-76.685534,39.95772999999995],[-76.687503,39.95931699999998],[-76.688988,39.96381400000001],[-76.688852,39.96596599999999],[-76.693763,39.97114900000002],[-76.69457,39.972892999999985],[-76.693091,39.973052],[-76.695008,39.97930800000001]]]]}},{"type":"Feature","properties":{"district":"95","population":66082,"landAreaSqMi":12.9,"topMunicipalities":[{"name":"York","classCode":"third_class_city","populationShare":0.6783995641778399},{"name":"Spring Garden","classCode":"first_class_township","populationShare":0.2068339335976513},{"name":"West York","classCode":"borough","populationShare":0.07688931933052873},{"name":"North York","classCode":"borough","populationShare":0.037877182893980205}],"topCounties":[{"name":"York","geoid":"42133","populationShare":1.0}],"classShares":{"borough":0.11476650222450895,"first_class_township":0.2068339335976513,"third_class_city":0.6783995641778399},"medianIncome":62421,"medianHomeValue":140321,"rentBurdenedPct":48.4,"ownerBurdenedPct":21.3,"permitsPer1kPerYear":0.9,"permits5yrTotal":305,"popChange2020to2024Pct":0.8,"parentSenateDistricts":[{"district":"28","overlapShareOfHD":0.5466773259793705,"areaShareOfSD":0.011717731200738879},{"district":"31","overlapShareOfHD":0.45332267402063015,"areaShareOfSD":0.017428149750873933}]},"geometry":{"type":"Polygon","coordinates":[[[-76.77246000000001,39.958492000000014],[-76.769418,39.95867799999998],[-76.769311,39.95753199999998],[-76.763539,39.95790099999998],[-76.763632,39.95960600000001],[-76.76178,39.959745999999974],[-76.76162200000002,39.95806400000002],[-76.759784,39.95931699999994],[-76.759667,39.958393999999956],[-76.75806200000001,39.958571],[-76.75813700000002,39.956572999999985],[-76.756581,39.955921000000004],[-76.755506,39.95390500000002],[-76.75126,39.95616600000001],[-76.751553,39.958708999999985],[-76.762305,39.962023],[-76.762814,39.96528800000002],[-76.755146,39.966116000000014],[-76.755832,39.969321000000015],[-76.751337,39.96961299999998],[-76.751312,39.97096199999996],[-76.756822,39.977225000000004],[-76.757036,39.975235000000005],[-76.761987,39.97399800000001],[-76.762665,39.97706299999999],[-76.760792,39.97818800000002],[-76.757356,39.97785900000001],[-76.76107,39.98096100000005],[-76.75967500000002,39.981776],[-76.759356,39.98548700000001],[-76.755844,39.989433],[-76.750756,39.98818399999999],[-76.746686,39.992583999999965],[-76.742294,39.986213000000006],[-76.745177,39.98470000000001],[-76.743117,39.97304700000002],[-76.735278,39.971563],[-76.731935,39.972678000000045],[-76.73260400000001,39.975877],[-76.734019,39.97565700000001],[-76.734999,39.97924599999999],[-76.736386,39.97903200000001],[-76.739761,39.98015500000006],[-76.737681,39.98041899999999],[-76.738067,39.981891],[-76.736612,39.98238399999997],[-76.73599,39.981715999999984],[-76.735811,39.98257599999999],[-76.732114,39.982846],[-76.731476,39.98130400000002],[-76.728443,39.98187499999998],[-76.72447,39.98097099999995],[-76.723665,39.982763000000006],[-76.721751,39.982532000000006],[-76.71657400000001,39.97839299999999],[-76.709123,39.979048000000034],[-76.697296,39.97792500000005],[-76.693763,39.97114900000002],[-76.688802,39.965877999999954],[-76.688988,39.96381400000001],[-76.687503,39.95931699999998],[-76.685534,39.95772999999995],[-76.68534900000002,39.95459399999999],[-76.683543,39.953579],[-76.680532,39.949082999999995],[-76.682456,39.94844400000008],[-76.682353,39.94641],[-76.68684400000001,39.94254800000003],[-76.687834,39.942903],[-76.687001,39.94429799999999],[-76.68815,39.9448],[-76.689015,39.94333000000004],[-76.69101,39.94405899999997],[-76.689544,39.946387999999985],[-76.70032,39.94067500000003],[-76.697624,39.94026299999995],[-76.699976,39.938246000000014],[-76.701266,39.93899400000001],[-76.702744,39.93780000000007],[-76.704616,39.93808599999997],[-76.74216,39.91811399999997],[-76.742816,39.91708099999999],[-76.748223,39.91419899999999],[-76.747623,39.916299999999985],[-76.74876,39.920242000000016],[-76.750885,39.92102399999996],[-76.75170300000002,39.92332499999997],[-76.750265,39.92871600000004],[-76.75177499999998,39.928810000000006],[-76.753958,39.930331999999964],[-76.755438,39.934609999999985],[-76.75692,39.93605499999996],[-76.758746,39.93656699999998],[-76.759436,39.93831300000005],[-76.756532,39.94037599999996],[-76.758676,39.944390999999996],[-76.757027,39.94599399999999],[-76.74558,39.94532600000004],[-76.744532,39.94591900000003],[-76.744419,39.94740200000004],[-76.74598900000001,39.94826300000003],[-76.746036,39.94944099999998],[-76.748779,39.95230000000002],[-76.764129,39.946835999999976],[-76.76568,39.94687700000002],[-76.769259,39.95711199999999],[-76.77134000000001,39.957312000000044],[-76.77246000000001,39.958492000000014]]]}},{"type":"Feature","properties":{"district":"97","population":79115,"landAreaSqMi":106.6,"topMunicipalities":[{"name":"Manor","classCode":"second_class_township","populationShare":0.25690031839063293},{"name":"East Lampeter","classCode":"second_class_township","populationShare":0.22387724841400225},{"name":"West Lampeter","classCode":"second_class_township","populationShare":0.2193900971500581},{"name":"Manheim","classCode":"first_class_township","populationShare":0.17789558043047607},{"name":"Pequea","classCode":"second_class_township","populationShare":0.07267921061317276}],"topCounties":[{"name":"Lancaster","geoid":"42071","populationShare":1.0}],"classShares":{"first_class_township":0.17789558043047607,"second_class_township":0.8221044195695241},"medianIncome":96206,"medianHomeValue":305079,"rentBurdenedPct":46.0,"ownerBurdenedPct":19.0,"permitsPer1kPerYear":3.4,"permits5yrTotal":1353,"popChange2020to2024Pct":2.8,"parentSenateDistricts":[{"district":"13","overlapShareOfHD":0.9356276932927745,"areaShareOfSD":0.18422192668030313},{"district":"36","overlapShareOfHD":0.06437230670722949,"areaShareOfSD":0.022342148141872846}]},"geometry":{"type":"MultiPolygon","coordinates":[[[[-76.267533,40.047306000000034],[-76.264601,40.05012299999994],[-76.261818,40.04860400000003],[-76.263986,40.046217999999975],[-76.267533,40.047306000000034]]],[[[-76.283204,40.12949100000002],[-76.281836,40.12925099999996],[-76.280656,40.12894400000001],[-76.282783,40.12853899999997],[-76.283204,40.12949100000002]]],[[[-76.512362,40.01294399999998],[-76.489026,40.020654],[-76.488421,40.018950999999994],[-76.47677300000001,40.02016900000005],[-76.477086,40.02164399999999],[-76.45649700000001,40.020727999999984],[-76.451582,40.02485399999998],[-76.433154,40.03266399999998],[-76.422111,40.035668],[-76.418589,40.035485999999985],[-76.418705,40.03733799999998],[-76.40726000000001,40.03742500000004],[-76.392339,40.04082200000006],[-76.385505,40.041327999999986],[-76.375621,40.04010600000002],[-76.376531,40.03519599999997],[-76.383359,40.03576],[-76.382642,40.02783400000002],[-76.379929,40.02548499999995],[-76.378615,40.02177600000001],[-76.383908,40.02049899999999],[-76.382244,40.015863000000046],[-76.374931,40.01254200000001],[-76.375091,40.01044499999997],[-76.377687,40.00904399999999],[-76.377115,40.006597999999975],[-76.367781,40.005815000000005],[-76.363,40.00690399999996],[-76.362787,40.00641400000002],[-76.364307,40.006025000000015],[-76.363797,40.00495799999995],[-76.362352,40.005585999999965],[-76.362027,40.003634000000005],[-76.364726,40.002961],[-76.364419,40.00227299999999],[-76.363534,40.00247200000002],[-76.36217000000002,39.99934299999993],[-76.36426,39.99875899999997],[-76.365456,40.00009700000001],[-76.366238,39.99989399999998],[-76.365818,39.99899400000002],[-76.367213,39.998641999999975],[-76.365599,39.998773000000035],[-76.36457000000001,39.99424199999995],[-76.363784,39.99443800000001],[-76.362936,39.99261099999994],[-76.361789,39.992967000000036],[-76.358251,39.98711100000001],[-76.35749400000002,39.98728599999999],[-76.35596,39.98508400000001],[-76.354109,39.984895999999985],[-76.35232,39.98706999999999],[-76.355033,39.99315600000002],[-76.34545200000001,39.99517400000003],[-76.344581,39.997849],[-76.34240700000001,39.998711000000014],[-76.336856,39.994956999999985],[-76.33104,39.98833399999996],[-76.3285,39.987745000000004],[-76.326956,39.98889700000004],[-76.32634,39.990272],[-76.328854,39.997600999999996],[-76.328046,40.000688999999994],[-76.331893,40.009288000000005],[-76.330434,40.01189700000001],[-76.328223,40.011476999999964],[-76.32618,40.009318000000036],[-76.32435,40.001556000000036],[-76.323124,40.000111000000025],[-76.321878,39.999637000000014],[-76.320671,40.00019099999998],[-76.321074,40.00524699999997],[-76.317672,40.00688799999996],[-76.316031,40.006647000000015],[-76.313057,40.00364900000004],[-76.31204700000002,39.99781799999997],[-76.310294,39.996179000000005],[-76.307932,39.995988999999994],[-76.305817,39.998256000000005],[-76.303984,40.004546],[-76.302571,40.00636599999999],[-76.303107,40.010428],[-76.30545000000001,40.015611999999976],[-76.305038,40.02090899999999],[-76.303874,40.02164199999996],[-76.302566,40.021099],[-76.299562,40.01698599999995],[-76.296533,40.01528600000001],[-76.295073,40.01569300000001],[-76.294408,40.017096999999964],[-76.29494400000002,40.021215000000005],[-76.298941,40.024037000000014],[-76.29186100000001,40.02475699999999],[-76.28802,40.022513999999966],[-76.290242,40.02115800000003],[-76.290397,40.019263999999936],[-76.289113,40.01792699999998],[-76.286814,40.018024000000054],[-76.286729,40.016294999999985],[-76.284446,40.016114],[-76.283006,40.012800000000055],[-76.282379,40.006767000000025],[-76.279131,40.007400000000025],[-76.27779,40.00866399999999],[-76.278857,40.01064000000005],[-76.280452,40.009794],[-76.281052,40.01371699999999],[-76.282213,40.015121000000015],[-76.28159200000002,40.01531799999998],[-76.283952,40.019452999999984],[-76.27844200000001,40.020627999999995],[-76.279784,40.02413399999996],[-76.27626300000001,40.02457900000003],[-76.275042,40.02657200000001],[-76.271573,40.025670000000005],[-76.26742,40.027198999999975],[-76.267002,40.02677099999999],[-76.258106,40.02882299999997],[-76.260669,40.033803000000006],[-76.25815,40.03650899999998],[-76.261288,40.03700499999997],[-76.261495,40.03615899999999],[-76.263962,40.036542000000026],[-76.265866,40.03602900000003],[-76.266308,40.03302099999996],[-76.267386,40.03307400000003],[-76.267914,40.034155],[-76.269514,40.03394],[-76.268025,40.03373400000001],[-76.268703,40.033590000000004],[-76.268312,40.032811],[-76.266321,40.032767],[-76.263737,40.029580999999986],[-76.267594,40.02733800000002],[-76.2687,40.02823300000003],[-76.271063,40.02793899999997],[-76.271249,40.02915000000003],[-76.274436,40.02893900000002],[-76.273251,40.03222199999997],[-76.273983,40.04326399999999],[-76.277984,40.048481000000024],[-76.278073,40.04968999999996],[-76.264123,40.045854999999996],[-76.265381,40.04396899999999],[-76.264103,40.042742000000004],[-76.26472,40.042138999999985],[-76.262846,40.041684999999966],[-76.26317,40.03960999999997],[-76.258655,40.041108999999956],[-76.258353,40.042565000000025],[-76.261,40.04272299999998],[-76.26079,40.04465099999999],[-76.254038,40.043777999999996],[-76.26167,40.04552600000004],[-76.261335,40.046231],[-76.255288,40.046907],[-76.25686700000001,40.04684599999998],[-76.257138,40.04773699999998],[-76.25568400000002,40.04787400000001],[-76.256553,40.050353999999956],[-76.254054,40.052824],[-76.258455,40.05582500000002],[-76.26201500000002,40.05257099999999],[-76.264929,40.053771999999995],[-76.274672,40.05865699999998],[-76.288075,40.067207000000025],[-76.286554,40.07307199999998],[-76.284795,40.07583099999999],[-76.271425,40.084534000000005],[-76.276681,40.08759500000001],[-76.281122,40.091340999999986],[-76.280283,40.09342400000003],[-76.284549,40.107429000000025],[-76.282513,40.11261500000001],[-76.284184,40.123068],[-76.283125,40.12436500000001],[-76.2788,40.126184],[-76.278574,40.12766999999997],[-76.279494,40.12859600000001],[-76.258036,40.126139999999985],[-76.247449,40.12114400000004],[-76.240602,40.11680199999997],[-76.226474,40.11509400000005],[-76.228877,40.111495999999974],[-76.226186,40.10798999999999],[-76.226559,40.106686],[-76.228817,40.10635000000002],[-76.230512,40.10696699999997],[-76.234482,40.110873000000005],[-76.23845,40.10793999999999],[-76.237421,40.104019999999984],[-76.237913,40.10272499999998],[-76.240434,40.10279499999998],[-76.244456,40.107618000000016],[-76.24633,40.10751299999997],[-76.248281,40.10567699999995],[-76.247657,40.10241599999997],[-76.244613,40.09667400000003],[-76.246597,40.095349999999996],[-76.250274,40.096586999999985],[-76.252238,40.09518300000004],[-76.247916,40.08802499999999],[-76.24809000000002,40.086621000000015],[-76.239231,40.081336],[-76.163593,40.028245000000005],[-76.136015,40.01005599999999],[-76.139281,40.01033899999998],[-76.140234,40.00858800000002],[-76.141928,40.00805299999998],[-76.144951,40.00971699999995],[-76.146428,40.011847000000046],[-76.149129,40.00924200000001],[-76.15187400000002,40.00961200000003],[-76.153085,40.00561699999996],[-76.154844,40.004743999999974],[-76.15734400000001,40.006477000000004],[-76.159534,40.010997000000046],[-76.161177,40.010830999999996],[-76.163029,40.00800900000002],[-76.164557,40.00720700000006],[-76.168741,40.00977799999998],[-76.17060000000001,40.00988799999997],[-76.171137,40.00760099999996],[-76.168804,40.004778000000016],[-76.169321,40.002756999999995],[-76.171992,40.003385000000044],[-76.17341600000002,40.00569100000001],[-76.17439,40.00568600000001],[-76.175467,40.001944000000044],[-76.176516,40.001427],[-76.178316,40.002651999999976],[-76.178879,40.005044999999974],[-76.180932,40.00412699999999],[-76.180878,40.00100500000001],[-76.18190400000002,40.00040299999996],[-76.186563,40.006046],[-76.187724,40.00475200000005],[-76.187637,39.99953599999998],[-76.18987500000001,39.999331999999974],[-76.193191,40.003052999999994],[-76.19431,40.002145],[-76.193955,39.998681999999995],[-76.194752,39.99766100000002],[-76.19587,39.99787400000003],[-76.197582,40.00049900000001],[-76.199096,40.000857999999994],[-76.199474,39.99639600000002],[-76.202154,39.99487400000001],[-76.204565,39.99461799999999],[-76.204117,39.99153600000004],[-76.207016,39.991569],[-76.208724,39.993496000000064],[-76.21214,39.99452600000001],[-76.21326,39.992383000000004],[-76.212393,39.988136000000026],[-76.216881,39.99032499999998],[-76.218481,39.989732999999994],[-76.218327,39.98820700000002],[-76.21324,39.983894],[-76.213593,39.98169300000001],[-76.214336,39.98120700000001],[-76.219356,39.981605000000016],[-76.222142,39.980526999999995],[-76.223312,39.978835999999994],[-76.225789,39.97916799999995],[-76.224003,39.97257700000003],[-76.229519,39.96758599999997],[-76.22951,39.96291900000001],[-76.235325,39.96048400000002],[-76.238208,39.96331100000002],[-76.239456,39.96361999999999],[-76.241124,39.96218100000004],[-76.23992,39.957680999999965],[-76.241915,39.957662999999975],[-76.242925,39.95879399999999],[-76.24476400000002,39.959221000000035],[-76.250681,39.955213000000015],[-76.250043,39.953353000000035],[-76.246173,39.95246199999997],[-76.245316,39.95165700000002],[-76.24989,39.95083799999997],[-76.251755,39.94805899999997],[-76.258654,39.94296700000006],[-76.259922,39.94063300000003],[-76.259791,39.936973999999985],[-76.262147,39.933694999999986],[-76.263983,39.93396000000003],[-76.265858,39.93584700000001],[-76.270105,39.93764299999997],[-76.272309,39.93349],[-76.274662,39.932886000000046],[-76.276556,39.933809999999994],[-76.27791500000001,39.93326199999999],[-76.28313,39.93457099999995],[-76.28819900000002,39.93418599999998],[-76.290716,39.931745999999976],[-76.29032,39.93071999999998],[-76.288648,39.929999],[-76.289107,39.92934099999998],[-76.294129,39.92958299999998],[-76.29584300000002,39.93201100000001],[-76.2967,39.936958999999995],[-76.299925,39.93989399999999],[-76.303031,39.93910899999993],[-76.305293,39.93643199999999],[-76.307526,39.94158799999999],[-76.308743,39.942243999999974],[-76.310219,39.94192700000001],[-76.310897,39.94104100000001],[-76.31035200000001,39.938626000000006],[-76.307784,39.936378000000005],[-76.308361,39.93527899999999],[-76.310627,39.934886000000006],[-76.31235400000001,39.94043399999998],[-76.316105,39.94187000000001],[-76.318496,39.941708000000006],[-76.319496,39.940296999999966],[-76.318283,39.93843099999998],[-76.318763,39.937465000000024],[-76.32444,39.93650200000001],[-76.322325,39.93347699999999],[-76.320957,39.93293200000002],[-76.327595,39.928266999999956],[-76.329011,39.92607199999996],[-76.32631,39.92359700000001],[-76.32252,39.922467000000026],[-76.320074,39.92088899999999],[-76.317403,39.91731200000001],[-76.31633600000002,39.913274999999956],[-76.322263,39.911594000000015],[-76.32349,39.910508],[-76.329312,39.910697999999975],[-76.330583,39.91003699999994],[-76.33102100000002,39.909113999999995],[-76.328934,39.90862599999996],[-76.32807900000002,39.907404999999976],[-76.328389,39.90366100000005],[-76.332941,39.90158100000005],[-76.332407,39.89968900000002],[-76.335582,39.896484999999984],[-76.34491,39.899669],[-76.356132,39.898234000000016],[-76.359157,39.893837],[-76.356156,39.88917100000001],[-76.360199,39.88731899999999],[-76.363402,39.88683399999998],[-76.36837500000001,39.88812100000003],[-76.379769,39.887913000000026],[-76.380832,39.89042000000003],[-76.38377700000001,39.89361699999995],[-76.385518,39.905698],[-76.391674,39.91281899999992],[-76.402661,39.91547599999998],[-76.404929,39.91521300000002],[-76.412365,39.92040399999996],[-76.422156,39.925832000000014],[-76.43300500000001,39.92970899999998],[-76.447007,39.933366000000014],[-76.45975,39.94124999999996],[-76.467991,39.94324599999999],[-76.47358,39.94735199999997],[-76.477749,39.95197399999999],[-76.477726,39.949844],[-76.478193,39.95353900000003],[-76.487389,39.962134999999975],[-76.495352,39.976127999999996],[-76.498454,39.99672999999996],[-76.500611,40.000623999999995],[-76.512362,40.01294399999998]]]]}},{"type":"Feature","properties":{"district":"99","population":76754,"landAreaSqMi":171.2,"topMunicipalities":[{"name":"Spring","classCode":"second_class_township","populationShare":0.21940694313038747},{"name":"East Cocalico","classCode":"second_class_township","populationShare":0.1416349532673745},{"name":"Brecknock","classCode":"second_class_township","populationShare":0.09913534720002343},{"name":"West Cocalico","classCode":"second_class_township","populationShare":0.09844482631664851},{"name":"East Earl","classCode":"second_class_township","populationShare":0.08796975480280708}],"topCounties":[{"name":"Lancaster","geoid":"42071","populationShare":0.6268848023445164},{"name":"Berks","geoid":"42011","populationShare":0.3731151976554837}],"classShares":{"borough":0.13172011567778116,"first_class_township":0.055028911682018566,"second_class_township":0.8132509726402003},"medianIncome":97153,"medianHomeValue":295122,"rentBurdenedPct":25.6,"ownerBurdenedPct":19.0,"permitsPer1kPerYear":1.4,"permits5yrTotal":547,"popChange2020to2024Pct":1.6,"parentSenateDistricts":[{"district":"13","overlapShareOfHD":0.45939912639585645,"areaShareOfSD":0.13038044789891756},{"district":"48","overlapShareOfHD":0.4392800736470617,"areaShareOfSD":0.08613732587105082},{"district":"11","overlapShareOfHD":0.10132079995708243,"areaShareOfSD":0.08521440369512297}]},"geometry":{"type":"Polygon","coordinates":[[[-76.216667,40.248539000000015],[-76.216303,40.250277999999994],[-76.215081,40.25119099999999],[-76.21615100000001,40.253508999999994],[-76.215812,40.25770499999997],[-76.212706,40.258991999999985],[-76.209292,40.26179400000004],[-76.211253,40.292723000000045],[-76.151215,40.31597099999997],[-76.091764,40.27769200000001],[-76.084093,40.28005800000002],[-76.081311,40.283085000000064],[-76.076774,40.28533799999998],[-76.068927,40.295373999999974],[-76.055576,40.303958000000016],[-76.055065,40.30728100000001],[-76.04587800000002,40.30916499999996],[-76.042804,40.31412399999999],[-76.043211,40.315204000000016],[-76.042453,40.31772400000005],[-76.041437,40.317992],[-76.041108,40.322058000000006],[-76.037195,40.324105999999965],[-76.036107,40.318735999999994],[-76.03171000000002,40.31566799999997],[-76.032985,40.31449000000007],[-76.022352,40.30985600000002],[-76.01926,40.30953599999996],[-76.016098,40.304898],[-76.01644600000002,40.30028599999995],[-76.015729,40.298312999999936],[-76.010263,40.29836100000001],[-76.012278,40.296267999999976],[-76.009186,40.296277],[-76.006522,40.29955400000001],[-75.988928,40.307428],[-75.984168,40.31179700000004],[-75.981816,40.31302000000001],[-75.983007,40.312186],[-75.981601,40.31067899999998],[-75.984351,40.30946399999997],[-75.9752,40.305693000000005],[-75.978134,40.30080399999996],[-75.977524,40.29964499999999],[-75.975881,40.29995299999998],[-75.978499,40.29574500000004],[-75.976968,40.29584699999998],[-75.976815,40.29483100000001],[-75.972152,40.29512700000001],[-75.970611,40.298130000000036],[-75.968906,40.29787199999997],[-75.9674,40.29189000000002],[-75.968197,40.28958599999998],[-75.96697400000001,40.28725799999999],[-75.970423,40.281534000000015],[-75.972171,40.28196499999997],[-75.974102,40.28081599999997],[-75.974655,40.276273999999994],[-75.97654500000002,40.27372900000001],[-75.983283,40.27150700000002],[-75.982937,40.26678399999997],[-75.98846900000001,40.26366999999998],[-75.994097,40.26326199999997],[-75.99384,40.26162499999997],[-75.990874,40.25853300000002],[-75.989055,40.253289],[-75.975217,40.24903700000003],[-75.961034,40.24644699999996],[-75.950627,40.24490900000005],[-75.934331,40.24472200000001],[-75.919768,40.20283800000002],[-75.943437,40.182675999999965],[-75.873375,40.13710699999998],[-75.912548,40.12063299999998],[-75.942997,40.109266000000005],[-75.936135,40.078585000000025],[-75.936225,40.065284999999996],[-75.934332,40.047566000000046],[-75.936677,40.036392],[-75.954894,40.03988699999996],[-75.967538,40.046112000000015],[-76.003106,40.051612000000006],[-75.997706,40.05411099999998],[-75.998796,40.06375499999998],[-76.005134,40.07925200000001],[-76.007215,40.078965000000025],[-76.014,40.08306600000001],[-76.013727,40.079532000000036],[-76.016341,40.07584299999999],[-76.02041700000001,40.074758999999965],[-76.02758700000001,40.071464],[-76.037435,40.07025199999999],[-76.041131,40.06199100000008],[-76.045668,40.05914799999999],[-76.04658000000002,40.05323500000001],[-76.081067,40.17460799999999],[-76.08444800000001,40.17690299999999],[-76.086955,40.17711300000002],[-76.094008,40.16634300000002],[-76.104986,40.17233900000003],[-76.106235,40.169608999999994],[-76.11059100000001,40.175052999999984],[-76.117463,40.17733099999998],[-76.120783,40.18003399999999],[-76.122693,40.180634000000055],[-76.123833,40.182918],[-76.131134,40.18734499999998],[-76.133118,40.18781200000002],[-76.134048,40.18963500000002],[-76.135353,40.189935999999946],[-76.135353,40.190873000000025],[-76.142272,40.191431000000016],[-76.145739,40.19484100000001],[-76.151815,40.196217999999995],[-76.16292,40.209535],[-76.166134,40.211504000000005],[-76.183607,40.20741599999999],[-76.184094,40.21095800000001],[-76.186039,40.211087000000006],[-76.18558,40.21221200000002],[-76.18689400000001,40.21369199999999],[-76.18541100000002,40.21995699999999],[-76.186458,40.221039000000026],[-76.190362,40.22078000000005],[-76.19156,40.22315300000001],[-76.193527,40.224476],[-76.194962,40.228538],[-76.197546,40.22826799999999],[-76.200943,40.230628],[-76.200806,40.233049999999984],[-76.202344,40.23593200000002],[-76.200417,40.23764800000004],[-76.200517,40.23876900000003],[-76.203922,40.24190499999999],[-76.210039,40.241194000000014],[-76.211967,40.24414100000002],[-76.213813,40.244782],[-76.214002,40.247228],[-76.216667,40.248539000000015]]]}},{"type":"Feature","properties":{"district":"101","population":65535,"landAreaSqMi":70.8,"topMunicipalities":[{"name":"Lebanon","classCode":"third_class_city","populationShare":0.40588998245212465},{"name":"North Lebanon","classCode":"second_class_township","populationShare":0.184222171358816},{"name":"South Lebanon","classCode":"second_class_township","populationShare":0.1596704051270312},{"name":"North Cornwall","classCode":"second_class_township","populationShare":0.13519493400473037},{"name":"Cornwall","classCode":"borough","populationShare":0.070222018768597}],"topCounties":[{"name":"Lebanon","geoid":"42075","populationShare":1.0}],"classShares":{"borough":0.070222018768597,"first_class_township":0.014038300144960722,"second_class_township":0.5098496986343176,"third_class_city":0.40588998245212465},"medianIncome":70470,"medianHomeValue":200497,"rentBurdenedPct":40.5,"ownerBurdenedPct":21.2,"permitsPer1kPerYear":1.8,"permits5yrTotal":579,"popChange2020to2024Pct":1.7,"parentSenateDistricts":[{"district":"48","overlapShareOfHD":0.9999999999999989,"areaShareOfSD":0.08085301267084706}]},"geometry":{"type":"Polygon","coordinates":[[[-76.493489,40.376522000000065],[-76.477784,40.37763100000004],[-76.41078800000001,40.38488300000001],[-76.411236,40.38568499999997],[-76.403292,40.38659700000005],[-76.370342,40.38787199999992],[-76.353199,40.389400999999985],[-76.350605,40.37728],[-76.343012,40.32662899999997],[-76.336461,40.251284],[-76.43541000000002,40.238221],[-76.466307,40.22839999999997],[-76.469415,40.243724999999955],[-76.463655,40.24424499999998],[-76.467548,40.245494999999984],[-76.469263,40.248490999999966],[-76.47059,40.249066000000006],[-76.48584000000001,40.33372099999996],[-76.482807,40.33422899999994],[-76.48014,40.33230099999997],[-76.474956,40.33095899999997],[-76.47304,40.332721999999976],[-76.469826,40.33283300000003],[-76.466218,40.335573999999966],[-76.466763,40.33618300000001],[-76.46608,40.33661699999999],[-76.46779900000001,40.338511000000025],[-76.461149,40.33958000000001],[-76.462161,40.34197400000001],[-76.469625,40.340741999999985],[-76.478417,40.34475500000005],[-76.488738,40.345812000000016],[-76.493489,40.376522000000065]]]}},{"type":"Feature","properties":{"district":"102","population":65658,"landAreaSqMi":247.0,"topMunicipalities":[{"name":"Jackson","classCode":"second_class_township","populationShare":0.1415212159980505},{"name":"North Londonderry","classCode":"second_class_township","populationShare":0.13571841968990814},{"name":"Palmyra","classCode":"borough","populationShare":0.1183252612019862},{"name":"Bethel","classCode":"second_class_township","populationShare":0.08015778732218462},{"name":"Swatara","classCode":"second_class_township","populationShare":0.0768223217277407}],"topCounties":[{"name":"Lebanon","geoid":"42075","populationShare":1.0}],"classShares":{"borough":0.2482408845837523,"first_class_township":0.0740046909744434,"second_class_township":0.6777544244418043},"medianIncome":81109,"medianHomeValue":241854,"rentBurdenedPct":47.3,"ownerBurdenedPct":16.3,"permitsPer1kPerYear":0.9,"permits5yrTotal":282,"popChange2020to2024Pct":1.1,"parentSenateDistricts":[{"district":"48","overlapShareOfHD":0.9999999999999997,"areaShareOfSD":0.2814455101025659}]},"geometry":{"type":"Polygon","coordinates":[[[-76.67804,40.474717000000055],[-76.535414,40.555156999999966],[-76.23191600000001,40.366292000000044],[-76.205528,40.36066099999994],[-76.151215,40.31597099999997],[-76.307578,40.255066000000014],[-76.336461,40.251284],[-76.343012,40.32662899999997],[-76.350605,40.37728],[-76.353199,40.389400999999985],[-76.370342,40.38787199999992],[-76.403292,40.38659700000005],[-76.411236,40.38568499999997],[-76.41078800000001,40.38488300000001],[-76.477784,40.37763100000004],[-76.493489,40.376522000000065],[-76.488738,40.345812000000016],[-76.478417,40.34475500000005],[-76.469625,40.340741999999985],[-76.462161,40.34197400000001],[-76.461149,40.33958000000001],[-76.46779900000001,40.338511000000025],[-76.46608,40.33661699999999],[-76.466763,40.33618300000001],[-76.466218,40.335573999999966],[-76.469826,40.33283300000003],[-76.47304,40.332721999999976],[-76.474956,40.33095899999997],[-76.48014,40.33230099999997],[-76.482807,40.33422899999994],[-76.48584000000001,40.33372099999996],[-76.484892,40.33012400000002],[-76.486464,40.330839000000005],[-76.48816400000001,40.330590999999984],[-76.489534,40.32936000000003],[-76.492347,40.33068800000003],[-76.498676,40.329107999999984],[-76.501524,40.326112999999964],[-76.5045,40.32791000000002],[-76.507191,40.327147999999994],[-76.508826,40.32894999999997],[-76.509852,40.32843399999997],[-76.510456,40.32629799999999],[-76.512072,40.32555999999999],[-76.515874,40.32439999999996],[-76.51832,40.325631000000044],[-76.519159,40.324818999999984],[-76.522374,40.32423299999996],[-76.522812,40.322964000000034],[-76.523738,40.32280499999997],[-76.524978,40.32372800000001],[-76.524575,40.32560600000001],[-76.525576,40.32746799999999],[-76.555062,40.321215000000024],[-76.555626,40.319461000000025],[-76.557907,40.318714000000014],[-76.55744100000001,40.316282],[-76.555511,40.315123000000014],[-76.55409800000001,40.31248799999999],[-76.551208,40.31089500000002],[-76.549315,40.310878000000024],[-76.548648,40.31002199999992],[-76.55057,40.307962999999965],[-76.550858,40.305366],[-76.553124,40.30408099999999],[-76.552629,40.302087999999976],[-76.554286,40.30144499999996],[-76.553067,40.29975900000002],[-76.55367000000001,40.297124000000004],[-76.555119,40.295493000000015],[-76.604789,40.28742899999998],[-76.636269,40.36643900000001],[-76.67804,40.474717000000055]]]}},{"type":"Feature","properties":{"district":"103","population":74899,"landAreaSqMi":20.6,"topMunicipalities":[{"name":"Harrisburg","classCode":"third_class_city","populationShare":0.5069878878557257},{"name":"East Pennsboro","classCode":"first_class_township","populationShare":0.2806721719519291},{"name":"Camp Hill","classCode":"borough","populationShare":0.10880018691067787},{"name":"Lemoyne","classCode":"borough","populationShare":0.06271131156208781},{"name":"Wormleysburg","classCode":"borough","populationShare":0.04082844171957949}],"topCounties":[{"name":"Dauphin","geoid":"42043","populationShare":0.5069878878557257},{"name":"Cumberland","geoid":"42041","populationShare":0.4930121121442743}],"classShares":{"borough":0.2123399401923452,"first_class_township":0.2806721719519291,"third_class_city":0.5069878878557257},"medianIncome":74924,"medianHomeValue":192041,"rentBurdenedPct":39.0,"ownerBurdenedPct":17.3,"permitsPer1kPerYear":1.5,"permits5yrTotal":572,"popChange2020to2024Pct":1.8,"parentSenateDistricts":[{"district":"34","overlapShareOfHD":0.5659328353025044,"areaShareOfSD":0.010349179518732102},{"district":"15","overlapShareOfHD":0.3680873085482448,"areaShareOfSD":0.030152870469538982},{"district":"31","overlapShareOfHD":0.06597985614924941,"areaShareOfSD":0.004789266748281044}]},"geometry":{"type":"Polygon","coordinates":[[[-76.976861,40.309857],[-76.949282,40.316861000000024],[-76.914183,40.32875800000001],[-76.912129,40.325495000000004],[-76.911918,40.32219600000003],[-76.913485,40.31754800000003],[-76.916954,40.31243199999995],[-76.9216,40.30268200000001],[-76.893499,40.29975399999999],[-76.893871,40.30572699999999],[-76.89455,40.30582600000002],[-76.893805,40.322093999999986],[-76.895235,40.32575099999999],[-76.888859,40.326240000000006],[-76.887842,40.32450099999999],[-76.883737,40.32129500000002],[-76.88111200000002,40.32098399999999],[-76.880893,40.31864000000004],[-76.882305,40.318626999999985],[-76.880378,40.30993299999997],[-76.87958,40.31008600000001],[-76.879827,40.309041000000015],[-76.878114,40.30860799999996],[-76.879088,40.30412400000003],[-76.877041,40.30227899999997],[-76.87719,40.301255999999995],[-76.879308,40.300443000000016],[-76.880453,40.298433],[-76.882129,40.28920399999996],[-76.881163,40.28305300000003],[-76.878088,40.28363599999999],[-76.876134,40.27948399999996],[-76.869439,40.281090999999925],[-76.867034,40.27617299999999],[-76.86107,40.27785000000002],[-76.857941,40.27109999999997],[-76.861189,40.270126999999974],[-76.864779,40.270803],[-76.870977,40.26775799999999],[-76.868787,40.26306],[-76.87711,40.26073600000001],[-76.878746,40.258073999999986],[-76.874128,40.25564000000004],[-76.865667,40.25603199999996],[-76.862264,40.255531000000026],[-76.864004,40.255221000000006],[-76.862837,40.25466199999998],[-76.862015,40.251753],[-76.870294,40.248785000000034],[-76.878871,40.243999999999964],[-76.892701,40.234575999999976],[-76.895933,40.23547099999999],[-76.9094,40.23517700000002],[-76.906553,40.23696000000003],[-76.90621900000001,40.23779399999994],[-76.907115,40.23832900000001],[-76.918174,40.23277800000002],[-76.936465,40.22889099999999],[-76.937628,40.23225200000004],[-76.942306,40.23053999999999],[-76.944473,40.23494399999998],[-76.940147,40.236468000000016],[-76.942784,40.24289400000007],[-76.944506,40.25044899999998],[-76.954737,40.26924299999998],[-76.959181,40.280285999999975],[-76.976861,40.309857]]]}},{"type":"Feature","properties":{"district":"104","population":54030,"landAreaSqMi":21.6,"topMunicipalities":[{"name":"Swatara","classCode":"first_class_township","populationShare":0.5138607212652864},{"name":"Harrisburg","classCode":"third_class_city","populationShare":0.224304750658942},{"name":"Steelton","classCode":"borough","populationShare":0.11599067642160843},{"name":"Lower Swatara","classCode":"first_class_township","populationShare":0.0654073621490872},{"name":"Highspire","classCode":"borough","populationShare":0.050508785057375126}],"topCounties":[{"name":"Dauphin","geoid":"42043","populationShare":1.0}],"classShares":{"borough":0.1964271659266844,"first_class_township":0.5792680834143735,"third_class_city":0.224304750658942},"medianIncome":65248,"medianHomeValue":157382,"rentBurdenedPct":43.3,"ownerBurdenedPct":19.5,"permitsPer1kPerYear":1.0,"permits5yrTotal":262,"popChange2020to2024Pct":1.1,"parentSenateDistricts":[{"district":"15","overlapShareOfHD":0.9999999999999974,"areaShareOfSD":0.09004333343105947}]},"geometry":{"type":"Polygon","coordinates":[[[-76.878746,40.258073999999986],[-76.87711,40.26073600000001],[-76.868787,40.26306],[-76.870977,40.26775799999999],[-76.864779,40.270803],[-76.861189,40.270126999999974],[-76.852763,40.27235400000002],[-76.852293,40.271363999999984],[-76.85065500000002,40.271920000000044],[-76.85113,40.27315200000003],[-76.850107,40.27321599999999],[-76.847648,40.27258099999999],[-76.842365,40.272999000000034],[-76.842379,40.27243200000001],[-76.838284,40.27173799999998],[-76.838853,40.27071699999998],[-76.836867,40.26731799999999],[-76.82142500000002,40.26692299999998],[-76.80334,40.26881699999998],[-76.785703,40.27264499999998],[-76.786349,40.27525400000002],[-76.778557,40.27578099999998],[-76.77682100000001,40.27433799999997],[-76.77073,40.27513800000001],[-76.747607,40.27225899999998],[-76.746194,40.269492],[-76.739398,40.270426],[-76.738271,40.26923400000001],[-76.738315,40.26389400000002],[-76.737226,40.263448999999966],[-76.734015,40.263956],[-76.729895,40.266427000000014],[-76.728039,40.266262999999974],[-76.725706,40.26182800000005],[-76.727977,40.25951700000002],[-76.73448700000002,40.25581699999999],[-76.736807,40.252790999999974],[-76.736981,40.25124800000001],[-76.771642,40.25225300000005],[-76.783587,40.24289100000003],[-76.787063,40.241279000000006],[-76.78748300000001,40.23943399999999],[-76.789375,40.23779800000002],[-76.801792,40.21748899999998],[-76.79594,40.214347999999966],[-76.796498,40.21326099999997],[-76.793572,40.21425399999997],[-76.786126,40.215048000000024],[-76.785999,40.214557000000056],[-76.778918,40.214888999999985],[-76.754869,40.210891],[-76.736065,40.21018500000004],[-76.735421,40.20673],[-76.741273,40.20456899999999],[-76.73593500000001,40.19788000000001],[-76.738495,40.196726000000034],[-76.741586,40.19660000000001],[-76.745124,40.187577000000005],[-76.733053,40.185019999999994],[-76.756379,40.17705199999999],[-76.763034,40.178955],[-76.774014,40.184090999999995],[-76.787668,40.19155],[-76.795384,40.197340000000004],[-76.800585,40.200110999999985],[-76.819019,40.20096399999996],[-76.824696,40.202318999999974],[-76.828859,40.20501999999995],[-76.83306600000002,40.216079999999984],[-76.838453,40.22090700000001],[-76.84073,40.22204799999999],[-76.859378,40.22647800000002],[-76.866473,40.23115700000003],[-76.872929,40.237313999999955],[-76.878707,40.243889000000024],[-76.870294,40.248785000000034],[-76.862015,40.251753],[-76.862837,40.25466199999998],[-76.864004,40.255221000000006],[-76.862264,40.255531000000026],[-76.865667,40.25603199999996],[-76.874128,40.25564000000004],[-76.878746,40.258073999999986]]]}},{"type":"Feature","properties":{"district":"105","population":55906,"landAreaSqMi":27.2,"topMunicipalities":[{"name":"Susquehanna","classCode":"first_class_township","populationShare":0.4806091771410077},{"name":"Lower Paxton","classCode":"second_class_township","populationShare":0.4610782631502846},{"name":"Penbrook","classCode":"borough","populationShare":0.05831255970870772}],"topCounties":[{"name":"Dauphin","geoid":"42043","populationShare":1.0}],"classShares":{"borough":0.05831255970870772,"first_class_township":0.4806091771410077,"second_class_township":0.4610782631502846},"medianIncome":85828,"medianHomeValue":237396,"rentBurdenedPct":42.4,"ownerBurdenedPct":19.0,"permitsPer1kPerYear":4.4,"permits5yrTotal":1243,"popChange2020to2024Pct":4.3,"parentSenateDistricts":[{"district":"15","overlapShareOfHD":1.0000000000000027,"areaShareOfSD":0.09752103967091003}]},"geometry":{"type":"Polygon","coordinates":[[[-76.921519,40.30284899999998],[-76.916954,40.31243199999995],[-76.913485,40.31754800000003],[-76.91180000000001,40.32263399999997],[-76.913335,40.32760599999998],[-76.914183,40.32875800000001],[-76.91497,40.32848400000003],[-76.91727000000002,40.33271500000001],[-76.921206,40.33639099999996],[-76.910291,40.34308599999999],[-76.909361,40.344120999999966],[-76.91021,40.34574299999997],[-76.90800100000001,40.346626],[-76.90205,40.34617000000001],[-76.89966900000002,40.343975999999955],[-76.90041,40.34582799999996],[-76.896678,40.34795100000002],[-76.889435,40.342516],[-76.887551,40.338605999999984],[-76.854911,40.34818899999995],[-76.847685,40.33198399999999],[-76.838296,40.33498299999999],[-76.816158,40.33692200000002],[-76.805803,40.34113600000001],[-76.804001,40.331242000000074],[-76.80077,40.32612700000002],[-76.797448,40.325530999999955],[-76.798806,40.320240999999996],[-76.79682900000002,40.316328000000006],[-76.805437,40.306787],[-76.801951,40.30548600000003],[-76.788856,40.305115000000036],[-76.785708,40.302783000000034],[-76.780803,40.30329499999997],[-76.779614,40.299719],[-76.780657,40.29833599999999],[-76.775712,40.29394600000004],[-76.768106,40.295663999999995],[-76.76849,40.29721599999999],[-76.767327,40.298345000000005],[-76.75638100000002,40.30076899999999],[-76.755009,40.296990000000015],[-76.75074700000002,40.29086199999997],[-76.741199,40.28579799999998],[-76.742711,40.28466700000004],[-76.744497,40.28595599999996],[-76.746476,40.285718999999965],[-76.746496,40.284845999999995],[-76.743204,40.282920000000004],[-76.743697,40.28116300000002],[-76.747347,40.282545000000006],[-76.748609,40.28206600000001],[-76.748873,40.28091899999999],[-76.747567,40.279009],[-76.74942,40.27771200000001],[-76.747607,40.27225899999998],[-76.77073,40.27513800000001],[-76.77682100000001,40.27433799999997],[-76.778557,40.27578099999998],[-76.786349,40.27525400000002],[-76.785703,40.27264499999998],[-76.80334,40.26881699999998],[-76.814573,40.26721299999997],[-76.835587,40.26719400000004],[-76.836867,40.26731799999999],[-76.838853,40.27071699999998],[-76.838284,40.27173799999998],[-76.842379,40.27243200000001],[-76.842365,40.272999000000034],[-76.847648,40.27258099999999],[-76.85113,40.27315200000003],[-76.85065500000002,40.271920000000044],[-76.852293,40.271363999999984],[-76.852763,40.27235400000002],[-76.85787,40.270954000000025],[-76.86107,40.27785000000002],[-76.867034,40.27617299999999],[-76.869439,40.281090999999925],[-76.876134,40.27948399999996],[-76.878088,40.28363599999999],[-76.881163,40.28305300000003],[-76.882129,40.28920399999996],[-76.880453,40.298433],[-76.879308,40.300443000000016],[-76.87719,40.301255999999995],[-76.877041,40.30227899999997],[-76.879088,40.30412400000003],[-76.878114,40.30860799999996],[-76.879827,40.309041000000015],[-76.87958,40.31008600000001],[-76.880378,40.30993299999997],[-76.882305,40.318626999999985],[-76.880893,40.31864000000004],[-76.88111200000002,40.32098399999999],[-76.883737,40.32129500000002],[-76.887842,40.32450099999999],[-76.888859,40.326240000000006],[-76.895235,40.32575099999999],[-76.893805,40.322093999999986],[-76.89455,40.30582600000002],[-76.893871,40.30572699999999],[-76.893499,40.29975399999999],[-76.921519,40.30284899999998]]]}},{"type":"Feature","properties":{"district":"106","population":67060,"landAreaSqMi":130.9,"topMunicipalities":[{"name":"Derry","classCode":"second_class_township","populationShare":0.37068282217478005},{"name":"Middletown","classCode":"borough","populationShare":0.1426632295335958},{"name":"South Hanover","classCode":"second_class_township","populationShare":0.10776911882923546},{"name":"Lower Swatara","classCode":"first_class_township","populationShare":0.09139612849257671},{"name":"East Hanover","classCode":"second_class_township","populationShare":0.08948699074225012}],"topCounties":[{"name":"Dauphin","geoid":"42043","populationShare":1.0}],"classShares":{"borough":0.22324774844229764,"first_class_township":0.09139612849257671,"second_class_township":0.6853561230651256},"medianIncome":89776,"medianHomeValue":284371,"rentBurdenedPct":41.3,"ownerBurdenedPct":18.8,"permitsPer1kPerYear":1.8,"permits5yrTotal":608,"popChange2020to2024Pct":2.0,"parentSenateDistricts":[{"district":"15","overlapShareOfHD":1.0000000000000013,"areaShareOfSD":0.4552823883449053}]},"geometry":{"type":"Polygon","coordinates":[[[-76.801659,40.217720000000014],[-76.789375,40.23779800000002],[-76.78748300000001,40.23943399999999],[-76.787063,40.241279000000006],[-76.783587,40.24289100000003],[-76.771642,40.25225300000005],[-76.736981,40.25124800000001],[-76.736807,40.252790999999974],[-76.73448700000002,40.25581699999999],[-76.727977,40.25951700000002],[-76.725706,40.26182800000005],[-76.728039,40.266262999999974],[-76.729895,40.266427000000014],[-76.734015,40.263956],[-76.737226,40.263448999999966],[-76.738315,40.26389400000002],[-76.738271,40.26923400000001],[-76.73915000000001,40.270330999999956],[-76.74206500000001,40.27049600000003],[-76.746194,40.269492],[-76.747014,40.270191],[-76.74942,40.27771200000001],[-76.747567,40.279009],[-76.748873,40.28091899999999],[-76.748609,40.28206600000001],[-76.747347,40.282545000000006],[-76.743697,40.28116300000002],[-76.743204,40.282920000000004],[-76.746496,40.284845999999995],[-76.746476,40.285718999999965],[-76.744497,40.28595599999996],[-76.742711,40.28466700000004],[-76.741206,40.28588599999998],[-76.742684,40.28750000000003],[-76.744266,40.29249500000002],[-76.744445,40.300500999999976],[-76.745881,40.30289400000004],[-76.749691,40.30478599999999],[-76.750456,40.307873000000015],[-76.71552,40.31514200000003],[-76.694204,40.316374999999994],[-76.749258,40.444198000000014],[-76.718559,40.45551100000001],[-76.696189,40.465447],[-76.67804,40.474717000000055],[-76.569417,40.195549],[-76.566339,40.19664400000001],[-76.56637400000001,40.196048000000005],[-76.5721,40.19430999999997],[-76.57266200000001,40.195009999999996],[-76.575079,40.194149999999986],[-76.580708,40.19468699999998],[-76.58274300000001,40.190856999999994],[-76.583851,40.19098800000001],[-76.586,40.18954400000001],[-76.588399,40.19055799999998],[-76.594293,40.18907100000003],[-76.59567,40.189735999999996],[-76.596189,40.188826999999996],[-76.599865,40.18826399999996],[-76.60561,40.18996399999999],[-76.608092,40.18940299999995],[-76.607817,40.18844099999999],[-76.609866,40.18807399999997],[-76.612937,40.18548499999999],[-76.61221500000002,40.183945000000044],[-76.614767,40.182452000000055],[-76.614514,40.18181300000002],[-76.615948,40.18060700000002],[-76.618858,40.17941099999998],[-76.621189,40.17984099999995],[-76.625176,40.17805799999997],[-76.62625600000001,40.17825599999999],[-76.62797300000001,40.17508499999999],[-76.632102,40.17061599999995],[-76.633825,40.17009700000004],[-76.634347,40.170995],[-76.637272,40.169364000000016],[-76.636511,40.168157],[-76.63841,40.16673799999999],[-76.640611,40.167269000000026],[-76.644338,40.16479400000001],[-76.653104,40.166049999999984],[-76.654936,40.16394500000004],[-76.66098800000002,40.16510099999997],[-76.662043,40.163467000000026],[-76.666209,40.16321000000001],[-76.666569,40.161526],[-76.668531,40.15971100000001],[-76.6728,40.157498999999966],[-76.670563,40.15448700000003],[-76.672209,40.15387399999999],[-76.674223,40.15439999999996],[-76.676299,40.15320800000006],[-76.677209,40.14888600000001],[-76.68061200000001,40.149063000000005],[-76.680859,40.15098600000003],[-76.683151,40.15179499999994],[-76.690135,40.148113999999985],[-76.689939,40.15223799999997],[-76.691676,40.15428700000002],[-76.690971,40.15666700000005],[-76.692316,40.15740999999999],[-76.697352,40.15664000000002],[-76.697641,40.15586600000002],[-76.695594,40.15409700000003],[-76.696186,40.152932],[-76.695576,40.15155699999998],[-76.69615800000001,40.150117000000044],[-76.698916,40.14842399999999],[-76.69932800000001,40.14529599999998],[-76.704548,40.14408599999996],[-76.709865,40.13763699999999],[-76.710013,40.13670800000004],[-76.706999,40.13607000000003],[-76.706626,40.13507299999997],[-76.70929,40.134642000000014],[-76.715907,40.13147899999999],[-76.72162,40.120069999999934],[-76.726887,40.12196500000001],[-76.730278,40.12206900000002],[-76.733496,40.12312200000002],[-76.740557,40.12788000000002],[-76.744021,40.13162899999996],[-76.746196,40.14821099999999],[-76.748219,40.15466800000004],[-76.748112,40.160122000000015],[-76.749694,40.170192],[-76.752331,40.175515000000026],[-76.756379,40.17705199999999],[-76.733053,40.185019999999994],[-76.745124,40.187577000000005],[-76.741586,40.19660000000001],[-76.738495,40.196726000000034],[-76.73593500000001,40.19788000000001],[-76.741273,40.20456899999999],[-76.735421,40.20673],[-76.736065,40.21018500000004],[-76.754869,40.210891],[-76.778918,40.214888999999985],[-76.785999,40.214557000000056],[-76.786126,40.215048000000024],[-76.793572,40.21425399999997],[-76.796498,40.21326099999997],[-76.79594,40.214347999999966],[-76.801659,40.217720000000014]]]}},{"type":"Feature","properties":{"district":"109","population":65055,"landAreaSqMi":483.3,"topMunicipalities":[{"name":"Bloomsburg","classCode":"town","populationShare":0.1983859810929214},{"name":"Berwick","classCode":"borough","populationShare":0.15818922450234424},{"name":"Scott","classCode":"second_class_township","populationShare":0.08526631311966802},{"name":"Briar Creek","classCode":"second_class_township","populationShare":0.04606871109061559},{"name":"Hemlock","classCode":"second_class_township","populationShare":0.03503189608792561}],"topCounties":[{"name":"Columbia","geoid":"42037","populationShare":1.0}],"classShares":{"borough":0.22728460533394823,"second_class_township":0.5743294135731304,"town":0.1983859810929214},"medianIncome":63026,"medianHomeValue":200687,"rentBurdenedPct":37.9,"ownerBurdenedPct":20.3,"permitsPer1kPerYear":1.4,"permits5yrTotal":441,"popChange2020to2024Pct":2.0,"parentSenateDistricts":[{"district":"27","overlapShareOfHD":0.9999999999999973,"areaShareOfSD":0.2888839095577019}]},"geometry":{"type":"Polygon","coordinates":[[[-76.640767,41.155718000000036],[-76.592607,41.15776500000001],[-76.521652,41.21426],[-76.499652,41.23385600000003],[-76.477825,41.250884999999975],[-76.407934,41.30841799999998],[-76.310261,41.310198],[-76.320194,41.21582399999996],[-76.319236,41.208092],[-76.300176,41.17174200000003],[-76.27739,41.13179499999997],[-76.24977,41.13506199999993],[-76.228975,41.13846600000001],[-76.228144,41.051947000000006],[-76.231359,41.050725000000035],[-76.220769,41.00008500000001],[-76.207827,40.94973999999998],[-76.24966100000002,40.915792],[-76.284611,40.88358799999999],[-76.30717,40.80180900000001],[-76.380334,40.775444999999934],[-76.411487,40.83348999999998],[-76.42157,40.833696000000025],[-76.421807,40.833075000000015],[-76.423347,40.833399000000036],[-76.429464,40.83219900000001],[-76.434529,40.832596],[-76.436395,40.831955999999984],[-76.437722,40.83251400000001],[-76.445724,40.83080300000007],[-76.448672,40.831091999999956],[-76.451583,40.83028099999998],[-76.452311,40.830823999999986],[-76.453701,40.829991000000014],[-76.454551,40.83075],[-76.463724,40.828313],[-76.46854,40.827915],[-76.470403,40.82871800000005],[-76.473632,40.82710300000001],[-76.48723600000001,40.826324000000035],[-76.495838,40.82408000000002],[-76.498456,40.82389699999996],[-76.501598,40.824765],[-76.50245800000002,40.831415000000014],[-76.50384,40.83285899999999],[-76.503835,40.83452900000001],[-76.505011,40.835303],[-76.50533700000001,40.83832100000002],[-76.508054,40.84213099999999],[-76.50741100000002,40.84453899999997],[-76.508093,40.84663699999999],[-76.50526,40.84886000000004],[-76.499466,40.850122999999996],[-76.498711,40.85146200000002],[-76.499201,40.852644000000026],[-76.498006,40.85407499999999],[-76.499992,40.85608100000002],[-76.500539,40.85946499999995],[-76.502481,40.861769000000024],[-76.507429,40.863544],[-76.508434,40.86954699999998],[-76.509859,40.87071599999996],[-76.509214,40.87420799999999],[-76.503843,40.87842200000001],[-76.504079,40.880812999999975],[-76.506625,40.882859],[-76.528024,40.88261299999999],[-76.52468900000001,40.91522099999993],[-76.52561,40.916973999999996],[-76.528188,40.91824500000001],[-76.528213,40.91912099999996],[-76.52673,40.92071200000002],[-76.52224,40.92274300000001],[-76.520138,40.92663399999994],[-76.52178,40.931653000000004],[-76.523771,40.93416599999999],[-76.526393,40.934892999999995],[-76.529395,40.940143000000006],[-76.512421,40.946102000000025],[-76.515868,40.95025499999996],[-76.516273,40.95252100000001],[-76.514577,40.956619000000025],[-76.51490800000002,40.95889299999995],[-76.521041,40.963916],[-76.521815,40.967064],[-76.524967,40.96768799999997],[-76.529019,40.973083999999965],[-76.56523300000002,40.99981199999999],[-76.566208,41.00858699999999],[-76.562847,41.02344700000002],[-76.562263,41.034214000000006],[-76.569915,41.053760999999994],[-76.618971,41.063759000000005],[-76.616133,41.068283000000015],[-76.618216,41.074211000000034],[-76.615356,41.07954199999999],[-76.617898,41.081358000000016],[-76.62065000000001,41.08527099999997],[-76.620683,41.08965600000002],[-76.624712,41.10417100000005],[-76.640767,41.155718000000036]]]}},{"type":"Feature","properties":{"district":"110","population":62996,"landAreaSqMi":965.6,"topMunicipalities":[{"name":"Sayre","classCode":"borough","populationShare":0.08641818407025623},{"name":"Athens","classCode":"second_class_township","populationShare":0.08200520553029828},{"name":"Tunkhannock","classCode":"second_class_township","populationShare":0.06314686558256428},{"name":"Athens","classCode":"borough","populationShare":0.05174931669159347},{"name":"Towanda","classCode":"borough","populationShare":0.04438376977598023}],"topCounties":[{"name":"Bradford","geoid":"42015","populationShare":0.5860848365848766},{"name":"Wyoming","geoid":"42131","populationShare":0.41391516341512347}],"classShares":{"borough":0.29816178387061393,"second_class_township":0.701838216129386},"medianIncome":66679,"medianHomeValue":194366,"rentBurdenedPct":33.5,"ownerBurdenedPct":18.6,"permitsPer1kPerYear":1.2,"permits5yrTotal":383,"popChange2020to2024Pct":-0.8,"parentSenateDistricts":[{"district":"23","overlapShareOfHD":0.5882964101941432,"areaShareOfSD":0.13419811378379284},{"district":"20","overlapShareOfHD":0.4117035898058602,"areaShareOfSD":0.15052651137203818}]},"geometry":{"type":"Polygon","coordinates":[[[-76.63810900000001,42.000721999999975],[-76.41807700000001,41.998594999999966],[-76.304101,41.99831799999997],[-76.145519,41.99884200000002],[-76.125649,41.78086300000001],[-76.125899,41.770613999999995],[-76.124618,41.766915000000054],[-76.12151100000001,41.733202000000006],[-76.114224,41.64338499999999],[-76.087245,41.64473000000001],[-76.014304,41.64426900000001],[-75.986304,41.64480099999999],[-75.87900900000001,41.64346200000001],[-75.86865,41.64435699999998],[-75.79222000000001,41.64205],[-75.767924,41.643409],[-75.71988700000001,41.642262999999936],[-75.720661,41.63941000000001],[-75.718608,41.637868999999974],[-75.718774,41.63611300000005],[-75.721697,41.63457800000002],[-75.72857600000002,41.63563399999995],[-75.77429000000001,41.57404800000005],[-75.769297,41.56846599999998],[-75.787503,41.543531000000016],[-75.80323,41.52422699999998],[-75.771626,41.50579299999996],[-75.834555,41.426912],[-75.839287,41.42463299999996],[-75.901405,41.40956299999999],[-75.98327,41.39106300000001],[-76.00507,41.384550999999995],[-76.14616900000001,41.38024000000001],[-76.282799,41.377244000000005],[-76.228131,41.51113700000002],[-76.22386600000002,41.52454400000002],[-76.220073,41.541277999999984],[-76.469545,41.56150100000001],[-76.493444,41.60416599999999],[-76.403401,41.68095500000001],[-76.423481,41.74819999999999],[-76.42876300000002,41.749633000000024],[-76.432606,41.75318499999999],[-76.440732,41.766113999999995],[-76.441584,41.76558699999998],[-76.441113,41.75780899999996],[-76.450948,41.75752000000001],[-76.45306700000002,41.75661699999998],[-76.453627,41.77335200000002],[-76.455927,41.775868000000024],[-76.453858,41.77696499999999],[-76.455877,41.779011000000004],[-76.442804,41.78575399999997],[-76.441235,41.78188000000003],[-76.440739,41.77721299999998],[-76.438953,41.780083999999995],[-76.438837,41.78199000000001],[-76.440039,41.786544000000006],[-76.444766,41.79390999999998],[-76.449301,41.79708800000003],[-76.45528300000001,41.799692000000015],[-76.460562,41.80090700000001],[-76.467318,41.800225],[-76.469438,41.80103399999995],[-76.471492,41.80345500000001],[-76.475336,41.80504199999997],[-76.48045400000001,41.80569199999997],[-76.484128,41.80495499999998],[-76.489434,41.806688999999984],[-76.494186,41.80951600000003],[-76.520683,41.79554200000001],[-76.548672,41.79453699999999],[-76.556052,41.89143099999997],[-76.554838,41.90916200000002],[-76.633706,41.906947],[-76.63810900000001,42.000721999999975]]]}},{"type":"Feature","properties":{"district":"113","population":59017,"landAreaSqMi":158.3,"topMunicipalities":[{"name":"Scranton","classCode":"second_class_a_city","populationShare":0.7530381239947384},{"name":"Spring Brook","classCode":"second_class_township","populationShare":0.04674907827777133},{"name":"Madison","classCode":"second_class_township","populationShare":0.040361110713175594},{"name":"Roaring Brook","classCode":"second_class_township","populationShare":0.039276681206188435},{"name":"Covington","classCode":"second_class_township","populationShare":0.03812447485501459}],"topCounties":[{"name":"Lackawanna","geoid":"42069","populationShare":1.0}],"classShares":{"borough":0.030923185160178546,"second_class_a_city":0.7530381239947384,"second_class_township":0.21603869084508315},"medianIncome":59168,"medianHomeValue":163780,"rentBurdenedPct":43.5,"ownerBurdenedPct":22.0,"permitsPer1kPerYear":0.7,"permits5yrTotal":208,"popChange2020to2024Pct":-0.0,"parentSenateDistricts":[{"district":"40","overlapShareOfHD":0.9070879297569546,"areaShareOfSD":0.13538986614435633},{"district":"22","overlapShareOfHD":0.09291207024304775,"areaShareOfSD":0.052016127475928264}]},"geometry":{"type":"Polygon","coordinates":[[[-75.707236,41.38319599999995],[-75.700585,41.38515300000004],[-75.695263,41.385262999999966],[-75.693949,41.386178999999984],[-75.69415900000001,41.388042000000006],[-75.692414,41.389669999999995],[-75.68697300000001,41.38889099999999],[-75.682586,41.392139],[-75.678102,41.39371200000001],[-75.68809700000001,41.398646000000056],[-75.68916,41.39626],[-75.701689,41.40235599999999],[-75.69993400000001,41.40440099999994],[-75.69696600000002,41.402971999999984],[-75.693699,41.40672300000001],[-75.700517,41.41010300000004],[-75.70019,41.41216200000001],[-75.698396,41.412793999999984],[-75.69793200000001,41.414922999999995],[-75.695771,41.41749499999998],[-75.69657,41.41788100000001],[-75.69422500000002,41.419315999999995],[-75.684555,41.4146],[-75.679681,41.420255999999995],[-75.66952,41.41556200000001],[-75.664504,41.41418399999997],[-75.662832,41.41541],[-75.66017000000001,41.414242999999956],[-75.655955,41.41634600000004],[-75.651213,41.41589799999999],[-75.649704,41.41679399999995],[-75.618065,41.40115999999998],[-75.625149,41.392720999999966],[-75.582241,41.39407700000003],[-75.543209,41.427616],[-75.524268,41.41544199999998],[-75.528432,41.411787999999994],[-75.527538,41.39658300000005],[-75.524289,41.39009200000001],[-75.51614300000001,41.394251000000004],[-75.515195,41.380569],[-75.493872,41.381335999999976],[-75.493163,41.38826300000001],[-75.448179,41.387684999999955],[-75.441421,41.26005300000002],[-75.440389,41.25813000000003],[-75.442964,41.25702099999999],[-75.445234,41.25453299999999],[-75.447284,41.25372099999998],[-75.450367,41.25373900000001],[-75.451316,41.25232899999999],[-75.45350700000002,41.25239599999998],[-75.453879,41.254291],[-75.45574800000001,41.254519999999985],[-75.457682,41.251712],[-75.458949,41.25119900000002],[-75.461085,41.24726800000001],[-75.463021,41.24683600000003],[-75.46776,41.24789699999998],[-75.469017,41.24417900000004],[-75.470537,41.243321999999985],[-75.476801,41.24512599999998],[-75.477487,41.24714700000002],[-75.47905800000001,41.24623399999998],[-75.481488,41.24701899999995],[-75.484528,41.24594700000006],[-75.484116,41.244218],[-75.485059,41.242647999999996],[-75.491205,41.241872000000036],[-75.492959,41.24330700000003],[-75.496057,41.24294800000005],[-75.500818,41.23638799999996],[-75.50221,41.23647000000002],[-75.504664,41.23507900000002],[-75.50622100000001,41.232128999999986],[-75.508345,41.232949],[-75.509252,41.22798899999993],[-75.510758,41.22514499999994],[-75.51461,41.222096999999984],[-75.516671,41.21927200000002],[-75.523057,41.22256099999996],[-75.525686,41.223071999999995],[-75.52676800000002,41.223811000000005],[-75.526719,41.225071999999976],[-75.529356,41.22659100000002],[-75.53507,41.22503299999999],[-75.539846,41.22546099999999],[-75.543886,41.22359599999998],[-75.54440900000002,41.22183700000001],[-75.550976,41.21532000000001],[-75.551733,41.21315400000001],[-75.55401700000002,41.21168000000002],[-75.555158,41.20899399999998],[-75.554723,41.20765],[-75.55925500000001,41.206947999999976],[-75.560074,41.20505200000004],[-75.562641,41.20535500000002],[-75.565766,41.201150999999996],[-75.56713300000001,41.20069399999997],[-75.566945,41.19961399999997],[-75.56974,41.19874400000001],[-75.569666,41.197123000000026],[-75.57090300000002,41.195361000000005],[-75.569159,41.19365799999995],[-75.57058100000002,41.19261500000003],[-75.570211,41.19113000000003],[-75.573003,41.189989999999995],[-75.576371,41.18655099999999],[-75.575544,41.18061000000006],[-75.576653,41.177857],[-75.582724,41.176745000000025],[-75.588167,41.172528999999955],[-75.594537,41.171504999999996],[-75.598302,41.17243200000001],[-75.598026,41.168289000000044],[-75.59633500000001,41.16582100000001],[-75.597028,41.16338499999996],[-75.598338,41.16328799999997],[-75.600759,41.16148399999998],[-75.602639,41.16170100000003],[-75.604077,41.16325000000001],[-75.607216,41.164193999999995],[-75.611717,41.164186999999984],[-75.615117,41.168258999999985],[-75.613854,41.169077999999956],[-75.61506000000001,41.17106099999997],[-75.614462,41.17170400000001],[-75.616024,41.17262200000003],[-75.619342,41.17083800000001],[-75.622896,41.170869],[-75.624054,41.16975000000001],[-75.631843,41.169669],[-75.634478,41.17044800000002],[-75.634907,41.17137999999997],[-75.636789,41.17139199999997],[-75.637812,41.17458299999999],[-75.639431,41.17618699999996],[-75.642331,41.175748],[-75.643762,41.17655100000001],[-75.64448,41.179472],[-75.6438,41.182480999999974],[-75.646729,41.185995],[-75.646671,41.18724199999998],[-75.649233,41.187172999999945],[-75.652273,41.25738299999998],[-75.679304,41.264300999999996],[-75.67934400000001,41.28796000000004],[-75.689661,41.28778500000003],[-75.690824,41.304334999999995],[-75.69412000000001,41.30410999999996],[-75.694959,41.31757700000002],[-75.687841,41.317836000000014],[-75.688606,41.339445999999995],[-75.683242,41.33894199999997],[-75.668224,41.3691],[-75.67448400000002,41.37190400000003],[-75.676443,41.369479999999996],[-75.689177,41.37562900000002],[-75.691375,41.37145899999998],[-75.701495,41.377770999999996],[-75.707236,41.38319599999995]]]}},{"type":"Feature","properties":{"district":"114","population":65677,"landAreaSqMi":112.5,"topMunicipalities":[{"name":"Scranton","classCode":"second_class_a_city","populationShare":0.48162816552560356},{"name":"South Abington","classCode":"second_class_township","populationShare":0.14515020408413637},{"name":"Dickson City","classCode":"borough","populationShare":0.0916914433016541},{"name":"Clarks Summit","classCode":"borough","populationShare":0.07701350385582312},{"name":"Scott","classCode":"second_class_township","populationShare":0.07057287275044292}],"topCounties":[{"name":"Lackawanna","geoid":"42069","populationShare":1.0}],"classShares":{"borough":0.1929753159091937,"second_class_a_city":0.48162816552560356,"second_class_township":0.32539651856520274},"medianIncome":74152,"medianHomeValue":209849,"rentBurdenedPct":47.0,"ownerBurdenedPct":22.8,"permitsPer1kPerYear":0.8,"permits5yrTotal":278,"popChange2020to2024Pct":0.0,"parentSenateDistricts":[{"district":"22","overlapShareOfHD":1.0000000000000004,"areaShareOfSD":0.3996986837496362}]},"geometry":{"type":"Polygon","coordinates":[[[-75.77429000000001,41.57404800000005],[-75.72857600000002,41.63563399999995],[-75.721697,41.63457800000002],[-75.718774,41.63611300000005],[-75.718608,41.637868999999974],[-75.720661,41.63941000000001],[-75.71988700000001,41.642262999999936],[-75.531276,41.641658999999954],[-75.570982,41.544944000000015],[-75.570421,41.54459900000002],[-75.584483,41.527342999999966],[-75.585318,41.523357999999995],[-75.605249,41.507844],[-75.6061,41.50839899999998],[-75.615799,41.49987200000004],[-75.63207,41.48744500000001],[-75.606611,41.47071999999999],[-75.607541,41.468169],[-75.604506,41.46730199999998],[-75.608703,41.464160000000014],[-75.61076800000001,41.46349000000002],[-75.614216,41.46367000000003],[-75.61985800000001,41.458876],[-75.622926,41.45318600000002],[-75.625486,41.45046500000001],[-75.634753,41.45088400000004],[-75.63635300000001,41.44972500000001],[-75.622291,41.442732999999954],[-75.64029300000001,41.43037399999998],[-75.647197,41.421707000000005],[-75.651636,41.417739000000005],[-75.649704,41.41679399999995],[-75.65057800000001,41.41599599999996],[-75.65492,41.415817000000025],[-75.655955,41.41634600000004],[-75.66007500000002,41.41425900000001],[-75.662832,41.41541],[-75.664504,41.41418399999997],[-75.66952,41.41556200000001],[-75.679681,41.420255999999995],[-75.684555,41.4146],[-75.69422500000002,41.419315999999995],[-75.69657,41.41788100000001],[-75.695771,41.41749499999998],[-75.69793200000001,41.414922999999995],[-75.698396,41.412793999999984],[-75.70019,41.41216200000001],[-75.700517,41.41010300000004],[-75.720016,41.41922099999999],[-75.68620600000001,41.45813499999999],[-75.745445,41.48746299999998],[-75.744547,41.48866599999999],[-75.74524,41.49041900000003],[-75.744783,41.49227399999999],[-75.743025,41.491858999999984],[-75.736256,41.49329799999998],[-75.736948,41.49459399999997],[-75.733111,41.497391000000036],[-75.730557,41.495714],[-75.722904,41.501846],[-75.719522,41.499653],[-75.717406,41.50125899999998],[-75.71989100000002,41.502869000000025],[-75.716653,41.505734],[-75.7183,41.50656200000001],[-75.720079,41.509038999999994],[-75.714975,41.512245],[-75.715623,41.51380200000001],[-75.713943,41.51583900000002],[-75.710743,41.51754100000003],[-75.70956700000002,41.520633000000025],[-75.71532100000002,41.521368999999986],[-75.721741,41.52645700000003],[-75.720448,41.527866000000024],[-75.721082,41.528395000000074],[-75.72007000000002,41.53196099999996],[-75.718126,41.53068200000005],[-75.710596,41.537262999999996],[-75.712961,41.538832999999975],[-75.711866,41.539949],[-75.713792,41.54222700000004],[-75.720333,41.54384999999999],[-75.725061,41.54811899999999],[-75.727176,41.54596700000006],[-75.728556,41.54226100000004],[-75.733529,41.54550799999999],[-75.734904,41.544259000000004],[-75.737719,41.54672000000002],[-75.736946,41.54756699999996],[-75.738846,41.55051399999995],[-75.73828400000001,41.55101299999995],[-75.741671,41.55323200000001],[-75.735695,41.56057199999999],[-75.754906,41.569764],[-75.756687,41.56959699999996],[-75.75992100000002,41.57073300000003],[-75.764499,41.56781700000002],[-75.769422,41.568300999999956],[-75.77429000000001,41.57404800000005]]]}},{"type":"Feature","properties":{"district":"117","population":61704,"landAreaSqMi":496.8,"topMunicipalities":[{"name":"Butler","classCode":"second_class_township","populationShare":0.15710504260011673},{"name":"Salem","classCode":"second_class_township","populationShare":0.06531187555998255},{"name":"Sugarloaf","classCode":"second_class_township","populationShare":0.06341572433404753},{"name":"Freeland","classCode":"borough","populationShare":0.06207059141308509},{"name":"Foster","classCode":"second_class_township","populationShare":0.05565284880222827}],"topCounties":[{"name":"Luzerne","geoid":"42079","populationShare":1.0}],"classShares":{"borough":0.25225293873228977,"second_class_township":0.7477470612677103},"medianIncome":79608,"medianHomeValue":202863,"rentBurdenedPct":30.1,"ownerBurdenedPct":20.8,"permitsPer1kPerYear":1.9,"permits5yrTotal":581,"popChange2020to2024Pct":2.9,"parentSenateDistricts":[{"district":"27","overlapShareOfHD":0.4592813311099341,"areaShareOfSD":0.13668374005081316},{"district":"20","overlapShareOfHD":0.3761371844020907,"areaShareOfSD":0.07063336196403841},{"district":"29","overlapShareOfHD":0.16458148448797966,"areaShareOfSD":0.059653739621619045}]},"geometry":{"type":"Polygon","coordinates":[[[-76.320194,41.21582399999996],[-76.310848,41.30894900000002],[-76.282799,41.377244000000005],[-76.158881,41.37990700000002],[-76.025396,41.383762],[-76.008305,41.347226000000035],[-75.995602,41.33404500000003],[-75.984485,41.340907],[-75.987369,41.34378699999995],[-75.98433399999999,41.345801000000044],[-75.977873,41.339361000000004],[-75.97708100000001,41.34105800000004],[-75.974247,41.340735],[-75.974889,41.340335],[-75.973647,41.33881199999997],[-75.975364,41.33899799999997],[-75.976791,41.33828100000001],[-75.9748,41.336297000000016],[-75.965907,41.341349999999956],[-75.963693,41.33914400000005],[-75.963873,41.33841199999997],[-75.961412,41.33873799999999],[-75.956899,41.33404800000002],[-75.954198,41.33544999999998],[-75.95104600000002,41.332230000000024],[-75.950477,41.332513999999954],[-75.947804,41.32869699999998],[-75.950208,41.32733900000002],[-75.95401,41.330432999999964],[-75.960229,41.32526999999999],[-75.957786,41.32281599999997],[-75.96031,41.32145200000006],[-75.96299,41.324233999999976],[-75.964653,41.32208499999999],[-75.969963,41.31906899999998],[-75.968318,41.31751800000004],[-75.969508,41.31683600000001],[-75.970971,41.31829999999995],[-75.970648,41.31982400000001],[-75.97356,41.32275499999997],[-75.975319,41.32184100000003],[-75.972779,41.31813400000001],[-75.976957,41.31565899999996],[-75.97109300000001,41.30872800000005],[-76.076853,41.25023700000001],[-76.039896,41.212292],[-76.045766,41.20885699999999],[-76.061828,41.204073000000015],[-76.0717,41.19830500000002],[-76.076839,41.196676999999994],[-76.093416,41.181833],[-76.09720800000001,41.18023499999999],[-76.108102,41.17756500000003],[-76.090647,41.14850999999999],[-76.055849,41.15501100000004],[-76.043866,41.15968699999998],[-76.039257,41.15299000000002],[-76.008492,41.16522500000001],[-75.98721700000002,41.16726800000001],[-75.982279,41.166613000000055],[-75.97342700000002,41.16840399999999],[-75.963698,41.152378],[-75.977514,41.14723999999996],[-75.967354,41.13324399999998],[-75.956358,41.11021299999997],[-75.927785,41.088479000000035],[-75.900492,41.097584000000026],[-75.85534000000001,41.118976],[-75.855557,41.125174],[-75.836567,41.12488100000001],[-75.83583,41.14178600000002],[-75.812507,41.14142199999993],[-75.812076,41.15149699999997],[-75.77032700000001,41.15109600000004],[-75.769039,41.12126599999997],[-75.766488,41.11965900000001],[-75.764915,41.11960400000003],[-75.76126800000002,41.12063500000003],[-75.756247,41.12432999999998],[-75.755967,41.12029600000001],[-75.752395,41.12041899999999],[-75.759883,41.11711],[-75.75983,41.11094399999999],[-75.763105,41.10821700000001],[-75.766633,41.106683999999994],[-75.767203,41.105159999999984],[-75.768274,41.105113000000024],[-75.766767,41.09360100000001],[-75.767567,41.09176899999998],[-75.765607,41.08467399999996],[-75.771989,41.07680600000002],[-75.770073,41.068963999999994],[-75.770276,41.061933],[-75.771536,41.06112100000001],[-75.770398,41.05034600000001],[-75.765723,41.044115999999974],[-75.761319,41.04121800000002],[-75.76117,41.03841600000001],[-75.759204,41.036691],[-75.757734,41.031625],[-75.74321,41.03150599999998],[-75.740106,41.02980199999998],[-75.738516,41.02430899999997],[-75.738464,41.02238199999996],[-75.739277,41.021717999999986],[-75.738643,41.017048999999986],[-75.735742,41.014241999999996],[-75.733767,41.00970800000004],[-75.732183,41.00812400000001],[-75.801201,40.983424000000035],[-75.819237,40.98257800000001],[-75.848539,40.97218500000004],[-75.848024,40.966357000000066],[-75.888009,40.952279],[-75.904749,41.01131799999997],[-75.935193,41.010650999999974],[-75.934817,40.99889400000003],[-75.9447,40.998686000000035],[-75.944864,41.00242399999999],[-75.952978,41.002252000000034],[-75.951439,41.004236],[-75.954546,41.00414700000002],[-75.953171,41.00512],[-75.96206100000002,41.00486500000002],[-75.992015,40.99802300000004],[-76.011673,40.994587999999965],[-76.013165,40.99068299999995],[-76.021996,40.98819999999999],[-76.01609100000002,40.98175500000001],[-76.038117,40.97808900000001],[-76.036699,40.973064999999956],[-76.118527,40.95989899999997],[-76.107975,40.92319799999997],[-76.207827,40.94973999999998],[-76.220769,41.00008500000001],[-76.231359,41.050725000000035],[-76.228144,41.051947000000006],[-76.228975,41.13846600000001],[-76.24977,41.13506199999993],[-76.27739,41.13179499999997],[-76.300176,41.17174200000003],[-76.318011,41.20556199999998],[-76.319236,41.208092],[-76.320194,41.21582399999996]]]}},{"type":"Feature","properties":{"district":"118","population":62010,"landAreaSqMi":111.0,"topMunicipalities":[{"name":"Old Forge","classCode":"borough","populationShare":0.13760683760683767},{"name":"Pittston","classCode":"third_class_city","populationShare":0.12285115303983231},{"name":"Taylor","classCode":"borough","populationShare":0.1009675858732462},{"name":"Moosic","classCode":"borough","populationShare":0.09601677148846953},{"name":"Duryea","classCode":"borough","populationShare":0.08150298338977573}],"topCounties":[{"name":"Luzerne","geoid":"42079","populationShare":0.541590066118368},{"name":"Lackawanna","geoid":"42069","populationShare":0.458409933881632}],"classShares":{"borough":0.6537977745524914,"second_class_township":0.22335107240767632,"third_class_city":0.12285115303983231},"medianIncome":68593,"medianHomeValue":181240,"rentBurdenedPct":38.4,"ownerBurdenedPct":18.5,"permitsPer1kPerYear":1.5,"permits5yrTotal":466,"popChange2020to2024Pct":1.8,"parentSenateDistricts":[{"district":"22","overlapShareOfHD":0.9999999999999988,"areaShareOfSD":0.3929256195056206}]},"geometry":{"type":"Polygon","coordinates":[[[-75.841776,41.29789899999999],[-75.807666,41.31621199999999],[-75.804221,41.319023000000044],[-75.81023,41.324842000000004],[-75.80687,41.330014999999975],[-75.805063,41.337742999999996],[-75.800702,41.340386],[-75.794144,41.337439],[-75.795738,41.343979],[-75.80064,41.35027399999997],[-75.80615000000002,41.35547100000001],[-75.807414,41.35823899999997],[-75.803142,41.36636699999995],[-75.79643800000001,41.373134999999984],[-75.795061,41.37644300000007],[-75.795291,41.37815199999995],[-75.797686,41.381534999999985],[-75.80127,41.38351899999997],[-75.80655,41.38518300000002],[-75.819575,41.38751800000003],[-75.830135,41.394414],[-75.832631,41.39993399999999],[-75.831223,41.41780600000001],[-75.832887,41.424397999999975],[-75.834512,41.42696500000004],[-75.771626,41.50579299999996],[-75.80323,41.52422699999998],[-75.787503,41.543531000000016],[-75.769422,41.568300999999956],[-75.764499,41.56781700000002],[-75.759586,41.57074900000006],[-75.756687,41.56959699999996],[-75.754906,41.569764],[-75.735695,41.56057199999999],[-75.741671,41.55323200000001],[-75.73828400000001,41.55101299999995],[-75.738846,41.55051399999995],[-75.736946,41.54756699999996],[-75.737898,41.54692599999997],[-75.734904,41.544259000000004],[-75.733529,41.54550799999999],[-75.728556,41.54226100000004],[-75.727176,41.54596700000006],[-75.725061,41.54811899999999],[-75.720333,41.54384999999999],[-75.713792,41.54222700000004],[-75.711866,41.539949],[-75.712961,41.538832999999975],[-75.710596,41.537262999999996],[-75.718126,41.53068200000005],[-75.72007000000002,41.53196099999996],[-75.721082,41.528395000000074],[-75.720448,41.527866000000024],[-75.721741,41.52645700000003],[-75.71532100000002,41.521368999999986],[-75.70956700000002,41.520633000000025],[-75.710743,41.51754100000003],[-75.713943,41.51583900000002],[-75.715623,41.51380200000001],[-75.714975,41.512245],[-75.720079,41.509038999999994],[-75.7183,41.50656200000001],[-75.716653,41.505734],[-75.71989100000002,41.502869000000025],[-75.717406,41.50125899999998],[-75.719522,41.499653],[-75.722904,41.501846],[-75.730557,41.495714],[-75.733111,41.497391000000036],[-75.736948,41.49459399999997],[-75.736256,41.49329799999998],[-75.743025,41.491858999999984],[-75.744783,41.49227399999999],[-75.744547,41.48866599999999],[-75.745445,41.48746299999998],[-75.68620600000001,41.45813499999999],[-75.720016,41.41922099999999],[-75.693699,41.40672300000001],[-75.69696600000002,41.402971999999984],[-75.69993400000001,41.40440099999994],[-75.701689,41.40235599999999],[-75.68916,41.39626],[-75.68809700000001,41.398646000000056],[-75.678102,41.39371200000001],[-75.682586,41.392139],[-75.68697300000001,41.38889099999999],[-75.692414,41.389669999999995],[-75.69415900000001,41.388042000000006],[-75.693949,41.386178999999984],[-75.695263,41.385262999999966],[-75.700585,41.38515300000004],[-75.707236,41.38319599999995],[-75.701495,41.377770999999996],[-75.691375,41.37145899999998],[-75.689177,41.37562900000002],[-75.676443,41.369479999999996],[-75.67448400000002,41.37190400000003],[-75.668224,41.3691],[-75.683242,41.33894199999997],[-75.688606,41.339445999999995],[-75.687841,41.317836000000014],[-75.694959,41.31757700000002],[-75.69412000000001,41.30410999999996],[-75.690824,41.304334999999995],[-75.689661,41.28778500000003],[-75.67934400000001,41.28796000000004],[-75.679304,41.264300999999996],[-75.652273,41.25738299999998],[-75.729672,41.25505400000003],[-75.841776,41.29789899999999]]]}},{"type":"Feature","properties":{"district":"120","population":63078,"landAreaSqMi":88.5,"topMunicipalities":[{"name":"Kingston","classCode":"borough","populationShare":0.21137301679000944},{"name":"Dallas","classCode":"second_class_township","populationShare":0.1448839721325954},{"name":"Kingston","classCode":"second_class_township","populationShare":0.11276503925803161},{"name":"Exeter","classCode":"borough","populationShare":0.08741549648092026},{"name":"Swoyersville","classCode":"borough","populationShare":0.07948881018413761}],"topCounties":[{"name":"Luzerne","geoid":"42079","populationShare":1.0}],"classShares":{"borough":0.6039500823244726,"second_class_township":0.3960499176755274},"medianIncome":75952,"medianHomeValue":190524,"rentBurdenedPct":36.9,"ownerBurdenedPct":20.7,"permitsPer1kPerYear":0.6,"permits5yrTotal":193,"popChange2020to2024Pct":1.4,"parentSenateDistricts":[{"district":"20","overlapShareOfHD":0.9827381948245454,"areaShareOfSD":0.03307409675569543},{"district":"22","overlapShareOfHD":0.017261805175453563,"areaShareOfSD":0.0054495303616317586}]},"geometry":{"type":"Polygon","coordinates":[[[-76.047054,41.26682399999999],[-75.97109300000001,41.30872800000005],[-75.976957,41.31565899999996],[-75.972779,41.31813400000001],[-75.975319,41.32184100000003],[-75.97356,41.32275499999997],[-75.970648,41.31982400000001],[-75.970971,41.31829999999995],[-75.969508,41.31683600000001],[-75.968318,41.31751800000004],[-75.969963,41.31906899999998],[-75.964653,41.32208499999999],[-75.96299,41.324233999999976],[-75.96031,41.32145200000006],[-75.957786,41.32281599999997],[-75.960229,41.32526999999999],[-75.95401,41.330432999999964],[-75.950208,41.32733900000002],[-75.947804,41.32869699999998],[-75.950477,41.332513999999954],[-75.95104600000002,41.332230000000024],[-75.954198,41.33544999999998],[-75.956899,41.33404800000002],[-75.961412,41.33873799999999],[-75.963873,41.33841199999997],[-75.963693,41.33914400000005],[-75.965907,41.341349999999956],[-75.9748,41.336297000000016],[-75.976791,41.33828100000001],[-75.975364,41.33899799999997],[-75.973647,41.33881199999997],[-75.974889,41.340335],[-75.974247,41.340735],[-75.97708100000001,41.34105800000004],[-75.977873,41.339361000000004],[-75.98433399999999,41.345801000000044],[-75.987369,41.34378699999995],[-75.984485,41.340907],[-75.995602,41.33404500000003],[-76.008305,41.347226000000035],[-76.025396,41.383762],[-76.00507,41.384550999999995],[-75.98327,41.39106300000001],[-75.901405,41.40956299999999],[-75.839287,41.42463299999996],[-75.834512,41.42696500000004],[-75.832887,41.424397999999975],[-75.831223,41.41780600000001],[-75.832631,41.39993399999999],[-75.830135,41.394414],[-75.819575,41.38751800000003],[-75.80655,41.38518300000002],[-75.80127,41.38351899999997],[-75.797686,41.381534999999985],[-75.795291,41.37815199999995],[-75.795061,41.37644300000007],[-75.79643800000001,41.373134999999984],[-75.803142,41.36636699999995],[-75.807414,41.35823899999997],[-75.80615000000002,41.35547100000001],[-75.80064,41.35027399999997],[-75.795738,41.343979],[-75.794144,41.337439],[-75.800702,41.340386],[-75.805063,41.337742999999996],[-75.80687,41.330014999999975],[-75.81023,41.324842000000004],[-75.804221,41.319023000000044],[-75.807666,41.31621199999999],[-75.841916,41.297822],[-75.866299,41.28591799999999],[-75.869897,41.283368999999986],[-75.870433,41.27948900000002],[-75.86570700000001,41.27090099999999],[-75.865409,41.268607999999986],[-75.87118400000001,41.261225999999986],[-75.878059,41.255582],[-75.879177,41.25661099999999],[-75.886643,41.250774000000014],[-75.89033,41.254503999999976],[-75.893681,41.252637000000036],[-75.90610000000001,41.26524200000002],[-75.90033400000002,41.26748000000004],[-75.90642400000002,41.273870999999986],[-75.909837,41.27721099999998],[-75.912397,41.275791000000005],[-75.910916,41.27427499999997],[-75.913522,41.272829999999985],[-75.928427,41.28808599999997],[-76.009174,41.243413000000075],[-76.023149,41.257504000000004],[-76.02570600000001,41.258108],[-76.02677,41.25984500000004],[-76.035281,41.263288999999986],[-76.045028,41.262833],[-76.047054,41.26682399999999]]]}},{"type":"Feature","properties":{"district":"121","population":61155,"landAreaSqMi":113.9,"topMunicipalities":[{"name":"Wilkes-Barre","classCode":"third_class_city","populationShare":0.7230316409124354},{"name":"Plains","classCode":"first_class_township","populationShare":0.16109884719156245},{"name":"Wilkes-Barre","classCode":"second_class_township","populationShare":0.05240781620472573},{"name":"Bear Creek","classCode":"second_class_township","populationShare":0.04514757583190267},{"name":"Laurel Run","classCode":"borough","populationShare":0.007848908511160173}],"topCounties":[{"name":"Luzerne","geoid":"42079","populationShare":1.0}],"classShares":{"borough":0.013670182323603968,"first_class_township":0.16109884719156245,"second_class_township":0.10219932957239816,"third_class_city":0.7230316409124354},"medianIncome":54986,"medianHomeValue":131660,"rentBurdenedPct":42.7,"ownerBurdenedPct":19.1,"permitsPer1kPerYear":0.2,"permits5yrTotal":70,"popChange2020to2024Pct":1.0,"parentSenateDistricts":[{"district":"29","overlapShareOfHD":0.7510925950883511,"areaShareOfSD":0.06285437945148468},{"district":"22","overlapShareOfHD":0.2489074049116486,"areaShareOfSD":0.10123006092132969}]},"geometry":{"type":"Polygon","coordinates":[[[-75.928919,41.24153600000002],[-75.92571500000001,41.24149900000002],[-75.922489,41.24273700000003],[-75.916898,41.24783600000002],[-75.913195,41.24965799999997],[-75.90809700000001,41.24975299999999],[-75.90187,41.24790600000002],[-75.89675,41.25174600000004],[-75.894579,41.250316000000026],[-75.892716,41.25166199999997],[-75.893681,41.252637000000036],[-75.89033,41.254503999999976],[-75.886643,41.250774000000014],[-75.879177,41.25661099999999],[-75.878059,41.255582],[-75.87118400000001,41.261225999999986],[-75.865409,41.268607999999986],[-75.86570700000001,41.27090099999999],[-75.870433,41.27948900000002],[-75.869897,41.283368999999986],[-75.866299,41.28591799999999],[-75.841776,41.29789899999999],[-75.729672,41.25505400000003],[-75.652273,41.25738299999998],[-75.649233,41.187172999999945],[-75.646671,41.18724199999998],[-75.646729,41.185995],[-75.6438,41.182480999999974],[-75.64448,41.179472],[-75.643762,41.17655100000001],[-75.642331,41.175748],[-75.639431,41.17618699999996],[-75.637812,41.17458299999999],[-75.636789,41.17139199999997],[-75.634907,41.17137999999997],[-75.634478,41.17044800000002],[-75.631843,41.169669],[-75.624054,41.16975000000001],[-75.622896,41.170869],[-75.619342,41.17083800000001],[-75.616024,41.17262200000003],[-75.614462,41.17170400000001],[-75.61506000000001,41.17106099999997],[-75.613854,41.169077999999956],[-75.615117,41.168258999999985],[-75.611717,41.164186999999984],[-75.607216,41.164193999999995],[-75.604077,41.16325000000001],[-75.602639,41.16170100000003],[-75.600736,41.161496999999976],[-75.601049,41.159528999999964],[-75.6045,41.15610999999996],[-75.603089,41.15214899999999],[-75.607153,41.150261000000064],[-75.609312,41.15005200000002],[-75.61354300000002,41.151272999999996],[-75.615577,41.15070500000004],[-75.614173,41.14516800000002],[-75.616274,41.14302099999993],[-75.621401,41.14108800000003],[-75.62489400000001,41.137953999999965],[-75.628213,41.13721400000003],[-75.627941,41.132623999999986],[-75.62544900000002,41.13186399999998],[-75.62514800000001,41.13090599999999],[-75.627143,41.129914000000035],[-75.628068,41.128287],[-75.63283,41.12794499999996],[-75.63455,41.123018999999985],[-75.64026500000001,41.12682300000004],[-75.64863400000002,41.12542699999999],[-75.64983800000002,41.12177999999999],[-75.654546,41.116565],[-75.656745,41.11602799999995],[-75.658214,41.118551000000004],[-75.65642400000002,41.122931],[-75.656947,41.12411200000002],[-75.661502,41.12922500000002],[-75.665173,41.13027500000001],[-75.666422,41.13361900000001],[-75.67007,41.13370800000001],[-75.674175,41.13264799999998],[-75.67982,41.132868000000016],[-75.685311,41.12985099999996],[-75.689091,41.131202999999985],[-75.693071,41.13097400000001],[-75.696898,41.129662999999944],[-75.700593,41.127323000000004],[-75.703373,41.122059000000014],[-75.705203,41.12148699999998],[-75.707585,41.12265700000003],[-75.70958900000001,41.12210699999999],[-75.707706,41.117259000000004],[-75.708272,41.11586399999999],[-75.71077,41.115836],[-75.71488000000001,41.11804200000001],[-75.716747,41.118129999999994],[-75.72242,41.110276],[-75.724243,41.109169],[-75.728716,41.108356],[-75.733131,41.10288500000004],[-75.738999,41.10224300000003],[-75.74812600000001,41.104267],[-75.753561,41.10336499999998],[-75.754695,41.10164300000002],[-75.753446,41.09876200000002],[-75.753573,41.09608600000003],[-75.758698,41.092213999999984],[-75.761374,41.091698000000015],[-75.763594,41.09385300000001],[-75.766767,41.09360100000001],[-75.768274,41.105113000000024],[-75.767203,41.105159999999984],[-75.766633,41.106683999999994],[-75.763105,41.10821700000001],[-75.75983,41.11094399999999],[-75.759883,41.11711],[-75.752395,41.12041899999999],[-75.755967,41.12029600000001],[-75.756247,41.12432999999998],[-75.76126800000002,41.12063500000003],[-75.764915,41.11960400000003],[-75.766488,41.11965900000001],[-75.769039,41.12126599999997],[-75.77032700000001,41.15109600000004],[-75.84847300000001,41.15182099999998],[-75.850424,41.19746100000005],[-75.928919,41.24153600000002]]]}},{"type":"Feature","properties":{"district":"123","population":65373,"landAreaSqMi":184.9,"topMunicipalities":[{"name":"Pottsville","classCode":"third_class_city","populationShare":0.20457987242439513},{"name":"Schuylkill Haven","classCode":"borough","populationShare":0.08026249369005554},{"name":"Wayne","classCode":"second_class_township","populationShare":0.0801707126795466},{"name":"Butler","classCode":"second_class_township","populationShare":0.07568873999969415},{"name":"Minersville","classCode":"borough","populationShare":0.06716840285744881}],"topCounties":[{"name":"Schuylkill","geoid":"42107","populationShare":1.0}],"classShares":{"borough":0.4163492573386569,"second_class_township":0.37907087023694797,"third_class_city":0.20457987242439513},"medianIncome":65044,"medianHomeValue":122604,"rentBurdenedPct":36.5,"ownerBurdenedPct":17.7,"permitsPer1kPerYear":0.5,"permits5yrTotal":178,"popChange2020to2024Pct":1.3,"parentSenateDistricts":[{"district":"29","overlapShareOfHD":1.0000000000000013,"areaShareOfSD":0.13321676461668816}]},"geometry":{"type":"Polygon","coordinates":[[[-76.469471,40.743207000000005],[-76.179496,40.84766900000002],[-76.173568,40.827606000000046],[-76.204214,40.82381899999996],[-76.216314,40.82098299999997],[-76.210553,40.80269599999997],[-76.199481,40.804629000000006],[-76.197093,40.79665899999996],[-76.194277,40.797152999999945],[-76.19182200000002,40.789766999999976],[-76.18486,40.79137800000006],[-76.180924,40.78162799999994],[-76.200491,40.77706000000002],[-76.20075800000001,40.777678000000016],[-76.223868,40.77205699999997],[-76.219678,40.768637000000005],[-76.082774,40.77140100000001],[-76.057851,40.698766999999975],[-76.125185,40.68575999999997],[-76.113947,40.660160999999995],[-76.115472,40.65904],[-76.120866,40.66285099999997],[-76.12450000000001,40.66160900000002],[-76.119045,40.646958000000005],[-76.116535,40.64865099999996],[-76.117142,40.642603],[-76.114384,40.642870999999964],[-76.114513,40.64417400000002],[-76.108131,40.644580999999995],[-76.106633,40.64427300000001],[-76.10506,40.64061000000001],[-76.111015,40.62874299999998],[-76.120662,40.628840000000004],[-76.122982,40.62944999999994],[-76.124856,40.63255699999996],[-76.127669,40.63327800000003],[-76.137087,40.63056199999998],[-76.1335,40.62531400000004],[-76.155215,40.62633599999995],[-76.16762,40.62096399999998],[-76.168831,40.61886999999999],[-76.178865,40.616251999999974],[-76.200602,40.606985999999935],[-76.155384,40.54495500000001],[-76.160137,40.54044999999996],[-76.163599,40.539988999999984],[-76.171624,40.53494700000002],[-76.185638,40.53555499999999],[-76.191978,40.53372099999999],[-76.196634,40.531264999999976],[-76.21037400000002,40.529374000000004],[-76.218074,40.52901699999998],[-76.23112300000001,40.52421599999999],[-76.234321,40.522074000000046],[-76.24011,40.520528999999954],[-76.298504,40.62244600000004],[-76.282132,40.628931],[-76.329522,40.69274799999999],[-76.319212,40.700636000000024],[-76.304353,40.713885],[-76.300362,40.71531899999997],[-76.31448000000002,40.71999800000001],[-76.353382,40.73083899999996],[-76.37270300000002,40.752115999999994],[-76.376784,40.75362900000001],[-76.380786,40.75066600000005],[-76.381018,40.745762000000035],[-76.382267,40.74476299999998],[-76.38504700000001,40.745231],[-76.388921,40.748384000000016],[-76.389608,40.75256399999995],[-76.394388,40.75305999999998],[-76.400295,40.751926000000026],[-76.405765,40.749739999999974],[-76.411226,40.751296999999965],[-76.415706,40.75173099999997],[-76.428078,40.75037700000003],[-76.431306,40.751167999999964],[-76.43647500000002,40.75109099999999],[-76.438002,40.74971600000002],[-76.440363,40.74990799999999],[-76.441287,40.74907799999999],[-76.444916,40.75016300000002],[-76.447612,40.74905000000001],[-76.449871,40.746534999999966],[-76.453603,40.74456300000003],[-76.460115,40.745122000000045],[-76.46384,40.743528999999974],[-76.469471,40.743207000000005]]]}},{"type":"Feature","properties":{"district":"125","population":72515,"landAreaSqMi":339.6,"topMunicipalities":[{"name":"Lower Paxton","classCode":"second_class_township","populationShare":0.39041557243325997},{"name":"West Hanover","classCode":"second_class_township","populationShare":0.1497475501411513},{"name":"Middle Paxton","classCode":"second_class_township","populationShare":0.06986104512524835},{"name":"Upper Paxton","classCode":"second_class_township","populationShare":0.05528482627459948},{"name":"Halifax","classCode":"second_class_township","populationShare":0.04626604942661042}],"topCounties":[{"name":"Dauphin","geoid":"42043","populationShare":1.0}],"classShares":{"borough":0.14028748757582948,"first_class_township":1.7159964814450615e-05,"second_class_township":0.8596953524593561},"medianIncome":86644,"medianHomeValue":234539,"rentBurdenedPct":32.3,"ownerBurdenedPct":18.0,"permitsPer1kPerYear":2.7,"permits5yrTotal":972,"popChange2020to2024Pct":2.7,"parentSenateDistricts":[{"district":"34","overlapShareOfHD":0.7270730303284118,"areaShareOfSD":0.19446570981158412},{"district":"15","overlapShareOfHD":0.2729269696715886,"areaShareOfSD":0.32700036808358857}]},"geometry":{"type":"Polygon","coordinates":[[[-77.029268,40.389124999999986],[-77.028304,40.391869],[-77.02611,40.39435000000004],[-77.021469,40.39792],[-77.016013,40.39991999999998],[-77.013125,40.402349],[-77.012172,40.404449000000035],[-77.012002,40.40870000000005],[-77.015847,40.41564999999996],[-77.016977,40.42067400000005],[-77.01627,40.42517300000003],[-77.003235,40.42679999999998],[-76.997915,40.43367],[-76.989758,40.43789899999996],[-76.986813,40.441838000000004],[-76.981081,40.446761000000045],[-76.970152,40.45250999999999],[-76.961143,40.45578999999997],[-76.95639200000001,40.45884099999997],[-76.952099,40.46347099999995],[-76.949374,40.46909200000002],[-76.948747,40.481556],[-76.949466,40.484526999999964],[-76.953083,40.49062100000002],[-76.966284,40.49576199999998],[-76.96909,40.49756200000003],[-76.978351,40.50714899999997],[-76.982298,40.51304],[-76.984661,40.515052999999995],[-76.985541,40.525800999999994],[-76.981542,40.531881999999975],[-76.980658,40.53909900000006],[-76.981946,40.54332400000001],[-76.987133,40.55315000000004],[-76.986729,40.55466699999996],[-76.991354,40.56048600000003],[-76.992997,40.56414300000002],[-76.992396,40.56787700000001],[-76.99054,40.57160199999999],[-76.986349,40.57622800000004],[-76.982727,40.57878800000002],[-76.965328,40.58701500000003],[-76.957444,40.594677],[-76.95339,40.60283699999999],[-76.953421,40.617760999999994],[-76.951187,40.62627599999997],[-76.94914800000001,40.62816699999999],[-76.936962,40.612841],[-76.92599,40.609169000000044],[-76.920427,40.604030999999985],[-76.918672,40.60346599999997],[-76.91778,40.60484600000001],[-76.920932,40.60844199999998],[-76.92066,40.61001299999996],[-76.90334200000001,40.611892000000005],[-76.898869,40.610452000000016],[-76.89077,40.61009500000001],[-76.88943800000001,40.61238900000001],[-76.8914,40.61496399999994],[-76.89025400000001,40.616279000000034],[-76.88682200000001,40.617708],[-76.883426,40.61796800000001],[-76.879155,40.61673699999999],[-76.872283,40.61638799999999],[-76.869632,40.61804499999998],[-76.869049,40.62422900000005],[-76.864357,40.62756099999998],[-76.854599,40.625719999999994],[-76.840104,40.62543900000001],[-76.833162,40.627601999999975],[-76.827405,40.633946000000044],[-76.82511900000002,40.63450200000003],[-76.821059,40.63334500000004],[-76.81114,40.63381700000001],[-76.810149,40.634845999999975],[-76.809521,40.64272400000001],[-76.805656,40.646384000000005],[-76.803382,40.64722299999999],[-76.801888,40.646885999999995],[-76.80131200000001,40.64551000000003],[-76.798185,40.64475200000004],[-76.794558,40.641727000000024],[-76.794501,40.64063199999998],[-76.790388,40.640784],[-76.785853,40.641731999999976],[-76.778281,40.64598599999994],[-76.776332,40.645503999999995],[-76.770203,40.64687400000002],[-76.756232,40.648087999999994],[-76.752508,40.650275],[-76.749698,40.653150000000025],[-76.745249,40.65461999999999],[-76.733563,40.65487000000001],[-76.728728,40.653441],[-76.72404,40.65311999999997],[-76.721729,40.653483],[-76.719176,40.65778999999996],[-76.716234,40.65902500000003],[-76.713167,40.65955099999999],[-76.703924,40.655369999999984],[-76.702002,40.65608000000002],[-76.701624,40.65808200000003],[-76.535414,40.555156999999966],[-76.683086,40.471799999999995],[-76.718559,40.45551100000001],[-76.749258,40.444198000000014],[-76.694204,40.316374999999994],[-76.71552,40.31514200000003],[-76.750456,40.307873000000015],[-76.749691,40.30478599999999],[-76.745881,40.30289400000004],[-76.744445,40.300500999999976],[-76.744266,40.29249500000002],[-76.741851,40.28658000000001],[-76.750343,40.290467000000014],[-76.754684,40.296425999999975],[-76.75638100000002,40.30076899999999],[-76.767327,40.298345000000005],[-76.76849,40.29721599999999],[-76.768106,40.295663999999995],[-76.775712,40.29394600000004],[-76.780657,40.29833599999999],[-76.779614,40.299719],[-76.780803,40.30329499999997],[-76.785708,40.302783000000034],[-76.788856,40.305115000000036],[-76.801951,40.30548600000003],[-76.805437,40.306787],[-76.79682900000002,40.316328000000006],[-76.798806,40.320240999999996],[-76.797448,40.325530999999955],[-76.80077,40.32612700000002],[-76.804001,40.331242000000074],[-76.805803,40.34113600000001],[-76.816158,40.33692200000002],[-76.838296,40.33498299999999],[-76.847685,40.33198399999999],[-76.854911,40.34818899999995],[-76.887551,40.338605999999984],[-76.889435,40.342516],[-76.896678,40.34795100000002],[-76.90041,40.34582799999996],[-76.89966900000002,40.343975999999955],[-76.900907,40.34443699999994],[-76.901693,40.34610800000002],[-76.909318,40.346236999999995],[-76.91021,40.34574299999997],[-76.909361,40.344120999999966],[-76.910291,40.34308599999999],[-76.921206,40.33639099999996],[-76.926533,40.341432999999995],[-76.928521,40.34798499999998],[-76.93247500000001,40.35507300000002],[-76.936794,40.35728900000001],[-76.9496,40.358134000000014],[-76.96115,40.35803300000002],[-76.970625,40.356304999999956],[-76.981996,40.35732000000001],[-76.99437,40.356451],[-77.009212,40.358855000000055],[-77.013028,40.362142999999975],[-77.019178,40.36478499999998],[-77.020799,40.36623000000003],[-77.021977,40.374219999999966],[-77.026841,40.380540000000025],[-77.029268,40.389124999999986]]]}},{"type":"Feature","properties":{"district":"128","population":69328,"landAreaSqMi":137.5,"topMunicipalities":[{"name":"Exeter","classCode":"second_class_township","populationShare":0.29803356375929985},{"name":"Amity","classCode":"second_class_township","populationShare":0.19289369983269197},{"name":"Cumru","classCode":"first_class_township","populationShare":0.153388466298507},{"name":"Robeson","classCode":"second_class_township","populationShare":0.10943576614302244},{"name":"Birdsboro","classCode":"borough","populationShare":0.07341874913246114}],"topCounties":[{"name":"Berks","geoid":"42011","populationShare":1.0}],"classShares":{"borough":0.07483231247528652,"first_class_township":0.153388466298507,"second_class_township":0.7717792212262063},"medianIncome":103576,"medianHomeValue":288476,"rentBurdenedPct":43.3,"ownerBurdenedPct":19.8,"permitsPer1kPerYear":1.3,"permits5yrTotal":434,"popChange2020to2024Pct":2.5,"parentSenateDistricts":[{"district":"13","overlapShareOfHD":0.3504396493652766,"areaShareOfSD":0.08047783718737},{"district":"11","overlapShareOfHD":0.24602947721876556,"areaShareOfSD":0.16743347798698663},{"district":"24","overlapShareOfHD":0.2231681862753189,"areaShareOfSD":0.08887718276587539},{"district":"44","overlapShareOfHD":0.1803626871406379,"areaShareOfSD":0.0692942188342268}]},"geometry":{"type":"MultiPolygon","coordinates":[[[[-75.929031,40.312076000000005],[-75.930525,40.31435599999998],[-75.926247,40.31332899999996],[-75.929031,40.312076000000005]]],[[[-75.942391,40.331513999999956],[-75.939261,40.33092299999999],[-75.94130700000001,40.32860400000002],[-75.94209,40.32975799999999],[-75.942391,40.331513999999956]]],[[[-75.990874,40.25853300000002],[-75.994097,40.26326199999997],[-75.988288,40.26373499999995],[-75.982937,40.26678399999997],[-75.98332,40.27144899999999],[-75.976445,40.27382899999999],[-75.974655,40.276273999999994],[-75.973687,40.28136699999996],[-75.972171,40.28196499999997],[-75.970423,40.281534000000015],[-75.967818,40.285201999999984],[-75.95673,40.289118],[-75.951506,40.293243999999994],[-75.948552,40.29803900000001],[-75.944756,40.29834300000003],[-75.942205,40.302302999999995],[-75.938918,40.30424199999998],[-75.933554,40.30515499999997],[-75.929462,40.30884200000001],[-75.92746600000001,40.307530000000064],[-75.925706,40.30855700000001],[-75.924095,40.307895],[-75.924845,40.30369200000001],[-75.923202,40.30114400000006],[-75.920828,40.30002900000001],[-75.918178,40.29740300000002],[-75.914059,40.296442],[-75.918199,40.30192400000003],[-75.91732200000001,40.301222000000024],[-75.917181,40.30181500000001],[-75.922692,40.30673500000002],[-75.920329,40.31116200000003],[-75.919896,40.31902799999999],[-75.92165800000001,40.32142899999997],[-75.91616,40.32328600000002],[-75.910584,40.32314399999999],[-75.898635,40.312627000000006],[-75.895569,40.30838099999998],[-75.893845,40.300820000000044],[-75.888776,40.294435999999955],[-75.87758,40.289445999999984],[-75.87323800000001,40.28967500000005],[-75.86769,40.28879700000002],[-75.86331,40.297928000000056],[-75.8662,40.298939999999945],[-75.865741,40.300785999999974],[-75.868425,40.301719999999996],[-75.870986,40.30135100000001],[-75.873489,40.302486999999964],[-75.874907,40.30413600000001],[-75.877192,40.303411000000004],[-75.878206,40.303814],[-75.874321,40.30879600000004],[-75.8636,40.31768499999997],[-75.85879,40.31882699999999],[-75.853583,40.32431800000003],[-75.849837,40.324537],[-75.849231,40.325033000000005],[-75.85083700000001,40.32632699999999],[-75.849166,40.32771100000001],[-75.848681,40.32690599999999],[-75.848101,40.32725300000004],[-75.849171,40.329286000000025],[-75.84924200000002,40.33388799999996],[-75.846078,40.343673999999965],[-75.849135,40.34422999999999],[-75.849612,40.34794399999997],[-75.857637,40.352318],[-75.84439,40.35818600000002],[-75.836355,40.361102999999986],[-75.830198,40.36236400000002],[-75.81975,40.361371999999974],[-75.81562,40.35666499999999],[-75.815181,40.35210900000001],[-75.813677,40.350111000000034],[-75.805217,40.344344],[-75.799358,40.335277000000005],[-75.784907,40.32738099999999],[-75.777271,40.325625],[-75.77685299999999,40.32699200000003],[-75.75751,40.32386100000003],[-75.69539,40.31070599999997],[-75.67377400000001,40.335789000000005],[-75.638828,40.312771999999974],[-75.695949,40.24236499999998],[-75.743178,40.216721000000035],[-75.854611,40.149260999999974],[-75.873375,40.13710699999998],[-75.943437,40.182675999999965],[-75.919768,40.20283800000002],[-75.934331,40.24472200000001],[-75.950627,40.24490900000005],[-75.975217,40.24903700000003],[-75.985511,40.25207700000005],[-75.989055,40.253289],[-75.990874,40.25853300000002]]]]}},{"type":"Feature","properties":{"district":"130","population":65370,"landAreaSqMi":207.6,"topMunicipalities":[{"name":"Maidencreek","classCode":"second_class_township","populationShare":0.1402325225638672},{"name":"Longswamp","classCode":"second_class_township","populationShare":0.08528376931314062},{"name":"Colebrookdale","classCode":"first_class_township","populationShare":0.07812452195196569},{"name":"Washington","classCode":"second_class_township","populationShare":0.06836469328438122},{"name":"Boyertown","classCode":"borough","populationShare":0.06522869817959312}],"topCounties":[{"name":"Berks","geoid":"42011","populationShare":1.0}],"classShares":{"borough":0.20010708275967573,"first_class_township":0.07812452195196569,"second_class_township":0.7217683952883586},"medianIncome":90670,"medianHomeValue":259919,"rentBurdenedPct":38.5,"ownerBurdenedPct":20.8,"permitsPer1kPerYear":0.8,"permits5yrTotal":260,"popChange2020to2024Pct":2.0,"parentSenateDistricts":[{"district":"24","overlapShareOfHD":0.5713183695108602,"areaShareOfSD":0.3417071132512893},{"district":"11","overlapShareOfHD":0.35897714983953566,"areaShareOfSD":0.3668933121474848},{"district":"48","overlapShareOfHD":0.06970448064960119,"areaShareOfSD":0.01660998224482679}]},"geometry":{"type":"Polygon","coordinates":[[[-75.948205,40.47765],[-75.924202,40.486002],[-75.896632,40.49712400000003],[-75.892855,40.49436000000001],[-75.88911200000001,40.49947199999995],[-75.884428,40.502600999999984],[-75.884306,40.504706999999996],[-75.882454,40.50683999999997],[-75.884278,40.50938699999999],[-75.882122,40.51258899999999],[-75.883205,40.51625600000001],[-75.878094,40.52213899999999],[-75.876087,40.523362],[-75.874647,40.52583800000001],[-75.873189,40.52611499999996],[-75.872106,40.52528400000003],[-75.866393,40.52445399999997],[-75.862855,40.52495299999997],[-75.861058,40.52319599999997],[-75.857742,40.524097],[-75.858757,40.53219799999997],[-75.855947,40.53398200000001],[-75.85130000000001,40.53167899999999],[-75.848791,40.533381],[-75.847304,40.533009000000014],[-75.844412,40.536184999999996],[-75.845652,40.538627999999974],[-75.843105,40.53924700000003],[-75.833402,40.53568899999996],[-75.828518,40.536502999999996],[-75.82560100000002,40.53603000000003],[-75.824045,40.532980999999985],[-75.811318,40.51911499999997],[-75.818421,40.513125],[-75.76885600000001,40.481367000000006],[-75.755788,40.486089999999955],[-75.751213,40.47855599999996],[-75.759725,40.475621999999966],[-75.750141,40.46992000000002],[-75.742793,40.47542100000005],[-75.731438,40.487998000000026],[-75.711629,40.50720700000003],[-75.711831,40.507784999999984],[-75.710793,40.508014000000024],[-75.69981600000001,40.51848299999999],[-75.692715,40.52642799999997],[-75.681609,40.52842500000002],[-75.674921,40.53896999999999],[-75.529813,40.447092000000026],[-75.638828,40.312771999999974],[-75.67377400000001,40.335789000000005],[-75.69539,40.31070599999997],[-75.75751,40.32386100000003],[-75.77685299999999,40.32699200000003],[-75.777271,40.325625],[-75.78538900000001,40.327529999999996],[-75.799358,40.335277000000005],[-75.805217,40.344344],[-75.813677,40.350111000000034],[-75.815181,40.35210900000001],[-75.81562,40.35666499999999],[-75.82005900000001,40.36152299999999],[-75.830198,40.36236400000002],[-75.836355,40.361102999999986],[-75.84433500000002,40.358204999999984],[-75.853356,40.363526999999976],[-75.86411800000002,40.36111199999997],[-75.898635,40.366852],[-75.893744,40.38178200000002],[-75.890402,40.401495],[-75.88421400000001,40.426609999999954],[-75.888626,40.429493000000036],[-75.898988,40.425643],[-75.910818,40.43878399999997],[-75.915934,40.44850299999998],[-75.914772,40.448166000000036],[-75.91548500000002,40.45163700000001],[-75.920916,40.454980000000056],[-75.922851,40.45819300000006],[-75.928459,40.45952699999999],[-75.93417,40.46291900000002],[-75.935576,40.46572999999997],[-75.945795,40.47387100000005],[-75.948205,40.47765]]]}},{"type":"Feature","properties":{"district":"132","population":65520,"landAreaSqMi":34.5,"topMunicipalities":[{"name":"Allentown","classCode":"third_class_city","populationShare":0.46911175839177477},{"name":"South Whitehall","classCode":"first_class_township","populationShare":0.32315512937888713},{"name":"Upper Macungie","classCode":"second_class_township","populationShare":0.20773311222933805}],"topCounties":[{"name":"Lehigh","geoid":"42077","populationShare":1.0}],"classShares":{"first_class_township":0.32315512937888713,"second_class_township":0.20773311222933805,"third_class_city":0.46911175839177477},"medianIncome":94529,"medianHomeValue":326343,"rentBurdenedPct":46.0,"ownerBurdenedPct":23.4,"permitsPer1kPerYear":2.8,"permits5yrTotal":913,"popChange2020to2024Pct":3.9,"parentSenateDistricts":[{"district":"16","overlapShareOfHD":0.758250971952947,"areaShareOfSD":0.04760554216292468},{"district":"14","overlapShareOfHD":0.24174902804705256,"areaShareOfSD":0.04526028852751872}]},"geometry":{"type":"Polygon","coordinates":[[[-75.638919,40.603205],[-75.620263,40.620749],[-75.5295,40.65475000000001],[-75.49468,40.61642800000001],[-75.489295,40.61542499999998],[-75.484383,40.605076],[-75.494888,40.602174000000005],[-75.491558,40.59515600000007],[-75.489454,40.595732],[-75.48838700000002,40.59347999999994],[-75.497941,40.59084500000004],[-75.498423,40.58838399999996],[-75.496901,40.58746599999999],[-75.501189,40.58427600000002],[-75.511286,40.582519000000026],[-75.530304,40.565393],[-75.551391,40.57880800000002],[-75.627739,40.52719100000001],[-75.631928,40.53312499999999],[-75.631544,40.536778000000034],[-75.636573,40.53812500000003],[-75.638438,40.54067200000004],[-75.62739000000002,40.53948299999996],[-75.624308,40.54043399999999],[-75.622271,40.542485999999975],[-75.62078500000001,40.55124399999999],[-75.619434,40.55336400000004],[-75.617782,40.554739000000005],[-75.60900100000002,40.55864199999996],[-75.618912,40.57367500000003],[-75.624086,40.579345],[-75.630807,40.594750000000005],[-75.631974,40.600034000000015],[-75.633482,40.60125800000003],[-75.638919,40.603205]]]}},{"type":"Feature","properties":{"district":"135","population":66711,"landAreaSqMi":20.1,"topMunicipalities":[{"name":"Bethlehem","classCode":"third_class_city","populationShare":0.857864069797379},{"name":"Hanover","classCode":"second_class_township","populationShare":0.14213593020262089}],"topCounties":[{"name":"Northampton","geoid":"42095","populationShare":1.0}],"classShares":{"second_class_township":0.14213593020262089,"third_class_city":0.857864069797379},"medianIncome":73965,"medianHomeValue":266238,"rentBurdenedPct":54.2,"ownerBurdenedPct":20.4,"permitsPer1kPerYear":2.0,"permits5yrTotal":653,"popChange2020to2024Pct":4.5,"parentSenateDistricts":[{"district":"18","overlapShareOfHD":0.73871734121322,"areaShareOfSD":0.05999983223402732},{"district":"14","overlapShareOfHD":0.2612826587867841,"areaShareOfSD":0.02861571197407832}]},"geometry":{"type":"Polygon","coordinates":[[[-75.430404,40.674152000000014],[-75.407702,40.68225700000004],[-75.395799,40.681450000000034],[-75.39535400000001,40.678221999999984],[-75.39284600000002,40.67615599999998],[-75.393306,40.673155999999935],[-75.383736,40.67404099999999],[-75.377617,40.67687200000001],[-75.37433,40.677424000000016],[-75.373046,40.667780000000036],[-75.362385,40.672732000000025],[-75.342712,40.66719799999996],[-75.341777,40.66209200000001],[-75.338239,40.653929999999995],[-75.336261,40.65206599999999],[-75.344498,40.64512500000002],[-75.342292,40.629714000000014],[-75.350192,40.62914600000002],[-75.349391,40.622796],[-75.347405,40.622984],[-75.34700400000001,40.620342000000015],[-75.335624,40.62060199999996],[-75.333955,40.62217400000007],[-75.327636,40.62232399999999],[-75.326295,40.61636499999997],[-75.323583,40.61788400000003],[-75.316582,40.61848500000007],[-75.31226700000002,40.62007399999995],[-75.311224,40.619719],[-75.31204,40.616291999999945],[-75.30888500000002,40.61610399999996],[-75.307544,40.614772999999964],[-75.305689,40.61512000000003],[-75.306063,40.616874999999986],[-75.303421,40.61728200000003],[-75.302996,40.606191000000024],[-75.314023,40.60357299999998],[-75.319478,40.60136099999999],[-75.330804,40.593757],[-75.340085,40.593200000000046],[-75.340413,40.596156999999984],[-75.343645,40.596390000000035],[-75.34452,40.593082999999936],[-75.344241,40.588017],[-75.347142,40.58715700000001],[-75.348227,40.58576700000002],[-75.347358,40.58427999999998],[-75.344133,40.582299000000035],[-75.344987,40.57896100000004],[-75.358821,40.57800399999999],[-75.360415,40.579303999999965],[-75.363216,40.579978000000054],[-75.364261,40.58504800000002],[-75.3617,40.58530799999996],[-75.363155,40.59312499999997],[-75.367519,40.600662999999976],[-75.390635,40.60067699999999],[-75.388559,40.61442299999995],[-75.378125,40.61535800000005],[-75.379608,40.61668999999997],[-75.38304,40.617351],[-75.38414,40.62016299999999],[-75.38315,40.62394400000001],[-75.38884000000002,40.628708999999986],[-75.387464,40.63312199999999],[-75.392476,40.634123999999964],[-75.396949,40.637739000000025],[-75.430122,40.668426999999994],[-75.430404,40.674152000000014]]]}},{"type":"Feature","properties":{"district":"137","population":68985,"landAreaSqMi":46.9,"topMunicipalities":[{"name":"Bethlehem","classCode":"first_class_township","populationShare":0.3770674769607984},{"name":"Palmer","classCode":"second_class_township","populationShare":0.262071975302579},{"name":"Upper Nazareth","classCode":"second_class_township","populationShare":0.11904037062902022},{"name":"Lower Nazareth","classCode":"second_class_township","populationShare":0.1017177643331508},{"name":"Nazareth","classCode":"borough","populationShare":0.08743929805580247}],"topCounties":[{"name":"Northampton","geoid":"42095","populationShare":1.0}],"classShares":{"borough":0.1079075157041435,"first_class_township":0.3770674769607984,"second_class_township":0.515025007335058},"medianIncome":109829,"medianHomeValue":339450,"rentBurdenedPct":42.5,"ownerBurdenedPct":18.5,"permitsPer1kPerYear":3.1,"permits5yrTotal":1065,"popChange2020to2024Pct":2.8,"parentSenateDistricts":[{"district":"18","overlapShareOfHD":0.9737337861294485,"areaShareOfSD":0.18427450285752442},{"district":"14","overlapShareOfHD":0.026266213870549834,"areaShareOfSD":0.00670262176287611}]},"geometry":{"type":"Polygon","coordinates":[[[-75.407702,40.68225700000004],[-75.376568,40.69376499999998],[-75.383432,40.73797800000003],[-75.346016,40.74218899999999],[-75.346503,40.74500900000003],[-75.33863400000001,40.74898799999997],[-75.339102,40.75288000000001],[-75.276117,40.75849800000003],[-75.27582500000001,40.754911999999976],[-75.273153,40.753093999999976],[-75.273997,40.75171000000003],[-75.273509,40.74969999999996],[-75.267673,40.748753000000036],[-75.264162,40.74920599999995],[-75.256176,40.74760500000002],[-75.252824,40.74610400000006],[-75.250591,40.74648299999995],[-75.24979800000001,40.74576799999998],[-75.249545,40.74195499999998],[-75.246568,40.74059799999998],[-75.246808,40.73634799999997],[-75.244505,40.732758000000004],[-75.24354,40.72886899999999],[-75.248427,40.72893899999997],[-75.249504,40.72740500000003],[-75.249547,40.726315],[-75.244655,40.72110900000005],[-75.246211,40.71368299999998],[-75.245706,40.710995000000025],[-75.247052,40.708289000000015],[-75.25202,40.70673399999998],[-75.252629,40.702341999999994],[-75.250723,40.700940000000024],[-75.249376,40.70330900000002],[-75.245873,40.70433799999999],[-75.24277000000001,40.70245599999997],[-75.24064700000001,40.69985900000002],[-75.235741,40.70216900000001],[-75.233354,40.702433000000006],[-75.238497,40.698097000000004],[-75.238496,40.69957800000003],[-75.245687,40.69888799999996],[-75.244955,40.69368],[-75.24341,40.69394600000004],[-75.247904,40.69022500000001],[-75.24887300000002,40.687822999999966],[-75.252374,40.687083999999956],[-75.248081,40.68187299999998],[-75.255654,40.68043400000002],[-75.263323,40.675077000000016],[-75.262041,40.66666000000004],[-75.259468,40.663366],[-75.256721,40.66251699999998],[-75.260138,40.65970700000003],[-75.260304,40.657909999999994],[-75.26387,40.65747799999996],[-75.265838,40.66465800000004],[-75.272036,40.66115000000001],[-75.270087,40.646154],[-75.273983,40.644498999999996],[-75.283738,40.642419],[-75.282692,40.642328],[-75.282207,40.641052000000045],[-75.291861,40.640903000000066],[-75.294825,40.64010000000005],[-75.30182,40.634716999999966],[-75.310823,40.63043400000002],[-75.326693,40.63363600000001],[-75.330354,40.633164999999984],[-75.332554,40.63100900000002],[-75.333797,40.63230999999998],[-75.331456,40.63341899999999],[-75.332781,40.63328999999995],[-75.33509500000001,40.637264999999964],[-75.335814,40.63717300000001],[-75.336365,40.640368],[-75.339296,40.64005000000001],[-75.338397,40.63473400000001],[-75.342927,40.63422800000001],[-75.344498,40.64512500000002],[-75.336261,40.65206599999999],[-75.338239,40.653929999999995],[-75.341777,40.66209200000001],[-75.342712,40.66719799999996],[-75.362385,40.672732000000025],[-75.373046,40.667780000000036],[-75.37433,40.677424000000016],[-75.377617,40.67687200000001],[-75.383736,40.67404099999999],[-75.393306,40.673155999999935],[-75.39284600000002,40.67615599999998],[-75.39535400000001,40.678221999999984],[-75.395799,40.681450000000034],[-75.407702,40.68225700000004]]]}},{"type":"Feature","properties":{"district":"139","population":64076,"landAreaSqMi":599.3,"topMunicipalities":[{"name":"Dingman","classCode":"second_class_township","populationShare":0.1986235095823709},{"name":"Blooming Grove","classCode":"second_class_township","populationShare":0.0857263249890754},{"name":"Lackawaxen","classCode":"second_class_township","populationShare":0.08085710718521753},{"name":"Lake","classCode":"second_class_township","populationShare":0.07619077345652045},{"name":"Salem","classCode":"second_class_township","populationShare":0.06467320057431779}],"topCounties":[{"name":"Pike","geoid":"42103","populationShare":0.6357450527498596},{"name":"Wayne","geoid":"42127","populationShare":0.36425494725014046}],"classShares":{"borough":0.07533241775391726,"second_class_township":0.9246675822460827},"medianIncome":77190,"medianHomeValue":257964,"rentBurdenedPct":40.0,"ownerBurdenedPct":23.1,"permitsPer1kPerYear":4.8,"permits5yrTotal":1531,"popChange2020to2024Pct":5.1,"parentSenateDistricts":[{"district":"20","overlapShareOfHD":0.7342413293455443,"areaShareOfSD":0.17120356399477732},{"district":"40","overlapShareOfHD":0.26575867065445447,"areaShareOfSD":0.15497263508995007}]},"geometry":{"type":"Polygon","coordinates":[[[-75.505607,41.23253900000001],[-75.504664,41.23507900000002],[-75.50221,41.23647000000002],[-75.500818,41.23638799999996],[-75.498688,41.24016300000004],[-75.495323,41.24328399999997],[-75.492959,41.24330700000003],[-75.491205,41.241872000000036],[-75.485059,41.242647999999996],[-75.484116,41.244218],[-75.484528,41.24594700000006],[-75.481488,41.24701899999995],[-75.47905800000001,41.24623399999998],[-75.477487,41.24714700000002],[-75.476801,41.24512599999998],[-75.470537,41.243321999999985],[-75.469017,41.24417900000004],[-75.46776,41.24789699999998],[-75.463021,41.24683600000003],[-75.461085,41.24726800000001],[-75.458949,41.25119900000002],[-75.457682,41.251712],[-75.45574800000001,41.254519999999985],[-75.453879,41.254291],[-75.45350700000002,41.25239599999998],[-75.451316,41.25232899999999],[-75.450367,41.25373900000001],[-75.447284,41.25372099999998],[-75.445234,41.25453299999999],[-75.442964,41.25702099999999],[-75.440389,41.25813000000003],[-75.441421,41.26005300000002],[-75.452267,41.476019000000036],[-75.45729700000001,41.546471000000025],[-75.38876800000001,41.55104899999998],[-75.334902,41.53751599999998],[-75.33624000000002,41.55823499999999],[-75.273821,41.56142400000002],[-75.221384,41.51627600000002],[-75.18688800000001,41.531748000000015],[-75.122048,41.53499299999997],[-75.069559,41.60187399999995],[-75.060012,41.59081300000003],[-75.052934,41.58789400000001],[-75.046825,41.583225000000006],[-75.043904,41.57470200000005],[-75.04049,41.569687999999935],[-75.033592,41.56523799999999],[-75.02805500000001,41.56433900000001],[-75.018804,41.552435999999965],[-75.016128,41.54659199999999],[-75.015976,41.544205],[-75.017503,41.54264200000005],[-75.022226,41.54175599999999],[-75.0247,41.540130999999974],[-75.024543,41.534593000000044],[-75.023217,41.533171],[-75.016797,41.53219499999999],[-75.01113900000001,41.529317999999996],[-75.003212,41.523481000000004],[-75.000749,41.51859700000001],[-75.003668,41.51180799999998],[-75.003578,41.50827700000004],[-75.000255,41.50737499999996],[-74.993795,41.508886],[-74.988004,41.508879000000015],[-74.985907,41.50815699999999],[-74.98424,41.506509000000015],[-74.98227,41.49868500000005],[-74.985645,41.48586500000001],[-74.984716,41.48293099999997],[-74.982476,41.480252999999976],[-74.966984,41.47703699999997],[-74.957433,41.47664400000003],[-74.94808,41.480624999999996],[-74.94604100000001,41.48308699999997],[-74.943415,41.48368100000001],[-74.93312500000002,41.48257699999997],[-74.924092,41.477138000000025],[-74.917966,41.47717299999997],[-74.913035,41.47601699999997],[-74.909181,41.47243600000003],[-74.907939,41.463849000000025],[-74.906553,41.46087600000001],[-74.894768,41.45814500000001],[-74.890169,41.45555799999999],[-74.88915600000001,41.45107199999997],[-74.894855,41.44619099999998],[-74.896399,41.442179],[-74.89566,41.439688000000025],[-74.892625,41.43861700000003],[-74.88901,41.43816500000003],[-74.878303,41.43999999999996],[-74.863142,41.44438700000001],[-74.857653,41.44415600000004],[-74.853909,41.44314599999999],[-74.847869,41.439619000000036],[-74.837477,41.43189699999998],[-74.832032,41.43039099999998],[-74.826341,41.431646000000015],[-74.822584,41.43701400000001],[-74.817995,41.44050499999995],[-74.811505,41.44305500000004],[-74.808242,41.442920000000015],[-74.805158,41.441852999999995],[-74.801132,41.438303000000026],[-74.79925599999999,41.430806000000054],[-74.795091,41.423712999999985],[-74.793115,41.42235599999999],[-74.789097,41.42140900000002],[-74.772707,41.42634200000003],[-74.762401,41.423328000000005],[-74.75858700000002,41.423287000000016],[-74.754471,41.424953000000016],[-74.750936,41.427856999999996],[-74.744776,41.430375999999995],[-74.741456,41.431154000000035],[-74.73873200000001,41.430780999999996],[-74.735131,41.426799999999965],[-74.73466400000001,41.422992999999984],[-74.73818100000001,41.41426800000001],[-74.741069,41.41127800000004],[-74.741763,41.40695399999996],[-74.736812,41.399319000000034],[-74.734571,41.39740199999999],[-74.72902800000001,41.395331000000006],[-74.720126,41.394656999999995],[-74.716358,41.39301999999996],[-74.712521,41.38875899999999],[-74.710969,41.383712999999965],[-74.707996,41.37867899999997],[-74.694104,41.37010499999995],[-74.69003,41.365229000000035],[-74.689952,41.361492999999996],[-74.69774600000001,41.35574800000001],[-74.708493,41.35279599999997],[-74.720741,41.34743800000002],[-74.72837300000002,41.34586599999999],[-74.736204,41.346554999999974],[-74.752398,41.34653600000001],[-74.755705,41.345528999999985],[-74.760327,41.340328000000014],[-74.763008,41.331957000000045],[-74.766639,41.32815699999999],[-74.773471,41.32452000000001],[-74.78413900000001,41.32428500000001],[-74.793216,41.32223599999994],[-74.795778,41.320119],[-74.796178,41.31875899999995],[-74.791999,41.31344199999998],[-74.792171,41.310841000000025],[-74.807428,41.30281200000005],[-74.812033,41.29815800000003],[-74.815606,41.29607299999998],[-74.822477,41.293595000000025],[-74.830027,41.28744100000001],[-74.832123,41.28381499999996],[-74.838762,41.276472],[-74.973256,41.28572699999998],[-75.1157,41.293660999999965],[-75.129721,41.252100999999975],[-75.34372599999999,41.24016399999999],[-75.35995,41.23870700000005],[-75.363697,41.23941600000003],[-75.366585,41.238280999999944],[-75.374627,41.23778299999997],[-75.505607,41.23253900000001]]]}},{"type":"Feature","properties":{"district":"149","population":65268,"landAreaSqMi":27.6,"topMunicipalities":[{"name":"Upper Merion","classCode":"second_class_township","populationShare":0.5251241982053967},{"name":"Lower Merion","classCode":"first_class_township","populationShare":0.37399998569539306},{"name":"Bridgeport","classCode":"borough","populationShare":0.07790910158938097},{"name":"West Conshohocken","classCode":"borough","populationShare":0.022966714509829334}],"topCounties":[{"name":"Montgomery","geoid":"42091","populationShare":1.0}],"classShares":{"borough":0.1008758160992103,"first_class_township":0.37399998569539306,"second_class_township":0.5251241982053967},"medianIncome":138159,"medianHomeValue":570088,"rentBurdenedPct":41.0,"ownerBurdenedPct":19.0,"permitsPer1kPerYear":6.5,"permits5yrTotal":2134,"popChange2020to2024Pct":5.7,"parentSenateDistricts":[{"district":"17","overlapShareOfHD":1.0000000000000047,"areaShareOfSD":0.33798088058387643}]},"geometry":{"type":"Polygon","coordinates":[[[-75.463053,40.09767799999999],[-75.461729,40.10303499999997],[-75.44941400000002,40.10748400000006],[-75.443776,40.10896200000001],[-75.433364,40.110286999999985],[-75.420575,40.10735099999994],[-75.416546,40.10785899999997],[-75.390929,40.117806999999964],[-75.377865,40.11790800000003],[-75.370504,40.11623399999997],[-75.36685,40.11447000000002],[-75.360929,40.11338999999999],[-75.350844,40.109425999999985],[-75.347487,40.10950800000001],[-75.346892,40.11109700000001],[-75.326924,40.105214000000004],[-75.322308,40.10001400000003],[-75.321392,40.09783899999999],[-75.320128,40.081709000000025],[-75.315655,40.074622999999995],[-75.309584,40.070442000000014],[-75.305614,40.06896500000001],[-75.30647,40.063380999999964],[-75.30129200000002,40.05847799999999],[-75.29667700000002,40.050957999999966],[-75.293904,40.050505999999956],[-75.292344,40.04728599999997],[-75.287858,40.04757700000001],[-75.28268300000002,40.04323000000001],[-75.287893,40.04127799999997],[-75.290922,40.04128099999999],[-75.292071,40.04375499999996],[-75.29353700000001,40.04445599999998],[-75.29422,40.04360300000002],[-75.30147,40.040980000000026],[-75.301524,40.03888899999998],[-75.300741,40.03738300000004],[-75.298152,40.038355999999986],[-75.297293,40.03609700000001],[-75.292376,40.03538699999999],[-75.28927600000002,40.032469000000006],[-75.287123,40.031801000000044],[-75.28764,40.02887500000005],[-75.28429600000001,40.024223000000006],[-75.284611,40.021235999999995],[-75.287721,40.01590199999997],[-75.286912,40.00927300000004],[-75.284044,40.00914199999996],[-75.283261,40.00652199999998],[-75.285062,40.00573000000006],[-75.279608,40.00333400000003],[-75.273509,40.00280899999998],[-75.276185,40.001272],[-75.276942,40.000488000000004],[-75.276342,39.99957099999999],[-75.277564,39.999258999999995],[-75.275271,39.99655100000002],[-75.279304,39.989856999999965],[-75.282193,39.99143499999998],[-75.284744,39.989261999999975],[-75.286766,39.98995600000001],[-75.30784000000001,40.01458999999998],[-75.311432,40.01981],[-75.320699,40.01621600000002],[-75.356534,40.06278699999996],[-75.36006900000001,40.06619600000002],[-75.361066,40.06554299999999],[-75.366687,40.07235499999998],[-75.392632,40.060974],[-75.420124,40.09720100000004],[-75.437864,40.089573],[-75.440721,40.094322],[-75.456335,40.08775399999996],[-75.456809,40.09467799999999],[-75.461909,40.09635399999997],[-75.463053,40.09767799999999]]]}},{"type":"Feature","properties":{"district":"142","population":68672,"landAreaSqMi":26.9,"topMunicipalities":[{"name":"Middletown","classCode":"second_class_township","populationShare":0.5392197635572773},{"name":"Lower Southampton","classCode":"second_class_township","populationShare":0.29880977310208506},{"name":"Northampton","classCode":"second_class_township","populationShare":0.07959390942063288},{"name":"Penndel","classCode":"borough","populationShare":0.03650663261047408},{"name":"Langhorne Manor","classCode":"borough","populationShare":0.023095141332354147}],"topCounties":[{"name":"Bucks","geoid":"42017","populationShare":1.0}],"classShares":{"borough":0.0823765539200047,"second_class_township":0.9176234460799952},"medianIncome":109059,"medianHomeValue":428297,"rentBurdenedPct":52.7,"ownerBurdenedPct":21.8,"permitsPer1kPerYear":0.4,"permits5yrTotal":129,"popChange2020to2024Pct":-0.3,"parentSenateDistricts":[{"district":"6","overlapShareOfHD":1.000000000000002,"areaShareOfSD":0.21604950662579248}]},"geometry":{"type":"Polygon","coordinates":[[[-75.029301,40.146508999999945],[-75.008833,40.16685100000002],[-75.000127,40.17096500000001],[-74.998745,40.17145299999998],[-74.983829,40.16323099999998],[-74.976116,40.16739499999999],[-74.96804500000002,40.17382399999999],[-74.971214,40.18380200000003],[-74.970762,40.18772000000004],[-74.971777,40.188319000000014],[-74.957935,40.20169300000002],[-74.967989,40.19865600000006],[-74.96754000000001,40.20227799999999],[-74.972382,40.20298500000002],[-74.97264500000001,40.207488000000026],[-74.951162,40.20820300000003],[-74.947785,40.21168199999999],[-74.94441,40.21145299999996],[-74.94331000000001,40.214175000000004],[-74.916347,40.22103599999996],[-74.910629,40.222041000000026],[-74.902454,40.221339999999955],[-74.887551,40.224735],[-74.876712,40.200010999999996],[-74.874369,40.20053599999997],[-74.870926,40.19269400000003],[-74.86941,40.192728],[-74.869303,40.191880000000054],[-74.869811,40.180573000000045],[-74.879407,40.17898700000006],[-74.885244,40.17642199999999],[-74.897453,40.16717500000001],[-74.89802,40.164264],[-74.884714,40.134247000000045],[-74.887807,40.132134],[-74.898451,40.132235000000016],[-74.900376,40.14064100000001],[-74.907561,40.146631000000035],[-74.90919,40.145481000000025],[-74.912981,40.14903599999996],[-74.918076,40.14572399999999],[-74.92436100000002,40.150989000000024],[-74.928175,40.152883999999986],[-74.931345,40.153515999999954],[-74.935749,40.15275299999999],[-74.943384,40.14807199999998],[-74.949197,40.146183000000036],[-74.957416,40.14582599999998],[-74.95749,40.14800099999998],[-74.970904,40.155785999999964],[-74.997885,40.127816],[-75.029301,40.146508999999945]]]}},{"type":"Feature","properties":{"district":"144","population":61838,"landAreaSqMi":26.2,"topMunicipalities":[{"name":"Warminster","classCode":"second_class_township","populationShare":0.5414812852457003},{"name":"Warrington","classCode":"second_class_township","populationShare":0.41692959312521277},{"name":"New Britain","classCode":"second_class_township","populationShare":0.026727656417618876},{"name":"Ivyland","classCode":"borough","populationShare":0.014861465211468113}],"topCounties":[{"name":"Bucks","geoid":"42017","populationShare":1.0}],"classShares":{"borough":0.014861465211468113,"second_class_township":0.9851385347885319},"medianIncome":109500,"medianHomeValue":439353,"rentBurdenedPct":47.9,"ownerBurdenedPct":21.5,"permitsPer1kPerYear":1.4,"permits5yrTotal":434,"popChange2020to2024Pct":0.9,"parentSenateDistricts":[{"district":"6","overlapShareOfHD":0.922060086235862,"areaShareOfSD":0.19173647419256476},{"district":"10","overlapShareOfHD":0.07793991376413754,"areaShareOfSD":0.009012730470507765}]},"geometry":{"type":"Polygon","coordinates":[[[-75.22842500000002,40.265815999999994],[-75.214246,40.279544999999956],[-75.211121,40.27752099999998],[-75.20532,40.28240500000001],[-75.198704,40.285299999999964],[-75.19835900000001,40.28379899999998],[-75.199733,40.28327899999994],[-75.199769,40.28232699999998],[-75.194717,40.27875299999993],[-75.190098,40.281124000000005],[-75.192781,40.283997000000014],[-75.190883,40.28544300000002],[-75.19207600000001,40.28617300000002],[-75.191497,40.28673200000001],[-75.193828,40.288140999999975],[-75.19105700000001,40.290136000000004],[-75.181483,40.292357],[-75.177815,40.29586800000005],[-75.174285,40.293652],[-75.185457,40.28312900000001],[-75.152016,40.26286799999997],[-75.143495,40.27140399999997],[-75.125785,40.26122300000002],[-75.119091,40.267310000000016],[-75.11673,40.26591699999999],[-75.11213300000001,40.26270200000005],[-75.117162,40.25787999999999],[-75.112466,40.255026000000015],[-75.122519,40.244918],[-75.043802,40.19808699999995],[-75.071198,40.17103199999999],[-75.22842500000002,40.265815999999994]]]}},{"type":"Feature","properties":{"district":"146","population":65212,"landAreaSqMi":38.4,"topMunicipalities":[{"name":"Pottstown","classCode":"borough","populationShare":0.35870698644421245},{"name":"Limerick","classCode":"second_class_township","populationShare":0.31770226338710683},{"name":"Lower Pottsgrove","classCode":"first_class_township","populationShare":0.19011838311967127},{"name":"Royersford","classCode":"borough","populationShare":0.07530822547997301},{"name":"West Pottsgrove","classCode":"first_class_township","populationShare":0.058164141569036404}],"topCounties":[{"name":"Montgomery","geoid":"42091","populationShare":1.0}],"classShares":{"borough":0.43401521192418546,"first_class_township":0.24828252468870765,"second_class_township":0.31770226338710683},"medianIncome":86434,"medianHomeValue":282370,"rentBurdenedPct":53.0,"ownerBurdenedPct":18.4,"permitsPer1kPerYear":2.1,"permits5yrTotal":685,"popChange2020to2024Pct":3.1,"parentSenateDistricts":[{"district":"24","overlapShareOfHD":0.9788884871154149,"areaShareOfSD":0.10870564448310721},{"district":"44","overlapShareOfHD":0.021111512884582125,"areaShareOfSD":0.0022616767907262603}]},"geometry":{"type":"Polygon","coordinates":[[[-75.696782,40.241863],[-75.66453,40.281096999999974],[-75.653447,40.27550600000001],[-75.651768,40.273475],[-75.64858,40.27178200000001],[-75.650807,40.26337299999999],[-75.64018300000001,40.26056200000004],[-75.63446,40.26752199999997],[-75.629015,40.26419599999998],[-75.621428,40.27150600000001],[-75.61553200000002,40.27277500000002],[-75.613081,40.27594399999998],[-75.611157,40.277006],[-75.608387,40.27601],[-75.603094,40.282296],[-75.574674,40.266987000000036],[-75.559434,40.25784799999999],[-75.535695,40.280511000000025],[-75.470617,40.24455900000004],[-75.53958100000001,40.174966000000026],[-75.540986,40.175951],[-75.548655,40.188420000000015],[-75.553391,40.200354],[-75.558474,40.20855500000002],[-75.562351,40.209972],[-75.56451300000002,40.20876699999998],[-75.564906,40.206185],[-75.56253700000002,40.20206600000001],[-75.562433,40.19830099999999],[-75.56664,40.194475999999995],[-75.571185,40.19434599999996],[-75.577189,40.198356999999994],[-75.579735,40.201821000000045],[-75.581492,40.207119000000056],[-75.588217,40.21530000000004],[-75.594747,40.230373000000036],[-75.595971,40.23564199999995],[-75.597765,40.23718300000003],[-75.603221,40.23806999999999],[-75.607258,40.235817999999995],[-75.607468,40.232773],[-75.60370300000001,40.229549],[-75.603173,40.227006000000046],[-75.606629,40.224309],[-75.61237300000002,40.222997000000014],[-75.616038,40.224658000000005],[-75.619998,40.230299999999936],[-75.625998,40.23198599999999],[-75.634769,40.235871000000024],[-75.640254,40.237054000000036],[-75.651074,40.242077],[-75.656815,40.24123599999997],[-75.664036,40.244900000000044],[-75.669599,40.244905000000045],[-75.676934,40.24216300000002],[-75.68501,40.236830999999995],[-75.688115,40.23618600000004],[-75.690554,40.236633000000005],[-75.696782,40.241863]]]}},{"type":"Feature","properties":{"district":"147","population":68533,"landAreaSqMi":94.6,"topMunicipalities":[{"name":"Lower Salford","classCode":"second_class_township","populationShare":0.23344902245930804},{"name":"New Hanover","classCode":"second_class_township","populationShare":0.19371643366271496},{"name":"Franconia","classCode":"second_class_township","populationShare":0.1587284586604526},{"name":"Douglass","classCode":"second_class_township","populationShare":0.1556618645912809},{"name":"Upper Pottsgrove","classCode":"first_class_township","populationShare":0.08687764733562858}],"topCounties":[{"name":"Montgomery","geoid":"42091","populationShare":1.0}],"classShares":{"first_class_township":0.08687764733562858,"second_class_township":0.9131223526643714},"medianIncome":133191,"medianHomeValue":411031,"rentBurdenedPct":39.4,"ownerBurdenedPct":15.8,"permitsPer1kPerYear":3.1,"permits5yrTotal":1079,"popChange2020to2024Pct":4.0,"parentSenateDistricts":[{"district":"24","overlapShareOfHD":0.8808567461166936,"areaShareOfSD":0.2389965288835813},{"district":"12","overlapShareOfHD":0.11914325388330585,"areaShareOfSD":0.07747689106970455}]},"geometry":{"type":"Polygon","coordinates":[[[-75.664505,40.28112899999999],[-75.569274,40.397892000000056],[-75.54359,40.385412000000024],[-75.544347,40.384412],[-75.537096,40.380621000000055],[-75.545312,40.370944],[-75.497173,40.34448500000005],[-75.490613,40.350853999999956],[-75.488682,40.34949500000004],[-75.487461,40.347313],[-75.488743,40.34278900000001],[-75.485935,40.341934999999985],[-75.480641,40.34187299999998],[-75.47375,40.33894999999997],[-75.473986,40.338108000000005],[-75.476634,40.337060000000015],[-75.480775,40.33682799999997],[-75.482009,40.33465100000001],[-75.478153,40.32642000000005],[-75.478466,40.325333999999984],[-75.48151900000002,40.324049],[-75.477389,40.32061000000006],[-75.477485,40.31829700000002],[-75.475376,40.31475499999997],[-75.468619,40.319885000000006],[-75.464609,40.31806699999999],[-75.46194,40.32110300000004],[-75.458164,40.321018000000024],[-75.454354,40.32517800000005],[-75.452359,40.32510000000006],[-75.451106,40.326306000000024],[-75.4476,40.32649599999995],[-75.443192,40.331334999999996],[-75.43587,40.32435799999998],[-75.43529400000001,40.31953799999998],[-75.429211,40.31600499999999],[-75.429527,40.314676999999996],[-75.417666,40.310213],[-75.414925,40.31149199999997],[-75.410427,40.31111699999998],[-75.405798,40.312823],[-75.409139,40.31582600000002],[-75.409316,40.317191],[-75.40033400000002,40.315008999999996],[-75.399792,40.31701299999999],[-75.401623,40.31969199999999],[-75.40123,40.32076500000002],[-75.395185,40.32054399999996],[-75.39477400000001,40.323947999999994],[-75.392993,40.32454299999999],[-75.383884,40.32363599999996],[-75.37990800000001,40.32840300000002],[-75.377632,40.32918599999998],[-75.370821,40.33539200000003],[-75.366255,40.336557000000006],[-75.363582,40.33530700000001],[-75.36112200000001,40.335209000000006],[-75.357394,40.33757199999999],[-75.357339,40.33589999999999],[-75.35893,40.33444200000003],[-75.35918900000001,40.33269],[-75.35720700000002,40.329302000000006],[-75.343957,40.321035000000016],[-75.340014,40.31455000000005],[-75.333856,40.315327],[-75.335076,40.314098000000016],[-75.333784,40.313283999999975],[-75.343422,40.30369399999999],[-75.334544,40.297642999999994],[-75.317678,40.29029200000001],[-75.335986,40.27306600000003],[-75.337428,40.27350299999999],[-75.385776,40.226369000000005],[-75.420179,40.246453999999986],[-75.422311,40.24437199999999],[-75.459194,40.26505500000002],[-75.46461,40.261191],[-75.465383,40.265164999999996],[-75.46692800000001,40.267766000000016],[-75.470023,40.26651399999999],[-75.469466,40.26574299999997],[-75.47061300000001,40.26516600000002],[-75.469534,40.263849000000015],[-75.471745,40.262331999999965],[-75.47034100000002,40.25945400000004],[-75.465539,40.260234999999945],[-75.479682,40.24959599999997],[-75.535695,40.280511000000025],[-75.559434,40.25784799999999],[-75.574674,40.266987000000036],[-75.603094,40.282296],[-75.608387,40.27601],[-75.611157,40.277006],[-75.613081,40.27594399999998],[-75.61553200000002,40.27277500000002],[-75.621428,40.27150600000001],[-75.629015,40.26419599999998],[-75.63446,40.26752199999997],[-75.64018300000001,40.26056200000004],[-75.650807,40.26337299999999],[-75.64858,40.27178200000001],[-75.651768,40.273475],[-75.653447,40.27550600000001],[-75.664505,40.28112899999999]]]}},{"type":"Feature","properties":{"district":"151","population":64046,"landAreaSqMi":31.8,"topMunicipalities":[{"name":"Horsham","classCode":"second_class_township","populationShare":0.4168709840144236},{"name":"Montgomery","classCode":"second_class_township","populationShare":0.2666749567381737},{"name":"Upper Dublin","classCode":"first_class_township","populationShare":0.20993719146409973},{"name":"Ambler","classCode":"borough","populationShare":0.10651686778330309}],"topCounties":[{"name":"Montgomery","geoid":"42091","populationShare":1.0}],"classShares":{"borough":0.10651686778330309,"first_class_township":0.20993719146409973,"second_class_township":0.6835459407525973},"medianIncome":132713,"medianHomeValue":486139,"rentBurdenedPct":43.2,"ownerBurdenedPct":21.1,"permitsPer1kPerYear":2.5,"permits5yrTotal":804,"popChange2020to2024Pct":3.1,"parentSenateDistricts":[{"district":"12","overlapShareOfHD":1.0000000000000002,"areaShareOfSD":0.21763263776667643}]},"geometry":{"type":"Polygon","coordinates":[[[-75.249223,40.225028],[-75.24007,40.23512800000004],[-75.242494,40.23867000000001],[-75.243827,40.24738799999995],[-75.238471,40.252957],[-75.235919,40.258067000000004],[-75.22842500000002,40.265815999999994],[-75.106878,40.19227899999997],[-75.143155,40.15692299999997],[-75.132968,40.15086400000005],[-75.146682,40.137412999999995],[-75.150868,40.13980599999998],[-75.149509,40.140679000000006],[-75.152327,40.14241100000003],[-75.156818,40.139303000000005],[-75.160573,40.14111599999998],[-75.159536,40.14161400000004],[-75.16577,40.14481500000002],[-75.164243,40.14629999999999],[-75.168028,40.14863300000004],[-75.169574,40.147446999999964],[-75.17268600000001,40.15302500000002],[-75.17853,40.14772199999995],[-75.202731,40.16272600000002],[-75.209225,40.15643399999997],[-75.21394,40.15664200000004],[-75.21305900000002,40.15206099999997],[-75.217512,40.14833800000002],[-75.218405,40.14630899999996],[-75.219269,40.14662500000002],[-75.220583,40.14536199999994],[-75.226016,40.14857500000001],[-75.22825100000001,40.153544],[-75.226588,40.15494899999998],[-75.227507,40.157159999999955],[-75.231609,40.15972900000002],[-75.227394,40.16385699999997],[-75.226075,40.163065000000046],[-75.220951,40.16810000000005],[-75.218713,40.16535100000001],[-75.195455,40.188210000000005],[-75.24797700000002,40.22017599999998],[-75.249223,40.225028]]]}},{"type":"Feature","properties":{"district":"152","population":57005,"landAreaSqMi":20.6,"topMunicipalities":[{"name":"Upper Moreland","classCode":"first_class_township","populationShare":0.4570328239669966},{"name":"Lower Moreland","classCode":"first_class_township","populationShare":0.2455413363937375},{"name":"Hatboro","classCode":"borough","populationShare":0.14418119910124536},{"name":"Abington","classCode":"first_class_township","populationShare":0.13243743760001656},{"name":"Bryn Athyn","classCode":"borough","populationShare":0.02075268993025585}],"topCounties":[{"name":"Montgomery","geoid":"42091","populationShare":1.0}],"classShares":{"borough":0.1649338890315012,"first_class_township":0.8350661109684988},"medianIncome":109897,"medianHomeValue":400371,"rentBurdenedPct":40.8,"ownerBurdenedPct":21.9,"permitsPer1kPerYear":0.8,"permits5yrTotal":239,"popChange2020to2024Pct":1.1,"parentSenateDistricts":[{"district":"12","overlapShareOfHD":0.9027924081620764,"areaShareOfSD":0.12739321188335045},{"district":"4","overlapShareOfHD":0.09720759183792387,"areaShareOfSD":0.04451116869914305}]},"geometry":{"type":"Polygon","coordinates":[[[-75.151667,40.13193900000005],[-75.14984,40.133667],[-75.150422,40.134070999999985],[-75.132968,40.15086400000005],[-75.143155,40.15692299999997],[-75.106878,40.19227899999997],[-75.015066,40.137991999999976],[-75.020571,40.132274],[-75.058342,40.10589199999995],[-75.112765,40.138825000000004],[-75.114548,40.135596999999976],[-75.11338,40.135143],[-75.11443500000001,40.134146],[-75.111786,40.129123999999976],[-75.10654,40.126022000000006],[-75.10828300000001,40.125963],[-75.11135800000001,40.12776799999999],[-75.115549,40.126242999999974],[-75.114921,40.12377899999999],[-75.11720800000002,40.12375699999998],[-75.117,40.127570999999975],[-75.11937600000002,40.127962999999966],[-75.118839,40.12968499999996],[-75.124897,40.12630900000002],[-75.12578800000001,40.12767299999996],[-75.130541,40.128012999999996],[-75.132713,40.129248000000004],[-75.13129300000001,40.13070400000002],[-75.13243,40.131373000000025],[-75.130967,40.13284299999999],[-75.133677,40.134417000000006],[-75.13713,40.13174500000005],[-75.141023,40.133633000000025],[-75.14146200000002,40.13319000000001],[-75.140525,40.132633],[-75.143214,40.12997900000001],[-75.141231,40.12907000000002],[-75.14354100000001,40.12691699999999],[-75.151667,40.13193900000005]]]}},{"type":"Feature","properties":{"district":"153","population":67033,"landAreaSqMi":20.5,"topMunicipalities":[{"name":"Abington","classCode":"first_class_township","populationShare":0.7595283708876667},{"name":"Upper Dublin","classCode":"first_class_township","populationShare":0.2004702172180271},{"name":"Rockledge","classCode":"borough","populationShare":0.038920855281665896},{"name":"Jenkintown","classCode":"borough","populationShare":0.0010805566126402442}],"topCounties":[{"name":"Montgomery","geoid":"42091","populationShare":1.0}],"classShares":{"borough":0.040001411894306144,"first_class_township":0.9599985881056938},"medianIncome":117165,"medianHomeValue":428650,"rentBurdenedPct":48.2,"ownerBurdenedPct":22.6,"permitsPer1kPerYear":0.8,"permits5yrTotal":266,"popChange2020to2024Pct":1.3,"parentSenateDistricts":[{"district":"4","overlapShareOfHD":0.6764591445030507,"areaShareOfSD":0.30778965842232325},{"district":"12","overlapShareOfHD":0.32354085549695016,"areaShareOfSD":0.045366069844468435}]},"geometry":{"type":"Polygon","coordinates":[[[-75.233139,40.15092799999997],[-75.227356,40.15663499999998],[-75.226588,40.15494899999998],[-75.22825100000001,40.153544],[-75.226016,40.14857500000001],[-75.220583,40.14536199999994],[-75.219269,40.14662500000002],[-75.218405,40.14630899999996],[-75.217512,40.14833800000002],[-75.21305900000002,40.15206099999997],[-75.21394,40.15664200000004],[-75.209225,40.15643399999997],[-75.202731,40.16272600000002],[-75.17853,40.14772199999995],[-75.17268600000001,40.15302500000002],[-75.169574,40.147446999999964],[-75.168028,40.14863300000004],[-75.164243,40.14629999999999],[-75.16577,40.14481500000002],[-75.159536,40.14161400000004],[-75.160573,40.14111599999998],[-75.156818,40.139303000000005],[-75.152327,40.14241100000003],[-75.150511,40.141436000000034],[-75.149509,40.140679000000006],[-75.150868,40.13980599999998],[-75.146682,40.137412999999995],[-75.151667,40.13193900000005],[-75.14354100000001,40.12691699999999],[-75.141231,40.12907000000002],[-75.143214,40.12997900000001],[-75.140525,40.132633],[-75.14146200000002,40.13319000000001],[-75.141023,40.133633000000025],[-75.13713,40.13174500000005],[-75.133677,40.134417000000006],[-75.130967,40.13284299999999],[-75.13243,40.131373000000025],[-75.13129300000001,40.13070400000002],[-75.132713,40.129248000000004],[-75.129973,40.12772000000002],[-75.12578800000001,40.12767299999996],[-75.124897,40.12630900000002],[-75.118839,40.12968499999996],[-75.11937600000002,40.127962999999966],[-75.117,40.127570999999975],[-75.11720800000002,40.12375699999998],[-75.114921,40.12377899999999],[-75.115549,40.126242999999974],[-75.11135800000001,40.12776799999999],[-75.106772,40.12576100000002],[-75.111786,40.129123999999976],[-75.11443500000001,40.134146],[-75.11338,40.135143],[-75.114548,40.135596999999976],[-75.112765,40.138825000000004],[-75.058342,40.10589199999995],[-75.077805,40.08576999999997],[-75.081189,40.08411600000001],[-75.096733,40.068988999999995],[-75.131731,40.08933300000002],[-75.128294,40.09066100000002],[-75.126562,40.09000400000003],[-75.12544,40.092633],[-75.1246,40.092481999999954],[-75.123089,40.09394499999999],[-75.123754,40.094299000000035],[-75.12123,40.096813000000026],[-75.12196,40.097857000000005],[-75.12065,40.099724000000066],[-75.121784,40.10228000000005],[-75.123787,40.10103199999998],[-75.125267,40.10379399999998],[-75.12593500000001,40.100089],[-75.131378,40.102432000000015],[-75.137108,40.09818299999998],[-75.138222,40.09413899999995],[-75.141434,40.09753500000001],[-75.150799,40.10050699999999],[-75.169216,40.110939000000016],[-75.233139,40.15092799999997]]]}},{"type":"Feature","properties":{"district":"156","population":66816,"landAreaSqMi":36.1,"topMunicipalities":[{"name":"West Goshen","classCode":"second_class_township","populationShare":0.34843373637629466},{"name":"West Chester","classCode":"borough","populationShare":0.287879512014004},{"name":"East Goshen","classCode":"second_class_township","populationShare":0.20505743277235156},{"name":"East Bradford","classCode":"second_class_township","populationShare":0.15862931883734982}],"topCounties":[{"name":"Chester","geoid":"42029","populationShare":1.0}],"classShares":{"borough":0.287879512014004,"second_class_township":0.712120487985996},"medianIncome":118289,"medianHomeValue":529021,"rentBurdenedPct":48.3,"ownerBurdenedPct":21.2,"permitsPer1kPerYear":2.3,"permits5yrTotal":767,"popChange2020to2024Pct":9.0,"parentSenateDistricts":[{"district":"19","overlapShareOfHD":1.0000000000000024,"areaShareOfSD":0.11130036982780221}]},"geometry":{"type":"Polygon","coordinates":[[[-75.695289,39.994626999999994],[-75.683575,39.996793999999994],[-75.684057,39.99963999999999],[-75.663142,40.001772999999986],[-75.663764,40.00535500000001],[-75.65626,40.00809599999997],[-75.641761,39.98913299999997],[-75.584251,40.012649],[-75.577954,40.002772000000036],[-75.571047,39.99831300000002],[-75.562726,39.996077999999976],[-75.555792,40.00023399999997],[-75.557631,40.00284999999998],[-75.556415,40.002957000000045],[-75.556133,40.004902000000016],[-75.55760799999999,40.00929999999998],[-75.556425,40.01098399999999],[-75.557565,40.01253600000004],[-75.548134,40.01602000000001],[-75.547383,40.01347799999998],[-75.54520500000001,40.013021999999964],[-75.542572,40.014003],[-75.541098,40.01207699999999],[-75.537115,40.01307700000001],[-75.534966,40.00945700000001],[-75.5083,39.976376],[-75.61007600000002,39.92962399999997],[-75.614641,39.92372],[-75.633391,39.91491799999998],[-75.633869,39.91684699999998],[-75.638081,39.917038],[-75.644756,39.91948099999995],[-75.649975,39.92304599999998],[-75.653497,39.92421800000003],[-75.660056,39.92481199999999],[-75.67619400000001,39.94465500000002],[-75.655123,39.95429100000001],[-75.664718,39.96728000000004],[-75.668973,39.96840600000002],[-75.67258300000002,39.96782800000001],[-75.682689,39.97567500000005],[-75.687493,39.981891],[-75.689153,39.987290000000016],[-75.69129900000001,39.99086999999999],[-75.695289,39.994626999999994]]]}},{"type":"Feature","properties":{"district":"157","population":62934,"landAreaSqMi":54.6,"topMunicipalities":[{"name":"Tredyffrin","classCode":"second_class_township","populationShare":0.505640830075953},{"name":"Willistown","classCode":"second_class_township","populationShare":0.17933072742873465},{"name":"Easttown","classCode":"second_class_township","populationShare":0.17502462897638799},{"name":"Schuylkill","classCode":"second_class_township","populationShare":0.14000381351892444}],"topCounties":[{"name":"Chester","geoid":"42029","populationShare":1.0}],"classShares":{"second_class_township":1.0},"medianIncome":182974,"medianHomeValue":668658,"rentBurdenedPct":36.9,"ownerBurdenedPct":17.5,"permitsPer1kPerYear":0.8,"permits5yrTotal":247,"popChange2020to2024Pct":1.1,"parentSenateDistricts":[{"district":"19","overlapShareOfHD":0.8388521355506402,"areaShareOfSD":0.1411708716369475},{"district":"44","overlapShareOfHD":0.16114786444935975,"areaShareOfSD":0.02454451789751858}]},"geometry":{"type":"MultiPolygon","coordinates":[[[[-75.546315,40.129571999999975],[-75.541716,40.134443999999945],[-75.537749,40.133225],[-75.534943,40.133435],[-75.536477,40.131781000000004],[-75.537053,40.12888000000006],[-75.538689,40.130579000000004],[-75.546315,40.129571999999975]]],[[[-75.553956,40.121791999999964],[-75.54724400000002,40.12856700000005],[-75.537642,40.122882],[-75.534422,40.124915000000016],[-75.533891,40.124570000000006],[-75.535969,40.123408],[-75.531097,40.12029500000001],[-75.52939,40.12193599999997],[-75.527197,40.120623000000016],[-75.526394,40.12141299999999],[-75.52296,40.118519000000006],[-75.522119,40.119375],[-75.520521,40.119118999999976],[-75.518542,40.117523999999996],[-75.517007,40.11906099999994],[-75.51290300000001,40.11669399999998],[-75.500249,40.12968899999999],[-75.493688,40.12649299999998],[-75.489159,40.125874000000024],[-75.481083,40.12679600000002],[-75.475012,40.128914000000044],[-75.471727,40.129196],[-75.464086,40.12644399999998],[-75.461272,40.12433000000001],[-75.462041,40.120124000000004],[-75.469729,40.116396],[-75.471603,40.111853000000025],[-75.468387,40.10651699999998],[-75.463732,40.10343400000003],[-75.461729,40.10303499999997],[-75.462926,40.09725299999999],[-75.456809,40.09467799999999],[-75.456335,40.08775399999996],[-75.440721,40.094322],[-75.437864,40.089573],[-75.420124,40.09720100000004],[-75.392632,40.060974],[-75.366687,40.07235499999998],[-75.36104200000001,40.065515000000005],[-75.414991,40.04178700000005],[-75.404338,40.027363999999984],[-75.453771,39.993588999999986],[-75.45189,39.993827999999986],[-75.450948,39.993133],[-75.448897,39.994046999999945],[-75.443731,39.993976999999994],[-75.440915,39.99184300000004],[-75.440327,39.99304900000001],[-75.437692,39.99389400000002],[-75.436826,39.99288699999996],[-75.437863,39.99263599999998],[-75.438433,39.99096600000002],[-75.435704,39.989057],[-75.43581600000002,39.985059000000014],[-75.502135,39.95436700000001],[-75.516347,39.97274400000005],[-75.5083,39.976376],[-75.535605,40.01029299999999],[-75.539519,40.01869299999999],[-75.539804,40.02212899999999],[-75.543978,40.029405999999994],[-75.530586,40.035228999999994],[-75.524473,40.02699900000001],[-75.519577,40.02908600000002],[-75.514976,40.02269500000003],[-75.500786,40.02782999999998],[-75.504362,40.03284099999996],[-75.500496,40.034011000000014],[-75.502524,40.036746000000015],[-75.507575,40.03746000000001],[-75.510294,40.042812999999946],[-75.512528,40.04173900000004],[-75.513278,40.042808999999956],[-75.506964,40.045444000000025],[-75.530434,40.07490600000002],[-75.496405,40.08358799999998],[-75.50242900000002,40.08521899999996],[-75.505506,40.08827200000003],[-75.51534300000002,40.094656],[-75.525535,40.104407000000016],[-75.538448,40.11230799999998],[-75.53785,40.112841999999986],[-75.54236300000001,40.11560299999998],[-75.544429,40.116861999999976],[-75.545191,40.116177000000015],[-75.553956,40.121791999999964]]]]}},{"type":"Feature","properties":{"district":"160","population":63915,"landAreaSqMi":67.9,"topMunicipalities":[{"name":"Concord","classCode":"second_class_township","populationShare":0.2847062504889302},{"name":"Westtown","classCode":"second_class_township","populationShare":0.1752483767503716},{"name":"Bethel","classCode":"second_class_township","populationShare":0.15016819213017302},{"name":"Thornbury","classCode":"second_class_township","populationShare":0.10817491981537984},{"name":"Birmingham","classCode":"second_class_township","populationShare":0.06392865524524767}],"topCounties":[{"name":"Delaware","geoid":"42045","populationShare":0.6504263474927637},{"name":"Chester","geoid":"42029","populationShare":0.3495736525072362}],"classShares":{"borough":0.045716967847923035,"second_class_township":0.954283032152077},"medianIncome":159297,"medianHomeValue":595589,"rentBurdenedPct":55.6,"ownerBurdenedPct":18.7,"permitsPer1kPerYear":1.2,"permits5yrTotal":394,"popChange2020to2024Pct":1.5,"parentSenateDistricts":[{"district":"9","overlapShareOfHD":0.9999999999999994,"areaShareOfSD":0.3062659131950812}]},"geometry":{"type":"Polygon","coordinates":[[[-75.668895,39.87619499999998],[-75.667553,39.87787899999999],[-75.666052,39.883173999999975],[-75.666913,39.88558499999996],[-75.632274,39.89731600000001],[-75.63075,39.89573300000001],[-75.62758300000002,39.89598200000001],[-75.627742,39.896556000000004],[-75.625881,39.897079],[-75.622573,39.896834000000034],[-75.62389300000001,39.89908299999999],[-75.623279,39.90416599999999],[-75.626644,39.909252999999985],[-75.62573,39.912265000000026],[-75.633391,39.91491799999998],[-75.614641,39.92372],[-75.61007600000002,39.92962399999997],[-75.516347,39.97274400000005],[-75.502135,39.95436700000001],[-75.507874,39.95165099999996],[-75.492969,39.93296299999997],[-75.482874,39.93761499999998],[-75.472889,39.924143000000015],[-75.488118,39.91711600000003],[-75.482061,39.91483199999998],[-75.483105,39.91356699999999],[-75.480759,39.91263000000002],[-75.480375,39.907992000000014],[-75.476865,39.90796100000004],[-75.476218,39.90742299999996],[-75.476794,39.90620500000002],[-75.474219,39.90608000000001],[-75.471694,39.90469399999998],[-75.47003,39.90082699999998],[-75.468979,39.90114599999999],[-75.469515,39.90245000000002],[-75.468286,39.90240999999996],[-75.466915,39.903766000000005],[-75.46025800000001,39.900279999999995],[-75.458104,39.90181999999997],[-75.45756300000001,39.89956999999998],[-75.450272,39.89392300000001],[-75.453744,39.89282499999998],[-75.455913,39.88935200000002],[-75.45943,39.88712200000001],[-75.460799,39.88421899999999],[-75.459125,39.88267899999997],[-75.464495,39.879287999999995],[-75.465294,39.876743000000005],[-75.467889,39.87422299999998],[-75.464822,39.86932000000001],[-75.46226,39.87027100000003],[-75.45544300000002,39.86601599999999],[-75.46879600000001,39.859869999999994],[-75.461576,39.850852],[-75.462376,39.84867199999999],[-75.461962,39.845162000000045],[-75.463319,39.843151000000034],[-75.468678,39.84338899999998],[-75.468071,39.83863400000004],[-75.471512,39.835515999999984],[-75.471196,39.83089600000004],[-75.468003,39.831047999999996],[-75.46675400000001,39.828658999999966],[-75.47266,39.82680200000004],[-75.490963,39.83178199999999],[-75.511797,39.83579600000007],[-75.53256,39.83832700000001],[-75.55345400000002,39.83945299999999],[-75.573766,39.839200000000034],[-75.594464,39.83757299999999],[-75.614309,39.834676999999985],[-75.634843,39.83024999999999],[-75.639665,39.87032899999996],[-75.653208,39.87819200000004],[-75.664548,39.87588299999997],[-75.66411600000002,39.87456800000002],[-75.668753,39.87366400000006],[-75.668895,39.87619499999998]]]}},{"type":"Feature","properties":{"district":"161","population":62986,"landAreaSqMi":20.8,"topMunicipalities":[{"name":"Aston","classCode":"first_class_township","populationShare":0.2649816127864442},{"name":"Nether Providence","classCode":"first_class_township","populationShare":0.2292908599078396},{"name":"Ridley","classCode":"first_class_township","populationShare":0.1651082595440355},{"name":"Brookhaven","classCode":"borough","populationShare":0.13158583623571324},{"name":"Middletown","classCode":"second_class_township","populationShare":0.07743171862082451}],"topCounties":[{"name":"Delaware","geoid":"42045","populationShare":1.0}],"classShares":{"borough":0.1989981746354283,"first_class_township":0.6593807322383193,"second_class_township":0.1416210931262524},"medianIncome":110433,"medianHomeValue":324801,"rentBurdenedPct":58.1,"ownerBurdenedPct":21.5,"permitsPer1kPerYear":0.7,"permits5yrTotal":210,"popChange2020to2024Pct":1.0,"parentSenateDistricts":[{"district":"9","overlapShareOfHD":0.9141756129444225,"areaShareOfSD":0.08542366305418561},{"district":"26","overlapShareOfHD":0.08582438705557699,"areaShareOfSD":0.03311850194311663}]},"geometry":{"type":"Polygon","coordinates":[[[-75.467954,39.87363000000001],[-75.465294,39.876743000000005],[-75.464495,39.879287999999995],[-75.459125,39.88267899999997],[-75.460799,39.88421899999999],[-75.459522,39.88698900000002],[-75.455913,39.88935200000002],[-75.455541,39.89098999999997],[-75.453578,39.89291499999998],[-75.450272,39.893903999999964],[-75.4505,39.89288600000005],[-75.449502,39.892348999999996],[-75.447283,39.89289800000003],[-75.442242,39.89234400000002],[-75.440118,39.893452],[-75.437635,39.89145100000001],[-75.434925,39.890860999999994],[-75.432521,39.89403],[-75.431259,39.89309399999999],[-75.43130600000002,39.89214900000002],[-75.425735,39.89006899999996],[-75.421681,39.893588999999984],[-75.423378,39.89550099999998],[-75.423812,39.89748399999998],[-75.425197,39.89826499999999],[-75.423505,39.90048500000002],[-75.421924,39.90085200000005],[-75.423736,39.902698000000015],[-75.42054,39.90426199999999],[-75.414283,39.90584399999998],[-75.40380100000002,39.91428000000002],[-75.40224300000001,39.91478000000002],[-75.399146,39.912612],[-75.397078,39.90911899999996],[-75.397805,39.90638700000003],[-75.393483,39.90444599999994],[-75.39335900000002,39.903275],[-75.391775,39.90237999999998],[-75.392044,39.900976000000036],[-75.384634,39.91352299999996],[-75.382931,39.91328500000004],[-75.383231,39.911963],[-75.379844,39.91290899999996],[-75.378087,39.912663000000016],[-75.381105,39.918986999999966],[-75.364871,39.93025299999998],[-75.366822,39.92605400000005],[-75.364702,39.92510499999997],[-75.36380200000002,39.923632999999995],[-75.36562,39.922242999999966],[-75.363859,39.92123499999998],[-75.362582,39.923480000000005],[-75.360992,39.924365],[-75.360441,39.92205299999998],[-75.363878,39.91952999999998],[-75.359868,39.91858199999998],[-75.36008700000001,39.915924000000025],[-75.357988,39.91348599999997],[-75.360028,39.91242500000002],[-75.357776,39.91035200000004],[-75.359698,39.90867900000003],[-75.357642,39.90701799999999],[-75.358214,39.90453900000005],[-75.361307,39.903268000000025],[-75.361887,39.90227500000002],[-75.36042,39.901334],[-75.35691,39.901254],[-75.35719200000001,39.89922600000002],[-75.355317,39.89869100000002],[-75.35637200000001,39.89496099999999],[-75.358856,39.89304899999997],[-75.356327,39.890443999999974],[-75.357655,39.887016000000024],[-75.356119,39.88669000000002],[-75.350289,39.89077100000003],[-75.348575,39.889414],[-75.339636,39.89479400000002],[-75.340725,39.89569800000002],[-75.338106,39.89661200000001],[-75.338079,39.89089599999996],[-75.336339,39.889035],[-75.335389,39.88577200000004],[-75.33166600000001,39.885954],[-75.339361,39.88113999999998],[-75.337199,39.87826299999998],[-75.335418,39.877836000000016],[-75.337026,39.87397900000005],[-75.332312,39.867078000000014],[-75.330338,39.867931000000006],[-75.331116,39.86639599999997],[-75.330205,39.86515800000001],[-75.33497400000002,39.86434499999997],[-75.338348,39.86500100000002],[-75.340692,39.866871000000025],[-75.34860100000002,39.86302000000003],[-75.348969,39.86481799999998],[-75.351658,39.86683299999994],[-75.351367,39.868095],[-75.356727,39.869829999999965],[-75.355828,39.87383699999998],[-75.361922,39.872254],[-75.366203,39.873231],[-75.36576100000002,39.87152199999999],[-75.366661,39.87021599999996],[-75.373118,39.87237100000004],[-75.371569,39.87314],[-75.368949,39.87293100000002],[-75.373771,39.87464100000001],[-75.373667,39.875424999999986],[-75.375357,39.87582199999996],[-75.37826200000002,39.875122],[-75.376738,39.87390600000001],[-75.381353,39.870907],[-75.379398,39.87013799999997],[-75.380524,39.868554],[-75.381238,39.868850999999964],[-75.381347,39.86774999999997],[-75.382243,39.86772999999997],[-75.382167,39.865882000000006],[-75.379141,39.864791000000004],[-75.379645,39.86189],[-75.376212,39.861517999999975],[-75.369564,39.859295000000024],[-75.370426,39.85751300000001],[-75.364958,39.857447999999984],[-75.366075,39.856333],[-75.366081,39.85420399999998],[-75.369964,39.85229399999997],[-75.376433,39.85583499999999],[-75.378331,39.854562000000016],[-75.381331,39.85012800000004],[-75.383572,39.850635],[-75.386377,39.85007000000006],[-75.384723,39.847512],[-75.387496,39.84631099999998],[-75.384894,39.843227000000006],[-75.389557,39.84075999999998],[-75.38882900000002,39.839923999999996],[-75.390124,39.83923099999997],[-75.392917,39.84024200000006],[-75.396648,39.844552999999976],[-75.402156,39.842992000000024],[-75.404616,39.843877000000006],[-75.408102,39.84370100000002],[-75.418298,39.856150999999976],[-75.428876,39.85123500000004],[-75.444303,39.85925700000005],[-75.462192,39.87024100000003],[-75.464822,39.86932000000001],[-75.467954,39.87363000000001]]]}},{"type":"Feature","properties":{"district":"162","population":66402,"landAreaSqMi":9.9,"topMunicipalities":[{"name":"Ridley","classCode":"first_class_township","populationShare":0.3075615556521427},{"name":"Ridley Park","classCode":"borough","populationShare":0.10910884906568341},{"name":"Glenolden","classCode":"borough","populationShare":0.10853657352883099},{"name":"Folcroft","classCode":"borough","populationShare":0.10162408743895548},{"name":"Prospect Park","classCode":"borough","populationShare":0.0964133680770884}],"topCounties":[{"name":"Delaware","geoid":"42045","populationShare":1.0}],"classShares":{"borough":0.6095788659256963,"first_class_township":0.39042113407430373},"medianIncome":79148,"medianHomeValue":221051,"rentBurdenedPct":55.1,"ownerBurdenedPct":23.6,"permitsPer1kPerYear":0.1,"permits5yrTotal":19,"popChange2020to2024Pct":0.5,"parentSenateDistricts":[{"district":"26","overlapShareOfHD":0.6259643151540392,"areaShareOfSD":0.11956097656209592},{"district":"8","overlapShareOfHD":0.37403568484596,"areaShareOfSD":0.13846620925232972}]},"geometry":{"type":"Polygon","coordinates":[[[-75.339361,39.88113999999998],[-75.33166600000001,39.885954],[-75.335389,39.88577200000004],[-75.336339,39.889035],[-75.338079,39.89089599999996],[-75.338498,39.893968000000044],[-75.337688,39.895285000000015],[-75.33894200000002,39.89854400000005],[-75.319392,39.91167599999999],[-75.313843,39.91691100000001],[-75.310691,39.91512399999997],[-75.30522200000001,39.91003500000004],[-75.30532700000002,39.90756899999998],[-75.29975800000001,39.90481400000001],[-75.2945,39.907038000000064],[-75.292948,39.905709000000016],[-75.288257,39.90788100000001],[-75.28764100000001,39.907126000000034],[-75.286565,39.90762099999999],[-75.285069,39.90580400000001],[-75.264884,39.914798000000026],[-75.260043,39.913519000000036],[-75.260193,39.90975700000004],[-75.255631,39.90999200000004],[-75.254689,39.908463],[-75.255559,39.90652399999998],[-75.254972,39.90584900000001],[-75.2525,39.90661399999998],[-75.253492,39.90558500000004],[-75.251288,39.90440299999996],[-75.25561,39.899576],[-75.255095,39.89866600000002],[-75.257362,39.89584399999997],[-75.25674100000002,39.89472600000003],[-75.258962,39.89252199999998],[-75.261743,39.891774000000005],[-75.262306,39.88853699999999],[-75.264276,39.888401],[-75.26511300000001,39.88752399999998],[-75.264549,39.886226],[-75.262617,39.88580500000002],[-75.264408,39.88432000000007],[-75.261946,39.882888999999984],[-75.269685,39.87915500000001],[-75.272485,39.87671499999996],[-75.274434,39.877019000000004],[-75.276398,39.880686000000004],[-75.28196,39.88157300000003],[-75.287947,39.88045399999999],[-75.288386,39.880858000000025],[-75.295483,39.87531399999999],[-75.297313,39.87520400000003],[-75.298319,39.876792000000016],[-75.299819,39.877423999999976],[-75.30452,39.87648299999998],[-75.30706,39.87388700000001],[-75.313323,39.87005299999998],[-75.314266,39.868323000000025],[-75.31318,39.86493000000001],[-75.316531,39.850012],[-75.318531,39.849913],[-75.32065,39.85782199999998],[-75.324218,39.86345499999999],[-75.328947,39.865305000000035],[-75.330508,39.86517],[-75.331117,39.86641799999997],[-75.330338,39.867931000000006],[-75.332312,39.867078000000014],[-75.334384,39.86986300000001],[-75.334589,39.87128700000001],[-75.337026,39.87397900000005],[-75.335418,39.877836000000016],[-75.337199,39.87826299999998],[-75.339361,39.88113999999998]]]}},{"type":"Feature","properties":{"district":"166","population":58544,"landAreaSqMi":13.5,"topMunicipalities":[{"name":"Haverford","classCode":"first_class_township","populationShare":0.8620043749639508},{"name":"Marple","classCode":"first_class_township","populationShare":0.13799562503604926}],"topCounties":[{"name":"Delaware","geoid":"42045","populationShare":1.0}],"classShares":{"first_class_township":1.0},"medianIncome":128718,"medianHomeValue":461890,"rentBurdenedPct":41.6,"ownerBurdenedPct":20.8,"permitsPer1kPerYear":0.3,"permits5yrTotal":79,"popChange2020to2024Pct":1.3,"parentSenateDistricts":[{"district":"17","overlapShareOfHD":0.7385421883186557,"areaShareOfSD":0.12002929928560661},{"district":"26","overlapShareOfHD":0.2614578116813447,"areaShareOfSD":0.06514926897530107}]},"geometry":{"type":"Polygon","coordinates":[[[-75.377968,39.98409199999999],[-75.372338,39.98797199999997],[-75.37409,39.99018100000001],[-75.369254,39.99510099999996],[-75.351503,40.003081],[-75.350498,40.00174100000001],[-75.343076,40.00499399999997],[-75.341222,40.00446799999999],[-75.33587100000001,40.006577000000014],[-75.327499,40.01029900000005],[-75.329023,40.01257100000002],[-75.311432,40.01981],[-75.30784000000001,40.01458999999998],[-75.283928,39.98721700000002],[-75.276482,39.97695900000002],[-75.331717,39.95222799999994],[-75.33513200000002,39.954973000000024],[-75.336052,39.95441299999995],[-75.339101,39.954992],[-75.341054,39.956335],[-75.339366,39.957741000000006],[-75.34172000000001,39.96009700000001],[-75.340013,39.961301000000006],[-75.340803,39.962492000000005],[-75.33954600000001,39.962655000000055],[-75.340982,39.96451499999996],[-75.34287600000002,39.96202900000003],[-75.34630600000001,39.96184500000002],[-75.348239,39.959589999999984],[-75.352126,39.96256300000003],[-75.353948,39.96200399999998],[-75.355404,39.96352499999998],[-75.351318,39.966381],[-75.360616,39.974144999999986],[-75.359812,39.97476000000002],[-75.360554,39.97551700000001],[-75.363433,39.974196999999975],[-75.374067,39.98376499999995],[-75.377968,39.98409199999999]]]}},{"type":"Feature","properties":{"district":"167","population":64967,"landAreaSqMi":71.1,"topMunicipalities":[{"name":"West Whiteland","classCode":"second_class_township","populationShare":0.3070950692470812},{"name":"East Whiteland","classCode":"second_class_township","populationShare":0.22255965145824996},{"name":"West Vincent","classCode":"second_class_township","populationShare":0.10391453122585571},{"name":"Charlestown","classCode":"second_class_township","populationShare":0.09495611659491976},{"name":"East Caln","classCode":"second_class_township","populationShare":0.08455081025383267}],"topCounties":[{"name":"Chester","geoid":"42029","populationShare":1.0}],"classShares":{"borough":0.0527499775605106,"second_class_township":0.9472500224394894},"medianIncome":151685,"medianHomeValue":564759,"rentBurdenedPct":37.3,"ownerBurdenedPct":13.5,"permitsPer1kPerYear":4.9,"permits5yrTotal":1601,"popChange2020to2024Pct":6.2,"parentSenateDistricts":[{"district":"44","overlapShareOfHD":0.7149460430223771,"areaShareOfSD":0.1413652370604572},{"district":"19","overlapShareOfHD":0.285053956977621,"areaShareOfSD":0.06227678196977728}]},"geometry":{"type":"Polygon","coordinates":[[[-75.70945100000002,40.115303999999995],[-75.674178,40.150448999999995],[-75.667657,40.15073600000001],[-75.666217,40.149298999999964],[-75.659723,40.15193600000006],[-75.659867,40.15424599999997],[-75.658713,40.15631500000001],[-75.656068,40.155829000000004],[-75.655432,40.157211],[-75.653124,40.15834300000002],[-75.651074,40.157910000000015],[-75.64915300000001,40.15517400000004],[-75.641281,40.15574200000001],[-75.633289,40.15328499999998],[-75.631878,40.15386399999998],[-75.628625,40.15115000000001],[-75.623174,40.15104500000008],[-75.620927,40.15224400000004],[-75.62003300000002,40.15084000000004],[-75.620713,40.147733000000024],[-75.618345,40.14453900000001],[-75.61528800000002,40.14294999999997],[-75.608354,40.14510599999998],[-75.605432,40.14753100000001],[-75.60363800000002,40.15072700000002],[-75.600558,40.15293900000003],[-75.594941,40.151439000000046],[-75.595333,40.147327000000004],[-75.592982,40.14325800000003],[-75.586776,40.142570999999975],[-75.58461200000002,40.139764999999976],[-75.58197100000001,40.138359000000015],[-75.577188,40.13786299999996],[-75.606336,40.10820800000005],[-75.581244,40.094001999999975],[-75.553956,40.121791999999964],[-75.545191,40.116177000000015],[-75.544429,40.116861999999976],[-75.54236300000001,40.11560299999998],[-75.53785,40.112841999999986],[-75.538448,40.11230799999998],[-75.525535,40.104407000000016],[-75.51534300000002,40.094656],[-75.505506,40.08827200000003],[-75.50242900000002,40.08521899999996],[-75.496405,40.08358799999998],[-75.530434,40.07490600000002],[-75.506964,40.045444000000025],[-75.513278,40.042808999999956],[-75.512528,40.04173900000004],[-75.510294,40.042812999999946],[-75.507575,40.03746000000001],[-75.502524,40.036746000000015],[-75.500496,40.034011000000014],[-75.504362,40.03284099999996],[-75.500786,40.02782999999998],[-75.514976,40.02269500000003],[-75.519577,40.02908600000002],[-75.524473,40.02699900000001],[-75.530586,40.035228999999994],[-75.543978,40.029405999999994],[-75.539804,40.02212899999999],[-75.539549,40.018779999999964],[-75.537115,40.01307700000001],[-75.541098,40.01207699999999],[-75.542572,40.014003],[-75.54520500000001,40.013021999999964],[-75.547383,40.01347799999998],[-75.548134,40.01602000000001],[-75.557565,40.01253600000004],[-75.556425,40.01098399999999],[-75.55760799999999,40.00929999999998],[-75.556133,40.004902000000016],[-75.556415,40.002957000000045],[-75.557631,40.00284999999998],[-75.555792,40.00023399999997],[-75.562726,39.996077999999976],[-75.571047,39.99831300000002],[-75.577954,40.002772000000036],[-75.584251,40.012649],[-75.641761,39.98913299999997],[-75.65626,40.00809599999997],[-75.663764,40.00535500000001],[-75.663142,40.001772999999986],[-75.684057,39.99963999999999],[-75.683575,39.996793999999994],[-75.695289,39.994626999999994],[-75.702848,39.99519999999997],[-75.707706,39.996517000000026],[-75.70895300000001,39.99725900000002],[-75.704439,40.000787000000045],[-75.700165,40.00113499999998],[-75.70035400000002,40.00260200000002],[-75.69406,40.00305400000003],[-75.693907,40.00162799999995],[-75.693136,40.001711000000014],[-75.675758,40.00537600000004],[-75.6761,40.007282999999944],[-75.680605,40.00689200000003],[-75.681198,40.011431],[-75.682201,40.01138299999999],[-75.68422,40.01644],[-75.690019,40.01395500000004],[-75.690111,40.01453299999997],[-75.691097,40.01444200000002],[-75.692126,40.01914800000004],[-75.694452,40.01896400000004],[-75.694498,40.019698000000034],[-75.695356,40.01962400000002],[-75.694801,40.02132299999998],[-75.705542,40.020341000000016],[-75.704521,40.01723299999997],[-75.701235,40.01780300000003],[-75.700057,40.01381200000002],[-75.705834,40.013371000000014],[-75.704042,40.015609000000005],[-75.70707100000001,40.01812399999998],[-75.706058,40.02392],[-75.707805,40.028345999999935],[-75.673653,40.031918000000054],[-75.631102,40.04492099999997],[-75.627369,40.044884000000025],[-75.628132,40.04586800000004],[-75.61333,40.05053600000003],[-75.616324,40.054756999999974],[-75.618389,40.056031999999995],[-75.685713,40.09501499999998],[-75.67779,40.10217399999999],[-75.676217,40.10030800000006],[-75.668457,40.103613000000024],[-75.673162,40.11233500000003],[-75.683642,40.10829199999999],[-75.68324,40.10769400000003],[-75.697354,40.101641999999984],[-75.706433,40.10710300000004],[-75.704397,40.11190899999999],[-75.70945100000002,40.115303999999995]]]}},{"type":"Feature","properties":{"district":"168","population":64579,"landAreaSqMi":43.0,"topMunicipalities":[{"name":"Radnor","classCode":"first_class_township","populationShare":0.5182186039953477},{"name":"Newtown","classCode":"second_class_township","populationShare":0.23383789932868443},{"name":"Middletown","classCode":"second_class_township","populationShare":0.18002660200305837},{"name":"Edgmont","classCode":"second_class_township","populationShare":0.06791689467290953}],"topCounties":[{"name":"Delaware","geoid":"42045","populationShare":1.0}],"classShares":{"first_class_township":0.5182186039953477,"second_class_township":0.4817813960046523},"medianIncome":150282,"medianHomeValue":671399,"rentBurdenedPct":54.0,"ownerBurdenedPct":21.8,"permitsPer1kPerYear":2.5,"permits5yrTotal":817,"popChange2020to2024Pct":3.9,"parentSenateDistricts":[{"district":"9","overlapShareOfHD":0.44592471458400956,"areaShareOfSD":0.08611863903115718},{"district":"17","overlapShareOfHD":0.3199421470398563,"areaShareOfSD":0.16642651586117593},{"district":"26","overlapShareOfHD":0.2341331383761337,"areaShareOfSD":0.18672820229978573}]},"geometry":{"type":"Polygon","coordinates":[[[-75.507874,39.95165099999996],[-75.43581600000002,39.985059000000014],[-75.435704,39.989057],[-75.438433,39.99096600000002],[-75.437863,39.99263599999998],[-75.436826,39.99288699999996],[-75.437692,39.99389400000002],[-75.440327,39.99304900000001],[-75.440915,39.99184300000004],[-75.443731,39.993976999999994],[-75.448897,39.994046999999945],[-75.450948,39.993133],[-75.45189,39.993827999999986],[-75.453771,39.993588999999986],[-75.404338,40.027363999999984],[-75.414991,40.04178700000005],[-75.36006900000001,40.06619600000002],[-75.356534,40.06278699999996],[-75.320699,40.01621600000002],[-75.329023,40.01257100000002],[-75.327499,40.01029900000005],[-75.33587100000001,40.006577000000014],[-75.341222,40.00446799999999],[-75.343076,40.00499399999997],[-75.350498,40.00174100000001],[-75.351503,40.003081],[-75.369254,39.99510099999996],[-75.37409,39.99018100000001],[-75.372338,39.98797199999997],[-75.41355000000001,39.959184999999984],[-75.414139,39.958910000000046],[-75.418674,39.96321699999997],[-75.41987800000001,39.962976],[-75.42111,39.96131099999996],[-75.423949,39.962514999999975],[-75.431835,39.95050899999995],[-75.428307,39.94727199999996],[-75.424848,39.947092000000005],[-75.421407,39.94597299999999],[-75.419759,39.944403000000015],[-75.418706,39.944632000000006],[-75.417471,39.943599999999996],[-75.417286,39.94206899999997],[-75.418621,39.94021699999998],[-75.415152,39.93757199999998],[-75.414847,39.93554600000001],[-75.41144100000001,39.93357599999998],[-75.411827,39.92969999999998],[-75.40912,39.927142],[-75.408289,39.92511800000002],[-75.40962600000002,39.92367099999999],[-75.409311,39.92002300000008],[-75.405738,39.91927],[-75.402366,39.914743],[-75.40596,39.91301299999995],[-75.410963,39.907978000000035],[-75.414283,39.90584399999998],[-75.42054,39.90426199999999],[-75.423736,39.902698000000015],[-75.421924,39.90085200000005],[-75.423505,39.90048500000002],[-75.425197,39.89826499999999],[-75.423812,39.89748399999998],[-75.423378,39.89550099999998],[-75.42171,39.89372100000001],[-75.42225900000001,39.892592000000015],[-75.425735,39.89006899999996],[-75.43130600000002,39.89214900000002],[-75.431259,39.89309399999999],[-75.432521,39.89403],[-75.434925,39.890860999999994],[-75.437635,39.89145100000001],[-75.440118,39.893452],[-75.442242,39.89234400000002],[-75.447283,39.89289800000003],[-75.449502,39.892348999999996],[-75.4505,39.89288600000005],[-75.450392,39.894282],[-75.45756300000001,39.89956999999998],[-75.458104,39.90181999999997],[-75.46025800000001,39.900279999999995],[-75.466915,39.903766000000005],[-75.468286,39.90240999999996],[-75.469515,39.90245000000002],[-75.468979,39.90114599999999],[-75.47003,39.90082699999998],[-75.471694,39.90469399999998],[-75.474219,39.90608000000001],[-75.476794,39.90620500000002],[-75.476218,39.90742299999996],[-75.476865,39.90796100000004],[-75.480375,39.907992000000014],[-75.480759,39.91263000000002],[-75.483105,39.91356699999999],[-75.482061,39.91483199999998],[-75.488118,39.91711600000003],[-75.472889,39.924143000000015],[-75.482874,39.93761499999998],[-75.492969,39.93296299999997],[-75.507874,39.95165099999996]]]}},{"type":"Feature","properties":{"district":"171","population":65646,"landAreaSqMi":657.3,"topMunicipalities":[{"name":"Lewistown","classCode":"borough","populationShare":0.12955774296548536},{"name":"Spring","classCode":"second_class_township","populationShare":0.12151988371615355},{"name":"Bellefonte","classCode":"borough","populationShare":0.09173388925786646},{"name":"Walker","classCode":"second_class_township","populationShare":0.07072702236037769},{"name":"Granville","classCode":"second_class_township","populationShare":0.07036181243475324}],"topCounties":[{"name":"Mifflin","geoid":"42087","populationShare":0.5201198795783105},{"name":"Centre","geoid":"42027","populationShare":0.4798801204216895}],"classShares":{"borough":0.27765420117953005,"second_class_township":0.72234579882047},"medianIncome":66206,"medianHomeValue":196894,"rentBurdenedPct":35.8,"ownerBurdenedPct":20.4,"permitsPer1kPerYear":2.5,"permits5yrTotal":821,"popChange2020to2024Pct":0.3,"parentSenateDistricts":[{"district":"30","overlapShareOfHD":0.5106479253584314,"areaShareOfSD":0.126783647300721},{"district":"25","overlapShareOfHD":0.48935207464156827,"areaShareOfSD":0.05950906665318643}]},"geometry":{"type":"Polygon","coordinates":[[[-77.913844,40.39867899999999],[-77.9123,40.40852199999999],[-77.90805,40.414017999999956],[-77.896549,40.417547000000006],[-77.890123,40.427268999999995],[-77.870182,40.44524399999999],[-77.844137,40.47344700000001],[-77.835874,40.484232],[-77.828245,40.49155799999997],[-77.81599600000001,40.49972900000002],[-77.841827,40.55003500000003],[-77.82215700000002,40.57697300000002],[-77.8216,40.57893099999998],[-77.819114,40.58034999999998],[-77.799127,40.602283000000035],[-77.77248,40.62593199999996],[-77.758907,40.629588999999974],[-77.75162,40.63229999999996],[-77.735142,40.644740999999996],[-77.728193,40.64857300000003],[-77.720434,40.65457499999997],[-77.720737,40.657967999999975],[-77.710846,40.66200300000001],[-77.68708,40.67675],[-77.682708,40.682717000000025],[-77.682275,40.685121999999964],[-77.685346,40.68490400000001],[-77.703787,40.67993599999998],[-77.708356,40.69048800000002],[-77.707837,40.691451],[-77.703066,40.692679999999996],[-77.700474,40.694852000000004],[-77.700629,40.696641],[-77.699239,40.69806500000003],[-77.70093500000002,40.705189999999966],[-77.676611,40.716452000000004],[-77.681334,40.72975799999997],[-77.69895500000001,40.720704000000005],[-77.69987,40.72160200000002],[-77.703157,40.73006799999995],[-77.703468,40.738978000000046],[-77.704648,40.741418999999986],[-77.708743,40.74446],[-77.70814,40.74858900000008],[-77.710632,40.74932800000003],[-77.71906,40.771021000000026],[-77.725749,40.78475700000002],[-77.732178,40.79439599999996],[-77.731622,40.79476299999999],[-77.732936,40.79552400000001],[-77.751413,40.82324799999998],[-77.729115,40.83380699999997],[-77.753929,40.865956999999966],[-77.756884,40.864581000000044],[-77.75776,40.86708000000001],[-77.755608,40.86813100000002],[-77.759613,40.87336299999997],[-77.812716,40.91899500000003],[-77.805301,40.92117600000004],[-77.796782,40.92592500000001],[-77.763655,40.93585899999999],[-77.749616,40.94231400000001],[-77.74623,40.941652000000005],[-77.73019,40.94982799999998],[-77.710547,40.92895400000002],[-77.670879,40.950159000000035],[-77.662562,40.952589],[-77.641114,40.962467999999944],[-77.63757500000001,40.96321299999996],[-77.63679,40.96467800000001],[-77.633445,40.966036999999965],[-77.63019000000001,40.96886300000001],[-77.624666,40.97178500000001],[-77.621296,40.974972999999984],[-77.617692,40.97638600000003],[-77.614748,40.97882699999996],[-77.608204,40.984752999999984],[-77.603297,40.99247899999998],[-77.59371200000001,40.995929],[-77.583946,41.00216600000004],[-77.57729300000001,41.007697999999934],[-77.57395,41.00823899999995],[-77.571326,41.00980700000001],[-77.569655,41.011173000000014],[-77.568663,41.01389699999997],[-77.5623,41.02032099999998],[-77.559094,41.021818000000025],[-77.508596,40.962938],[-77.440274,40.97444800000003],[-77.393907,40.97828500000004],[-77.339925,40.987166999999985],[-77.14416,41.04433800000001],[-77.143804,41.042801000000004],[-77.204027,40.99271000000003],[-77.279236,40.909710000000004],[-77.36418,40.84693700000002],[-77.357113,40.84448399999997],[-77.355327,40.759414000000035],[-77.42171000000002,40.729696],[-77.425801,40.727000000000004],[-77.467851,40.71079000000006],[-77.488559,40.701623000000005],[-77.49348,40.698143],[-77.52599100000002,40.68472300000001],[-77.549578,40.67400900000003],[-77.576849,40.66004399999998],[-77.581616,40.655584000000026],[-77.587215,40.65177900000001],[-77.594647,40.64976100000001],[-77.601025,40.646943000000014],[-77.61654,40.637675],[-77.578742,40.601571999999976],[-77.57682,40.60277099999998],[-77.577982,40.604299],[-77.570515,40.609590000000026],[-77.56953600000001,40.61327300000003],[-77.562741,40.612371999999986],[-77.558949,40.610079999999975],[-77.56078200000002,40.60869299999998],[-77.559866,40.60786100000003],[-77.565066,40.605358000000024],[-77.561957,40.60155699999997],[-77.563071,40.597010000000026],[-77.559035,40.59453299999995],[-77.56065500000001,40.59268099999996],[-77.551771,40.589702000000045],[-77.552214,40.58769900000002],[-77.559136,40.58283299999999],[-77.554024,40.57642400000003],[-77.550158,40.575391999999994],[-77.545154,40.57748099999999],[-77.536812,40.578778],[-77.533088,40.58228099999996],[-77.522463,40.585168999999986],[-77.51953600000002,40.58654500000004],[-77.516833,40.589285000000004],[-77.497649,40.59690700000002],[-77.497506,40.58174000000004],[-77.51273500000002,40.57306300000002],[-77.51563,40.56956899999996],[-77.526312,40.563005000000004],[-77.57404600000001,40.53779399999995],[-77.612509,40.514186999999964],[-77.612459,40.490919000000005],[-77.63417400000002,40.47734599999998],[-77.690213,40.432494999999946],[-77.720636,40.40961800000002],[-77.733358,40.39827299999998],[-77.76172,40.368732999999956],[-77.810393,40.36859100000002],[-77.814698,40.362488999999975],[-77.818636,40.36054199999999],[-77.823729,40.36143799999997],[-77.82983700000001,40.36389499999994],[-77.83378,40.36689099999999],[-77.838343,40.36902999999998],[-77.844643,40.36894600000001],[-77.851382,40.36524599999999],[-77.855693,40.36488499999995],[-77.859001,40.36638999999997],[-77.861203,40.36984200000003],[-77.865195,40.37153000000005],[-77.872558,40.38119599999999],[-77.872533,40.38556999999998],[-77.87003,40.39017999999996],[-77.870289,40.392261],[-77.873095,40.39321600000002],[-77.87770100000002,40.393549999999955],[-77.887717,40.39135799999998],[-77.887741,40.392294999999976],[-77.889107,40.392185000000026],[-77.889116,40.39896500000001],[-77.913844,40.39867899999999]]]}},{"type":"Feature","properties":{"district":"172","population":87829,"landAreaSqMi":7.9,"topMunicipalities":[{"name":"Philadelphia","classCode":"first_class_city","populationShare":1.0}],"topCounties":[{"name":"Philadelphia","geoid":"42101","populationShare":1.0}],"classShares":{"first_class_city":1.0},"medianIncome":73735,"medianHomeValue":300855,"rentBurdenedPct":53.8,"ownerBurdenedPct":22.4,"permitsPer1kPerYear":0.4,"permits5yrTotal":184,"popChange2020to2024Pct":-1.9,"parentSenateDistricts":[{"district":"5","overlapShareOfHD":0.9999999999999992,"areaShareOfSD":0.21999435494302766}]},"geometry":{"type":"Polygon","coordinates":[[[-75.096733,40.068988999999995],[-75.081189,40.08411600000001],[-75.077805,40.08576999999997],[-75.058342,40.10589199999995],[-75.044263,40.11571300000001],[-75.042308,40.11578100000003],[-75.03369300000001,40.11083900000001],[-75.032919,40.11163800000003],[-75.03077,40.110415999999994],[-75.029318,40.11191000000001],[-75.03039400000002,40.112511999999946],[-75.028642,40.114308000000015],[-75.030162,40.11497800000002],[-75.02923,40.115969999999976],[-75.023041,40.112997999999976],[-75.026305,40.10832400000002],[-75.028883,40.102542999999955],[-75.023927,40.100702000000034],[-75.027032,40.09834],[-75.025183,40.095838],[-75.027681,40.095045999999996],[-75.026801,40.09304800000006],[-75.027646,40.09278000000002],[-75.02740600000001,40.09098299999999],[-75.023159,40.09127000000004],[-75.01845600000001,40.09325599999998],[-75.017383,40.09265099999997],[-75.028774,40.08086399999999],[-75.037498,40.085458999999986],[-75.0384,40.08447199999998],[-75.041488,40.087338000000024],[-75.060244,40.07305499999998],[-75.067838,40.06895899999998],[-75.06304,40.06614299999996],[-75.064491,40.064588000000036],[-75.047749,40.055362999999964],[-75.050518,40.05241300000006],[-75.051682,40.04696300000004],[-75.054287,40.044447999999996],[-75.096733,40.068988999999995]]]}},{"type":"Feature","properties":{"district":"173","population":91622,"landAreaSqMi":7.1,"topMunicipalities":[{"name":"Philadelphia","classCode":"first_class_city","populationShare":1.0}],"topCounties":[{"name":"Philadelphia","geoid":"42101","populationShare":1.0}],"classShares":{"first_class_city":1.0},"medianIncome":66773,"medianHomeValue":231855,"rentBurdenedPct":45.1,"ownerBurdenedPct":24.2,"permitsPer1kPerYear":0.3,"permits5yrTotal":137,"popChange2020to2024Pct":-1.9,"parentSenateDistricts":[{"district":"5","overlapShareOfHD":1.0,"areaShareOfSD":0.2294947091080847}]},"geometry":{"type":"Polygon","coordinates":[[[-75.054287,40.044447999999996],[-75.051347,40.04754599999999],[-75.050424,40.052575],[-75.044141,40.05931999999995],[-75.041031,40.06589199999999],[-75.036593,40.06265599999996],[-75.035906,40.060770000000005],[-75.036368,40.057864999999985],[-75.03433,40.05706699999997],[-75.035226,40.05588000000002],[-75.031128,40.055100999999986],[-75.031164,40.05418900000002],[-75.028001,40.054534],[-75.028291,40.05636299999996],[-75.011391,40.056631],[-75.004021,40.060424],[-74.995864,40.06235600000005],[-74.990432,40.06039599999999],[-74.984171,40.06407500000002],[-74.981023,40.06493900000001],[-74.980437,40.06030399999998],[-74.985163,40.05693200000004],[-74.983194,40.054222999999986],[-74.97973500000002,40.053547],[-74.974784,40.049316000000005],[-74.97664,40.04740800000001],[-74.981167,40.04552799999997],[-74.998759,40.030280999999995],[-75.014864,40.019895000000005],[-75.020415,40.01770500000001],[-75.03546200000001,40.015243999999974],[-75.042462,40.02490100000004],[-75.043851,40.02418299999998],[-75.045204,40.02572599999997],[-75.043685,40.02651399999996],[-75.044495,40.02758399999998],[-75.043408,40.028148],[-75.043815,40.028690999999974],[-75.040741,40.03027599999998],[-75.044671,40.034770999999985],[-75.04086000000001,40.036757000000044],[-75.054287,40.044447999999996]]]}},{"type":"Feature","properties":{"district":"174","population":83692,"landAreaSqMi":7.5,"topMunicipalities":[{"name":"Philadelphia","classCode":"first_class_city","populationShare":1.0}],"topCounties":[{"name":"Philadelphia","geoid":"42101","populationShare":1.0}],"classShares":{"first_class_city":1.0},"medianIncome":67271,"medianHomeValue":273133,"rentBurdenedPct":47.0,"ownerBurdenedPct":22.7,"permitsPer1kPerYear":0.2,"permits5yrTotal":75,"popChange2020to2024Pct":-1.9,"parentSenateDistricts":[{"district":"5","overlapShareOfHD":0.9999999999999981,"areaShareOfSD":0.2096317643010372}]},"geometry":{"type":"Polygon","coordinates":[[[-75.067495,40.06910700000003],[-75.05999,40.07323300000001],[-75.041488,40.087338000000024],[-75.0384,40.08447199999998],[-75.037498,40.085458999999986],[-75.028774,40.08086399999999],[-75.015367,40.09473399999998],[-74.997233,40.08002299999997],[-74.994348,40.08168099999999],[-74.987568,40.07582500000001],[-74.984384,40.07886900000001],[-74.983904,40.08232999999999],[-74.981291,40.08226500000002],[-74.975084,40.078745000000005],[-74.973615,40.07890099999999],[-74.972817,40.07755899999999],[-74.974092,40.07719499999999],[-74.973777,40.07471399999993],[-74.97103600000001,40.073857],[-74.97721,40.06816800000002],[-74.980838,40.066102000000015],[-74.981023,40.06493900000001],[-74.984171,40.06407500000002],[-74.990432,40.06039599999999],[-74.995864,40.06235600000005],[-75.004021,40.060424],[-75.011391,40.056631],[-75.028291,40.05636299999996],[-75.028001,40.054534],[-75.031164,40.05418900000002],[-75.031128,40.055100999999986],[-75.035226,40.05588000000002],[-75.03433,40.05706699999997],[-75.036368,40.057864999999985],[-75.035906,40.060770000000005],[-75.036593,40.06265599999996],[-75.04031300000001,40.06561499999997],[-75.041202,40.06585000000001],[-75.044141,40.05931999999995],[-75.048204,40.055368000000044],[-75.064491,40.064588000000036],[-75.06304,40.06614299999996],[-75.067495,40.06910700000003]]]}},{"type":"Feature","properties":{"district":"178","population":67697,"landAreaSqMi":49.4,"topMunicipalities":[{"name":"Northampton","classCode":"second_class_township","populationShare":0.508176799076222},{"name":"Upper Southampton","classCode":"second_class_township","populationShare":0.22451481696472442},{"name":"Warwick","classCode":"second_class_township","populationShare":0.2188720338815925},{"name":"Wrightstown","classCode":"second_class_township","populationShare":0.04843635007746117}],"topCounties":[{"name":"Bucks","geoid":"42017","populationShare":1.0}],"classShares":{"second_class_township":1.0},"medianIncome":146509,"medianHomeValue":544590,"rentBurdenedPct":35.0,"ownerBurdenedPct":21.6,"permitsPer1kPerYear":0.8,"permits5yrTotal":279,"popChange2020to2024Pct":0.1,"parentSenateDistricts":[{"district":"6","overlapShareOfHD":1.0000000000000004,"areaShareOfSD":0.3946354443587261}]},"geometry":{"type":"Polygon","coordinates":[[[-75.122204,40.245211000000026],[-75.112466,40.255026000000015],[-75.117162,40.25787999999999],[-75.11213300000001,40.26270200000005],[-75.116452,40.265227000000046],[-75.112059,40.269671],[-75.112749,40.272056000000006],[-75.107986,40.27251199999999],[-75.101641,40.27693200000004],[-75.095455,40.27630399999999],[-75.089055,40.28274499999996],[-75.073393,40.27340700000003],[-75.074733,40.27206100000003],[-75.072702,40.27024600000003],[-75.073924,40.269485],[-75.072461,40.269071000000004],[-75.06492800000001,40.263038999999964],[-75.061958,40.26283800000001],[-75.05917,40.268223000000006],[-75.058112,40.26898900000003],[-75.054878,40.26903600000001],[-75.053171,40.26782000000001],[-75.053229,40.265973000000024],[-75.057279,40.25754800000002],[-75.054808,40.25583700000001],[-75.049576,40.25673999999997],[-75.04605,40.259489999999985],[-75.044242,40.263091000000024],[-75.040852,40.26075400000003],[-75.039704,40.26169500000001],[-74.999234,40.30194900000002],[-74.955043,40.27674599999995],[-74.98561,40.24629899999997],[-74.982867,40.245656999999994],[-74.97945799999998,40.243405],[-74.978269,40.24075399999997],[-74.975595,40.23974400000006],[-74.973228,40.24061000000003],[-74.96993600000002,40.240339],[-74.971113,40.23628500000002],[-74.97423,40.233402999999946],[-74.97423,40.232007],[-74.972291,40.23083499999997],[-74.966061,40.229841999999955],[-74.962831,40.22686799999999],[-74.96536,40.221598000000036],[-74.957194,40.218126999999996],[-74.95490600000001,40.212270000000025],[-74.95308500000002,40.21150300000001],[-74.947785,40.21168199999999],[-74.951162,40.20820300000003],[-74.97264500000001,40.207488000000026],[-74.972382,40.20298500000002],[-74.96754000000001,40.20227799999999],[-74.967989,40.19865600000006],[-74.957935,40.20169300000002],[-74.971777,40.188319000000014],[-74.970762,40.18772000000004],[-74.971214,40.18380200000003],[-74.96804500000002,40.17382399999999],[-74.976116,40.16739499999999],[-74.983829,40.16323099999998],[-74.998745,40.17145299999998],[-75.000127,40.17096500000001],[-75.008833,40.16685100000002],[-75.029301,40.146508999999945],[-75.071198,40.17103199999999],[-75.043802,40.19808699999995],[-75.117896,40.24190199999999],[-75.122204,40.245211000000026]]]}},{"type":"Feature","properties":{"district":"179","population":48091,"landAreaSqMi":4.3,"topMunicipalities":[{"name":"Philadelphia","classCode":"first_class_city","populationShare":1.0}],"topCounties":[{"name":"Philadelphia","geoid":"42101","populationShare":1.0}],"classShares":{"first_class_city":1.0},"medianIncome":46789,"medianHomeValue":144216,"rentBurdenedPct":58.9,"ownerBurdenedPct":26.6,"permitsPer1kPerYear":0.6,"permits5yrTotal":137,"popChange2020to2024Pct":-1.9,"parentSenateDistricts":[{"district":"2","overlapShareOfHD":0.6445874199624199,"areaShareOfSD":0.16223816692632895},{"district":"3","overlapShareOfHD":0.35541258003758136,"areaShareOfSD":0.10952797588684507}]},"geometry":{"type":"Polygon","coordinates":[[[-75.133278,40.023820999999984],[-75.130518,40.03643699999996],[-75.114896,40.034446999999986],[-75.112042,40.03784700000002],[-75.105848,40.041902000000015],[-75.08641,40.03102400000007],[-75.08508,40.031266000000024],[-75.090563,40.025791000000005],[-75.08945,40.025080000000024],[-75.08508900000001,40.02276100000003],[-75.082681,40.02512300000004],[-75.081931,40.02470700000004],[-75.0807,40.02593299999994],[-75.076796,40.02405899999999],[-75.07684,40.023256999999965],[-75.07562200000001,40.02407400000002],[-75.074175,40.022428999999995],[-75.07531800000001,40.021835999999986],[-75.07184700000002,40.01695199999999],[-75.070504,40.01725500000004],[-75.068867,40.012751],[-75.070581,40.01053299999998],[-75.078448,40.00858600000002],[-75.077476,40.00413900000002],[-75.08637,39.998895000000005],[-75.088099,40.003103999999986],[-75.092794,40.00564300000001],[-75.092133,40.007343999999996],[-75.094909,40.009557999999984],[-75.09436300000002,40.011383000000016],[-75.099691,40.01208299999998],[-75.098803,40.01634500000001],[-75.10257000000001,40.01596399999995],[-75.107249,40.016682999999986],[-75.108087,40.011547000000014],[-75.119439,40.01302599999999],[-75.114463,40.01993999999996],[-75.112217,40.02005599999996],[-75.11004,40.02226399999999],[-75.110936,40.02260600000002],[-75.111352,40.025446000000024],[-75.112844,40.027024999999995],[-75.133278,40.023820999999984]]]}},{"type":"Feature","properties":{"district":"185","population":168083,"landAreaSqMi":18.4,"topMunicipalities":[{"name":"Philadelphia","classCode":"first_class_city","populationShare":0.9604183922794789},{"name":"Tinicum","classCode":"first_class_township","populationShare":0.02361926689470444},{"name":"Colwyn","classCode":"borough","populationShare":0.01596234082581664}],"topCounties":[{"name":"Philadelphia","geoid":"42101","populationShare":0.9604183922794789},{"name":"Delaware","geoid":"42045","populationShare":0.03958160772052108}],"classShares":{"borough":0.01596234082581664,"first_class_city":0.9604183922794789,"first_class_township":0.02361926689470444},"medianIncome":62023,"medianHomeValue":219397,"rentBurdenedPct":53.4,"ownerBurdenedPct":28.4,"permitsPer1kPerYear":0.3,"permits5yrTotal":293,"popChange2020to2024Pct":-1.8,"parentSenateDistricts":[{"district":"8","overlapShareOfHD":0.5344079248137946,"areaShareOfSD":0.45165810002956},{"district":"1","overlapShareOfHD":0.4655920751862051,"areaShareOfSD":0.41234933855231803}]},"geometry":{"type":"Polygon","coordinates":[[[-75.316531,39.850012],[-75.31318,39.86493000000001],[-75.31421300000001,39.86887499999998],[-75.30706,39.87388700000001],[-75.3048,39.876340000000006],[-75.299819,39.877423999999976],[-75.298319,39.876792000000016],[-75.297313,39.87520400000003],[-75.295483,39.87531399999999],[-75.288386,39.880858000000025],[-75.287947,39.88045399999999],[-75.28196,39.88157300000003],[-75.276398,39.880686000000004],[-75.274434,39.877019000000004],[-75.272485,39.87671499999996],[-75.269685,39.87915500000001],[-75.261946,39.882888999999984],[-75.264408,39.88432000000007],[-75.262617,39.88580500000002],[-75.264549,39.886226],[-75.26511300000001,39.88752399999998],[-75.264276,39.888401],[-75.262306,39.88853699999999],[-75.261743,39.891774000000005],[-75.258962,39.89252199999998],[-75.25674100000002,39.89472600000003],[-75.257362,39.89584399999997],[-75.255095,39.89866600000002],[-75.25561,39.899576],[-75.251288,39.90440299999996],[-75.253492,39.90558500000004],[-75.2525,39.90661399999998],[-75.254972,39.90584900000001],[-75.255559,39.90652399999998],[-75.254689,39.908463],[-75.255631,39.90999200000004],[-75.260193,39.90975700000004],[-75.260043,39.913519000000036],[-75.254116,39.91237300000002],[-75.252872,39.91711999999998],[-75.24856,39.91637799999998],[-75.246308,39.91717599999996],[-75.244935,39.91544999999996],[-75.234991,39.92216900000003],[-75.236884,39.92375999999998],[-75.233099,39.92645200000002],[-75.231876,39.92543399999997],[-75.228243,39.928351999999975],[-75.227309,39.92757099999996],[-75.222696,39.93080800000003],[-75.223302,39.931315000000005],[-75.20607200000002,39.935371000000046],[-75.211253,39.928518999999994],[-75.212428,39.925230000000006],[-75.21079000000002,39.922094999999985],[-75.208526,39.92103299999996],[-75.203396,39.921007],[-75.2017,39.91983400000001],[-75.184044,39.92284599999998],[-75.182479,39.92726899999997],[-75.17897,39.926828999999984],[-75.179242,39.92560599999998],[-75.17767000000002,39.925390000000014],[-75.177982,39.92395100000002],[-75.169499,39.925531],[-75.176341,39.89399699999999],[-75.174311,39.88108499999997],[-75.185417,39.880853],[-75.18898,39.87999400000006],[-75.206657,39.87108200000001],[-75.211975,39.86746399999999],[-75.211463,39.86700399999996],[-75.221371,39.86154299999999],[-75.229477,39.85829199999996],[-75.246149,39.85398200000002],[-75.272202,39.84907599999999],[-75.293376,39.84878199999994],[-75.309674,39.85017800000003],[-75.316531,39.850012]]]}},{"type":"Feature","properties":{"district":"186","population":38360,"landAreaSqMi":3.3,"topMunicipalities":[{"name":"Philadelphia","classCode":"first_class_city","populationShare":1.0}],"topCounties":[{"name":"Philadelphia","geoid":"42101","populationShare":1.0}],"classShares":{"first_class_city":1.0},"medianIncome":75233,"medianHomeValue":299566,"rentBurdenedPct":43.7,"ownerBurdenedPct":19.8,"permitsPer1kPerYear":8.7,"permits5yrTotal":1670,"popChange2020to2024Pct":-1.9,"parentSenateDistricts":[{"district":"8","overlapShareOfHD":0.8968791465124784,"areaShareOfSD":0.11105199961306342},{"district":"1","overlapShareOfHD":0.10312085348752151,"areaShareOfSD":0.01338017410453649}]},"geometry":{"type":"Polygon","coordinates":[[[-75.228358,39.93769999999996],[-75.22548,39.93972499999997],[-75.226886,39.94090700000001],[-75.223455,39.94330999999998],[-75.222065,39.94213800000002],[-75.222753,39.94165400000001],[-75.217614,39.937329999999974],[-75.216718,39.937956],[-75.21797700000002,39.93901299999997],[-75.217502,39.939355000000006],[-75.214301,39.936654000000026],[-75.21065,39.93919899999999],[-75.205643,39.93688199999997],[-75.205005,39.941803999999976],[-75.203156,39.94359100000001],[-75.20037,39.94399099999996],[-75.193872,39.94210000000002],[-75.19149500000002,39.94315300000001],[-75.188299,39.94640900000003],[-75.187251,39.94555899999999],[-75.180611,39.944631000000015],[-75.182352,39.94338700000001],[-75.177374,39.94323100000002],[-75.177761,39.94146100000001],[-75.171125,39.940626000000044],[-75.170955,39.941403999999984],[-75.166204,39.94081299999995],[-75.169499,39.925531],[-75.177982,39.92395100000002],[-75.17767000000002,39.925390000000014],[-75.179242,39.92560599999998],[-75.17897,39.926828999999984],[-75.182479,39.92726899999997],[-75.184044,39.92284599999998],[-75.2017,39.91983400000001],[-75.203396,39.921007],[-75.208526,39.92103299999996],[-75.212057,39.92356199999998],[-75.212428,39.925230000000006],[-75.211253,39.928518999999994],[-75.20607200000002,39.935371000000046],[-75.223302,39.931315000000005],[-75.224592,39.93240999999997],[-75.223219,39.93338900000002],[-75.228358,39.93769999999996]]]}},{"type":"Feature","properties":{"district":"187","population":70904,"landAreaSqMi":153.4,"topMunicipalities":[{"name":"Lower Macungie","classCode":"first_class_township","populationShare":0.4578276826266359},{"name":"Upper Macungie","classCode":"second_class_township","populationShare":0.190247785163936},{"name":"Washington","classCode":"second_class_township","populationShare":0.09250482934964291},{"name":"Weisenberg","classCode":"second_class_township","populationShare":0.07023540938576331},{"name":"Lynn","classCode":"second_class_township","populationShare":0.05991165041580773}],"topCounties":[{"name":"Lehigh","geoid":"42077","populationShare":1.0}],"classShares":{"borough":0.08226569135485086,"first_class_township":0.4578276826266359,"second_class_township":0.45990662601851323},"medianIncome":112608,"medianHomeValue":352583,"rentBurdenedPct":35.0,"ownerBurdenedPct":18.3,"permitsPer1kPerYear":3.3,"permits5yrTotal":1175,"popChange2020to2024Pct":4.0,"parentSenateDistricts":[{"district":"16","overlapShareOfHD":0.9999999999999992,"areaShareOfSD":0.2775360115982242}]},"geometry":{"type":"Polygon","coordinates":[[[-75.891349,40.67731800000003],[-75.854809,40.69319200000002],[-75.844663,40.693000999999995],[-75.807789,40.70749200000005],[-75.796518,40.71703400000001],[-75.779682,40.72502200000003],[-75.77769,40.72953399999997],[-75.770292,40.729938000000054],[-75.765947,40.73092600000002],[-75.757761,40.735442000000006],[-75.744863,40.740309],[-75.743585,40.74346199999996],[-75.739309,40.74415500000002],[-75.734112,40.74878899999999],[-75.732208,40.75164399999995],[-75.7286,40.753915000000006],[-75.702418,40.76224000000002],[-75.702365,40.76325900000004],[-75.694621,40.770186],[-75.67683,40.77490600000001],[-75.609068,40.78752299999996],[-75.605459,40.78078300000003],[-75.604777,40.77761999999999],[-75.604665,40.775776999999955],[-75.60659,40.773006999999986],[-75.606659,40.77131899999998],[-75.604525,40.768814999999975],[-75.606916,40.76861699999996],[-75.605689,40.75853700000004],[-75.607802,40.758156000000064],[-75.608608,40.75972799999998],[-75.609288,40.764365999999995],[-75.608462,40.76448800000001],[-75.608793,40.76605399999994],[-75.60783,40.76603300000002],[-75.607848,40.767341000000016],[-75.608626,40.76723799999996],[-75.609236,40.768431],[-75.612106,40.76821299999997],[-75.612026,40.768859000000035],[-75.619258,40.77041900000004],[-75.619279,40.77157900000002],[-75.62169200000001,40.77222600000002],[-75.622197,40.773798],[-75.622362,40.77373700000006],[-75.621517,40.770248000000024],[-75.618136,40.769234],[-75.616974,40.76079500000002],[-75.614299,40.760211000000005],[-75.613566,40.75842300000001],[-75.61047,40.757756],[-75.610656,40.75611699999998],[-75.611465,40.75591800000002],[-75.611084,40.754542],[-75.624458,40.751413999999954],[-75.61997700000002,40.74102100000002],[-75.602896,40.74564100000004],[-75.601038,40.744371000000015],[-75.597602,40.74461000000003],[-75.592558,40.73612700000001],[-75.590206,40.734463],[-75.587902,40.73388699999995],[-75.580552,40.73472500000001],[-75.605102,40.70211300000003],[-75.638591,40.67968200000002],[-75.633067,40.671810999999984],[-75.676576,40.66851399999998],[-75.678633,40.67154000000003],[-75.71482600000002,40.66250599999997],[-75.644889,40.597599000000024],[-75.638919,40.603205],[-75.633482,40.60125800000003],[-75.631974,40.600034000000015],[-75.630807,40.594750000000005],[-75.624086,40.579345],[-75.618912,40.57367500000003],[-75.60900100000002,40.55864199999996],[-75.617782,40.554739000000005],[-75.619434,40.55336400000004],[-75.62078500000001,40.55124399999999],[-75.622271,40.542485999999975],[-75.624308,40.54043399999999],[-75.62739000000002,40.53948299999996],[-75.638438,40.54067200000004],[-75.636573,40.53812500000003],[-75.631544,40.536778000000034],[-75.631928,40.53312499999999],[-75.627739,40.52719100000001],[-75.551391,40.57880800000002],[-75.501434,40.546841000000015],[-75.506216,40.54347300000001],[-75.508787,40.540524999999995],[-75.510119,40.54124900000003],[-75.513039,40.539880000000004],[-75.517103,40.542061999999966],[-75.518629,40.540354999999984],[-75.520099,40.540460999999986],[-75.518788,40.53709999999998],[-75.515541,40.53531100000002],[-75.51449200000002,40.53608200000004],[-75.515094,40.537110999999996],[-75.51306500000001,40.537441000000015],[-75.514701,40.53485800000002],[-75.54307100000001,40.510323999999954],[-75.542949,40.509356999999994],[-75.54056600000001,40.50820399999997],[-75.540853,40.505479000000015],[-75.543261,40.50531399999998],[-75.545268,40.507015],[-75.54732,40.50496],[-75.547858,40.50574499999998],[-75.579503,40.47805700000001],[-75.73799,40.57907500000001],[-75.811959,40.62509299999994],[-75.891349,40.67731800000003]]]}},{"type":"Feature","properties":{"district":"188","population":31898,"landAreaSqMi":2.8,"topMunicipalities":[{"name":"Philadelphia","classCode":"first_class_city","populationShare":1.0}],"topCounties":[{"name":"Philadelphia","geoid":"42101","populationShare":1.0}],"classShares":{"first_class_city":1.0},"medianIncome":52978,"medianHomeValue":431534,"rentBurdenedPct":51.1,"ownerBurdenedPct":28.4,"permitsPer1kPerYear":19.7,"permits5yrTotal":3149,"popChange2020to2024Pct":-1.9,"parentSenateDistricts":[{"district":"8","overlapShareOfHD":0.7449199378021328,"areaShareOfSD":0.07669810010640737},{"district":"7","overlapShareOfHD":0.25508006219786694,"areaShareOfSD":0.018067883379161317}]},"geometry":{"type":"Polygon","coordinates":[[[-75.240052,39.94591699999999],[-75.238476,39.953484999999986],[-75.230323,39.952474999999986],[-75.229999,39.953995999999954],[-75.226224,39.95352800000005],[-75.22486800000001,39.960004999999995],[-75.180223,39.95447200000004],[-75.183288,39.949511999999984],[-75.18872,39.94610799999996],[-75.19149500000002,39.94315300000001],[-75.193872,39.94210000000002],[-75.20037,39.94399099999996],[-75.203922,39.94314900000001],[-75.20508700000002,39.94150800000002],[-75.205643,39.93688199999997],[-75.21065,39.93919899999999],[-75.214301,39.936654000000026],[-75.217502,39.939355000000006],[-75.21797700000002,39.93901299999997],[-75.216718,39.937956],[-75.217614,39.937329999999974],[-75.222753,39.94165400000001],[-75.222065,39.94213800000002],[-75.223455,39.94330999999998],[-75.222759,39.94380600000002],[-75.22469,39.94542499999999],[-75.228342,39.94616700000001],[-75.230947,39.944336000000035],[-75.232349,39.945514999999986],[-75.233718,39.944559000000005],[-75.232817,39.943789999999964],[-75.23432100000001,39.94274100000001],[-75.235219,39.94349399999996],[-75.23642400000001,39.94264600000002],[-75.240052,39.94591699999999]]]}},{"type":"Feature","properties":{"district":"189","population":62017,"landAreaSqMi":224.4,"topMunicipalities":[{"name":"Stroud","classCode":"second_class_township","populationShare":0.18650056336382625},{"name":"Lehman","classCode":"second_class_township","populationShare":0.17695254986693895},{"name":"East Stroudsburg","classCode":"borough","populationShare":0.14960504443825953},{"name":"Smithfield","classCode":"second_class_township","populationShare":0.12812693286337692},{"name":"Middle Smithfield","classCode":"second_class_township","populationShare":0.1253130072785018}],"topCounties":[{"name":"Monroe","geoid":"42089","populationShare":0.6943561524760499},{"name":"Pike","geoid":"42103","populationShare":0.30564384752395013}],"classShares":{"borough":0.25441564897034485,"second_class_township":0.7455843510296551},"medianIncome":80234,"medianHomeValue":233376,"rentBurdenedPct":55.7,"ownerBurdenedPct":27.7,"permitsPer1kPerYear":1.1,"permits5yrTotal":327,"popChange2020to2024Pct":0.3,"parentSenateDistricts":[{"district":"20","overlapShareOfHD":0.6763002946039186,"areaShareOfSD":0.058094610570204305},{"district":"40","overlapShareOfHD":0.3236997053960818,"areaShareOfSD":0.06953959750297233}]},"geometry":{"type":"Polygon","coordinates":[[[-75.249506,40.97379099999997],[-75.233001,40.979073999999976],[-75.22844000000002,40.98157500000004],[-75.222462,40.982745999999985],[-75.215493,40.98245999999999],[-75.215792,40.984711000000004],[-75.21272,40.98461599999997],[-75.211295,40.986327],[-75.208071,40.98775500000006],[-75.21208,40.989524999999965],[-75.21638100000001,40.98966600000002],[-75.219207,40.995180000000005],[-75.228871,40.99727700000002],[-75.23293800000002,41.00306400000001],[-75.227526,41.006818000000024],[-75.218543,41.009621999999986],[-75.211683,41.010531000000015],[-75.209188,41.00803300000001],[-75.204904,41.00895900000002],[-75.207671,41.012317],[-75.20844,41.020687999999964],[-75.206723,41.02564500000001],[-75.208088,41.02784199999997],[-75.207485,41.02990999999999],[-75.210957,41.035140999999996],[-75.208735,41.038232],[-75.214328,41.04288499999998],[-75.215531,41.04604100000003],[-75.220414,41.05058100000003],[-75.21990700000002,41.051589000000035],[-75.216299,41.05319399999997],[-75.214673,41.05551600000001],[-75.214657,41.061762999999985],[-75.218471,41.067391999999984],[-75.225466,41.070807000000016],[-75.22348300000002,41.07335800000001],[-75.12844,41.05081099999999],[-75.12705100000001,41.053955],[-75.12216400000001,41.057626999999954],[-75.11542,41.06094],[-75.11443,41.07251100000002],[-75.103025,41.082253],[-75.10288500000001,41.084001000000065],[-75.10484,41.08874800000004],[-75.099295,41.09549599999997],[-75.097216,41.10154000000004],[-75.098641,41.105461999999974],[-75.09468,41.11206899999998],[-75.093813,41.119516000000004],[-75.083581,41.13817699999996],[-75.082677,41.14171499999995],[-75.156507,41.150341000000004],[-75.129721,41.252100999999975],[-75.1157,41.293660999999965],[-74.973256,41.28572699999998],[-74.838762,41.276472],[-74.8406,41.27158499999999],[-74.846367,41.262842999999975],[-74.844883,41.25813000000003],[-74.846597,41.25359400000002],[-74.848598,41.25142800000001],[-74.854943,41.25040000000005],[-74.857756,41.24842200000004],[-74.861767,41.24222400000003],[-74.86214,41.23778899999998],[-74.867205,41.23067700000001],[-74.867242,41.22701199999999],[-74.860136,41.22164100000005],[-74.859191,41.219972999999996],[-74.859822,41.21811000000004],[-74.874793,41.197238999999996],[-74.878198,41.190469000000014],[-74.87902500000001,41.186510999999975],[-74.882638,41.18038000000001],[-74.889988,41.173217],[-74.89994300000001,41.16630999999996],[-74.905256,41.155668000000006],[-74.91670800000001,41.144833000000006],[-74.920379,41.14228699999999],[-74.924469,41.13753000000004],[-74.93196,41.13340800000003],[-74.944498,41.12997400000002],[-74.947569,41.12670499999994],[-74.947411,41.12373300000002],[-74.963233,41.114675999999996],[-74.965417,41.11386899999995],[-74.97359,41.11318599999994],[-74.979543,41.11082399999996],[-74.981287,41.109314999999995],[-74.988867,41.09602000000004],[-74.991387,41.09315500000001],[-74.991815,41.08913200000001],[-74.988263,41.08822200000003],[-74.98332100000002,41.088996000000016],[-74.975298,41.09407299999997],[-74.969434,41.096073999999994],[-74.967464,41.09532699999998],[-74.966759,41.09342500000001],[-74.968388,41.08779599999998],[-74.970987,41.08529300000003],[-74.98259,41.07917199999994],[-74.989332,41.078318999999986],[-74.994847,41.07655600000003],[-75.00078,41.073209999999996],[-75.006856,41.067595999999966],[-75.01241,41.06726400000001],[-75.017572,41.055853000000006],[-75.027146,41.045254],[-75.02734,41.04382700000004],[-75.026127,41.04190500000002],[-75.02696100000001,41.039620999999975],[-75.033494,41.037665999999994],[-75.04178900000001,41.031700000000015],[-75.048735,41.02922199999997],[-75.070532,41.01862000000001],[-75.074999,41.017129999999995],[-75.081101,41.016838000000035],[-75.084495,41.015919999999944],[-75.09299700000001,41.009701000000035],[-75.10911300000001,41.004102],[-75.11059500000002,41.002174000000025],[-75.123423,40.99612899999997],[-75.129651,40.99193100000002],[-75.131341,40.98997999999998],[-75.132106,40.982566000000006],[-75.135521,40.97686500000004],[-75.135531,40.973803000000004],[-75.133778,40.97097399999998],[-75.13136,40.969275999999994],[-75.129074,40.96897599999997],[-75.122603,40.97015199999999],[-75.120232,40.96870200000002],[-75.129232,40.95892999999991],[-75.14513,40.95158400000001],[-75.152935,40.94931100000004],[-75.169463,40.94801499999998],[-75.17683600000001,40.94552300000001],[-75.178073,40.94032000000001],[-75.187531,40.937131000000015],[-75.195536,40.936337],[-75.217503,40.928276999999994],[-75.218558,40.928673000000025],[-75.217828,40.929656000000044],[-75.234955,40.95473499999994],[-75.249506,40.97379099999997]]]}},{"type":"Feature","properties":{"district":"194","population":129436,"landAreaSqMi":11.3,"topMunicipalities":[{"name":"Philadelphia","classCode":"first_class_city","populationShare":1.0}],"topCounties":[{"name":"Philadelphia","geoid":"42101","populationShare":1.0}],"classShares":{"first_class_city":1.0},"medianIncome":100904,"medianHomeValue":380763,"rentBurdenedPct":37.5,"ownerBurdenedPct":21.0,"permitsPer1kPerYear":3.1,"permits5yrTotal":2004,"popChange2020to2024Pct":-1.9,"parentSenateDistricts":[{"district":"7","overlapShareOfHD":0.7820363464597937,"areaShareOfSD":0.22477775642910394},{"district":"4","overlapShareOfHD":0.21796365354020716,"areaShareOfSD":0.056380291580760564}]},"geometry":{"type":"Polygon","coordinates":[[[-75.264431,40.05409400000003],[-75.22361000000001,40.09290699999999],[-75.189203,40.07317399999998],[-75.193222,40.06909],[-75.19437100000002,40.070589999999974],[-75.197337,40.06770600000004],[-75.20079,40.070706999999956],[-75.210963,40.06057300000001],[-75.210179,40.060099999999956],[-75.212128,40.05907800000005],[-75.213553,40.056862000000045],[-75.217933,40.055026],[-75.217333,40.05290200000002],[-75.211586,40.04713299999997],[-75.212125,40.04395300000002],[-75.20975800000001,40.03957],[-75.205691,40.034987999999984],[-75.203672,40.03464600000001],[-75.201806,40.036381999999975],[-75.20100500000001,40.03620400000003],[-75.200212,40.03269199999999],[-75.198081,40.030982999999935],[-75.197543,40.02766699999996],[-75.190898,40.02759699999997],[-75.190154,40.028991000000005],[-75.187995,40.029796],[-75.18777600000001,40.03077100000002],[-75.17945000000002,40.023046000000015],[-75.182447,40.02099700000004],[-75.181189,40.019913999999986],[-75.183103,40.01860399999999],[-75.17810300000001,40.014339],[-75.182127,40.01157799999995],[-75.179692,40.007898],[-75.186537,40.00983099999999],[-75.190514,40.00840699999999],[-75.19281,40.00673299999998],[-75.205978,40.011722999999996],[-75.21221900000002,40.015460999999995],[-75.218888,40.02149300000008],[-75.231987,40.027994999999954],[-75.24524000000001,40.03736300000001],[-75.249039,40.041848000000044],[-75.25962100000001,40.04923799999994],[-75.264431,40.05409400000003]]]}},{"type":"Feature","properties":{"district":"195","population":31751,"landAreaSqMi":2.8,"topMunicipalities":[{"name":"Philadelphia","classCode":"first_class_city","populationShare":1.0}],"topCounties":[{"name":"Philadelphia","geoid":"42101","populationShare":1.0}],"classShares":{"first_class_city":1.0},"medianIncome":65708,"medianHomeValue":280594,"rentBurdenedPct":44.6,"ownerBurdenedPct":24.5,"permitsPer1kPerYear":17.1,"permits5yrTotal":2710,"popChange2020to2024Pct":-1.9,"parentSenateDistricts":[{"district":"3","overlapShareOfHD":0.8924298649216337,"areaShareOfSD":0.1815787458530455},{"district":"7","overlapShareOfHD":0.060160204654166556,"areaShareOfSD":0.004241685180427483},{"district":"1","overlapShareOfHD":0.047409930424199505,"areaShareOfSD":0.0050917315370996455}]},"geometry":{"type":"Polygon","coordinates":[[[-75.193724,39.97528500000002],[-75.189319,39.97573900000004],[-75.189882,39.977933000000014],[-75.18671300000001,39.99021500000001],[-75.181875,39.98958300000004],[-75.181527,39.991176999999965],[-75.1831,39.991385999999984],[-75.182779,39.99288100000002],[-75.179584,39.99246300000004],[-75.179248,39.993962999999944],[-75.17461500000002,39.99335900000003],[-75.174372,39.99449399999998],[-75.171173,39.99416500000001],[-75.170767,39.99603600000004],[-75.154588,39.99393799999994],[-75.157581,39.98022300000005],[-75.174991,39.982459999999975],[-75.170428,39.97911199999997],[-75.16722,39.97339700000001],[-75.16937800000001,39.963498000000016],[-75.170958,39.96369200000002],[-75.171263,39.96225599999999],[-75.169701,39.96206199999997],[-75.170341,39.959091000000015],[-75.167161,39.958692000000006],[-75.167803,39.955934999999954],[-75.16917300000001,39.95703099999995],[-75.17239,39.95742799999997],[-75.171988,39.959046000000036],[-75.179494,39.964518],[-75.183323,39.96437399999999],[-75.191012,39.97003400000001],[-75.193724,39.97528500000002]]]}},{"type":"Feature","properties":{"district":"196","population":59618,"landAreaSqMi":129.6,"topMunicipalities":[{"name":"West Manchester","classCode":"second_class_township","populationShare":0.32198127613184035},{"name":"Dover","classCode":"second_class_township","populationShare":0.16404965410196629},{"name":"North Codorus","classCode":"second_class_township","populationShare":0.15361036293057895},{"name":"Jackson","classCode":"second_class_township","populationShare":0.14812547663681416},{"name":"Paradise","classCode":"second_class_township","populationShare":0.06704309026354263}],"topCounties":[{"name":"York","geoid":"42133","populationShare":1.0}],"classShares":{"borough":0.09429978820656403,"second_class_township":0.905700211793436},"medianIncome":82785,"medianHomeValue":231866,"rentBurdenedPct":44.5,"ownerBurdenedPct":20.7,"permitsPer1kPerYear":2.8,"permits5yrTotal":847,"popChange2020to2024Pct":3.1,"parentSenateDistricts":[{"district":"28","overlapShareOfHD":0.7061497661897939,"areaShareOfSD":0.15278800279861765},{"district":"31","overlapShareOfHD":0.29385023381020625,"areaShareOfSD":0.11403806672284866}]},"geometry":{"type":"Polygon","coordinates":[[[-76.984152,39.899839000000014],[-76.983849,39.902057],[-76.980136,39.90385100000001],[-76.981602,39.905309],[-76.976904,39.90750900000003],[-76.973145,39.91074799999996],[-76.972839,39.91386100000002],[-76.971122,39.914936999999995],[-76.968022,39.91513000000004],[-76.966983,39.916183],[-76.967301,39.917687000000015],[-76.968512,39.91837199999997],[-76.964958,39.92209599999999],[-76.97013700000001,39.92128100000002],[-76.96993400000001,39.92373699999997],[-76.971754,39.92449100000006],[-76.97231500000001,39.92563099999999],[-76.971086,39.92776000000006],[-76.972069,39.92907500000001],[-76.971036,39.93115099999997],[-76.972603,39.934137999999955],[-76.9711,39.93616099999999],[-76.969691,39.93733300000001],[-76.967316,39.935286000000005],[-76.96460300000001,39.935751999999994],[-76.96459,39.94064400000001],[-76.96351,39.94181399999996],[-76.964049,39.94487700000004],[-76.959192,39.947873],[-76.957802,39.95235399999998],[-76.95669,39.95338600000002],[-76.952937,39.953189999999985],[-76.949026,39.948919],[-76.94541000000001,39.95029700000002],[-76.944083,39.951823999999974],[-76.94404,39.95399800000001],[-76.944961,39.954849],[-76.958853,39.95948599999999],[-76.961123,39.96278900000001],[-76.936892,39.962380999999965],[-76.932688,39.96698400000001],[-76.903253,39.954272999999986],[-76.890971,39.95008500000002],[-76.889944,39.949003999999995],[-76.871471,39.948490000000014],[-76.843366,39.94626099999996],[-76.834714,39.945398999999995],[-76.8345,39.94473199999997],[-76.833332,39.944973000000026],[-76.828556,39.94351299999996],[-76.829737,39.94731100000001],[-76.832136,39.95043000000002],[-76.831872,39.952722],[-76.834388,39.95643099999999],[-76.840245,39.96288600000001],[-76.84576300000002,39.96704700000003],[-76.849429,39.97348599999999],[-76.842827,39.97720500000001],[-76.841854,39.98394099999999],[-76.839995,39.985825000000034],[-76.838439,39.98999499999998],[-76.841726,39.992395000000045],[-76.845838,39.99769799999998],[-76.848242,39.996838],[-76.849577,39.99777199999998],[-76.851004,39.99615700000002],[-76.85922,40.002036999999966],[-76.854799,40.005408999999986],[-76.879214,40.03232199999997],[-76.881855,40.03447999999997],[-76.893708,40.04099500000001],[-76.898925,40.04500200000004],[-76.890093,40.04838800000002],[-76.885285,40.048989999999996],[-76.881153,40.05170600000001],[-76.879844,40.054219999999994],[-76.882433,40.05967399999998],[-76.882203,40.06105700000001],[-76.876834,40.06437599999999],[-76.870957,40.06591600000002],[-76.874443,40.06988500000002],[-76.874075,40.07127700000002],[-76.86994600000001,40.07220499999997],[-76.869048,40.06767699999999],[-76.867255,40.06516599999999],[-76.865734,40.06391800000003],[-76.863942,40.064173999999966],[-76.863061,40.06774200000004],[-76.86018,40.070735000000006],[-76.865228,40.08260600000001],[-76.864466,40.084813999999966],[-76.861569,40.08600000000002],[-76.849404,40.084404000000006],[-76.846203,40.08795],[-76.847673,40.09378400000002],[-76.845925,40.094797000000035],[-76.844489,40.08793500000001],[-76.84695800000001,40.083803],[-76.842349,40.07842800000004],[-76.842175,40.075888000000006],[-76.840736,40.07328699999998],[-76.842388,40.06765500000001],[-76.84468300000002,40.06502400000002],[-76.84465200000001,40.063449000000006],[-76.837153,40.054219],[-76.83874800000001,40.04799600000001],[-76.834862,40.04586999999994],[-76.831749,40.03591499999996],[-76.827628,40.03156700000002],[-76.828096,40.02876900000002],[-76.826254,40.02487900000003],[-76.822025,40.02187499999999],[-76.815733,40.01912999999997],[-76.813574,40.01605499999999],[-76.806892,40.01142100000002],[-76.802569,40.00405100000002],[-76.79742799999998,39.999508000000006],[-76.791715,39.991396999999985],[-76.786474,39.98782100000007],[-76.784016,39.98697399999999],[-76.768633,39.98569299999999],[-76.76569,39.982628000000005],[-76.762585,39.98199399999994],[-76.757356,39.97785900000001],[-76.760792,39.97818800000002],[-76.762665,39.97706299999999],[-76.761987,39.97399800000001],[-76.757036,39.975235000000005],[-76.756822,39.977225000000004],[-76.751312,39.97096199999996],[-76.751337,39.96961299999998],[-76.755832,39.969321000000015],[-76.755146,39.966116000000014],[-76.762814,39.96528800000002],[-76.762305,39.962023],[-76.751553,39.958708999999985],[-76.75126,39.95616600000001],[-76.753487,39.954496999999996],[-76.755506,39.95390500000002],[-76.756581,39.955921000000004],[-76.75813700000002,39.956572999999985],[-76.75806200000001,39.958571],[-76.759667,39.958393999999956],[-76.7603,39.95927999999996],[-76.76162200000002,39.95806400000002],[-76.76178,39.959745999999974],[-76.763632,39.95960600000001],[-76.763539,39.95790099999998],[-76.769311,39.95753199999998],[-76.769418,39.95867799999998],[-76.77246000000001,39.958492000000014],[-76.77134000000001,39.957312000000044],[-76.769259,39.95711199999999],[-76.76568,39.94687700000002],[-76.764129,39.946835999999976],[-76.748779,39.95230000000002],[-76.746036,39.94944099999998],[-76.74598900000001,39.94826300000003],[-76.744419,39.94740200000004],[-76.744532,39.94591900000003],[-76.74558,39.94532600000004],[-76.757027,39.94599399999999],[-76.758676,39.944390999999996],[-76.756532,39.94037599999996],[-76.759436,39.93831300000005],[-76.758746,39.93656699999998],[-76.75692,39.93605499999996],[-76.755438,39.934609999999985],[-76.753958,39.930331999999964],[-76.75177499999998,39.928810000000006],[-76.750265,39.92871600000004],[-76.75170300000002,39.92332499999997],[-76.750885,39.92102399999996],[-76.74876,39.920242000000016],[-76.747623,39.916299999999985],[-76.747992,39.91453100000003],[-76.748653,39.91364799999999],[-76.751183,39.913875000000026],[-76.751491,39.912996000000014],[-76.75266,39.91283799999999],[-76.75417,39.91441400000003],[-76.761029,39.91650399999995],[-76.763411,39.916229999999985],[-76.76426700000002,39.914677],[-76.763548,39.912711],[-76.759285,39.911423999999954],[-76.757334,39.908539999999995],[-76.745459,39.904044999999996],[-76.744111,39.902864999999984],[-76.745882,39.89826799999999],[-76.743428,39.89573299999997],[-76.748372,39.892254000000015],[-76.747288,39.89106399999999],[-76.742247,39.88955600000003],[-76.741682,39.887217000000014],[-76.745638,39.887204],[-76.748584,39.890014000000015],[-76.754321,39.887277999999995],[-76.756288,39.88783900000003],[-76.758833,39.887450000000015],[-76.760246,39.88571599999999],[-76.759505,39.88454600000001],[-76.756021,39.88302300000005],[-76.756407,39.881463999999966],[-76.75526,39.88135899999998],[-76.753458,39.879678000000034],[-76.750576,39.87515699999998],[-76.749252,39.874583],[-76.748065,39.87081700000001],[-76.74582,39.87043400000001],[-76.745733,39.86904500000005],[-76.748539,39.867197999999995],[-76.754414,39.86756499999996],[-76.754849,39.866851],[-76.758334,39.86591900000002],[-76.752942,39.86224099999997],[-76.760648,39.85329199999999],[-76.760787,39.848902000000024],[-76.764849,39.84623700000003],[-76.766713,39.84767700000002],[-76.773734,39.843880999999996],[-76.773254,39.841814],[-76.772226,39.841663000000004],[-76.811053,39.832132],[-76.843691,39.821314999999956],[-76.844534,39.822042000000025],[-76.84705800000002,39.820996999999984],[-76.847181,39.820080999999966],[-76.873091,39.81051699999999],[-76.87634,39.81362199999999],[-76.87737,39.816577],[-76.87860200000001,39.815385999999975],[-76.878747,39.813289000000005],[-76.880819,39.81187300000001],[-76.883357,39.80628500000003],[-76.885904,39.80578199999998],[-76.88598,39.804986000000014],[-76.888977,39.805089000000045],[-76.88939500000001,39.80597899999998],[-76.892958,39.80571400000001],[-76.895087,39.80468400000004],[-76.897398,39.802497999999986],[-76.898188,39.80033800000001],[-76.904777,39.796429999999994],[-76.905338,39.79421400000004],[-76.908964,39.79375399999999],[-76.908998,39.79285500000004],[-76.91213200000001,39.792078],[-76.914956,39.78902300000008],[-76.944992,39.81106199999995],[-76.948792,39.816438999999995],[-76.95550300000001,39.82868699999999],[-76.957175,39.85574100000001],[-76.954932,39.856850000000044],[-76.962238,39.864835000000014],[-76.96362,39.87401700000002],[-76.972536,39.87291399999999],[-76.973983,39.87436500000001],[-76.978298,39.881912],[-76.977457,39.885481],[-76.980131,39.88655499999999],[-76.981986,39.892152999999965],[-76.983945,39.89353500000005],[-76.983992,39.89473099999998],[-76.982037,39.897441],[-76.982373,39.89864000000006],[-76.984152,39.899839000000014]]]}},{"type":"Feature","properties":{"district":"197","population":35769,"landAreaSqMi":3.2,"topMunicipalities":[{"name":"Philadelphia","classCode":"first_class_city","populationShare":1.0}],"topCounties":[{"name":"Philadelphia","geoid":"42101","populationShare":1.0}],"classShares":{"first_class_city":1.0},"medianIncome":37920,"medianHomeValue":127202,"rentBurdenedPct":54.8,"ownerBurdenedPct":27.0,"permitsPer1kPerYear":17.8,"permits5yrTotal":3188,"popChange2020to2024Pct":-1.9,"parentSenateDistricts":[{"district":"3","overlapShareOfHD":0.6399207304178042,"areaShareOfSD":0.14667980004582568},{"district":"2","overlapShareOfHD":0.26404269272156705,"areaShareOfSD":0.049430752531170234},{"district":"1","overlapShareOfHD":0.09603657686062843,"areaShareOfSD":0.011619463176617969}]},"geometry":{"type":"Polygon","coordinates":[[[-75.153722,39.99798699999999],[-75.14934700000002,40.01795700000001],[-75.142027,40.020635000000006],[-75.143223,40.020795999999976],[-75.142903,40.022285],[-75.141328,40.022091000000074],[-75.139507,40.02664799999995],[-75.13869800000002,40.02653599999998],[-75.139027,40.02504400000001],[-75.137426,40.02484299999999],[-75.137096,40.026336],[-75.13384800000001,40.025912000000034],[-75.134256,40.02444499999998],[-75.13328700000001,40.02378399999999],[-75.112844,40.027024999999995],[-75.111352,40.025446000000024],[-75.110936,40.02260600000002],[-75.11004,40.02226399999999],[-75.112217,40.02005599999996],[-75.114463,40.01993999999996],[-75.119439,40.01302599999999],[-75.12598800000002,40.01386199999996],[-75.125023,40.01843500000001],[-75.134194,40.019619000000034],[-75.137669,40.003644999999985],[-75.13193700000001,40.005156000000035],[-75.133351,39.998537000000006],[-75.12926,39.99853899999996],[-75.130083,39.99473099999998],[-75.128553,39.993578],[-75.129704,39.99389999999999],[-75.130898,39.99088999999996],[-75.12549100000001,39.98983600000001],[-75.130794,39.986928000000006],[-75.127978,39.982784999999986],[-75.131743,39.979511],[-75.130448,39.97858899999997],[-75.13181100000001,39.97680399999998],[-75.135827,39.97740900000001],[-75.135504,39.978900000000024],[-75.14102,39.97961700000001],[-75.141349,39.97812100000001],[-75.14501,39.978596999999986],[-75.143844,39.984683],[-75.145126,39.98648499999999],[-75.144169,39.99096600000002],[-75.146432,39.99125800000001],[-75.146089,39.992848],[-75.142173,39.992343000000005],[-75.141495,39.99542200000003],[-75.14444,39.99579899999995],[-75.14411500000001,39.997295],[-75.146731,39.997626999999966],[-75.146219,39.999668],[-75.147404,39.99923999999997],[-75.147717,39.99997399999995],[-75.153722,39.99798699999999]]]}},{"type":"Feature","properties":{"district":"198","population":43530,"landAreaSqMi":3.9,"topMunicipalities":[{"name":"Philadelphia","classCode":"first_class_city","populationShare":1.0}],"topCounties":[{"name":"Philadelphia","geoid":"42101","populationShare":1.0}],"classShares":{"first_class_city":1.0},"medianIncome":52277,"medianHomeValue":171688,"rentBurdenedPct":54.0,"ownerBurdenedPct":27.9,"permitsPer1kPerYear":1.3,"permits5yrTotal":289,"popChange2020to2024Pct":-1.9,"parentSenateDistricts":[{"district":"3","overlapShareOfHD":0.821930126054498,"areaShareOfSD":0.22927174402903677},{"district":"4","overlapShareOfHD":0.12574011255573536,"areaShareOfSD":0.010938166634666692},{"district":"7","overlapShareOfHD":0.052329761389767214,"areaShareOfSD":0.005058276906556183}]},"geometry":{"type":"Polygon","coordinates":[[[-75.178096,40.022844000000035],[-75.177734,40.026168999999996],[-75.174572,40.029243999999984],[-75.172521,40.028047],[-75.170798,40.029723999999966],[-75.167087,40.02850899999994],[-75.165491,40.030242],[-75.161425,40.02776399999994],[-75.159214,40.02319199999996],[-75.146705,40.03012700000001],[-75.14156000000001,40.05359899999993],[-75.150558,40.054705000000006],[-75.150333,40.056256],[-75.14757,40.05597300000004],[-75.147057,40.058326],[-75.149219,40.05843199999998],[-75.146683,40.06754699999997],[-75.118553,40.051132000000045],[-75.120098,40.050752000000024],[-75.120384,40.049307000000006],[-75.127488,40.05021700000002],[-75.128834,40.044086],[-75.125968,40.043728],[-75.126311,40.04220300000001],[-75.123977,40.041892999999966],[-75.12474400000002,40.03887599999995],[-75.12353500000002,40.03871900000003],[-75.12386,40.03556200000001],[-75.130518,40.03643699999996],[-75.133167,40.02429899999995],[-75.134256,40.02444499999998],[-75.13384800000001,40.025912000000034],[-75.137096,40.026336],[-75.137426,40.02484299999999],[-75.139027,40.02504400000001],[-75.13869800000002,40.02653599999998],[-75.139507,40.02664799999995],[-75.141328,40.022091000000074],[-75.142903,40.022285],[-75.143223,40.020795999999976],[-75.142027,40.020635000000006],[-75.149089,40.018109000000024],[-75.149586,40.016931999999976],[-75.151207,40.01711400000002],[-75.15384900000001,40.015891],[-75.157218,40.01616599999998],[-75.161891,40.014042000000025],[-75.16175000000001,40.008966999999984],[-75.16729200000002,40.009694999999965],[-75.170096,40.01572300000003],[-75.178096,40.022844000000035]]]}},{"type":"Feature","properties":{"district":"202","population":27780,"landAreaSqMi":2.5,"topMunicipalities":[{"name":"Philadelphia","classCode":"first_class_city","populationShare":1.0}],"topCounties":[{"name":"Philadelphia","geoid":"42101","populationShare":1.0}],"classShares":{"first_class_city":1.0},"medianIncome":55223,"medianHomeValue":200954,"rentBurdenedPct":52.8,"ownerBurdenedPct":31.1,"permitsPer1kPerYear":0.1,"permits5yrTotal":8,"popChange2020to2024Pct":-1.9,"parentSenateDistricts":[{"district":"2","overlapShareOfHD":0.9507963574880872,"areaShareOfSD":0.13823850844307922},{"district":"5","overlapShareOfHD":0.04920364251191278,"areaShareOfSD":0.0034237383255217293}]},"geometry":{"type":"Polygon","coordinates":[[[-75.084691,40.031765000000014],[-75.06604500000002,40.05118099999996],[-75.04086000000001,40.036757000000044],[-75.044671,40.034770999999985],[-75.040741,40.03027599999998],[-75.043815,40.028690999999974],[-75.043408,40.028148],[-75.044495,40.02758399999998],[-75.043685,40.02651399999996],[-75.045204,40.02572599999997],[-75.044721,40.02517900000001],[-75.04655,40.024240999999996],[-75.04838000000001,40.026323999999974],[-75.050202,40.025379999999984],[-75.049304,40.02435099999998],[-75.052702,40.02259200000004],[-75.05360400000002,40.023615],[-75.057513,40.021597],[-75.062394,40.02744399999997],[-75.067957,40.02658300000003],[-75.078277,40.03230100000001],[-75.080866,40.02955600000001],[-75.084691,40.031765000000014]]]}},{"type":"Feature","properties":{"district":"203","population":39140,"landAreaSqMi":3.5,"topMunicipalities":[{"name":"Philadelphia","classCode":"first_class_city","populationShare":1.0}],"topCounties":[{"name":"Philadelphia","geoid":"42101","populationShare":1.0}],"classShares":{"first_class_city":1.0},"medianIncome":54870,"medianHomeValue":193487,"rentBurdenedPct":48.9,"ownerBurdenedPct":33.3,"permitsPer1kPerYear":0.0,"permits5yrTotal":1,"popChange2020to2024Pct":-1.9,"parentSenateDistricts":[{"district":"2","overlapShareOfHD":0.6418395002572507,"areaShareOfSD":0.13147856684941447},{"district":"3","overlapShareOfHD":0.3581604997427488,"areaShareOfSD":0.08983121391173686}]},"geometry":{"type":"Polygon","coordinates":[[[-75.128834,40.044086],[-75.127488,40.05021700000002],[-75.120384,40.049307000000006],[-75.120098,40.050752000000024],[-75.118553,40.051132000000045],[-75.109406,40.04584000000004],[-75.106531,40.04938000000002],[-75.094056,40.05677099999997],[-75.087425,40.063599],[-75.06604500000002,40.05118099999996],[-75.084134,40.03196400000001],[-75.08641,40.03102400000007],[-75.105848,40.041902000000015],[-75.112042,40.03784700000002],[-75.114896,40.034446999999986],[-75.12386,40.03556200000001],[-75.12353500000002,40.03871900000003],[-75.12474400000002,40.03887599999995],[-75.123977,40.041892999999966],[-75.126311,40.04220300000001],[-75.125968,40.043728],[-75.128834,40.044086]]]}},{"type":"Feature","properties":{"district":"140","population":55485,"landAreaSqMi":28.3,"topMunicipalities":[{"name":"Falls","classCode":"second_class_township","populationShare":0.6226496508781217},{"name":"Morrisville","classCode":"borough","populationShare":0.17554149587683524},{"name":"Middletown","classCode":"second_class_township","populationShare":0.15914902565361919},{"name":"Tullytown","classCode":"borough","populationShare":0.04265982759142388}],"topCounties":[{"name":"Bucks","geoid":"42017","populationShare":1.0}],"classShares":{"borough":0.21820132346825913,"second_class_township":0.781798676531741},"medianIncome":104320,"medianHomeValue":338112,"rentBurdenedPct":44.8,"ownerBurdenedPct":20.8,"permitsPer1kPerYear":0.1,"permits5yrTotal":34,"popChange2020to2024Pct":-0.6,"parentSenateDistricts":[{"district":"10","overlapShareOfHD":0.8917313242473492,"areaShareOfSD":0.13427569165965766},{"district":"6","overlapShareOfHD":0.10826867575265132,"areaShareOfSD":0.029316711415095266}]},"geometry":{"type":"Polygon","coordinates":[[[-74.898084,40.16479400000001],[-74.897453,40.16717500000001],[-74.885424,40.176326999999986],[-74.879407,40.17898700000006],[-74.869811,40.180573000000045],[-74.869303,40.19194400000002],[-74.86941,40.192728],[-74.871055,40.19298900000004],[-74.84701700000001,40.195158000000006],[-74.84764,40.200397999999964],[-74.830118,40.20135499999997],[-74.83112700000001,40.204636],[-74.802764,40.20773499999998],[-74.800176,40.20876300000004],[-74.801592,40.20969299999997],[-74.797929,40.21107600000002],[-74.781943,40.221932999999986],[-74.771404,40.215144],[-74.767275,40.207075999999994],[-74.760605,40.19890899999995],[-74.756905,40.189409],[-74.754305,40.185209],[-74.751705,40.18330899999998],[-74.744105,40.18100899999998],[-74.737205,40.177608999999954],[-74.733804,40.17450900000002],[-74.722325,40.160726999999994],[-74.721519,40.158568],[-74.722048,40.15031100000001],[-74.724369,40.146412000000026],[-74.741184,40.135164999999986],[-74.74509700000002,40.134394000000015],[-74.75313,40.13503299999999],[-74.758745,40.13412999999996],[-74.765563,40.13116200000007],[-74.781555,40.12145400000002],[-74.784168,40.12047699999998],[-74.786847,40.12043700000001],[-74.799421,40.12270300000001],[-74.815625,40.12770499999998],[-74.828752,40.145375],[-74.823159,40.147949999999945],[-74.832876,40.16103199999998],[-74.82652,40.166265],[-74.844486,40.173938999999976],[-74.843143,40.17550399999996],[-74.844549,40.175328000000015],[-74.857814,40.16670799999998],[-74.86978700000002,40.16572399999993],[-74.870101,40.164478000000024],[-74.865255,40.160560999999944],[-74.860969,40.15894000000004],[-74.862069,40.15679600000001],[-74.855432,40.15423599999999],[-74.884714,40.134247000000045],[-74.898084,40.16479400000001]]]}},{"type":"Feature","properties":{"district":"141","population":64027,"landAreaSqMi":17.5,"topMunicipalities":[{"name":"Bristol","classCode":"first_class_township","populationShare":0.8457838099551753},{"name":"Bristol","classCode":"borough","populationShare":0.15421619004482465}],"topCounties":[{"name":"Bucks","geoid":"42017","populationShare":1.0}],"classShares":{"borough":0.15421619004482465,"first_class_township":0.8457838099551753},"medianIncome":77599,"medianHomeValue":279294,"rentBurdenedPct":45.5,"ownerBurdenedPct":30.1,"permitsPer1kPerYear":1.1,"permits5yrTotal":362,"popChange2020to2024Pct":-0.0,"parentSenateDistricts":[{"district":"10","overlapShareOfHD":0.9999999999999987,"areaShareOfSD":0.08359233660909846}]},"geometry":{"type":"Polygon","coordinates":[[[-74.914953,40.08860399999999],[-74.912721,40.09702300000001],[-74.91021100000002,40.098855000000015],[-74.90591,40.09990699999996],[-74.90256,40.10403100000003],[-74.905363,40.116981000000024],[-74.902824,40.11957999999999],[-74.901031,40.127096],[-74.89823,40.13115799999999],[-74.898451,40.132235000000016],[-74.887807,40.132134],[-74.855432,40.15423599999999],[-74.862069,40.15679600000001],[-74.860969,40.15894000000004],[-74.864538,40.16005499999994],[-74.870101,40.164478000000024],[-74.87009200000001,40.16532399999997],[-74.857814,40.16670799999998],[-74.844549,40.175328000000015],[-74.843143,40.17550399999996],[-74.844486,40.173938999999976],[-74.82652,40.166265],[-74.832876,40.16103199999998],[-74.823159,40.147949999999945],[-74.828752,40.145375],[-74.815625,40.12770499999998],[-74.821907,40.127087],[-74.825533,40.12485300000001],[-74.833103,40.11197200000002],[-74.834264,40.10650399999997],[-74.835868,40.10346599999996],[-74.842215,40.09850199999997],[-74.853745,40.093926000000025],[-74.857634,40.09021500000004],[-74.859721,40.08531100000002],[-74.863422,40.08263500000002],[-74.87753300000001,40.079956999999986],[-74.889685,40.075834000000015],[-74.90910300000002,40.07050499999998],[-74.90967,40.082678999999985],[-74.910715,40.08450899999998],[-74.913444,40.08580399999995],[-74.914953,40.08860399999999]]]}},{"type":"Feature","properties":{"district":"126","population":66917,"landAreaSqMi":26.0,"topMunicipalities":[{"name":"Reading","classCode":"third_class_city","populationShare":0.38999325374263477},{"name":"Muhlenberg","classCode":"first_class_township","populationShare":0.3277343066650556},{"name":"Exeter","classCode":"second_class_township","populationShare":0.07211660745375337},{"name":"Lower Alsace","classCode":"second_class_township","populationShare":0.07192491076462149},{"name":"Laureldale","classCode":"borough","populationShare":0.06364599936557705}],"topCounties":[{"name":"Berks","geoid":"42011","populationShare":1.0}],"classShares":{"borough":0.1382309213739347,"first_class_township":0.3277343066650556,"second_class_township":0.14404151821837485,"third_class_city":0.38999325374263477},"medianIncome":74080,"medianHomeValue":175254,"rentBurdenedPct":44.3,"ownerBurdenedPct":21.9,"permitsPer1kPerYear":0.7,"permits5yrTotal":230,"popChange2020to2024Pct":1.8,"parentSenateDistricts":[{"district":"11","overlapShareOfHD":1.0000000000000002,"areaShareOfSD":0.128763578026651}]},"geometry":{"type":"Polygon","coordinates":[[[-75.975118,40.40448900000006],[-75.972518,40.409025999999955],[-75.969747,40.41168900000006],[-75.968,40.41166199999999],[-75.962221,40.40801099999999],[-75.955369,40.41002299999998],[-75.945589,40.40986699999999],[-75.93935,40.412736000000024],[-75.932559,40.414327],[-75.888626,40.429493000000036],[-75.88421400000001,40.426609999999954],[-75.890402,40.401495],[-75.893744,40.38178200000002],[-75.898635,40.366852],[-75.86411800000002,40.36111199999997],[-75.853356,40.363526999999976],[-75.84433500000002,40.358204999999984],[-75.857637,40.352318],[-75.849612,40.34794399999997],[-75.849135,40.34422999999999],[-75.846078,40.343673999999965],[-75.84924200000002,40.33388799999996],[-75.849171,40.329286000000025],[-75.848101,40.32725300000004],[-75.848681,40.32690599999999],[-75.849166,40.32771100000001],[-75.85083700000001,40.32632699999999],[-75.849231,40.325033000000005],[-75.853583,40.32431800000003],[-75.85879,40.31882699999999],[-75.8636,40.31768499999997],[-75.874321,40.30879600000004],[-75.878206,40.303814],[-75.877192,40.303411000000004],[-75.874907,40.30413600000001],[-75.873489,40.302486999999964],[-75.870986,40.30135100000001],[-75.868425,40.301719999999996],[-75.865741,40.300785999999974],[-75.8662,40.298939999999945],[-75.86331,40.297928000000056],[-75.86769,40.28879700000002],[-75.87323800000001,40.28967500000005],[-75.87816100000002,40.28960400000005],[-75.89006,40.295546000000016],[-75.89410400000001,40.30132299999996],[-75.89584300000001,40.308983],[-75.899458,40.313470999999986],[-75.910584,40.32314399999999],[-75.899812,40.32289300000002],[-75.89963300000001,40.32832900000002],[-75.906364,40.329498],[-75.904504,40.34565200000002],[-75.90730300000001,40.34571099999999],[-75.907296,40.34421200000002],[-75.913972,40.34429099999999],[-75.913851,40.34872099999999],[-75.92221900000001,40.34938999999998],[-75.921251,40.35328500000001],[-75.933681,40.353504],[-75.932778,40.367557000000005],[-75.940627,40.36757200000001],[-75.943135,40.37095200000001],[-75.947161,40.369634999999974],[-75.94804300000001,40.37076299999996],[-75.953511,40.36843900000001],[-75.95624,40.372593],[-75.951143,40.37999000000001],[-75.951358,40.38175899999999],[-75.953735,40.384104000000015],[-75.960397,40.38824299999996],[-75.969622,40.39089999999996],[-75.972372,40.39306800000001],[-75.973672,40.39479300000005],[-75.97350900000002,40.39613100000001],[-75.96571700000001,40.400212999999994],[-75.964872,40.40148600000003],[-75.969456,40.403360000000035],[-75.973532,40.402580000000015],[-75.975118,40.40448900000006]]]}},{"type":"Feature","properties":{"district":"127","population":53453,"landAreaSqMi":7.2,"topMunicipalities":[{"name":"Reading","classCode":"third_class_city","populationShare":0.8275656322197151},{"name":"Shillington","classCode":"borough","populationShare":0.10218291564504794},{"name":"Kenhorst","classCode":"borough","populationShare":0.05588069736941742},{"name":"Cumru","classCode":"first_class_township","populationShare":0.014370754765819543}],"topCounties":[{"name":"Berks","geoid":"42011","populationShare":1.0}],"classShares":{"borough":0.15806361301446534,"first_class_township":0.014370754765819543,"third_class_city":0.8275656322197151},"medianIncome":52940,"medianHomeValue":118537,"rentBurdenedPct":50.3,"ownerBurdenedPct":19.1,"permitsPer1kPerYear":0.0,"permits5yrTotal":11,"popChange2020to2024Pct":1.0,"parentSenateDistricts":[{"district":"11","overlapShareOfHD":1.0000000000000007,"areaShareOfSD":0.03578321357874258}]},"geometry":{"type":"Polygon","coordinates":[[[-75.978499,40.29574500000004],[-75.97780800000001,40.29584500000001],[-75.975881,40.29995299999998],[-75.97799300000001,40.29985000000002],[-75.977752,40.30178499999995],[-75.969819,40.31415899999999],[-75.965983,40.31069699999995],[-75.96029,40.311254000000005],[-75.960489,40.31424399999999],[-75.956382,40.31792700000002],[-75.95950100000002,40.322446000000035],[-75.957827,40.32379400000001],[-75.958464,40.32475300000003],[-75.956162,40.32609300000001],[-75.956633,40.326955999999946],[-75.95279,40.32833300000002],[-75.948676,40.32666199999999],[-75.946656,40.32689199999998],[-75.94393000000001,40.32839300000001],[-75.940255,40.329081000000016],[-75.937662,40.33544200000001],[-75.929843,40.335345999999966],[-75.929607,40.343816000000004],[-75.924466,40.343773000000056],[-75.92221900000001,40.34938999999998],[-75.913851,40.34872099999999],[-75.913972,40.34429099999999],[-75.907296,40.34421200000002],[-75.90730300000001,40.34571099999999],[-75.904504,40.34565200000002],[-75.906364,40.329498],[-75.89963300000001,40.32832900000002],[-75.899812,40.32289300000002],[-75.91616,40.32328600000002],[-75.92165800000001,40.32142899999997],[-75.919896,40.31902799999999],[-75.920329,40.31116200000003],[-75.922692,40.30673500000002],[-75.917181,40.30181500000001],[-75.91732200000001,40.301222000000024],[-75.918199,40.30192400000003],[-75.914059,40.296442],[-75.918178,40.29740300000002],[-75.920828,40.30002900000001],[-75.923202,40.30114400000006],[-75.924845,40.30369200000001],[-75.924095,40.307895],[-75.925706,40.30855700000001],[-75.92746600000001,40.307530000000064],[-75.929462,40.30884200000001],[-75.933554,40.30515499999997],[-75.938918,40.30424199999998],[-75.942205,40.302302999999995],[-75.944756,40.29834300000003],[-75.948552,40.29803900000001],[-75.951506,40.293243999999994],[-75.956413,40.28932099999994],[-75.965431,40.28571899999998],[-75.967731,40.285219999999995],[-75.966963,40.28801199999998],[-75.968197,40.28958599999998],[-75.9674,40.29189000000002],[-75.968906,40.29787199999997],[-75.970611,40.298130000000036],[-75.972152,40.29512700000001],[-75.976815,40.29483100000001],[-75.976968,40.29584699999998],[-75.978499,40.29574500000004]],[[-75.930525,40.31435599999998],[-75.929031,40.312076000000005],[-75.926247,40.31332899999996],[-75.930525,40.31435599999998]]]}},{"type":"Feature","properties":{"district":"158","population":63958,"landAreaSqMi":119.6,"topMunicipalities":[{"name":"West Bradford","classCode":"second_class_township","populationShare":0.2270239844898217},{"name":"New Garden","classCode":"second_class_township","populationShare":0.17860158228837675},{"name":"Kennett","classCode":"second_class_township","populationShare":0.1370117889865222},{"name":"East Fallowfield","classCode":"second_class_township","populationShare":0.12097001157009293},{"name":"East Marlborough","classCode":"second_class_township","populationShare":0.1183120172613278}],"topCounties":[{"name":"Chester","geoid":"42029","populationShare":1.0}],"classShares":{"borough":0.11541949404296567,"second_class_township":0.8845805059570343},"medianIncome":143982,"medianHomeValue":498667,"rentBurdenedPct":45.3,"ownerBurdenedPct":19.9,"permitsPer1kPerYear":4.2,"permits5yrTotal":1343,"popChange2020to2024Pct":5.6,"parentSenateDistricts":[{"district":"19","overlapShareOfHD":0.5257204548605567,"areaShareOfSD":0.19296844259098708},{"district":"9","overlapShareOfHD":0.4742795451394426,"areaShareOfSD":0.256327801242221}]},"geometry":{"type":"Polygon","coordinates":[[[-75.890654,39.95770299999999],[-75.89043100000002,39.95863699999999],[-75.825705,39.97515299999996],[-75.822761,39.96934200000002],[-75.826669,39.96699500000001],[-75.83115500000001,39.965561000000015],[-75.82994300000001,39.96337300000001],[-75.835431,39.961186],[-75.833498,39.95951800000002],[-75.825886,39.96297699999998],[-75.81962600000001,39.95753400000002],[-75.819565,39.954630000000044],[-75.814598,39.95497900000006],[-75.812022,39.95536600000005],[-75.812868,39.96146799999997],[-75.812159,39.96079199999999],[-75.809488,39.96081300000002],[-75.80555000000001,39.96179800000001],[-75.802679,39.960947999999995],[-75.80466,39.95727399999999],[-75.803191,39.95700799999999],[-75.802313,39.95592100000001],[-75.800022,39.957650000000044],[-75.798559,39.95662800000002],[-75.796969,39.95694199999999],[-75.796179,39.95967199999999],[-75.794839,39.95987499999998],[-75.793167,39.962905000000006],[-75.800766,39.964275],[-75.797714,39.98115700000001],[-75.785058,39.98398199999999],[-75.749806,39.98680599999999],[-75.750125,39.99056199999998],[-75.728083,39.992547],[-75.70895300000001,39.99725900000002],[-75.703238,39.99526699999998],[-75.694701,39.994398000000004],[-75.69129900000001,39.99086999999999],[-75.689153,39.987290000000016],[-75.687493,39.981891],[-75.682689,39.97567500000005],[-75.67258300000002,39.96782800000001],[-75.668973,39.96840600000002],[-75.664718,39.96728000000004],[-75.655123,39.95429100000001],[-75.67619400000001,39.94465500000002],[-75.660056,39.92481199999999],[-75.653497,39.92421800000003],[-75.649975,39.92304599999998],[-75.644756,39.91948099999995],[-75.638081,39.917038],[-75.633869,39.91684699999998],[-75.63323,39.91450899999997],[-75.628767,39.91365899999998],[-75.62573,39.912265000000026],[-75.626644,39.909252999999985],[-75.623279,39.90416599999999],[-75.62389300000001,39.89908299999999],[-75.622573,39.896834000000034],[-75.625881,39.897079],[-75.627742,39.896556000000004],[-75.62758300000002,39.89598200000001],[-75.63075,39.89573300000001],[-75.632274,39.89731600000001],[-75.666913,39.88558499999996],[-75.666052,39.883173999999975],[-75.667553,39.87787899999999],[-75.668895,39.87619499999998],[-75.668753,39.87366400000006],[-75.66411600000002,39.87456800000002],[-75.664548,39.87588299999997],[-75.653208,39.87819200000004],[-75.639665,39.87032899999996],[-75.634843,39.83024999999999],[-75.65334,39.82481300000005],[-75.67124600000001,39.81805999999999],[-75.687961,39.81023099999999],[-75.70373200000002,39.801249999999996],[-75.718367,39.791221999999976],[-75.731648,39.78032799999999],[-75.743875,39.768286000000025],[-75.75447,39.75563400000002],[-75.759398,39.76730999999997],[-75.760831,39.775698999999996],[-75.775678,39.77442700000002],[-75.780919,39.819424999999974],[-75.786246,39.81886500000004],[-75.78872,39.822211],[-75.788527,39.82890200000002],[-75.782725,39.830163000000056],[-75.784412,39.84399299999997],[-75.785643,39.843891],[-75.785792,39.84487100000004],[-75.784522,39.84489600000001],[-75.784984,39.848776999999984],[-75.78046,39.849236000000026],[-75.78115500000001,39.85533699999998],[-75.78349400000002,39.85514299999997],[-75.785846,39.87169499999998],[-75.789273,39.87219700000003],[-75.849008,39.866505999999966],[-75.853072,39.88922899999999],[-75.83532,39.90078999999996],[-75.837312,39.90743599999999],[-75.84002,39.90661999999999],[-75.84204800000002,39.909413999999984],[-75.846531,39.92217499999996],[-75.847732,39.92163400000001],[-75.850789,39.92273199999998],[-75.856587,39.927449999999965],[-75.856718,39.931607],[-75.85372400000001,39.93292199999999],[-75.85514,39.93675700000001],[-75.857389,39.93775900000004],[-75.859153,39.942474],[-75.863108,39.94244800000005],[-75.866738,39.94145399999995],[-75.869093,39.941971999999986],[-75.872127,39.94379400000002],[-75.87285,39.94613599999995],[-75.872179,39.94643000000002],[-75.873699,39.94959400000004],[-75.874015,39.949025],[-75.875525,39.950021000000014],[-75.87546200000001,39.94946600000003],[-75.880353,39.949182000000015],[-75.88012500000002,39.949730000000045],[-75.881715,39.94995899999998],[-75.885832,39.954265000000014],[-75.890654,39.95770299999999]]]}},{"type":"Feature","properties":{"district":"159","population":61910,"landAreaSqMi":16.0,"topMunicipalities":[{"name":"Chester","classCode":"third_class_city","populationShare":0.5364076885801972},{"name":"Upper Chichester","classCode":"first_class_township","populationShare":0.2718946858342754},{"name":"Lower Chichester","classCode":"first_class_township","populationShare":0.054773057664351525},{"name":"Parkside","classCode":"borough","populationShare":0.03721531255047649},{"name":"Marcus Hook","classCode":"borough","populationShare":0.03611694395089647}],"topCounties":[{"name":"Delaware","geoid":"42045","populationShare":1.0}],"classShares":{"borough":0.13692456792117588,"first_class_township":0.32666774349862693,"third_class_city":0.5364076885801972},"medianIncome":58943,"medianHomeValue":143880,"rentBurdenedPct":55.4,"ownerBurdenedPct":22.2,"permitsPer1kPerYear":0.2,"permits5yrTotal":52,"popChange2020to2024Pct":2.4,"parentSenateDistricts":[{"district":"9","overlapShareOfHD":1.0,"areaShareOfSD":0.08290914974450116}]},"geometry":{"type":"Polygon","coordinates":[[[-75.472445,39.826883999999986],[-75.46675400000001,39.828658999999966],[-75.468003,39.831047999999996],[-75.471196,39.83089600000004],[-75.471512,39.835515999999984],[-75.468071,39.83863400000004],[-75.468678,39.84338899999998],[-75.463319,39.843151000000034],[-75.461962,39.845162000000045],[-75.462376,39.84867199999999],[-75.461576,39.850852],[-75.46879600000001,39.859869999999994],[-75.45544300000002,39.86601599999999],[-75.444303,39.85925700000005],[-75.428876,39.85123500000004],[-75.418298,39.856150999999976],[-75.408102,39.84370100000002],[-75.404616,39.843877000000006],[-75.402156,39.842992000000024],[-75.396648,39.844552999999976],[-75.392917,39.84024200000006],[-75.390124,39.83923099999997],[-75.38882900000002,39.839923999999996],[-75.389557,39.84075999999998],[-75.384894,39.843227000000006],[-75.387496,39.84631099999998],[-75.384723,39.847512],[-75.386377,39.85007000000006],[-75.383572,39.850635],[-75.381331,39.85012800000004],[-75.378331,39.854562000000016],[-75.376433,39.85583499999999],[-75.369964,39.85229399999997],[-75.366081,39.85420399999998],[-75.366075,39.856333],[-75.364958,39.857447999999984],[-75.370426,39.85751300000001],[-75.369564,39.859295000000024],[-75.376212,39.861517999999975],[-75.379645,39.86189],[-75.379141,39.864791000000004],[-75.382167,39.865882000000006],[-75.382243,39.86772999999997],[-75.381347,39.86774999999997],[-75.381238,39.868850999999964],[-75.380524,39.868554],[-75.379398,39.87013799999997],[-75.381353,39.870907],[-75.376738,39.87390600000001],[-75.37826200000002,39.875122],[-75.375357,39.87582199999996],[-75.373667,39.875424999999986],[-75.373771,39.87464100000001],[-75.368949,39.87293100000002],[-75.371569,39.87314],[-75.373118,39.87237100000004],[-75.366661,39.87021599999996],[-75.36576100000002,39.87152199999999],[-75.366203,39.873231],[-75.361922,39.872254],[-75.356167,39.87395],[-75.356727,39.869829999999965],[-75.351367,39.868095],[-75.351658,39.86683299999994],[-75.348969,39.86481799999998],[-75.34860100000002,39.86302000000003],[-75.340692,39.866871000000025],[-75.338348,39.86500100000002],[-75.33497400000002,39.86434499999997],[-75.328947,39.865305000000035],[-75.324218,39.86345499999999],[-75.32065,39.85782199999998],[-75.318531,39.849913],[-75.33043200000002,39.84901300000005],[-75.341766,39.84608199999997],[-75.346315,39.844159000000005],[-75.354401,39.839916999999964],[-75.37173,39.827558999999965],[-75.398417,39.81046700000003],[-75.415062,39.80191899999999],[-75.425479,39.80795600000002],[-75.441767,39.81569300000002],[-75.45728,39.821864000000005],[-75.472445,39.826883999999986]]]}},{"type":"Feature","properties":{"district":"100","population":63981,"landAreaSqMi":295.9,"topMunicipalities":[{"name":"Salisbury","classCode":"second_class_township","populationShare":0.12319695680702415},{"name":"Providence","classCode":"second_class_township","populationShare":0.11001651760343971},{"name":"Paradise","classCode":"second_class_township","populationShare":0.0885727525584162},{"name":"Martic","classCode":"second_class_township","populationShare":0.08119559723680457},{"name":"Strasburg","classCode":"second_class_township","populationShare":0.07011423468802816}],"topCounties":[{"name":"Lancaster","geoid":"42071","populationShare":1.0}],"classShares":{"borough":0.10778148961405311,"second_class_township":0.8922185103859469},"medianIncome":81621,"medianHomeValue":307002,"rentBurdenedPct":39.4,"ownerBurdenedPct":27.2,"permitsPer1kPerYear":2.2,"permits5yrTotal":705,"popChange2020to2024Pct":1.4,"parentSenateDistricts":[{"district":"13","overlapShareOfHD":0.9999999999999987,"areaShareOfSD":0.5099391389867617}]},"geometry":{"type":"Polygon","coordinates":[[[-76.381709,39.879060000000024],[-76.38008,39.881901999999954],[-76.379769,39.887913000000026],[-76.36837500000001,39.88812100000003],[-76.363402,39.88683399999998],[-76.356788,39.888733999999964],[-76.356196,39.889456999999986],[-76.359157,39.893837],[-76.355552,39.89835100000001],[-76.34491,39.899669],[-76.335582,39.896484999999984],[-76.332407,39.89968900000002],[-76.332941,39.90158100000005],[-76.328389,39.90366100000005],[-76.32807900000002,39.907404999999976],[-76.328934,39.90862599999996],[-76.33102100000002,39.909113999999995],[-76.330583,39.91003699999994],[-76.329312,39.910697999999975],[-76.32349,39.910508],[-76.322263,39.911594000000015],[-76.31633600000002,39.913274999999956],[-76.317403,39.91731200000001],[-76.320074,39.92088899999999],[-76.32252,39.922467000000026],[-76.32631,39.92359700000001],[-76.329011,39.92607199999996],[-76.327595,39.928266999999956],[-76.320957,39.93293200000002],[-76.322325,39.93347699999999],[-76.32444,39.93650200000001],[-76.318763,39.937465000000024],[-76.318283,39.93843099999998],[-76.319496,39.940296999999966],[-76.318496,39.941708000000006],[-76.316105,39.94187000000001],[-76.31235400000001,39.94043399999998],[-76.310627,39.934886000000006],[-76.308361,39.93527899999999],[-76.307784,39.936378000000005],[-76.31035200000001,39.938626000000006],[-76.310897,39.94104100000001],[-76.310219,39.94192700000001],[-76.308743,39.942243999999974],[-76.307526,39.94158799999999],[-76.305293,39.93643199999999],[-76.303031,39.93910899999993],[-76.299925,39.93989399999999],[-76.2967,39.936958999999995],[-76.29584300000002,39.93201100000001],[-76.294129,39.92958299999998],[-76.289107,39.92934099999998],[-76.288648,39.929999],[-76.29032,39.93071999999998],[-76.290716,39.931745999999976],[-76.28819900000002,39.93418599999998],[-76.28313,39.93457099999995],[-76.27791500000001,39.93326199999999],[-76.276556,39.933809999999994],[-76.274662,39.932886000000046],[-76.272309,39.93349],[-76.270105,39.93764299999997],[-76.265858,39.93584700000001],[-76.263983,39.93396000000003],[-76.261929,39.93380000000003],[-76.259791,39.936973999999985],[-76.259922,39.94063300000003],[-76.258654,39.94296700000006],[-76.251755,39.94805899999997],[-76.24989,39.95083799999997],[-76.245316,39.95165700000002],[-76.246173,39.95246199999997],[-76.250043,39.953353000000035],[-76.250681,39.955213000000015],[-76.24476400000002,39.959221000000035],[-76.242925,39.95879399999999],[-76.241915,39.957662999999975],[-76.23992,39.957680999999965],[-76.241124,39.96218100000004],[-76.239456,39.96361999999999],[-76.238208,39.96331100000002],[-76.235325,39.96048400000002],[-76.22951,39.96291900000001],[-76.229519,39.96758599999997],[-76.224003,39.97257700000003],[-76.225789,39.97916799999995],[-76.223312,39.978835999999994],[-76.222142,39.980526999999995],[-76.219356,39.981605000000016],[-76.214336,39.98120700000001],[-76.213593,39.98169300000001],[-76.21324,39.983894],[-76.218513,39.988424999999964],[-76.218313,39.989952],[-76.216881,39.99032499999998],[-76.212393,39.988136000000026],[-76.21326,39.992383000000004],[-76.211671,39.99466200000001],[-76.208256,39.99319499999999],[-76.207016,39.991569],[-76.204117,39.99153600000004],[-76.204565,39.99461799999999],[-76.202154,39.99487400000001],[-76.199474,39.99639600000002],[-76.199823,39.99923399999998],[-76.198947,40.00092299999999],[-76.197582,40.00049900000001],[-76.195739,39.99776500000003],[-76.194752,39.99766100000002],[-76.193955,39.998681999999995],[-76.19431,40.002145],[-76.193191,40.003052999999994],[-76.18987500000001,39.999331999999974],[-76.187971,39.999336],[-76.187138,40.00048200000003],[-76.187724,40.00475200000005],[-76.186563,40.006046],[-76.18190400000002,40.00040299999996],[-76.180878,40.00100500000001],[-76.180932,40.00412699999999],[-76.178879,40.005044999999974],[-76.178316,40.002651999999976],[-76.176516,40.001427],[-76.175467,40.001944000000044],[-76.17439,40.00568600000001],[-76.17341600000002,40.00569100000001],[-76.171992,40.003385000000044],[-76.169321,40.002756999999995],[-76.168804,40.004778000000016],[-76.171095,40.007377000000055],[-76.170957,40.0097],[-76.169084,40.009927999999995],[-76.164557,40.00720700000006],[-76.160657,40.01095399999997],[-76.15932,40.01086499999999],[-76.157219,40.006323000000066],[-76.155762,40.00493700000001],[-76.154396,40.00479000000001],[-76.153035,40.00570400000003],[-76.15187400000002,40.00961200000003],[-76.149129,40.00924200000001],[-76.14619,40.011824999999995],[-76.144799,40.009597],[-76.14133100000001,40.00807699999998],[-76.139281,40.01033899999998],[-76.13566000000002,40.010161000000004],[-76.132101,40.01281700000001],[-76.131125,40.014861999999965],[-76.129644,40.014206],[-76.127902,40.01139000000002],[-76.126931,40.01130300000003],[-76.12255799999998,40.01561300000001],[-76.121104,40.01437399999998],[-76.119799,40.010895000000055],[-76.117645,40.00945099999997],[-76.116147,40.011072000000006],[-76.111673,40.01087700000002],[-76.108328,40.01231900000003],[-76.104552,40.01179300000002],[-76.103457,40.01006799999997],[-76.101011,40.00969700000003],[-76.096433,40.012247],[-76.096453,40.014818999999974],[-76.089575,40.015388000000016],[-76.087445,40.01965200000001],[-76.081394,40.018439],[-76.08028,40.01432200000001],[-76.07784200000002,40.017975000000014],[-76.076679,40.01623700000001],[-76.074427,40.015522000000004],[-76.067931,40.01964599999999],[-76.06603099999998,40.018677999999994],[-76.066449,40.01792900000002],[-76.065343,40.01708800000001],[-76.061604,40.01697500000004],[-76.059236,40.02032200000001],[-76.059394,40.021537],[-76.04658000000002,40.05323500000001],[-76.045668,40.05914799999999],[-76.041131,40.06199100000008],[-76.037435,40.07025199999999],[-76.02758700000001,40.071464],[-76.015922,40.076074000000006],[-76.013569,40.080063000000024],[-76.014,40.08306600000001],[-76.007215,40.078965000000025],[-76.005134,40.07925200000001],[-75.998796,40.06375499999998],[-75.997706,40.05411099999998],[-76.003106,40.051612000000006],[-75.967538,40.046112000000015],[-75.954894,40.03988699999996],[-75.936677,40.036392],[-75.986301,39.967846],[-75.98627600000002,39.96356499999996],[-75.988496,39.961821999999955],[-75.991534,39.95592000000004],[-75.994571,39.95261900000001],[-75.99104,39.94757600000001],[-75.992241,39.94567200000004],[-75.989689,39.944850000000024],[-75.98821,39.93968299999999],[-75.98737,39.93993000000003],[-75.984551,39.937756000000014],[-75.98096600000001,39.93347900000001],[-75.981701,39.929464],[-75.984766,39.932133999999955],[-75.986957,39.929942999999966],[-75.99175600000001,39.928841999999975],[-75.991517,39.926725999999974],[-75.993426,39.926739999999995],[-75.996445,39.928619],[-75.997413,39.92806499999999],[-75.995827,39.92459500000003],[-75.9971,39.921907999999995],[-75.994905,39.916776999999996],[-75.996103,39.914552000000036],[-75.995318,39.911525999999974],[-75.997516,39.909995999999985],[-75.995989,39.903786],[-75.99448500000001,39.90236799999997],[-75.995011,39.898501999999986],[-75.993329,39.89899600000001],[-75.988578,39.89465900000002],[-75.987836,39.89481999999997],[-75.986729,39.892879000000036],[-75.989371,39.89061600000001],[-75.991316,39.88749399999995],[-75.991583,39.88555500000004],[-75.990599,39.88448400000001],[-75.992379,39.882228],[-75.988493,39.878428999999976],[-75.98684,39.873577999999966],[-75.987605,39.87225100000001],[-75.990398,39.871041000000005],[-75.991486,39.86869399999997],[-75.998373,39.872027],[-75.99828,39.872925],[-75.997123,39.87301999999998],[-75.997802,39.87380699999996],[-76.000604,39.874856000000015],[-76.002432,39.87435299999997],[-76.004379,39.872562000000016],[-76.004442,39.868870000000065],[-76.005856,39.86683500000005],[-76.006822,39.86239799999996],[-76.006176,39.861594000000046],[-76.007653,39.85715900000001],[-76.006743,39.85382199999999],[-76.007576,39.852348999999975],[-76.008575,39.85196499999999],[-76.011783,39.85319499999997],[-76.014678,39.852845999999985],[-76.01641300000001,39.85395599999996],[-76.01882500000002,39.85407999999998],[-76.022223,39.85076100000001],[-76.022863,39.84890100000001],[-76.022236,39.848603999999995],[-76.021227,39.84957399999999],[-76.02082500000002,39.849135],[-76.020728,39.844658999999965],[-76.0195,39.843942999999996],[-76.018775,39.84051400000002],[-76.01996500000001,39.84002900000001],[-76.017734,39.83798499999999],[-76.018138,39.83665600000004],[-76.01711,39.835805999999984],[-76.017783,39.834876000000044],[-76.016543,39.831262],[-76.017575,39.83056400000004],[-76.022826,39.83079999999999],[-76.023784,39.82713400000001],[-76.027034,39.82415299999998],[-76.030232,39.823973000000024],[-76.033764,39.82627500000002],[-76.037636,39.826917],[-76.037319,39.824526000000034],[-76.03138500000001,39.81828700000001],[-76.03107100000001,39.81476600000001],[-76.02962000000001,39.81273000000003],[-76.031185,39.812071999999986],[-76.034438,39.812517000000014],[-76.035216,39.811835],[-76.035249,39.80773799999997],[-76.039023,39.80122199999998],[-76.040223,39.80112099999999],[-76.046624,39.80396199999995],[-76.048756,39.80380300000001],[-76.049764,39.80268800000005],[-76.04573800000001,39.80098900000002],[-76.043507,39.797852000000056],[-76.041365,39.797195999999936],[-76.04138,39.79662799999997],[-76.045127,39.793163],[-76.04348900000001,39.791369000000024],[-76.048525,39.78924],[-76.050529,39.78279299999998],[-76.055646,39.78016300000003],[-76.058397,39.77986099999997],[-76.060524,39.77501099999997],[-76.064564,39.77118900000006],[-76.064923,39.77028300000003],[-76.062459,39.764845000000015],[-76.066685,39.759969],[-76.069461,39.75984400000004],[-76.076461,39.761813],[-76.081852,39.76135099999999],[-76.085794,39.75588999999999],[-76.082599,39.75304999999998],[-76.084661,39.74777099999998],[-76.086775,39.74578899999998],[-76.094035,39.74273300000001],[-76.096877,39.74311099999999],[-76.098608,39.74548600000003],[-76.100336,39.745721999999994],[-76.101953,39.73953200000002],[-76.09971600000002,39.73802599999997],[-76.096188,39.73723600000001],[-76.092508,39.733800000000045],[-76.096382,39.729339999999986],[-76.100919,39.72651600000003],[-76.102014,39.72412599999998],[-76.106193,39.72422299999998],[-76.11092,39.72786399999999],[-76.108439,39.73463899999996],[-76.113865,39.737155000000016],[-76.119218,39.73655600000001],[-76.120425,39.73579100000002],[-76.11977800000001,39.73193],[-76.120477,39.730486],[-76.118226,39.72541200000003],[-76.11909600000001,39.723505],[-76.122495,39.723495999999976],[-76.124967,39.72681100000005],[-76.12762,39.727562000000006],[-76.134045,39.727171000000006],[-76.136672,39.725267999999986],[-76.135484,39.72114700000004],[-76.239805,39.72133500000001],[-76.238791,39.72595700000002],[-76.242249,39.73286799999998],[-76.245573,39.73717399999999],[-76.249584,39.73998000000001],[-76.256564,39.75004000000003],[-76.260577,39.75203500000003],[-76.267475,39.75935799999996],[-76.277404,39.77769000000001],[-76.279839,39.77963999999998],[-76.28424000000001,39.78067199999999],[-76.290182,39.78501099999999],[-76.31086500000002,39.80340000000003],[-76.314403,39.807481000000024],[-76.312324,39.805986000000026],[-76.313194,39.807797],[-76.315702,39.810036999999994],[-76.322289,39.81302200000001],[-76.323235,39.812626],[-76.328553,39.814809999999994],[-76.33339600000001,39.817747],[-76.337094,39.82177699999997],[-76.338304,39.822106],[-76.342401,39.828865999999984],[-76.350503,39.83766700000002],[-76.351273,39.84232000000006],[-76.35075900000001,39.847090000000016],[-76.35211,39.849031999999966],[-76.361674,39.85705399999998],[-76.369641,39.86039900000002],[-76.374255,39.86466600000003],[-76.37728,39.86621299999998],[-76.379508,39.87293100000003],[-76.381017,39.874568],[-76.381709,39.879060000000024]]]}},{"type":"Feature","properties":{"district":"138","population":66415,"landAreaSqMi":171.5,"topMunicipalities":[{"name":"Forks","classCode":"second_class_township","populationShare":0.24462935888403411},{"name":"Bushkill","classCode":"second_class_township","populationShare":0.12908275335217748},{"name":"Upper Mount Bethel","classCode":"second_class_township","populationShare":0.09683088613179178},{"name":"Plainfield","classCode":"second_class_township","populationShare":0.09378939351810471},{"name":"Washington","classCode":"second_class_township","populationShare":0.07766345990791221}],"topCounties":[{"name":"Northampton","geoid":"42095","populationShare":1.0}],"classShares":{"borough":0.24512623639023073,"second_class_township":0.7548737636097693},"medianIncome":91627,"medianHomeValue":294057,"rentBurdenedPct":42.7,"ownerBurdenedPct":20.6,"permitsPer1kPerYear":3.2,"permits5yrTotal":1079,"popChange2020to2024Pct":2.4,"parentSenateDistricts":[{"district":"18","overlapShareOfHD":0.7485642657221787,"areaShareOfSD":0.5227209892514868},{"district":"14","overlapShareOfHD":0.25143573427781907,"areaShareOfSD":0.2367500475685836}]},"geometry":{"type":"Polygon","coordinates":[[[-75.443267,40.818276],[-75.42049,40.823451000000006],[-75.416759,40.826101999999985],[-75.383266,40.831037],[-75.339791,40.84594399999995],[-75.320931,40.855657000000015],[-75.300594,40.85956299999998],[-75.284039,40.86603999999997],[-75.27353000000001,40.873150000000024],[-75.267224,40.88247300000001],[-75.232502,40.899759000000024],[-75.24113,40.90943800000002],[-75.22182100000002,40.91958099999999],[-75.21819,40.92787499999994],[-75.195536,40.936337],[-75.187531,40.937131000000015],[-75.178073,40.94032000000001],[-75.17683600000001,40.94552300000001],[-75.169463,40.94801499999998],[-75.152935,40.94931100000004],[-75.14513,40.95158400000001],[-75.129232,40.95892999999991],[-75.120232,40.96870200000002],[-75.119542,40.96605999999997],[-75.12081,40.962883999999974],[-75.117767,40.95301299999995],[-75.111689,40.94812700000004],[-75.106148,40.939669999999964],[-75.104809,40.935246999999954],[-75.095528,40.924147999999995],[-75.079295,40.913880000000006],[-75.07609,40.907038999999976],[-75.075345,40.894165999999984],[-75.073925,40.892177000000025],[-75.06544,40.885675],[-75.05865500000002,40.877654000000035],[-75.053664,40.87365999999998],[-75.050839,40.86806699999999],[-75.051778,40.86382600000003],[-75.058462,40.860705999999986],[-75.06386700000002,40.855510000000024],[-75.064314,40.853930999999996],[-75.063252,40.850191999999964],[-75.064328,40.84833800000001],[-75.067655,40.847328999999945],[-75.07083,40.847392000000006],[-75.076684,40.849875000000026],[-75.087426,40.84950299999998],[-75.090962,40.84918699999999],[-75.095784,40.847081999999986],[-75.097586,40.84304200000001],[-75.097006,40.839336],[-75.085517,40.83008499999999],[-75.083822,40.82780499999996],[-75.083929,40.824470999999996],[-75.090518,40.81591299999999],[-75.096686,40.81189399999998],[-75.100214,40.80766400000001],[-75.10080000000002,40.799797000000034],[-75.108505,40.791094000000044],[-75.111194,40.78991300000001],[-75.116854,40.78934800000001],[-75.12308800000001,40.78674599999997],[-75.131465,40.775949999999995],[-75.1344,40.773769999999985],[-75.139106,40.77360600000001],[-75.149378,40.77478600000005],[-75.16364800000001,40.778386000000005],[-75.169523,40.778473],[-75.171587,40.77774499999999],[-75.17562,40.77292299999995],[-75.17747700000001,40.764224999999996],[-75.17904,40.76189699999994],[-75.183037,40.759344000000006],[-75.19179599999998,40.75582999999998],[-75.19492,40.75342699999999],[-75.196535,40.75163099999999],[-75.196326,40.74713700000005],[-75.194421,40.744417],[-75.18578000000001,40.73726600000001],[-75.18208400000002,40.731522],[-75.1825,40.729922],[-75.186052,40.725682],[-75.18574800000002,40.721553999999976],[-75.187156,40.719058000000004],[-75.192883,40.71564799999997],[-75.1944,40.716659000000035],[-75.19675,40.714488000000046],[-75.197903,40.715698000000046],[-75.200712,40.714603999999994],[-75.202926,40.71320799999995],[-75.20183000000002,40.712229],[-75.207418,40.70859999999998],[-75.208975,40.71027299999996],[-75.210719,40.709556999999975],[-75.209099,40.707458999999986],[-75.211904,40.70560500000005],[-75.220452,40.70471499999999],[-75.22012,40.70559399999996],[-75.221284,40.704600000000006],[-75.23341900000001,40.70308000000004],[-75.233365,40.70253700000003],[-75.235741,40.70216900000001],[-75.24060800000001,40.69986099999999],[-75.24277000000001,40.70245599999997],[-75.245873,40.70433799999999],[-75.249376,40.70330900000002],[-75.250723,40.700940000000024],[-75.25189,40.701244000000024],[-75.252701,40.70266400000002],[-75.25202,40.70673399999998],[-75.247052,40.708289000000015],[-75.245706,40.710995000000025],[-75.246211,40.71368299999998],[-75.244655,40.72110900000005],[-75.249609,40.726408999999954],[-75.24853300000001,40.72889799999997],[-75.243548,40.72881000000002],[-75.244505,40.732758000000004],[-75.246808,40.73634799999997],[-75.246582,40.74063500000001],[-75.249545,40.74195499999998],[-75.249746,40.745656000000054],[-75.250591,40.74648299999995],[-75.252824,40.74610400000006],[-75.256176,40.74760500000002],[-75.264162,40.74920599999995],[-75.270176,40.74891400000001],[-75.273916,40.74993800000001],[-75.273153,40.753093999999976],[-75.27582500000001,40.754911999999976],[-75.276117,40.75849800000003],[-75.339102,40.75288000000001],[-75.33863400000001,40.74898799999997],[-75.346503,40.74500900000003],[-75.346016,40.74218899999999],[-75.375222,40.73865600000002],[-75.40244199999998,40.73657100000004],[-75.406812,40.755283000000034],[-75.409128,40.757078],[-75.407194,40.758238000000034],[-75.408109,40.764027999999996],[-75.409863,40.76618200000001],[-75.410574,40.77147999999996],[-75.412063,40.773389999999985],[-75.411793,40.776896000000015],[-75.41450200000001,40.78725999999996],[-75.415373,40.78670199999999],[-75.419214,40.78837100000003],[-75.422794,40.78712000000001],[-75.423523,40.788744999999984],[-75.428136,40.78913999999999],[-75.4352,40.79206199999996],[-75.443267,40.818276]]]}},{"type":"Feature","properties":{"district":"69","population":64836,"landAreaSqMi":1005.7,"topMunicipalities":[{"name":"Somerset","classCode":"second_class_township","populationShare":0.17952989080140647},{"name":"Conemaugh","classCode":"second_class_township","populationShare":0.10347646369301008},{"name":"Somerset","classCode":"borough","populationShare":0.09229440434326604},{"name":"Jenner","classCode":"second_class_township","populationShare":0.05651181442408533},{"name":"Elk Lick","classCode":"second_class_township","populationShare":0.03727867234252585}],"topCounties":[{"name":"Somerset","geoid":"42111","populationShare":1.0}],"classShares":{"borough":0.2950058609414523,"second_class_township":0.7049941390585478},"medianIncome":60976,"medianHomeValue":140196,"rentBurdenedPct":35.4,"ownerBurdenedPct":16.7,"permitsPer1kPerYear":1.0,"permits5yrTotal":325,"popChange2020to2024Pct":-2.7,"parentSenateDistricts":[{"district":"32","overlapShareOfHD":1.0000000000000007,"areaShareOfSD":0.3492315632780159}]},"geometry":{"type":"Polygon","coordinates":[[[-79.417525,39.85385699999999],[-79.398718,39.90062800000001],[-79.387624,39.915696000000004],[-79.391562,39.919503999999975],[-79.383957,39.92449400000001],[-79.384407,39.92482800000003],[-79.382249,39.92684599999999],[-79.383282,39.92755999999999],[-79.378258,39.933135000000014],[-79.378303,39.93665099999999],[-79.372884,39.936521999999975],[-79.356005,39.958163999999975],[-79.35412,39.95806400000002],[-79.35416,39.960673],[-79.342538,39.976303000000016],[-79.342585,39.98205600000003],[-79.33846600000001,39.98201399999999],[-79.32278600000001,40.00349599999997],[-79.310458,40.0186],[-79.309496,40.01859000000002],[-79.309927,40.019228999999974],[-79.293884,40.04044599999996],[-79.288578,40.04177499999995],[-79.285602,40.045072999999974],[-79.285661,40.047080999999956],[-79.28431,40.04824599999992],[-79.278214,40.05033599999999],[-79.278766,40.05553700000003],[-79.271351,40.064238],[-79.267166,40.066010000000006],[-79.267739,40.07426800000001],[-79.264625,40.078472000000005],[-79.25915,40.079544000000034],[-79.256137,40.08833999999998],[-79.247425,40.093484],[-79.245424,40.093477],[-79.243013,40.092269999999964],[-79.24059300000002,40.092335000000055],[-79.240087,40.09470799999998],[-79.23746,40.096230999999996],[-79.234,40.096214999999994],[-79.226672,40.098249999999965],[-79.22262,40.10417099999997],[-79.220864,40.112737000000045],[-79.217166,40.11457499999997],[-79.21379100000001,40.117990999999954],[-79.210155,40.11887000000003],[-79.20295,40.11492600000001],[-79.202191,40.11763999999999],[-79.19713,40.11870400000001],[-79.196198,40.11463500000002],[-79.192161,40.11026699999995],[-79.190086,40.10950999999997],[-79.187025,40.10954999999999],[-79.183619,40.11068600000001],[-79.180358,40.11639900000001],[-79.174249,40.12060400000001],[-79.172304,40.126111],[-79.168611,40.12763600000001],[-79.167626,40.12878300000002],[-79.165825,40.138690999999994],[-79.163407,40.14061000000002],[-79.162202,40.142770000000006],[-79.163231,40.14587000000001],[-79.162316,40.14946600000001],[-79.162754,40.15406199999998],[-79.160494,40.156884000000026],[-79.161263,40.16086899999997],[-79.149768,40.16037299999998],[-79.140025,40.16389900000003],[-79.141386,40.170372999999934],[-79.141169,40.173994000000015],[-79.143306,40.179888999999996],[-79.140379,40.180088000000005],[-79.134393,40.178721999999944],[-79.131193,40.179934999999965],[-79.128186,40.182872999999994],[-79.126744,40.18328100000003],[-79.125963,40.18499899999998],[-79.127711,40.18735000000001],[-79.125783,40.19124499999999],[-79.123739,40.19301799999999],[-79.126157,40.200391],[-79.122795,40.20142299999999],[-79.121942,40.203138000000045],[-79.116239,40.20375300000002],[-79.1146,40.20503899999996],[-79.114076,40.21062800000005],[-79.10985,40.211721999999966],[-79.106981,40.214306],[-79.106957,40.215789],[-79.109072,40.21832399999998],[-79.105547,40.21701100000002],[-79.103182,40.217909000000006],[-79.103534,40.220141999999996],[-79.100286,40.22234400000002],[-79.101038,40.223619],[-79.104638,40.224480999999976],[-79.099344,40.22526800000002],[-79.098342,40.227345000000014],[-79.100153,40.231149],[-79.102446,40.23216499999999],[-79.095914,40.232630000000036],[-79.09503,40.23363300000001],[-79.094758,40.236872999999996],[-79.092012,40.239066999999984],[-79.091694,40.24033200000003],[-79.086343,40.242390999999955],[-79.086734,40.245342],[-79.084473,40.24661900000004],[-79.082472,40.250074],[-79.079894,40.250797000000006],[-79.078059,40.252559999999974],[-79.07808400000002,40.254840000000016],[-79.07957,40.25792799999999],[-79.075796,40.26132799999996],[-79.075827,40.26248400000001],[-79.073699,40.264810999999966],[-79.073659,40.266579],[-79.067963,40.272470999999996],[-79.059378,40.27576699999999],[-79.057682,40.27752000000003],[-79.056646,40.27860400000003],[-79.056053,40.284861000000035],[-78.981767,40.28543900000004],[-78.927109,40.284732999999996],[-78.927453,40.28190599999997],[-78.924794,40.27848800000002],[-78.903374,40.27516999999995],[-78.89623,40.27158800000003],[-78.894403,40.26848900000003],[-78.89718,40.26353400000005],[-78.894019,40.261061999999995],[-78.891056,40.249996],[-78.88212,40.24242299999998],[-78.881168,40.238952000000005],[-78.88315600000001,40.23769200000003],[-78.886698,40.23830100000005],[-78.889518,40.242016],[-78.89174300000002,40.24250199999998],[-78.893407,40.23926300000002],[-78.892593,40.23574300000004],[-78.896573,40.23073900000001],[-78.898253,40.226959],[-78.899961,40.22631499999998],[-78.902109,40.227706999999974],[-78.904086,40.22790600000004],[-78.906109,40.223265999999995],[-78.904478,40.22139400000001],[-78.896248,40.221032999999984],[-78.895897,40.21985500000001],[-78.898028,40.216148],[-78.901283,40.214943999999974],[-78.904723,40.21236900000003],[-78.908393,40.21219299999998],[-78.910433,40.208983999999994],[-78.91178,40.208312],[-78.91663100000001,40.208501000000005],[-78.92168000000001,40.209973999999995],[-78.92817,40.196632000000015],[-78.923881,40.19542100000002],[-78.918701,40.19501800000002],[-78.912333,40.191949999999984],[-78.910909,40.18788399999999],[-78.908785,40.18516700000001],[-78.90795100000001,40.17917599999998],[-78.906154,40.175836999999994],[-78.908211,40.17168699999999],[-78.898637,40.168886],[-78.879244,40.172579999999975],[-78.863333,40.170716],[-78.854738,40.177069],[-78.852752,40.176033000000025],[-78.851663,40.173466000000005],[-78.848495,40.17160599999997],[-78.847098,40.16551199999998],[-78.844411,40.16315900000002],[-78.839826,40.16360099999995],[-78.838013,40.164751999999986],[-78.836488,40.16720200000001],[-78.832941,40.16693799999998],[-78.83113400000002,40.16288099999999],[-78.828432,40.16090699999999],[-78.827415,40.15878299999999],[-78.830063,40.154054000000045],[-78.826042,40.15323399999999],[-78.818537,40.14940400000001],[-78.818188,40.148299999999956],[-78.811146,40.14954999999997],[-78.804891,40.148675999999995],[-78.802564,40.147286999999984],[-78.80079,40.14717800000001],[-78.800665,40.145736],[-78.798023,40.145516],[-78.793783,40.14365699999999],[-78.789507,40.143724],[-78.785547,40.145277],[-78.784673,40.14697599999999],[-78.783493,40.14698199999998],[-78.781268,40.15093799999997],[-78.780393,40.15444199999998],[-78.777874,40.156214999999996],[-78.776192,40.15663700000002],[-78.774061,40.155350999999996],[-78.772136,40.15520799999997],[-78.767031,40.16156299999995],[-78.768404,40.16265599999997],[-78.765223,40.16792000000004],[-78.760157,40.16772000000003],[-78.75841,40.169113999999965],[-78.75687800000001,40.16925500000002],[-78.75436000000002,40.16878799999998],[-78.752193,40.167407999999966],[-78.750218,40.167336],[-78.749061,40.16903300000005],[-78.706306,40.14478400000001],[-78.739847,40.069570999999996],[-78.752016,40.07491699999998],[-78.76320600000001,40.057005000000046],[-78.763037,40.01472100000001],[-78.761617,40.014490999999985],[-78.76116500000002,40.00093799999996],[-78.757241,39.823484],[-78.767041,39.79538399999999],[-78.769241,39.79138400000002],[-78.771541,39.78918400000001],[-78.796851,39.74115299999997],[-78.80294,39.732884999999996],[-78.808387,39.72291100000002],[-79.392459,39.72157799999998],[-79.39014500000002,39.72417],[-79.389459,39.72707799999999],[-79.392659,39.73267799999996],[-79.396859,39.73407800000003],[-79.398659,39.73317800000002],[-79.401959,39.73417799999999],[-79.406159,39.73357800000005],[-79.409959,39.73497800000001],[-79.409359,39.739477],[-79.407959,39.741977000000034],[-79.40435900000001,39.742977],[-79.398259,39.74257699999996],[-79.394058,39.743277],[-79.394158,39.747277000000004],[-79.399658,39.75437700000005],[-79.398558,39.75827699999994],[-79.386258,39.76187699999999],[-79.380458,39.76617700000002],[-79.378658,39.768877000000025],[-79.380258,39.77317700000005],[-79.391658,39.777977],[-79.39495800000002,39.78167699999998],[-79.39495800000002,39.78337700000004],[-79.391458,39.784377000000035],[-79.384558,39.782277000000036],[-79.383058,39.782476999999965],[-79.381658,39.784377000000006],[-79.380058,39.790077000000004],[-79.376157,39.78917700000003],[-79.370457,39.78587699999999],[-79.361657,39.78367699999997],[-79.358557,39.781377000000006],[-79.354457,39.782476999999986],[-79.351257,39.786577000000015],[-79.352857,39.78837700000005],[-79.362557,39.78847700000001],[-79.365257,39.790077000000004],[-79.367057,39.79327700000001],[-79.368949,39.798266000000005],[-79.368849,39.80145800000001],[-79.363957,39.80677700000002],[-79.365505,39.81375299999998],[-79.365695,39.82054600000001],[-79.369107,39.824670999999974],[-79.373333,39.82776700000006],[-79.382068,39.82708199999996],[-79.383196,39.828826000000014],[-79.381159,39.834782],[-79.381956,39.83686099999996],[-79.389589,39.83963599999999],[-79.39365800000002,39.84347599999999],[-79.409782,39.84929799999998],[-79.417525,39.85385699999999]]]}},{"type":"Feature","properties":{"district":"150","population":65548,"landAreaSqMi":38.9,"topMunicipalities":[{"name":"Lower Providence","classCode":"second_class_township","populationShare":0.39319509612452713},{"name":"Upper Providence","classCode":"second_class_township","populationShare":0.3722179783201892},{"name":"West Norriton","classCode":"first_class_township","populationShare":0.09391055953796855},{"name":"Collegeville","classCode":"borough","populationShare":0.07972830374216354},{"name":"Trappe","classCode":"borough","populationShare":0.060948062275151746}],"topCounties":[{"name":"Montgomery","geoid":"42091","populationShare":1.0}],"classShares":{"borough":0.14067636601731529,"first_class_township":0.09391055953796855,"second_class_township":0.7654130744447163},"medianIncome":132481,"medianHomeValue":447291,"rentBurdenedPct":49.0,"ownerBurdenedPct":19.8,"permitsPer1kPerYear":2.0,"permits5yrTotal":672,"popChange2020to2024Pct":3.0,"parentSenateDistricts":[{"district":"44","overlapShareOfHD":0.8478410120738838,"areaShareOfSD":0.09260444788603231},{"district":"24","overlapShareOfHD":0.09261422186021179,"areaShareOfSD":0.010485829653318466},{"district":"17","overlapShareOfHD":0.05954476606590243,"areaShareOfSD":0.028499425275410845}]},"geometry":{"type":"Polygon","coordinates":[[[-75.53958100000001,40.174966000000026],[-75.490078,40.22454400000002],[-75.460638,40.20697199999998],[-75.462401,40.20525800000003],[-75.458736,40.20208200000002],[-75.45245000000001,40.20164299999996],[-75.450125,40.20040300000003],[-75.410683,40.17609799999998],[-75.376116,40.155870999999976],[-75.389799,40.14226300000001],[-75.378326,40.132648999999994],[-75.379936,40.13098199999999],[-75.37669600000001,40.12904600000004],[-75.387944,40.11786800000002],[-75.393529,40.11720400000001],[-75.416546,40.10785899999997],[-75.420575,40.10735099999994],[-75.433364,40.110286999999985],[-75.443776,40.10896200000001],[-75.459453,40.103663999999995],[-75.463121,40.10320099999996],[-75.46896100000001,40.10706099999998],[-75.471584,40.112373],[-75.469409,40.116663999999965],[-75.462041,40.120124000000004],[-75.46114,40.12296700000002],[-75.46159900000002,40.12482499999999],[-75.464726,40.12672600000005],[-75.47245,40.12929799999995],[-75.481083,40.12679600000002],[-75.489159,40.125874000000024],[-75.492577,40.12614100000003],[-75.505624,40.132634],[-75.5097,40.13705899999999],[-75.510753,40.141722],[-75.508653,40.14653100000003],[-75.50421500000002,40.15015200000002],[-75.501429,40.15361900000001],[-75.500656,40.155618999999994],[-75.501633,40.15825599999999],[-75.505545,40.1601],[-75.511363,40.15933999999995],[-75.513214,40.15829599999997],[-75.515669,40.154863],[-75.51851900000001,40.14850199999997],[-75.521072,40.14707499999999],[-75.524324,40.147719999999964],[-75.526414,40.14905100000004],[-75.527734,40.15139200000005],[-75.526696,40.16016799999999],[-75.528941,40.16839600000001],[-75.534425,40.17236300000002],[-75.53958100000001,40.174966000000026]]]}},{"type":"Feature","properties":{"district":"145","population":62848,"landAreaSqMi":170.1,"topMunicipalities":[{"name":"Richland","classCode":"second_class_township","populationShare":0.22209139511201648},{"name":"Milford","classCode":"second_class_township","populationShare":0.1624554480651731},{"name":"Quakertown","classCode":"borough","populationShare":0.14794424643584517},{"name":"East Rockhill","classCode":"second_class_township","populationShare":0.09244526476578405},{"name":"West Rockhill","classCode":"second_class_township","populationShare":0.0865103105906314}],"topCounties":[{"name":"Bucks","geoid":"42017","populationShare":1.0}],"classShares":{"borough":0.23020621181262726,"second_class_township":0.7697937881873728},"medianIncome":104684,"medianHomeValue":373660,"rentBurdenedPct":41.4,"ownerBurdenedPct":21.2,"permitsPer1kPerYear":1.7,"permits5yrTotal":547,"popChange2020to2024Pct":0.7,"parentSenateDistricts":[{"district":"16","overlapShareOfHD":1.000000000000002,"areaShareOfSD":0.3114739488577939}]},"geometry":{"type":"Polygon","coordinates":[[[-75.483858,40.41863400000001],[-75.409733,40.487984],[-75.338633,40.53406799999995],[-75.33304800000002,40.536767],[-75.293528,40.56197799999999],[-75.266366,40.57758000000004],[-75.25654000000002,40.58273100000003],[-75.196803,40.60858000000003],[-75.192291,40.60267600000002],[-75.191443,40.595492000000014],[-75.18926800000001,40.58991900000002],[-75.190035,40.58712199999997],[-75.19415,40.58284300000003],[-75.195496,40.578627000000004],[-75.194105,40.576078999999986],[-75.184907,40.568308],[-75.172877,40.56442299999994],[-75.162314,40.56419300000001],[-75.158296,40.56517699999999],[-75.14842,40.57202099999998],[-75.140172,40.57537000000002],[-75.134995,40.57566199999997],[-75.11916,40.57359499999998],[-75.09982700000002,40.56739799999998],[-75.083913,40.55339499999999],[-75.150198,40.49253499999999],[-75.15742,40.48787099999997],[-75.166123,40.47917300000004],[-75.16567,40.47833699999998],[-75.178035,40.466589999999975],[-75.18219600000002,40.46907499999998],[-75.186619,40.46944099999997],[-75.189452,40.47402400000001],[-75.193999,40.475252999999995],[-75.19425900000002,40.47187999999999],[-75.195464,40.471330999999964],[-75.19996500000002,40.47162100000001],[-75.201507,40.46909599999998],[-75.207275,40.46874500000003],[-75.212387,40.470300999999935],[-75.216248,40.46983600000001],[-75.218399,40.46793600000002],[-75.21875,40.46456399999997],[-75.226578,40.46435800000001],[-75.229141,40.462801],[-75.230576,40.459894999999996],[-75.230316,40.458619999999975],[-75.234207,40.454545999999965],[-75.232851,40.45190300000002],[-75.233412,40.45097500000001],[-75.238079,40.44983099999996],[-75.238973,40.448905999999994],[-75.239183,40.44797700000005],[-75.238171,40.44746699999998],[-75.240463,40.44445899999998],[-75.240803,40.44171100000005],[-75.247375,40.438479000000044],[-75.24921,40.43655899999999],[-75.254045,40.43498900000003],[-75.255102,40.43265599999998],[-75.253787,40.430414999999996],[-75.255617,40.429117999999995],[-75.25542,40.427408000000014],[-75.251661,40.41173900000002],[-75.25001,40.406769999999966],[-75.244701,40.39790500000003],[-75.275327,40.36820200000002],[-75.28273,40.372805999999976],[-75.27887700000001,40.37639700000002],[-75.28296400000002,40.37911299999999],[-75.274674,40.38374400000008],[-75.283051,40.388932],[-75.311387,40.375322999999966],[-75.31173200000002,40.37170800000001],[-75.309709,40.37011700000001],[-75.31593700000002,40.36975199999999],[-75.322318,40.363073000000014],[-75.32123800000001,40.36092299999998],[-75.315051,40.35714899999998],[-75.306279,40.349746000000046],[-75.304045,40.35020300000005],[-75.303395,40.34947399999999],[-75.30081,40.350747999999975],[-75.299743,40.349913999999984],[-75.298772,40.350394],[-75.29739,40.351175],[-75.29987200000001,40.35270599999999],[-75.297686,40.35407899999999],[-75.29492600000002,40.35247800000001],[-75.317427,40.32983400000001],[-75.318274,40.328017999999986],[-75.322788,40.32441899999997],[-75.315693,40.320072000000025],[-75.317177,40.318489000000035],[-75.41358900000002,40.376334999999976],[-75.425667,40.38442999999996],[-75.45202,40.39931399999996],[-75.483858,40.41863400000001]]]}},{"type":"Feature","properties":{"district":"98","population":67148,"landAreaSqMi":129.4,"topMunicipalities":[{"name":"Elizabethtown","classCode":"borough","populationShare":0.17658009173765407},{"name":"Mount Joy","classCode":"second_class_township","populationShare":0.16013879787931187},{"name":"West Donegal","classCode":"second_class_township","populationShare":0.13416631917555258},{"name":"South Londonderry","classCode":"second_class_township","populationShare":0.13062190981116326},{"name":"East Donegal","classCode":"second_class_township","populationShare":0.1288943825579317}],"topCounties":[{"name":"Lancaster","geoid":"42071","populationShare":0.8153481860963844},{"name":"Lebanon","geoid":"42075","populationShare":0.18465181390361568}],"classShares":{"borough":0.3453714183594446,"second_class_township":0.6546285816405555},"medianIncome":87698,"medianHomeValue":272328,"rentBurdenedPct":48.4,"ownerBurdenedPct":16.1,"permitsPer1kPerYear":2.2,"permits5yrTotal":736,"popChange2020to2024Pct":1.9,"parentSenateDistricts":[{"district":"36","overlapShareOfHD":0.6763390459806056,"areaShareOfSD":0.26675751941213244},{"district":"48","overlapShareOfHD":0.32366095401939204,"areaShareOfSD":0.050035989688550706}]},"geometry":{"type":"Polygon","coordinates":[[[-76.72162,40.120069999999934],[-76.715907,40.13147899999999],[-76.70929,40.134642000000014],[-76.706626,40.13507299999997],[-76.706999,40.13607000000003],[-76.710013,40.13670800000004],[-76.709865,40.13763699999999],[-76.704548,40.14408599999996],[-76.69932800000001,40.14529599999998],[-76.698916,40.14842399999999],[-76.69615800000001,40.150117000000044],[-76.695576,40.15155699999998],[-76.696186,40.152932],[-76.695594,40.15409700000003],[-76.697641,40.15586600000002],[-76.697352,40.15664000000002],[-76.692316,40.15740999999999],[-76.690971,40.15666700000005],[-76.691676,40.15428700000002],[-76.689939,40.15223799999997],[-76.690135,40.148113999999985],[-76.683151,40.15179499999994],[-76.680859,40.15098600000003],[-76.68061200000001,40.149063000000005],[-76.677209,40.14888600000001],[-76.676299,40.15320800000006],[-76.674223,40.15439999999996],[-76.672209,40.15387399999999],[-76.670563,40.15448700000003],[-76.6728,40.157498999999966],[-76.668531,40.15971100000001],[-76.666569,40.161526],[-76.666209,40.16321000000001],[-76.662043,40.163467000000026],[-76.66098800000002,40.16510099999997],[-76.654936,40.16394500000004],[-76.653104,40.166049999999984],[-76.644338,40.16479400000001],[-76.640611,40.167269000000026],[-76.63841,40.16673799999999],[-76.636511,40.168157],[-76.637272,40.169364000000016],[-76.634347,40.170995],[-76.633825,40.17009700000004],[-76.632102,40.17061599999995],[-76.62797300000001,40.17508499999999],[-76.62625600000001,40.17825599999999],[-76.625176,40.17805799999997],[-76.621189,40.17984099999995],[-76.618858,40.17941099999998],[-76.615948,40.18060700000002],[-76.614514,40.18181300000002],[-76.614767,40.182452000000055],[-76.61221500000002,40.183945000000044],[-76.612937,40.18548499999999],[-76.609866,40.18807399999997],[-76.607817,40.18844099999999],[-76.608092,40.18940299999995],[-76.60561,40.18996399999999],[-76.599865,40.18826399999996],[-76.596189,40.188826999999996],[-76.59567,40.189735999999996],[-76.594293,40.18907100000003],[-76.588399,40.19055799999998],[-76.586,40.18954400000001],[-76.583851,40.19098800000001],[-76.58274300000001,40.190856999999994],[-76.580708,40.19468699999998],[-76.575079,40.194149999999986],[-76.57266200000001,40.195009999999996],[-76.5721,40.19430999999997],[-76.56637400000001,40.196048000000005],[-76.566339,40.19664400000001],[-76.569417,40.195549],[-76.604789,40.28742899999998],[-76.555119,40.295493000000015],[-76.55367000000001,40.297124000000004],[-76.553067,40.29975900000002],[-76.554286,40.30144499999996],[-76.552629,40.302087999999976],[-76.553124,40.30408099999999],[-76.550858,40.305366],[-76.55057,40.307962999999965],[-76.548648,40.31002199999992],[-76.549315,40.310878000000024],[-76.551208,40.31089500000002],[-76.55409800000001,40.31248799999999],[-76.555511,40.315123000000014],[-76.55744100000001,40.316282],[-76.557907,40.318714000000014],[-76.555626,40.319461000000025],[-76.555062,40.321215000000024],[-76.525576,40.32746799999999],[-76.524575,40.32560600000001],[-76.524978,40.32372800000001],[-76.52307,40.32283800000001],[-76.522374,40.32423299999996],[-76.519159,40.324818999999984],[-76.51832,40.325631000000044],[-76.515874,40.32439999999996],[-76.51190600000001,40.32562899999997],[-76.510456,40.32629799999999],[-76.508969,40.32892799999999],[-76.507191,40.327147999999994],[-76.5045,40.32791000000002],[-76.501524,40.326112999999964],[-76.498676,40.329107999999984],[-76.492347,40.33068800000003],[-76.489534,40.32936000000003],[-76.48816400000001,40.330590999999984],[-76.486464,40.330839000000005],[-76.484892,40.33012400000002],[-76.47059,40.249066000000006],[-76.469263,40.248490999999966],[-76.467548,40.245494999999984],[-76.463655,40.24424499999998],[-76.469415,40.243724999999955],[-76.466307,40.22839999999997],[-76.46931100000002,40.227409000000016],[-76.466124,40.22230199999999],[-76.464838,40.221557999999945],[-76.465152,40.21957500000003],[-76.46404,40.21721700000002],[-76.46538,40.21417700000001],[-76.467097,40.214012],[-76.470315,40.21119499999994],[-76.47807200000001,40.21034599999999],[-76.482098,40.21119899999998],[-76.485676,40.210879],[-76.488432,40.21198199999996],[-76.495186,40.20897899999997],[-76.497073,40.20970199999997],[-76.499313,40.20937700000003],[-76.50155,40.20716399999999],[-76.50392900000001,40.20755299999998],[-76.50583600000002,40.20632500000003],[-76.50549600000001,40.20506400000007],[-76.507894,40.20397300000002],[-76.506924,40.202061999999984],[-76.510042,40.19979100000004],[-76.511392,40.19601200000003],[-76.513757,40.193246999999936],[-76.513674,40.19031900000001],[-76.515713,40.185827],[-76.51983,40.18084899999999],[-76.518929,40.17688299999999],[-76.520863,40.174241999999985],[-76.52179,40.17065500000002],[-76.521232,40.16967499999998],[-76.517124,40.16926099999999],[-76.516552,40.16492000000002],[-76.518212,40.16322400000004],[-76.51525,40.16108000000002],[-76.516223,40.160289],[-76.515099,40.159578999999994],[-76.516055,40.15781300000001],[-76.510229,40.158060000000006],[-76.50728500000001,40.15668599999999],[-76.50063,40.159170999999965],[-76.499482,40.157644999999974],[-76.498276,40.153082999999974],[-76.49908400000001,40.15256199999994],[-76.498157,40.15139000000001],[-76.498184,40.14814999999998],[-76.49705,40.147949000000025],[-76.497151,40.145893],[-76.499475,40.144024],[-76.499334,40.142199999999995],[-76.501505,40.14031799999999],[-76.503657,40.141399],[-76.505584,40.140959999999986],[-76.504359,40.13787899999997],[-76.505187,40.13446299999998],[-76.504845,40.13361799999997],[-76.502364,40.13312900000001],[-76.498215,40.13398500000002],[-76.495989,40.13175099999999],[-76.50128700000002,40.13056700000003],[-76.499758,40.125974000000014],[-76.501669,40.123853999999994],[-76.499208,40.11887800000001],[-76.50181900000001,40.118390999999995],[-76.502401,40.117542],[-76.495938,40.114164999999986],[-76.492817,40.116474],[-76.488841,40.11246499999998],[-76.48549700000001,40.11283699999999],[-76.485337,40.11199599999997],[-76.483905,40.112076999999964],[-76.484041,40.109398000000006],[-76.477814,40.109974000000015],[-76.477643,40.11306600000001],[-76.475597,40.11377700000002],[-76.468605,40.112793000000046],[-76.468295,40.11118699999999],[-76.4703,40.111071],[-76.47026900000002,40.11052100000002],[-76.461461,40.11101499999999],[-76.458689,40.10799399999998],[-76.490122,40.10807200000003],[-76.492233,40.103628999999984],[-76.491578,40.101783999999995],[-76.493523,40.09940100000001],[-76.496526,40.09835700000001],[-76.496925,40.09640499999995],[-76.500544,40.09721400000001],[-76.501518,40.09667699999997],[-76.497132,40.09351699999999],[-76.496741,40.091782999999985],[-76.50190300000001,40.09245499999998],[-76.500019,40.09037800000006],[-76.500569,40.08851499999997],[-76.505249,40.089872],[-76.505366,40.088220000000035],[-76.503011,40.08758000000002],[-76.501057,40.084311000000014],[-76.502974,40.08038199999997],[-76.513045,40.077166999999974],[-76.510722,40.075003000000024],[-76.511468,40.074316999999986],[-76.51424,40.074628999999966],[-76.516485,40.07361699999999],[-76.519659,40.075895999999965],[-76.52055,40.07804900000002],[-76.521822,40.07749400000004],[-76.521582,40.075010000000034],[-76.51977,40.07401799999996],[-76.518668,40.07211000000002],[-76.51852,40.06892000000003],[-76.515094,40.063759],[-76.518131,40.060553999999996],[-76.518655,40.05835099999999],[-76.517179,40.05664600000003],[-76.518032,40.055667000000014],[-76.521811,40.054449000000005],[-76.526955,40.05526199999998],[-76.533874,40.05081799999998],[-76.535554,40.051442999999985],[-76.541455,40.05103700000001],[-76.554154,40.04667],[-76.571217,40.045669],[-76.575842,40.04624999999998],[-76.597588,40.05186700000004],[-76.613866,40.054547000000014],[-76.622323,40.05500299999997],[-76.63581,40.05836400000001],[-76.639726,40.058512000000036],[-76.641144,40.059491000000016],[-76.643902,40.05953600000003],[-76.644508,40.05806900000003],[-76.647704,40.058583],[-76.65372200000002,40.05981300000002],[-76.663825,40.06322700000001],[-76.670997,40.06877399999999],[-76.675504,40.07359599999998],[-76.676042,40.075987000000026],[-76.680428,40.08319199999999],[-76.693163,40.09876199999996],[-76.710932,40.11384299999998],[-76.72162,40.120069999999934]]]}},{"type":"Feature","properties":{"district":"86","population":64314,"landAreaSqMi":883.4,"topMunicipalities":[{"name":"Carroll","classCode":"second_class_township","populationShare":0.08181733370650252},{"name":"Wheatfield","classCode":"second_class_township","populationShare":0.04974033647417345},{"name":"Penn","classCode":"second_class_township","populationShare":0.048574182915072955},{"name":"Fermanagh","classCode":"second_class_township","populationShare":0.04471810181298003},{"name":"Walker","classCode":"second_class_township","populationShare":0.04325652268557388}],"topCounties":[{"name":"Perry","geoid":"42099","populationShare":0.7150542650122835},{"name":"Juniata","geoid":"42067","populationShare":0.28494573498771647}],"classShares":{"borough":0.18010075566750633,"second_class_township":0.8198992443324936},"medianIncome":74631,"medianHomeValue":217268,"rentBurdenedPct":32.6,"ownerBurdenedPct":16.9,"permitsPer1kPerYear":0.7,"permits5yrTotal":213,"popChange2020to2024Pct":1.4,"parentSenateDistricts":[{"district":"34","overlapShareOfHD":0.624468537733872,"areaShareOfSD":0.41578928412335986},{"district":"30","overlapShareOfHD":0.37553146226612977,"areaShareOfSD":0.12550781371528416}]},"geometry":{"type":"Polygon","coordinates":[[[-77.752043,40.37861599999999],[-77.733358,40.39827299999998],[-77.710745,40.417592999999975],[-77.690213,40.432494999999946],[-77.63417400000002,40.47734599999998],[-77.612459,40.490919000000005],[-77.612509,40.514186999999964],[-77.57404600000001,40.53779399999995],[-77.526312,40.563005000000004],[-77.51563,40.56956899999996],[-77.51273500000002,40.57306300000002],[-77.497506,40.58174000000004],[-77.49776,40.60948399999997],[-77.496867,40.61016600000001],[-77.490021,40.614791999999994],[-77.486415,40.61589900000003],[-77.480828,40.619533000000025],[-77.442505,40.63710300000002],[-77.42006,40.645929999999964],[-77.407185,40.65231700000001],[-77.368273,40.66759300000004],[-77.36069,40.66999099999999],[-77.319615,40.592459000000005],[-77.291948,40.60486800000001],[-77.273602,40.611082],[-77.233496,40.627115999999944],[-77.20787,40.635321],[-77.180982,40.64708900000002],[-77.174658,40.63304100000003],[-77.166733,40.635899000000016],[-77.153395,40.63651899999999],[-77.11679,40.642519],[-77.085588,40.65036099999995],[-77.07195,40.652955999999996],[-77.031674,40.657092000000006],[-77.02950100000001,40.655561999999996],[-77.026411,40.65586],[-77.024944,40.65892399999998],[-77.022514,40.660885999999984],[-77.021644,40.66004299999998],[-77.018241,40.659494000000045],[-77.01641100000002,40.65994500000003],[-77.013792,40.662164],[-77.010445,40.66160900000002],[-77.007923,40.658676999999976],[-77.007234,40.656033],[-77.008862,40.65532799999999],[-77.008117,40.651275000000005],[-77.004045,40.645572000000016],[-77.005535,40.64443199999998],[-77.005878,40.642288999999984],[-77.003363,40.63887900000006],[-76.998943,40.63778900000006],[-76.99728900000001,40.635710999999965],[-76.98804400000002,40.643590999999994],[-76.986631,40.644024999999985],[-76.983865,40.64374],[-76.976749,40.645435],[-76.975901,40.642243],[-76.97482300000001,40.642809000000014],[-76.967495,40.641254999999994],[-76.967829,40.64475200000004],[-76.96546100000002,40.64721199999996],[-76.961112,40.645745999999946],[-76.958641,40.64710999999998],[-76.945221,40.65033299999997],[-76.940656,40.64617500000002],[-76.939465,40.64108399999999],[-76.939883,40.63814200000001],[-76.9513,40.62596700000004],[-76.953485,40.61719899999996],[-76.953217,40.60363800000003],[-76.957444,40.594677],[-76.965328,40.58701500000003],[-76.982727,40.57878800000002],[-76.986349,40.57622800000004],[-76.99054,40.57160199999999],[-76.992396,40.56787700000001],[-76.992997,40.56414300000002],[-76.991354,40.56048600000003],[-76.986729,40.55466699999996],[-76.987133,40.55315000000004],[-76.981946,40.54332400000001],[-76.980658,40.53909900000006],[-76.981542,40.531881999999975],[-76.985541,40.525800999999994],[-76.984661,40.515052999999995],[-76.982298,40.51304],[-76.978351,40.50714899999997],[-76.96909,40.49756200000003],[-76.966284,40.49576199999998],[-76.953083,40.49062100000002],[-76.949466,40.484526999999964],[-76.948747,40.481556],[-76.949374,40.46909200000002],[-76.952099,40.46347099999995],[-76.95639200000001,40.45884099999997],[-76.961143,40.45578999999997],[-76.970152,40.45250999999999],[-76.981081,40.446761000000045],[-76.986813,40.441838000000004],[-76.989758,40.43789899999996],[-76.997915,40.43367],[-77.003235,40.42679999999998],[-77.01627,40.42517300000003],[-77.016977,40.42067400000005],[-77.015847,40.41564999999996],[-77.012002,40.40870000000005],[-77.012172,40.404449000000035],[-77.013125,40.402349],[-77.016013,40.39991999999998],[-77.021469,40.39792],[-77.02611,40.39435000000004],[-77.028304,40.391869],[-77.029341,40.38868099999996],[-77.026841,40.380540000000025],[-77.021977,40.374219999999966],[-77.020799,40.36623000000003],[-77.019178,40.36478499999998],[-77.013028,40.362142999999975],[-77.008191,40.35844899999999],[-76.99437,40.356451],[-76.981996,40.35732000000001],[-76.970625,40.356304999999956],[-76.96115,40.35803300000002],[-76.939761,40.357725999999985],[-76.934597,40.356599000000024],[-76.93267200000001,40.35531800000004],[-76.928521,40.34798499999998],[-76.926533,40.341432999999995],[-76.91727000000002,40.33271500000001],[-76.91497,40.32848400000003],[-76.949282,40.316861000000024],[-76.974219,40.31032999999997],[-77.005128,40.30561699999999],[-77.022393,40.30400499999996],[-77.041769,40.30440200000002],[-77.059659,40.303293000000025],[-77.063874,40.301966999999976],[-77.07466,40.30223600000001],[-77.096365,40.300394999999995],[-77.103044,40.298432999999974],[-77.105438,40.29872200000003],[-77.111869,40.297359000000014],[-77.124813,40.29666200000002],[-77.126881,40.29626900000002],[-77.127345,40.29529800000002],[-77.134266,40.29502899999997],[-77.147946,40.29166199999998],[-77.156323,40.29084600000003],[-77.160631,40.28969600000001],[-77.182795,40.28774300000002],[-77.204496,40.287080000000024],[-77.230902,40.283571000000066],[-77.239163,40.284101999999955],[-77.24352,40.28243300000004],[-77.270057,40.27865199999997],[-77.312235,40.26773999999996],[-77.317288,40.26759000000001],[-77.33121,40.276418],[-77.330696,40.28058800000002],[-77.323924,40.28860500000002],[-77.322916,40.29122899999999],[-77.323191,40.29247199999999],[-77.326637,40.29260099999999],[-77.33484400000002,40.28984099999999],[-77.340647,40.28691499999997],[-77.354299,40.27927799999995],[-77.360718,40.27470099999996],[-77.385114,40.26271199999996],[-77.402457,40.25695399999999],[-77.413859,40.25521499999996],[-77.420845,40.25536799999996],[-77.423285,40.25846100000001],[-77.420524,40.26309500000003],[-77.41676100000001,40.266676999999966],[-77.411044,40.26931500000002],[-77.409304,40.27455400000001],[-77.402893,40.28012799999997],[-77.386967,40.29035099999996],[-77.364762,40.30254100000001],[-77.361236,40.305192999999974],[-77.358631,40.30900800000002],[-77.35763500000002,40.31247599999999],[-77.360082,40.314074999999995],[-77.366018,40.313568999999994],[-77.382193,40.30845699999999],[-77.394445,40.30350599999999],[-77.419492,40.29083400000007],[-77.457825,40.26612500000002],[-77.473596,40.254216000000035],[-77.498677,40.23947500000003],[-77.51195300000002,40.233443],[-77.515502,40.23050400000003],[-77.52645,40.22585200000002],[-77.529386,40.22273500000001],[-77.537686,40.218939000000006],[-77.555823,40.219189999999976],[-77.559393,40.21796499999998],[-77.578341,40.20662600000003],[-77.580439,40.20385599999998],[-77.590726,40.19580399999998],[-77.593549,40.192009999999996],[-77.605448,40.18536200000002],[-77.6147,40.198615],[-77.604768,40.20603300000002],[-77.60488800000002,40.22492199999996],[-77.60271700000001,40.22819999999999],[-77.606612,40.22971899999999],[-77.609171,40.23275300000005],[-77.612967,40.23323599999999],[-77.616167,40.23261600000001],[-77.639893,40.217677999999964],[-77.642831,40.21813999999999],[-77.643394,40.223165000000044],[-77.64532500000001,40.222493999999976],[-77.645884,40.22381000000005],[-77.647642,40.22247699999999],[-77.650156,40.22753799999999],[-77.648878,40.23331899999998],[-77.645402,40.238927999999994],[-77.64999,40.24795700000003],[-77.645128,40.25375400000001],[-77.64509,40.25514300000001],[-77.648164,40.25722699999998],[-77.65276,40.25753],[-77.665494,40.25204899999998],[-77.667711,40.252000999999986],[-77.671155,40.257568999999954],[-77.670921,40.25862200000003],[-77.656416,40.27039299999996],[-77.65987100000001,40.27480499999996],[-77.664275,40.278226999999966],[-77.665195,40.279471000000036],[-77.66419500000002,40.280478999999964],[-77.67181,40.289885],[-77.67586,40.284698999999996],[-77.68461200000002,40.27674399999998],[-77.698954,40.26577500000002],[-77.70303,40.26357600000004],[-77.705668,40.27131200000001],[-77.752043,40.37861599999999]]]}},{"type":"Feature","properties":{"district":"96","population":65663,"landAreaSqMi":21.4,"topMunicipalities":[{"name":"Lancaster","classCode":"third_class_city","populationShare":0.47445155206907963},{"name":"Manheim","classCode":"first_class_township","populationShare":0.45587398576513033},{"name":"East Petersburg","classCode":"borough","populationShare":0.06967446216578994}],"topCounties":[{"name":"Lancaster","geoid":"42071","populationShare":1.0}],"classShares":{"borough":0.06967446216578994,"first_class_township":0.45587398576513033,"third_class_city":0.47445155206907963},"medianIncome":86228,"medianHomeValue":297022,"rentBurdenedPct":44.2,"ownerBurdenedPct":16.8,"permitsPer1kPerYear":2.5,"permits5yrTotal":836,"popChange2020to2024Pct":0.9,"parentSenateDistricts":[{"district":"36","overlapShareOfHD":0.8158550511762888,"areaShareOfSD":0.05102711185574842},{"district":"13","overlapShareOfHD":0.18414494882370921,"areaShareOfSD":0.006533715028496944}]},"geometry":{"type":"MultiPolygon","coordinates":[[[[-76.28774400000002,40.04384100000005],[-76.286974,40.043499],[-76.286187,40.044801],[-76.28538,40.044493000000024],[-76.286721,40.04315899999999],[-76.28761700000001,40.043063999999994],[-76.28774400000002,40.04384100000005]]],[[[-76.367045,40.108849],[-76.360662,40.10836700000006],[-76.360207,40.10725400000001],[-76.355869,40.106545000000004],[-76.352779,40.10695899999997],[-76.352829,40.107575],[-76.34709,40.11032899999994],[-76.350639,40.11295100000002],[-76.353049,40.11329400000001],[-76.35250900000001,40.115891000000005],[-76.35363900000002,40.11819100000002],[-76.355995,40.11871299999996],[-76.35847200000002,40.12241399999999],[-76.36475,40.124586000000015],[-76.366791,40.12433100000002],[-76.36325500000001,40.127159999999975],[-76.336042,40.127122999999926],[-76.316077,40.12592599999998],[-76.30423,40.12625599999998],[-76.283204,40.12949100000002],[-76.282783,40.12853899999997],[-76.279494,40.12859600000001],[-76.278574,40.12766999999997],[-76.2788,40.126184],[-76.283125,40.12436500000001],[-76.284184,40.123068],[-76.282513,40.11261500000001],[-76.284549,40.107429000000025],[-76.280283,40.09342400000003],[-76.281122,40.091340999999986],[-76.276681,40.08759500000001],[-76.271425,40.084534000000005],[-76.284795,40.07583099999999],[-76.286554,40.07307199999998],[-76.288075,40.067207000000025],[-76.274672,40.05865699999998],[-76.264929,40.053771999999995],[-76.26201500000002,40.05257099999999],[-76.258455,40.05582500000002],[-76.254054,40.052824],[-76.256553,40.050353999999956],[-76.25568400000002,40.04787400000001],[-76.257138,40.04773699999998],[-76.25686700000001,40.04684599999998],[-76.255288,40.046907],[-76.261335,40.046231],[-76.26167,40.04552600000004],[-76.254094,40.04372100000004],[-76.26079,40.04465099999999],[-76.261,40.04272299999998],[-76.258353,40.042565000000025],[-76.258655,40.041108999999956],[-76.26317,40.03960999999997],[-76.262846,40.041684999999966],[-76.26472,40.042138999999985],[-76.264103,40.042742000000004],[-76.265381,40.04396899999999],[-76.264123,40.045854999999996],[-76.278073,40.04968999999996],[-76.27796000000001,40.04844800000001],[-76.279412,40.047498000000004],[-76.283816,40.04622499999999],[-76.287881,40.04604199999997],[-76.287607,40.044653],[-76.288098,40.046020000000006],[-76.292372,40.04557599999998],[-76.293055,40.047681000000026],[-76.295446,40.045175000000036],[-76.294282,40.045273999999985],[-76.29377900000001,40.04241899999999],[-76.297703,40.04201100000001],[-76.297137,40.03888600000004],[-76.315199,40.036942],[-76.326138,40.03853700000001],[-76.325274,40.040842],[-76.326925,40.05026399999996],[-76.342078,40.05314599999998],[-76.343035,40.05574899999998],[-76.34235200000002,40.05741199999997],[-76.345474,40.05850199999999],[-76.34502,40.060481],[-76.342454,40.063615000000034],[-76.343142,40.06460099999997],[-76.34718,40.063148000000005],[-76.346578,40.06590199999999],[-76.344805,40.06780400000002],[-76.345596,40.069852000000004],[-76.34481,40.07145900000004],[-76.345527,40.073058000000074],[-76.34729,40.07327700000002],[-76.351673,40.08006],[-76.349557,40.082754000000016],[-76.34752,40.08193599999999],[-76.34612900000002,40.082159000000004],[-76.344781,40.08370100000004],[-76.344494,40.08507200000004],[-76.346679,40.09057599999997],[-76.350901,40.09400399999999],[-76.355611,40.094559999999966],[-76.359722,40.09359499999999],[-76.364244,40.10457700000001],[-76.367045,40.108849]],[[-76.34722,40.099857999999934],[-76.34699700000002,40.09836100000004],[-76.344517,40.098409],[-76.346665,40.09355700000001],[-76.339389,40.09562600000001],[-76.339346,40.09345600000002],[-76.343467,40.088738000000006],[-76.343146,40.08820599999996],[-76.340007,40.090670999999965],[-76.339553,40.09302699999997],[-76.336156,40.09531200000003],[-76.335147,40.098222000000014],[-76.33596700000001,40.10065300000003],[-76.335468,40.10413300000001],[-76.34722,40.099857999999934]],[[-76.344685,40.10826000000004],[-76.344652,40.107375000000005],[-76.342328,40.107321999999975],[-76.342304,40.10669499999998],[-76.338189,40.10759299999997],[-76.339163,40.10866900000001],[-76.344685,40.10826000000004]],[[-76.26757,40.047264000000034],[-76.263986,40.046217999999975],[-76.261818,40.04860400000003],[-76.264601,40.05012299999994],[-76.26757,40.047264000000034]]]]}},{"type":"Feature","properties":{"district":"81","population":66158,"landAreaSqMi":1120.4,"topMunicipalities":[{"name":"Southampton","classCode":"second_class_township","populationShare":0.1293116478732732},{"name":"Huntingdon","classCode":"borough","populationShare":0.10405393149732453},{"name":"St. Thomas","classCode":"second_class_township","populationShare":0.08967925269808638},{"name":"Smithfield","classCode":"second_class_township","populationShare":0.06871429003295136},{"name":"Letterkenny","classCode":"second_class_township","populationShare":0.03757671029958591}],"topCounties":[{"name":"Huntingdon","geoid":"42061","populationShare":0.6310650261495208},{"name":"Franklin","geoid":"42055","populationShare":0.3689349738504793}],"classShares":{"borough":0.2339701925693037,"second_class_township":0.7660298074306963},"medianIncome":68365,"medianHomeValue":191374,"rentBurdenedPct":30.9,"ownerBurdenedPct":16.8,"permitsPer1kPerYear":1.6,"permits5yrTotal":516,"popChange2020to2024Pct":-0.8,"parentSenateDistricts":[{"district":"30","overlapShareOfHD":0.7295367423344417,"areaShareOfSD":0.3111673836855336},{"district":"33","overlapShareOfHD":0.27046325766555623,"areaShareOfSD":0.23719135454639298}]},"geometry":{"type":"Polygon","coordinates":[[[-78.25694,40.29813099999996],[-78.250091,40.312290999999995],[-78.23569400000001,40.33384899999999],[-78.224578,40.346652000000056],[-78.214216,40.35627700000003],[-78.212035,40.35946600000001],[-78.209045,40.367077999999964],[-78.203993,40.37507499999994],[-78.197093,40.383094999999955],[-78.186282,40.39987699999996],[-78.177947,40.40864299999994],[-78.15688100000001,40.43638200000003],[-78.141639,40.46034000000003],[-78.130081,40.48199],[-78.130012,40.49294499999996],[-78.131741,40.49682200000002],[-78.133911,40.498321000000004],[-78.135633,40.49821399999996],[-78.148898,40.48762900000005],[-78.150883,40.48683399999999],[-78.153373,40.48855799999998],[-78.1539,40.49216499999997],[-78.152235,40.505280000000006],[-78.150476,40.51030199999998],[-78.14924000000002,40.52530699999997],[-78.147328,40.53325099999996],[-78.140692,40.54442300000001],[-78.139364,40.550595000000044],[-78.132745,40.561615999999994],[-78.132422,40.56449000000002],[-78.128638,40.56795300000001],[-78.132991,40.57039000000002],[-78.135701,40.56965099999998],[-78.140493,40.557647000000024],[-78.145135,40.55387400000001],[-78.14539600000002,40.548640000000034],[-78.146473,40.54744900000004],[-78.149884,40.54604500000004],[-78.149016,40.54315900000004],[-78.149706,40.54158500000003],[-78.151479,40.54071099999998],[-78.155037,40.540635999999985],[-78.158314,40.537649999999964],[-78.162981,40.53664199999997],[-78.166247,40.53140099999996],[-78.171747,40.534415],[-78.173891,40.53497600000005],[-78.176818,40.534470999999975],[-78.178501,40.536336999999975],[-78.17858,40.53803800000001],[-78.180314,40.53868],[-78.183032,40.54262600000004],[-78.185595,40.54370300000002],[-78.186963,40.54619299999995],[-78.186565,40.54770399999997],[-78.189145,40.551243000000014],[-78.19708300000002,40.55844399999999],[-78.17828,40.583785999999996],[-78.177886,40.58789500000001],[-78.179295,40.592725000000016],[-78.182891,40.595321000000034],[-78.184212,40.595294999999986],[-78.171675,40.61225699999998],[-78.169732,40.61342500000002],[-78.166371,40.61794799999994],[-78.169732,40.621024999999996],[-78.17305,40.62803],[-78.175949,40.628083],[-78.160016,40.644062000000005],[-78.132611,40.64217399999999],[-78.097485,40.62191500000001],[-78.06921,40.643369],[-78.051348,40.654140999999974],[-78.04127000000001,40.65870299999996],[-78.015527,40.668094999999994],[-77.99992400000001,40.674671000000004],[-77.982402,40.67896799999997],[-77.946596,40.690504],[-77.89431,40.71619099999997],[-77.85922,40.73081899999998],[-77.824903,40.74353400000002],[-77.768549,40.71946599999999],[-77.718677,40.72737200000004],[-77.710548,40.71456399999998],[-77.681334,40.72975799999997],[-77.676611,40.716452000000004],[-77.70093500000002,40.705189999999966],[-77.699239,40.69806500000003],[-77.700629,40.696641],[-77.700474,40.694852000000004],[-77.703066,40.692679999999996],[-77.707837,40.691451],[-77.708356,40.69048800000002],[-77.703787,40.67993599999998],[-77.694451,40.682024999999996],[-77.688825,40.68406899999999],[-77.682275,40.685121999999964],[-77.682708,40.682717000000025],[-77.68708,40.67675],[-77.710846,40.66200300000001],[-77.720737,40.657967999999975],[-77.720434,40.65457499999997],[-77.728193,40.64857300000003],[-77.735142,40.644740999999996],[-77.75162,40.63229999999996],[-77.758907,40.629588999999974],[-77.77248,40.62593199999996],[-77.799127,40.602283000000035],[-77.819114,40.58034999999998],[-77.821,40.57964000000003],[-77.82215700000002,40.57697300000002],[-77.830114,40.566902000000034],[-77.841827,40.55003500000003],[-77.81599600000001,40.49972900000002],[-77.828245,40.49155799999997],[-77.835874,40.484232],[-77.844137,40.47344700000001],[-77.870182,40.44524399999999],[-77.890123,40.427268999999995],[-77.896549,40.417547000000006],[-77.90805,40.414017999999956],[-77.9123,40.40852199999999],[-77.913844,40.39867899999999],[-77.889116,40.39896500000001],[-77.889107,40.392185000000026],[-77.887741,40.392294999999976],[-77.887717,40.39135799999998],[-77.87770100000002,40.393549999999955],[-77.873095,40.39321600000002],[-77.870289,40.392261],[-77.87003,40.39017999999996],[-77.872533,40.38556999999998],[-77.872558,40.38119599999999],[-77.865195,40.37153000000005],[-77.861203,40.36984200000003],[-77.859001,40.36638999999997],[-77.855693,40.36488499999995],[-77.851382,40.36524599999999],[-77.844643,40.36894600000001],[-77.838343,40.36902999999998],[-77.83378,40.36689099999999],[-77.82983700000001,40.36389499999994],[-77.823729,40.36143799999997],[-77.818636,40.36054199999999],[-77.814698,40.362488999999975],[-77.810393,40.36859100000002],[-77.76172,40.368732999999956],[-77.75212,40.37854500000002],[-77.705668,40.27131200000001],[-77.70303,40.26357600000004],[-77.698954,40.26577500000002],[-77.68461200000002,40.27674399999998],[-77.67586,40.284698999999996],[-77.67181,40.289885],[-77.66419500000002,40.280478999999964],[-77.665195,40.279471000000036],[-77.664275,40.278226999999966],[-77.65987100000001,40.27480499999996],[-77.656416,40.27039299999996],[-77.670921,40.25862200000003],[-77.671155,40.257568999999954],[-77.667711,40.252000999999986],[-77.665494,40.25204899999998],[-77.65276,40.25753],[-77.648164,40.25722699999998],[-77.64509,40.25514300000001],[-77.645128,40.25375400000001],[-77.64999,40.24795700000003],[-77.645402,40.238927999999994],[-77.648878,40.23331899999998],[-77.650156,40.22753799999999],[-77.647642,40.22247699999999],[-77.645884,40.22381000000005],[-77.64532500000001,40.222493999999976],[-77.643394,40.223165000000044],[-77.642831,40.21813999999999],[-77.639893,40.217677999999964],[-77.616167,40.23261600000001],[-77.612967,40.23323599999999],[-77.609171,40.23275300000005],[-77.606612,40.22971899999999],[-77.60271700000001,40.22819999999999],[-77.60488800000002,40.22492199999996],[-77.605022,40.20551299999998],[-77.627552,40.188664999999986],[-77.623052,40.18324799999996],[-77.616385,40.17247999999995],[-77.61364200000001,40.17016100000004],[-77.614303,40.16685799999998],[-77.613737,40.16386200000004],[-77.612918,40.16123400000003],[-77.61017400000001,40.15769899999999],[-77.608753,40.15330099999998],[-77.604218,40.15145000000003],[-77.60147,40.147860999999956],[-77.599016,40.14715999999998],[-77.595974,40.143576000000024],[-77.593256,40.142293],[-77.592239,40.13910899999999],[-77.592838,40.135245000000026],[-77.590077,40.133819000000024],[-77.581745,40.134106000000024],[-77.575623,40.12828299999998],[-77.568601,40.12607700000002],[-77.566497,40.12293599999997],[-77.564638,40.12173399999997],[-77.564466,40.11979099999999],[-77.562871,40.11928600000004],[-77.562621,40.11416799999999],[-77.561016,40.10835800000001],[-77.557914,40.10309699999998],[-77.561588,40.09833500000002],[-77.560511,40.094356],[-77.559311,40.093933999999955],[-77.553883,40.095882999999986],[-77.550847,40.09321500000004],[-77.550126,40.09103499999996],[-77.548097,40.09013000000003],[-77.54514100000002,40.09048999999998],[-77.542955,40.089597000000005],[-77.543084,40.087195],[-77.546925,40.08631199999998],[-77.542448,40.083844000000006],[-77.543686,40.08228800000003],[-77.540885,40.07987499999998],[-77.5457,40.07817099999995],[-77.540285,40.07676500000002],[-77.542315,40.07488500000002],[-77.540516,40.07488500000002],[-77.53990200000001,40.07408999999995],[-77.541948,40.06984299999999],[-77.535652,40.070659000000035],[-77.532265,40.06716900000003],[-77.533351,40.06592299999999],[-77.53297400000001,40.062831],[-77.531572,40.061184999999995],[-77.531794,40.06010100000003],[-77.530495,40.05923199999999],[-77.532505,40.048738999999976],[-77.527805,40.04729199999998],[-77.526271,40.04568000000002],[-77.521992,40.04658200000001],[-77.518514,40.045624999999994],[-77.517171,40.04444599999998],[-77.51914700000002,40.04244500000004],[-77.519367,40.03934000000002],[-77.515114,40.034570000000045],[-77.512472,40.033767999999995],[-77.50782,40.02896800000003],[-77.50920800000002,40.024933999999995],[-77.500114,40.01344599999994],[-77.499626,40.01013300000004],[-77.495403,40.00514499999999],[-77.489232,40.001333000000024],[-77.484331,39.995584],[-77.480021,39.99231199999999],[-77.47831300000001,39.99164099999996],[-77.47439200000001,39.991936999999965],[-77.470972,39.98684500000004],[-77.465783,39.984436000000024],[-77.461654,39.976830999999976],[-77.454109,39.97243199999998],[-77.470967,39.94427399999994],[-77.49012100000002,39.955605999999996],[-77.494029,39.95718400000004],[-77.499675,39.96178999999999],[-77.503866,39.967432],[-77.510735,39.96964200000001],[-77.51508,39.96981299999997],[-77.522033,39.97466300000001],[-77.524587,39.97489900000002],[-77.52637,39.977194000000004],[-77.53177,39.98124100000008],[-77.53801300000002,39.981616],[-77.58581800000002,40.00999699999998],[-77.619307,40.03491999999996],[-77.687935,39.969331000000025],[-77.718456,39.98481500000002],[-77.787935,40.016213],[-77.802126,40.005308000000035],[-77.806894,39.999525999999975],[-77.811177,39.996127999999985],[-77.813557,39.991595999999966],[-77.819015,39.98549899999994],[-77.821989,39.98314700000003],[-77.775989,39.965199000000005],[-77.763249,39.96356499999996],[-77.754596,39.959819],[-77.752981,39.957575000000006],[-77.746832,39.95254000000002],[-77.743635,39.95309000000005],[-77.738484,39.949699999999964],[-77.74179,39.948857000000004],[-77.739301,39.946143000000006],[-77.739649,39.94392600000003],[-77.732356,39.93664900000004],[-77.73414000000001,39.936051],[-77.735064,39.934319999999964],[-77.734539,39.93281899999995],[-77.738151,39.929192],[-77.736748,39.92326200000004],[-77.739129,39.91968100000004],[-77.740725,39.92007699999998],[-77.74284,39.91913700000003],[-77.743009,39.917061],[-77.740415,39.91182699999994],[-77.740823,39.90840600000003],[-77.742065,39.90587400000002],[-77.745192,39.90504300000003],[-77.746334,39.903157000000014],[-77.745232,39.89753200000001],[-77.741789,39.895291999999976],[-77.741697,39.89292],[-77.73962800000001,39.88921400000003],[-77.74030700000002,39.88671999999993],[-77.743699,39.88027599999998],[-77.745227,39.87913000000004],[-77.74668,39.879549000000026],[-77.748477,39.87789699999998],[-77.750345,39.87400499999997],[-77.753557,39.873587999999955],[-77.756594,39.87025300000001],[-77.755625,39.85817500000003],[-77.749306,39.856124000000015],[-77.749065,39.85020699999997],[-77.75112,39.848097000000074],[-77.753253,39.848210999999985],[-77.754932,39.849770999999976],[-77.756487,39.84951800000001],[-77.757754,39.85090399999997],[-77.759752,39.84989099999997],[-77.764166,39.85097499999997],[-77.77545,39.84810099999999],[-77.783973,39.84801399999998],[-77.790937,39.84677500000006],[-77.794974,39.8474],[-77.798934,39.846698000000046],[-77.80079,39.847350999999996],[-77.814853,39.86567299999999],[-77.853836,39.903365000000015],[-77.861953,39.917275],[-77.885394,39.946404000000015],[-77.91486,39.94371500000003],[-77.922899,39.941237],[-77.944045,39.94059599999998],[-77.937789,39.948943999999976],[-77.936553,39.961123999999984],[-77.935027,39.96239400000002],[-77.93384500000002,39.96541499999999],[-77.932411,39.97239300000002],[-77.929985,39.97378899999999],[-77.929985,39.97497899999999],[-77.926589,39.97919000000004],[-77.924529,39.984966],[-77.921508,39.988246000000004],[-77.919792,39.99265200000001],[-77.921236,39.998285],[-77.919502,40.00341700000003],[-77.914329,40.01030300000004],[-77.905632,40.018725999999965],[-77.904105,40.023571000000004],[-77.9001,40.02793800000003],[-77.893592,40.033091999999975],[-77.883793,40.048307999999984],[-77.876655,40.054661],[-77.873773,40.05584100000003],[-77.867991,40.06022500000001],[-77.864489,40.061568],[-77.92556,40.10397700000002],[-77.925905,40.10191100000002],[-78.029525,40.12274100000001],[-78.078491,40.13326999999999],[-78.134863,40.16513100000002],[-78.236302,40.224559000000006],[-78.25694,40.29813099999996]]]}},{"type":"Feature","properties":{"district":"68","population":64128,"landAreaSqMi":1713.0,"topMunicipalities":[{"name":"Charleston","classCode":"second_class_township","populationShare":0.05513972131814836},{"name":"Wellsboro","classCode":"borough","populationShare":0.053720684372460616},{"name":"Mansfield","classCode":"borough","populationShare":0.046999751146181844},{"name":"Delmar","classCode":"second_class_township","populationShare":0.04370945668969727},{"name":"Ridgebury","classCode":"second_class_township","populationShare":0.03333957131736451}],"topCounties":[{"name":"Tioga","geoid":"42117","populationShare":0.6405626335709543},{"name":"Bradford","geoid":"42015","populationShare":0.3594373664290456}],"classShares":{"borough":0.27856786810729656,"second_class_township":0.7214321318927034},"medianIncome":62990,"medianHomeValue":176826,"rentBurdenedPct":35.0,"ownerBurdenedPct":18.6,"permitsPer1kPerYear":1.0,"permits5yrTotal":333,"popChange2020to2024Pct":-0.6,"parentSenateDistricts":[{"district":"23","overlapShareOfHD":0.9999999999999989,"areaShareOfSD":0.39872278607943074}]},"geometry":{"type":"Polygon","coordinates":[[[-77.610027,41.99936799999998],[-77.475769,42.00014900000001],[-77.161419,41.999604999999995],[-76.828977,42.002018],[-76.63810900000001,42.000721999999975],[-76.633706,41.906947],[-76.554838,41.90916200000002],[-76.556052,41.89143099999997],[-76.548672,41.79453699999999],[-76.520683,41.79554200000001],[-76.494186,41.80951600000003],[-76.489434,41.806688999999984],[-76.484128,41.80495499999998],[-76.48045400000001,41.80569199999997],[-76.475336,41.80504199999997],[-76.471492,41.80345500000001],[-76.469438,41.80103399999995],[-76.467318,41.800225],[-76.460562,41.80090700000001],[-76.45528300000001,41.799692000000015],[-76.449301,41.79708800000003],[-76.444766,41.79390999999998],[-76.440039,41.786544000000006],[-76.438837,41.78199000000001],[-76.438953,41.780083999999995],[-76.440739,41.77721299999998],[-76.441235,41.78188000000003],[-76.442804,41.78575399999997],[-76.455877,41.779011000000004],[-76.453858,41.77696499999999],[-76.455927,41.775868000000024],[-76.453627,41.77335200000002],[-76.45306700000002,41.75661699999998],[-76.450948,41.75752000000001],[-76.441113,41.75780899999996],[-76.441584,41.76558699999998],[-76.440732,41.766113999999995],[-76.432606,41.75318499999999],[-76.42876300000002,41.749633000000024],[-76.423481,41.74819999999999],[-76.403401,41.68095500000001],[-76.493444,41.60416599999999],[-76.469545,41.56150100000001],[-76.792686,41.58782100000003],[-76.874714,41.596918999999986],[-76.877943,41.59256400000002],[-76.877276,41.59219299999995],[-76.87833100000002,41.59054600000001],[-76.882886,41.58837500000001],[-76.887048,41.586860000000044],[-76.890768,41.58676499999995],[-76.89423700000002,41.585639],[-76.89657,41.585944000000005],[-76.898343,41.584427],[-76.907547,41.582269000000025],[-76.908432,41.58146300000002],[-76.913121,41.581644],[-76.917321,41.58273999999999],[-76.919551,41.58104900000001],[-76.922576,41.580813],[-76.92657,41.571091000000045],[-76.932962,41.56899199999999],[-76.940673,41.56953500000004],[-76.947162,41.568148],[-76.952951,41.564600000000006],[-76.958702,41.55824100000003],[-76.961375,41.557947],[-76.963046,41.55626800000001],[-76.963058,41.554562999999995],[-76.959993,41.55402999999996],[-76.960315,41.551379],[-77.117183,41.547134],[-77.284989,41.54411799999997],[-77.400096,41.54403100000002],[-77.599278,41.54227099999994],[-77.610027,41.99936799999998]]]}},{"type":"Feature","properties":{"district":"71","population":62423,"landAreaSqMi":425.6,"topMunicipalities":[{"name":"Richland","classCode":"second_class_township","populationShare":0.19419864966566106},{"name":"Adams","classCode":"second_class_township","populationShare":0.09140667476312854},{"name":"Windber","classCode":"borough","populationShare":0.06249290186544326},{"name":"Portage","classCode":"second_class_township","populationShare":0.054739360593237536},{"name":"Paint","classCode":"second_class_township","populationShare":0.04850769209140284}],"topCounties":[{"name":"Cambria","geoid":"42021","populationShare":0.8651300331183883},{"name":"Somerset","geoid":"42111","populationShare":0.1348699668816117}],"classShares":{"borough":0.31556129131657135,"first_class_township":0.04352989749407383,"second_class_township":0.6409088111893549},"medianIncome":64231,"medianHomeValue":141715,"rentBurdenedPct":39.9,"ownerBurdenedPct":14.0,"permitsPer1kPerYear":0.8,"permits5yrTotal":237,"popChange2020to2024Pct":-2.3,"parentSenateDistricts":[{"district":"35","overlapShareOfHD":0.8381272936355885,"areaShareOfSD":0.1657630673860227},{"district":"32","overlapShareOfHD":0.16187270636440518,"areaShareOfSD":0.02398768557166538}]},"geometry":{"type":"Polygon","coordinates":[[[-78.929783,40.29159200000004],[-78.92847,40.29386100000003],[-78.928451,40.293038000000045],[-78.921073,40.29152700000002],[-78.920426,40.295587000000005],[-78.917362,40.29217000000001],[-78.912253,40.289926999999956],[-78.91193300000002,40.290440999999916],[-78.910507,40.28970200000006],[-78.908274,40.29220400000003],[-78.906224,40.291389],[-78.904948,40.29345300000002],[-78.898824,40.29221399999998],[-78.891412,40.29174499999999],[-78.889705,40.297236999999974],[-78.891068,40.29846000000003],[-78.889821,40.29935099999999],[-78.893346,40.30166899999996],[-78.900092,40.299410000000016],[-78.900425,40.300537],[-78.901883,40.30104399999996],[-78.902275,40.30491800000002],[-78.899345,40.30886599999998],[-78.897049,40.30634500000001],[-78.89762,40.30596099999999],[-78.894264,40.304222000000024],[-78.888233,40.309196],[-78.882739,40.31068400000003],[-78.882381,40.313101999999986],[-78.895943,40.31312500000002],[-78.898619,40.31512899999998],[-78.89599500000001,40.32073700000001],[-78.876613,40.318931],[-78.858989,40.31235500000003],[-78.800901,40.361937],[-78.798774,40.36685],[-78.786093,40.37040399999996],[-78.785204,40.37050199999999],[-78.783874,40.368310000000044],[-78.787545,40.367312999999946],[-78.786881,40.363877999999985],[-78.784163,40.360674],[-78.784314,40.358746000000046],[-78.782443,40.35545800000003],[-78.785675,40.35251300000002],[-78.78652,40.34958999999997],[-78.78560100000001,40.34885899999997],[-78.777158,40.34946600000001],[-78.775165,40.348409999999994],[-78.774372,40.34642700000003],[-78.77563,40.34421599999998],[-78.770791,40.340277],[-78.77037,40.33848500000001],[-78.767033,40.33504000000001],[-78.763001,40.33325899999995],[-78.753794,40.33388700000001],[-78.745241,40.33095899999997],[-78.741732,40.32806200000001],[-78.737821,40.326005000000045],[-78.736494,40.32603300000005],[-78.732447,40.32350399999999],[-78.73109700000002,40.32113799999997],[-78.72741,40.31860900000001],[-78.718388,40.320055000000046],[-78.714173,40.32350899999999],[-78.710919,40.32413200000003],[-78.715108,40.33728100000002],[-78.751801,40.41700699999998],[-78.751806,40.42284400000002],[-78.725055,40.42838699999999],[-78.710427,40.42495500000002],[-78.703331,40.43260400000006],[-78.697426,40.433458],[-78.684304,40.47320699999996],[-78.67538,40.48346699999996],[-78.674739,40.485207],[-78.675296,40.49752900000004],[-78.673374,40.505204],[-78.684323,40.51172],[-78.684232,40.51498],[-78.685446,40.51839200000001],[-78.6835,40.521625999999955],[-78.678539,40.52566700000003],[-78.67774600000001,40.52758899999996],[-78.678177,40.53179899999997],[-78.679153,40.53248300000004],[-78.678592,40.53582599999999],[-78.674328,40.54467500000002],[-78.673578,40.548854999999996],[-78.670519,40.54969299999998],[-78.669993,40.55094],[-78.668435,40.55102400000001],[-78.669293,40.552250000000015],[-78.66814800000002,40.552462999999996],[-78.669347,40.553590999999955],[-78.667943,40.55443000000004],[-78.669142,40.55492599999999],[-78.668341,40.55561299999999],[-78.668811,40.556188],[-78.667707,40.556472999999976],[-78.668006,40.55780799999998],[-78.666718,40.559023],[-78.661961,40.55959700000005],[-78.661139,40.558382999999985],[-78.659985,40.55926600000001],[-78.660277,40.55999099999999],[-78.6587,40.560804],[-78.657828,40.560423999999955],[-78.657472,40.56135599999999],[-78.656107,40.56125199999998],[-78.654991,40.56476000000002],[-78.651667,40.56552699999999],[-78.650137,40.566846000000005],[-78.650818,40.56715699999998],[-78.649862,40.56812000000002],[-78.650535,40.569061999999974],[-78.649319,40.569239999999944],[-78.649846,40.57084900000001],[-78.648056,40.57097699999999],[-78.647345,40.57298299999999],[-78.648075,40.57473900000001],[-78.646057,40.57582900000003],[-78.646993,40.57707800000001],[-78.644499,40.578361],[-78.645664,40.58006],[-78.646765,40.58029099999997],[-78.646652,40.58105699999999],[-78.648483,40.58202300000004],[-78.647655,40.583048999999995],[-78.648018,40.58399600000001],[-78.64889600000001,40.583613000000014],[-78.649067,40.584879],[-78.648937,40.58634299999997],[-78.647436,40.586816999999996],[-78.647626,40.58799100000003],[-78.644419,40.589062000000006],[-78.646468,40.58959200000001],[-78.64835,40.59136599999999],[-78.647902,40.59328399999995],[-78.649038,40.594366999999984],[-78.65134200000001,40.594583999999955],[-78.65027,40.59559999999997],[-78.652673,40.59836200000002],[-78.649567,40.60022599999999],[-78.6483,40.599178999999964],[-78.646561,40.60090000000002],[-78.645418,40.60064100000002],[-78.643732,40.601458000000044],[-78.643709,40.60212099999998],[-78.64215600000001,40.601611999999975],[-78.641746,40.602405],[-78.64283,40.60335499999998],[-78.641587,40.60284700000004],[-78.640971,40.603757],[-78.642374,40.60382899999998],[-78.642328,40.604707000000005],[-78.643654,40.60451400000003],[-78.645041,40.606657000000006],[-78.646822,40.60724200000003],[-78.649117,40.60629499999996],[-78.650304,40.60655500000004],[-78.648689,40.61089900000001],[-78.651494,40.61146100000004],[-78.653374,40.61456900000002],[-78.652705,40.616196999999985],[-78.65063600000002,40.61663299999996],[-78.65103900000001,40.61767300000002],[-78.650088,40.618681000000024],[-78.646519,40.619805999999976],[-78.646109,40.62401899999994],[-78.648656,40.62345200000001],[-78.648399,40.62745300000002],[-78.644081,40.627478999999994],[-78.643959,40.63284199999999],[-78.640538,40.63280099999995],[-78.640465,40.63333299999997],[-78.637075,40.633729000000045],[-78.637383,40.635058999999984],[-78.640347,40.63500799999997],[-78.640284,40.63810200000005],[-78.635389,40.638132999999954],[-78.635233,40.63861099999998],[-78.639459,40.64061400000001],[-78.638663,40.641492999999976],[-78.63944,40.64176199999994],[-78.64210900000002,40.64150299999999],[-78.642877,40.640355000000035],[-78.643784,40.640999000000015],[-78.644243,40.639688999999976],[-78.64917,40.63905],[-78.650711,40.63984299999999],[-78.65160400000002,40.64149299999999],[-78.650906,40.64368099999998],[-78.652743,40.64476799999999],[-78.657949,40.64367599999998],[-78.659851,40.64372600000001],[-78.660638,40.64451599999999],[-78.660348,40.64702499999996],[-78.661523,40.648268],[-78.66096200000001,40.65155700000002],[-78.66401,40.658004000000005],[-78.66447,40.66197800000002],[-78.66370600000002,40.66443900000002],[-78.664638,40.66562800000006],[-78.663453,40.667157999999965],[-78.664667,40.67122899999994],[-78.666754,40.674021999999994],[-78.66754800000001,40.67753599999997],[-78.668763,40.67827399999999],[-78.670396,40.68357300000006],[-78.673667,40.68554500000004],[-78.672893,40.68664400000002],[-78.673874,40.68851899999999],[-78.672331,40.68973499999998],[-78.672248,40.69275300000005],[-78.671203,40.69436800000001],[-78.672121,40.69826899999996],[-78.675754,40.698765],[-78.676224,40.69976800000002],[-78.681109,40.70288099999998],[-78.679089,40.70703600000001],[-78.67964,40.710918],[-78.681307,40.713829000000054],[-78.6838,40.71456499999992],[-78.6859,40.71664500000004],[-78.68707700000002,40.715783999999985],[-78.690891,40.716728],[-78.691105,40.71848900000003],[-78.688708,40.722884],[-78.690711,40.723187],[-78.6913,40.72432099999998],[-78.635582,40.723065999999974],[-78.569023,40.72564200000003],[-78.52982800000001,40.72591900000001],[-78.402899,40.72523899999997],[-78.348668,40.723442999999996],[-78.408504,40.644333000000024],[-78.416558,40.645174999999995],[-78.41927,40.64676099999996],[-78.421471,40.64661499999996],[-78.42367300000001,40.647535999999945],[-78.428465,40.64673999999997],[-78.432334,40.647756000000044],[-78.43693300000001,40.646660999999995],[-78.43966,40.644806],[-78.442156,40.641191999999975],[-78.440167,40.63876099999999],[-78.441013,40.63159800000002],[-78.446323,40.62416400000005],[-78.441208,40.59723900000001],[-78.449344,40.590297999999954],[-78.45385,40.58124900000001],[-78.479051,40.54730700000006],[-78.486124,40.54083799999999],[-78.493917,40.540397999999996],[-78.497561,40.539162999999974],[-78.511851,40.531438999999956],[-78.51821100000001,40.52880199999998],[-78.522663,40.52325800000001],[-78.530384,40.51914400000001],[-78.539819,40.50629299999998],[-78.541323,40.497559999999986],[-78.544715,40.486681999999995],[-78.544363,40.482906],[-78.541073,40.47782799999997],[-78.540491,40.47499800000002],[-78.542538,40.46838800000003],[-78.544358,40.465544999999985],[-78.548463,40.46185400000001],[-78.557721,40.441563000000016],[-78.552889,40.434783000000024],[-78.561466,40.36967],[-78.602236,40.35362899999998],[-78.608878,40.34348999999998],[-78.61594100000002,40.33013099999993],[-78.619477,40.325729000000045],[-78.62522100000001,40.314301999999955],[-78.636404,40.30550600000003],[-78.642707,40.28307100000001],[-78.651743,40.281524000000026],[-78.643816,40.25913999999998],[-78.658305,40.243235],[-78.66141000000002,40.231104000000016],[-78.676956,40.21120699999999],[-78.706306,40.14478400000001],[-78.749061,40.16903300000005],[-78.750218,40.167336],[-78.752193,40.167407999999966],[-78.75436000000002,40.16878799999998],[-78.75687800000001,40.16925500000002],[-78.75841,40.169113999999965],[-78.760157,40.16772000000003],[-78.765223,40.16792000000004],[-78.768404,40.16265599999997],[-78.767031,40.16156299999995],[-78.772136,40.15520799999997],[-78.774061,40.155350999999996],[-78.776192,40.15663700000002],[-78.777874,40.156214999999996],[-78.780393,40.15444199999998],[-78.781268,40.15093799999997],[-78.783493,40.14698199999998],[-78.784673,40.14697599999999],[-78.785547,40.145277],[-78.789507,40.143724],[-78.793783,40.14365699999999],[-78.798023,40.145516],[-78.800665,40.145736],[-78.80079,40.14717800000001],[-78.802564,40.147286999999984],[-78.804891,40.148675999999995],[-78.811146,40.14954999999997],[-78.818188,40.148299999999956],[-78.818537,40.14940400000001],[-78.826042,40.15323399999999],[-78.830063,40.154054000000045],[-78.827415,40.15878299999999],[-78.828432,40.16090699999999],[-78.83113400000002,40.16288099999999],[-78.832941,40.16693799999998],[-78.836488,40.16720200000001],[-78.838013,40.164751999999986],[-78.839826,40.16360099999995],[-78.844411,40.16315900000002],[-78.847098,40.16551199999998],[-78.848495,40.17160599999997],[-78.851663,40.173466000000005],[-78.852752,40.176033000000025],[-78.854738,40.177069],[-78.863333,40.170716],[-78.879244,40.172579999999975],[-78.898637,40.168886],[-78.908211,40.17168699999999],[-78.906154,40.175836999999994],[-78.90795100000001,40.17917599999998],[-78.908785,40.18516700000001],[-78.910909,40.18788399999999],[-78.912333,40.191949999999984],[-78.918701,40.19501800000002],[-78.923881,40.19542100000002],[-78.92817,40.196632000000015],[-78.92168000000001,40.209973999999995],[-78.91663100000001,40.208501000000005],[-78.91178,40.208312],[-78.910433,40.208983999999994],[-78.908393,40.21219299999998],[-78.904723,40.21236900000003],[-78.901283,40.214943999999974],[-78.898028,40.216148],[-78.895897,40.21985500000001],[-78.896248,40.221032999999984],[-78.904478,40.22139400000001],[-78.906109,40.223265999999995],[-78.904086,40.22790600000004],[-78.902109,40.227706999999974],[-78.899961,40.22631499999998],[-78.898253,40.226959],[-78.896573,40.23073900000001],[-78.892593,40.23574300000004],[-78.893407,40.23926300000002],[-78.89174300000002,40.24250199999998],[-78.889518,40.242016],[-78.887107,40.23848999999997],[-78.885085,40.237832999999966],[-78.88256700000001,40.237892999999964],[-78.881017,40.23999300000001],[-78.882471,40.242808999999994],[-78.891056,40.249996],[-78.894019,40.261061999999995],[-78.89718,40.26353400000005],[-78.894403,40.26848900000003],[-78.89623,40.27158800000003],[-78.903374,40.27516999999995],[-78.922491,40.27786599999997],[-78.92563100000001,40.278973999999984],[-78.927693,40.28308600000001],[-78.92657900000002,40.28550099999997],[-78.924399,40.28681600000005],[-78.923145,40.28913900000001],[-78.923945,40.289177],[-78.924179,40.29043899999995],[-78.929783,40.29159200000004]]]}},{"type":"Feature","properties":{"district":"73","population":61300,"landAreaSqMi":875.0,"topMunicipalities":[{"name":"Lawrence","classCode":"second_class_township","populationShare":0.1217135979640353},{"name":"Clearfield","classCode":"borough","populationShare":0.09654216227733023},{"name":"Woodward","classCode":"second_class_township","populationShare":0.06562844184550547},{"name":"Decatur","classCode":"second_class_township","populationShare":0.058793165401740344},{"name":"Northern Cambria","classCode":"borough","populationShare":0.057341280906525134}],"topCounties":[{"name":"Clearfield","geoid":"42033","populationShare":0.7598739301923024},{"name":"Cambria","geoid":"42021","populationShare":0.24012606980769757}],"classShares":{"borough":0.3005662473821594,"second_class_township":0.6994337526178406},"medianIncome":58232,"medianHomeValue":118383,"rentBurdenedPct":33.6,"ownerBurdenedPct":16.9,"permitsPer1kPerYear":0.8,"permits5yrTotal":254,"popChange2020to2024Pct":-3.3,"parentSenateDistricts":[{"district":"35","overlapShareOfHD":1.000000000000002,"areaShareOfSD":0.40554113893248706}]},"geometry":{"type":"Polygon","coordinates":[[[-78.875341,40.575354000000026],[-78.85067100000002,40.62633599999995],[-78.808862,40.72106199999999],[-78.799226,40.71710000000004],[-78.803291,40.72881999999996],[-78.806274,40.72974200000004],[-78.806363,40.845035000000024],[-78.77854400000001,40.839147],[-78.777543,40.84005899999999],[-78.78434600000001,40.84428899999998],[-78.784648,40.845846],[-78.741112,40.84611300000001],[-78.74106,40.84492100000002],[-78.736085,40.84492400000002],[-78.730891,40.84391599999995],[-78.705455,40.84376499999995],[-78.705449,40.84462899999997],[-78.695654,40.84452199999997],[-78.695648,40.839142999999986],[-78.705583,40.83907300000003],[-78.705674,40.83361199999998],[-78.715917,40.83359100000001],[-78.715843,40.816995999999996],[-78.714452,40.81700999999999],[-78.71438500000001,40.813169],[-78.705884,40.813279],[-78.705716,40.807716000000006],[-78.688484,40.80777299999999],[-78.688523,40.813208],[-78.67837600000001,40.81309399999999],[-78.678483,40.814585000000015],[-78.680541,40.816151999999974],[-78.682151,40.81541699999998],[-78.682966,40.816903999999994],[-78.68465700000002,40.81584699999999],[-78.68925200000001,40.81716900000001],[-78.689995,40.81851799999996],[-78.689522,40.820565000000016],[-78.695632,40.82055700000003],[-78.695642,40.82684499999997],[-78.694398,40.82685599999996],[-78.694449,40.82916099999999],[-78.691162,40.829140000000024],[-78.689242,40.82800900000004],[-78.68886400000001,40.829076],[-78.687929,40.828972],[-78.687864,40.82792800000002],[-78.675299,40.82776099999995],[-78.675346,40.83106099999998],[-78.664975,40.822731000000005],[-78.660728,40.82580900000002],[-78.646325,40.815001999999986],[-78.622118,40.83087899999995],[-78.634713,40.84262900000003],[-78.623842,40.850138000000015],[-78.617494,40.844933000000005],[-78.609503,40.850067999999986],[-78.615788,40.85560400000004],[-78.592267,40.870658],[-78.58654,40.865868000000006],[-78.58044,40.86999299999997],[-78.579556,40.869158000000006],[-78.573477,40.872959000000016],[-78.572221,40.871637999999976],[-78.568966,40.87272299999999],[-78.563744,40.872486000000045],[-78.559675,40.870638999999976],[-78.551301,40.876014000000005],[-78.552682,40.877285999999955],[-78.552242,40.87771500000001],[-78.564155,40.88842000000006],[-78.55687,40.89338799999999],[-78.556579,40.89632199999996],[-78.550526,40.895285000000015],[-78.547243,40.89432899999996],[-78.547092,40.89373000000002],[-78.542224,40.89358699999999],[-78.540173,40.89402600000001],[-78.53958,40.89566600000001],[-78.531792,40.89410399999996],[-78.526347,40.895018999999984],[-78.522602,40.89731700000004],[-78.515235,40.89670899999999],[-78.512586,40.89823399999996],[-78.511894,40.899840999999995],[-78.514194,40.90157999999998],[-78.515976,40.90194499999997],[-78.516066,40.90260900000001],[-78.514271,40.90420299999999],[-78.513489,40.906948999999976],[-78.512636,40.906686000000015],[-78.512535,40.907671999999984],[-78.51159,40.90738199999999],[-78.510429,40.90951199999996],[-78.507514,40.91002200000001],[-78.506994,40.911867999999984],[-78.505464,40.912743999999975],[-78.50568600000001,40.914809999999996],[-78.504169,40.915052],[-78.504273,40.91624300000001],[-78.502017,40.91665399999996],[-78.501489,40.91749899999997],[-78.49304000000001,40.918039000000036],[-78.488865,40.917747000000006],[-78.486802,40.91499400000002],[-78.48503100000002,40.91498199999997],[-78.48423900000002,40.91573299999999],[-78.48401800000002,40.91804199999998],[-78.484843,40.91927900000004],[-78.483221,40.92369200000003],[-78.503241,40.947596000000054],[-78.501148,40.947169],[-78.491618,40.95160599999999],[-78.49045,40.96576999999998],[-78.488678,40.96935799999995],[-78.490448,40.97386199999993],[-78.494066,40.978369999999934],[-78.495575,40.981987000000025],[-78.494047,40.98425499999996],[-78.48969,40.98461500000004],[-78.489799,41.02171900000002],[-78.495193,41.02245599999996],[-78.499905,41.025717000000014],[-78.500181,41.033291000000006],[-78.497482,41.033393999999994],[-78.49749,41.04422000000001],[-78.497352,41.045675],[-78.496181,41.04571300000001],[-78.49599,41.05275600000006],[-78.583488,41.05276799999996],[-78.580049,41.107885],[-78.579215,41.13703899999997],[-78.56937,41.13723499999998],[-78.569508,41.148551000000026],[-78.485207,41.147974999999974],[-78.484712,41.24393999999997],[-78.236817,41.230474999999956],[-78.093381,41.21693100000001],[-78.061007,41.174538999999974],[-78.03817100000002,41.15360299999999],[-78.039738,41.152579],[-78.04344,41.146508],[-78.052733,41.14531699999997],[-78.054206,41.14266499999999],[-78.054836,41.134176999999966],[-78.056026,41.13199499999999],[-78.05884400000001,41.13090900000004],[-78.066996,41.13242599999997],[-78.06974500000001,41.131273],[-78.070432,41.128980999999996],[-78.068659,41.124308000000006],[-78.070417,41.12187799999996],[-78.073732,41.12205499999998],[-78.077672,41.12516699999998],[-78.082989,41.12630500000001],[-78.08593,41.12445900000002],[-78.086883,41.118261000000004],[-78.089202,41.11603800000006],[-78.091412,41.11553999999998],[-78.093165,41.11598899999995],[-78.09540000000001,41.12036999999998],[-78.100345,41.12178300000002],[-78.103273,41.121201999999975],[-78.108702,41.11764500000003],[-78.11225,41.113639999999954],[-78.111695,41.11106099999997],[-78.107614,41.10551000000001],[-78.10053100000002,41.09011399999999],[-78.092671,41.07956200000001],[-78.093733,41.075832999999975],[-78.097184,41.07234899999999],[-78.095092,41.07063700000007],[-78.092192,41.070413999999985],[-78.085098,41.068113999999966],[-78.088795,41.06342700000003],[-78.090545,41.05990399999998],[-78.09036,41.058171],[-78.08895,41.05725300000003],[-78.085629,41.05726999999997],[-78.076091,41.05986399999999],[-78.073367,41.057409],[-78.072849,41.05192200000006],[-78.071396,41.04991799999997],[-78.068203,41.04995899999998],[-78.062363,41.05322999999999],[-78.061055,41.05301099999999],[-78.05937,41.051173999999975],[-78.06408,41.04591299999999],[-78.062621,41.043360000000014],[-78.057258,41.039350999999996],[-78.057719,41.03692500000001],[-78.06562,41.03578000000002],[-78.06984800000001,41.032585000000005],[-78.07468900000002,41.034296999999945],[-78.078302,41.03406399999999],[-78.080312,41.03065500000006],[-78.077308,41.02660100000001],[-78.073308,41.02704999999996],[-78.071255,41.02658199999996],[-78.070747,41.02459699999999],[-78.074304,41.02385600000001],[-78.075599,41.02218499999995],[-78.072127,41.02033599999995],[-78.069475,41.02035899999999],[-78.067889,41.019484],[-78.0697,41.01616499999998],[-78.069383,41.01349500000003],[-78.06741200000002,41.01277100000004],[-78.062002,41.01327099999999],[-78.060347,41.01241000000004],[-78.055956,41.008273000000045],[-78.055705,41.00486000000002],[-78.05827100000002,41.003654999999966],[-78.062773,41.004788999999995],[-78.064831,41.00388799999999],[-78.065092,41.00095200000005],[-78.061413,40.99717099999998],[-78.061923,40.995219],[-78.064446,40.995316000000024],[-78.06737,40.99782899999999],[-78.0745,40.99364499999999],[-78.079955,40.99317500000001],[-78.083802,40.99445800000001],[-78.086566,40.99420499999998],[-78.086863,40.99276899999996],[-78.083753,40.989443000000016],[-78.081835,40.98541400000001],[-78.082089,40.98418499999999],[-78.08476,40.98063700000003],[-78.090522,40.980880999999975],[-78.090788,40.979695999999954],[-78.088674,40.97608499999998],[-78.091684,40.97285299999995],[-78.094469,40.97410999999998],[-78.096779,40.97303999999996],[-78.092975,40.970153999999965],[-78.088147,40.97032099999999],[-78.085252,40.96904799999999],[-78.08338,40.965708000000035],[-78.078504,40.960451],[-78.07774000000002,40.958824],[-78.078105,40.95644700000002],[-78.081124,40.95512300000001],[-78.090511,40.95415700000005],[-78.094062,40.950586999999985],[-78.096433,40.95058200000002],[-78.099263,40.951589],[-78.104101,40.949525],[-78.108953,40.950455],[-78.109828,40.94993299999995],[-78.111334,40.945124000000014],[-78.120269,40.94192999999999],[-78.122459,40.94344000000002],[-78.120501,40.945917999999956],[-78.121482,40.947129],[-78.12703400000001,40.945681000000015],[-78.13155,40.94569100000001],[-78.133862,40.94674100000003],[-78.133558,40.94835800000003],[-78.131301,40.94956700000001],[-78.130621,40.951340999999985],[-78.131599,40.95283699999999],[-78.135356,40.95396500000001],[-78.136376,40.956020999999964],[-78.132475,40.958863000000065],[-78.129913,40.96219100000001],[-78.131969,40.965906],[-78.133693,40.96704199999996],[-78.136299,40.96628300000001],[-78.135878,40.962966000000016],[-78.139648,40.95710200000004],[-78.140479,40.95024200000003],[-78.144284,40.94858800000002],[-78.14687200000002,40.948749],[-78.147764,40.94971199999999],[-78.146853,40.95658599999995],[-78.151604,40.95736600000001],[-78.154787,40.959481000000004],[-78.159395,40.961154999999955],[-78.165765,40.96159099999999],[-78.168462,40.96053400000001],[-78.169635,40.95560099999998],[-78.169254,40.95322100000001],[-78.167655,40.95193099999999],[-78.162724,40.95468300000001],[-78.159487,40.954260999999974],[-78.159412,40.950366000000024],[-78.155638,40.94277699999995],[-78.15581,40.94143699999996],[-78.162454,40.94206900000003],[-78.164555,40.94094299999998],[-78.163213,40.939485],[-78.166461,40.93668600000002],[-78.168526,40.93624900000003],[-78.170607,40.93691600000003],[-78.171873,40.93637700000001],[-78.171526,40.932321000000044],[-78.175005,40.931966000000024],[-78.177202,40.930209000000005],[-78.179133,40.92817900000001],[-78.177685,40.927820000000004],[-78.179875,40.92355900000001],[-78.181655,40.92230999999999],[-78.18332,40.922715000000004],[-78.183548,40.921689999999984],[-78.185548,40.921695],[-78.18608300000001,40.920503000000075],[-78.190435,40.91867200000001],[-78.191661,40.91912900000001],[-78.191915,40.92055599999998],[-78.192892,40.919702],[-78.194218,40.920100999999995],[-78.194279,40.91938500000001],[-78.195985,40.91999200000006],[-78.198144,40.91767600000002],[-78.20009900000001,40.91807499999993],[-78.19990600000001,40.91681599999997],[-78.201637,40.915813000000014],[-78.204341,40.91628399999997],[-78.204857,40.91559700000004],[-78.206626,40.91688099999998],[-78.208601,40.916401000000015],[-78.210155,40.917478],[-78.211819,40.91578399999999],[-78.214837,40.914809],[-78.21480400000002,40.913362999999976],[-78.217285,40.91388799999996],[-78.221008,40.91187400000002],[-78.22160900000002,40.90987299999998],[-78.223681,40.90953299999998],[-78.225942,40.90739999999996],[-78.224207,40.906155000000005],[-78.22644,40.903549999999974],[-78.228259,40.904225],[-78.228032,40.90226799999998],[-78.22914,40.89967399999995],[-78.227729,40.89987800000003],[-78.22868,40.898900999999995],[-78.226684,40.898483000000006],[-78.227717,40.89748000000004],[-78.224701,40.89647900000006],[-78.224345,40.89487200000001],[-78.220958,40.89177699999999],[-78.22217,40.891494],[-78.220641,40.89031200000002],[-78.22100100000002,40.88901299999999],[-78.227752,40.88697900000002],[-78.228457,40.88223899999996],[-78.232938,40.878392],[-78.233063,40.880259999999964],[-78.234708,40.87925899999994],[-78.235717,40.88042400000002],[-78.242146,40.88172899999999],[-78.243306,40.88064500000001],[-78.247761,40.87955699999995],[-78.247234,40.877804000000005],[-78.249509,40.877164000000015],[-78.248846,40.87609399999997],[-78.24647500000002,40.87584399999996],[-78.244378,40.876775000000016],[-78.239429,40.87683400000008],[-78.235895,40.87489999999998],[-78.235618,40.87378499999998],[-78.237524,40.873323000000056],[-78.238235,40.87187800000004],[-78.23919,40.87275099999998],[-78.244111,40.871700000000004],[-78.246288,40.872086000000046],[-78.248975,40.869518999999976],[-78.249866,40.865457],[-78.248603,40.864632],[-78.248196,40.862311999999996],[-78.249131,40.86110099999998],[-78.24691100000001,40.858667000000054],[-78.24806900000002,40.85644],[-78.251598,40.85423500000003],[-78.253112,40.85446999999995],[-78.25486,40.85374200000001],[-78.257057,40.855476999999965],[-78.260328,40.854797000000005],[-78.262594,40.853576000000054],[-78.263566,40.85124700000003],[-78.267457,40.850148999999995],[-78.267566,40.847732999999984],[-78.270183,40.84694700000002],[-78.273937,40.848102999999995],[-78.275196,40.84992900000002],[-78.277729,40.85099299999999],[-78.280687,40.85053500000001],[-78.283942,40.85110599999999],[-78.285915,40.84972299999997],[-78.28863,40.84971400000002],[-78.289534,40.849071999999985],[-78.291372,40.84704599999997],[-78.290421,40.8427],[-78.293675,40.840891999999954],[-78.294437,40.837918999999985],[-78.298797,40.83514399999997],[-78.301089,40.83504199999999],[-78.302254,40.83411999999996],[-78.29997,40.83141599999997],[-78.30024000000002,40.826276000000014],[-78.299383,40.82456000000004],[-78.302233,40.82166200000001],[-78.305601,40.82066900000004],[-78.307801,40.81583600000002],[-78.311632,40.81389199999998],[-78.312152,40.811435999999944],[-78.314086,40.81005700000001],[-78.31319900000001,40.809053000000006],[-78.313886,40.808495999999955],[-78.320308,40.80843399999998],[-78.32231,40.80547900000001],[-78.322767,40.806172999999966],[-78.326819,40.805949000000005],[-78.329928,40.80209100000003],[-78.339324,40.798115000000024],[-78.338897,40.796740000000014],[-78.340174,40.791605000000004],[-78.343932,40.790561000000004],[-78.341871,40.78708599999997],[-78.341788,40.785054999999986],[-78.34347800000002,40.783932999999955],[-78.342514,40.78340399999994],[-78.342922,40.78266300000002],[-78.341794,40.78251699999997],[-78.34633,40.780802],[-78.345715,40.78002200000001],[-78.34638,40.77890400000003],[-78.348446,40.778376999999985],[-78.34922,40.77634299999998],[-78.351586,40.77555499999997],[-78.350836,40.77419399999997],[-78.352239,40.77226300000002],[-78.352252,40.768579],[-78.359133,40.767894999999996],[-78.360562,40.76541600000003],[-78.365436,40.76445700000002],[-78.367868,40.76099800000001],[-78.370471,40.75997499999998],[-78.37135,40.75770899999998],[-78.373423,40.75755299999997],[-78.375196,40.755674999999975],[-78.376954,40.75229299999999],[-78.373017,40.74989199999998],[-78.373098,40.74736799999995],[-78.37184,40.74652800000001],[-78.370417,40.74279799999996],[-78.368994,40.741919],[-78.368846,40.74005000000003],[-78.366422,40.73606800000003],[-78.363264,40.73317400000003],[-78.360619,40.733181000000016],[-78.348389,40.72343000000002],[-78.402899,40.72523899999997],[-78.52982800000001,40.72591900000001],[-78.569023,40.72564200000003],[-78.635582,40.723065999999974],[-78.6913,40.72432099999998],[-78.690711,40.723187],[-78.688708,40.722884],[-78.691105,40.71848900000003],[-78.690891,40.716728],[-78.68707700000002,40.715783999999985],[-78.6859,40.71664500000004],[-78.6838,40.71456499999992],[-78.681307,40.713829000000054],[-78.67964,40.710918],[-78.679089,40.70703600000001],[-78.681109,40.70288099999998],[-78.676224,40.69976800000002],[-78.675754,40.698765],[-78.672121,40.69826899999996],[-78.671203,40.69436800000001],[-78.672248,40.69275300000005],[-78.672331,40.68973499999998],[-78.673874,40.68851899999999],[-78.672893,40.68664400000002],[-78.673667,40.68554500000004],[-78.670396,40.68357300000006],[-78.668763,40.67827399999999],[-78.66754800000001,40.67753599999997],[-78.666754,40.674021999999994],[-78.664667,40.67122899999994],[-78.663453,40.667157999999965],[-78.664638,40.66562800000006],[-78.66370600000002,40.66443900000002],[-78.66447,40.66197800000002],[-78.66401,40.658004000000005],[-78.66096200000001,40.65155700000002],[-78.661523,40.648268],[-78.660348,40.64702499999996],[-78.660638,40.64451599999999],[-78.659851,40.64372600000001],[-78.657949,40.64367599999998],[-78.652743,40.64476799999999],[-78.650906,40.64368099999998],[-78.65160400000002,40.64149299999999],[-78.650711,40.63984299999999],[-78.64917,40.63905],[-78.644243,40.639688999999976],[-78.643784,40.640999000000015],[-78.642877,40.640355000000035],[-78.64210900000002,40.64150299999999],[-78.63944,40.64176199999994],[-78.638663,40.641492999999976],[-78.639459,40.64061400000001],[-78.635233,40.63861099999998],[-78.635389,40.638132999999954],[-78.640284,40.63810200000005],[-78.640347,40.63500799999997],[-78.637383,40.635058999999984],[-78.637075,40.633729000000045],[-78.640465,40.63333299999997],[-78.640538,40.63280099999995],[-78.643959,40.63284199999999],[-78.644081,40.627478999999994],[-78.648399,40.62745300000002],[-78.648656,40.62345200000001],[-78.646109,40.62401899999994],[-78.646519,40.619805999999976],[-78.650088,40.618681000000024],[-78.65103900000001,40.61767300000002],[-78.65063600000002,40.61663299999996],[-78.652705,40.616196999999985],[-78.653374,40.61456900000002],[-78.651494,40.61146100000004],[-78.648689,40.61089900000001],[-78.650304,40.60655500000004],[-78.649117,40.60629499999996],[-78.646822,40.60724200000003],[-78.645041,40.606657000000006],[-78.643654,40.60451400000003],[-78.642328,40.604707000000005],[-78.642374,40.60382899999998],[-78.640971,40.603757],[-78.641587,40.60284700000004],[-78.64283,40.60335499999998],[-78.641746,40.602405],[-78.64215600000001,40.601611999999975],[-78.643709,40.60212099999998],[-78.643732,40.601458000000044],[-78.645418,40.60064100000002],[-78.646561,40.60090000000002],[-78.6483,40.599178999999964],[-78.649567,40.60022599999999],[-78.652673,40.59836200000002],[-78.65027,40.59559999999997],[-78.65134200000001,40.594583999999955],[-78.649038,40.594366999999984],[-78.647902,40.59328399999995],[-78.64835,40.59136599999999],[-78.646468,40.58959200000001],[-78.644419,40.589062000000006],[-78.647626,40.58799100000003],[-78.647436,40.586816999999996],[-78.648937,40.58634299999997],[-78.649067,40.584879],[-78.64889600000001,40.583613000000014],[-78.648018,40.58399600000001],[-78.647655,40.583048999999995],[-78.648483,40.58202300000004],[-78.646652,40.58105699999999],[-78.646765,40.58029099999997],[-78.645664,40.58006],[-78.644499,40.578361],[-78.646993,40.57707800000001],[-78.646057,40.57582900000003],[-78.648075,40.57473900000001],[-78.647345,40.57298299999999],[-78.648056,40.57097699999999],[-78.649846,40.57084900000001],[-78.649319,40.569239999999944],[-78.650535,40.569061999999974],[-78.649862,40.56812000000002],[-78.650818,40.56715699999998],[-78.650137,40.566846000000005],[-78.651667,40.56552699999999],[-78.654991,40.56476000000002],[-78.656107,40.56125199999998],[-78.657472,40.56135599999999],[-78.657828,40.560423999999955],[-78.6587,40.560804],[-78.660277,40.55999099999999],[-78.659985,40.55926600000001],[-78.661139,40.558382999999985],[-78.661961,40.55959700000005],[-78.666718,40.559023],[-78.668006,40.55780799999998],[-78.667707,40.556472999999976],[-78.668811,40.556188],[-78.668341,40.55561299999999],[-78.669142,40.55492599999999],[-78.667943,40.55443000000004],[-78.669347,40.553590999999955],[-78.66814800000002,40.552462999999996],[-78.669293,40.552250000000015],[-78.668435,40.55102400000001],[-78.669993,40.55094],[-78.670519,40.54969299999998],[-78.673578,40.548854999999996],[-78.673697,40.54646799999996],[-78.677653,40.53675200000001],[-78.68114,40.53665199999994],[-78.687766,40.534423999999994],[-78.697744,40.53538599999996],[-78.705837,40.53805099999998],[-78.713328,40.538204999999984],[-78.716226,40.53895],[-78.751953,40.55317199999999],[-78.752496,40.55663599999998],[-78.754704,40.55883299999997],[-78.757693,40.56463700000003],[-78.761118,40.566395],[-78.764008,40.57207299999999],[-78.764972,40.57231400000002],[-78.76640600000002,40.57100299999999],[-78.769789,40.571049000000016],[-78.774117,40.56920600000003],[-78.790564,40.57451900000001],[-78.790637,40.57795199999998],[-78.797576,40.57775000000001],[-78.79976800000001,40.54473100000003],[-78.853243,40.564622000000035],[-78.85092400000002,40.567266999999966],[-78.851394,40.56850400000002],[-78.849837,40.570234],[-78.850736,40.573904],[-78.849921,40.574256],[-78.848516,40.573463000000004],[-78.848351,40.57493600000004],[-78.875341,40.575354000000026]]]}},{"type":"Feature","properties":{"district":"84","population":63547,"landAreaSqMi":1530.2,"topMunicipalities":[{"name":"Old Lycoming","classCode":"second_class_township","populationShare":0.07802099233638084},{"name":"Montoursville","classCode":"borough","populationShare":0.07413410546524622},{"name":"Jersey Shore","classCode":"borough","populationShare":0.06503847545910899},{"name":"Muncy Creek","classCode":"second_class_township","populationShare":0.05591137268478449},{"name":"Wolf","classCode":"second_class_township","populationShare":0.04873558153807416}],"topCounties":[{"name":"Lycoming","geoid":"42081","populationShare":0.9079578894361654},{"name":"Sullivan","geoid":"42113","populationShare":0.09204211056383461}],"classShares":{"borough":0.24926432404362125,"second_class_township":0.7507356759563787},"medianIncome":70605,"medianHomeValue":204169,"rentBurdenedPct":38.3,"ownerBurdenedPct":17.7,"permitsPer1kPerYear":0.9,"permits5yrTotal":299,"popChange2020to2024Pct":-0.6,"parentSenateDistricts":[{"district":"23","overlapShareOfHD":0.9999999999999977,"areaShareOfSD":0.3579827613785217}]},"geometry":{"type":"Polygon","coordinates":[[[-77.597282,41.44105599999999],[-77.599278,41.54227099999994],[-77.400096,41.54403100000002],[-77.284989,41.54411799999997],[-77.117183,41.547134],[-76.960315,41.551379],[-76.959993,41.55402999999996],[-76.963058,41.554562999999995],[-76.963046,41.55626800000001],[-76.961375,41.557947],[-76.958702,41.55824100000003],[-76.952951,41.564600000000006],[-76.947162,41.568148],[-76.940673,41.56953500000004],[-76.932962,41.56899199999999],[-76.92657,41.571091000000045],[-76.922576,41.580813],[-76.919551,41.58104900000001],[-76.917321,41.58273999999999],[-76.913121,41.581644],[-76.908432,41.58146300000002],[-76.907547,41.582269000000025],[-76.898343,41.584427],[-76.89657,41.585944000000005],[-76.89423700000002,41.585639],[-76.890768,41.58676499999995],[-76.887048,41.586860000000044],[-76.882886,41.58837500000001],[-76.87833100000002,41.59054600000001],[-76.877276,41.59219299999995],[-76.877943,41.59256400000002],[-76.874714,41.596918999999986],[-76.792686,41.58782100000003],[-76.220073,41.541277999999984],[-76.22386600000002,41.52454400000002],[-76.228131,41.51113700000002],[-76.310261,41.310198],[-76.407934,41.30841799999998],[-76.477825,41.250884999999975],[-76.499652,41.23385600000003],[-76.521652,41.21426],[-76.592607,41.15776500000001],[-76.678776,41.154171999999996],[-76.729997,41.17188099999998],[-76.790807,41.17573199999998],[-76.82816800000002,41.16577999999995],[-76.856916,41.16364100000006],[-76.870261,41.16005499999999],[-76.880963,41.15804399999999],[-76.873652,41.16413299999999],[-76.857386,41.17098799999995],[-76.82926,41.176239999999986],[-76.823619,41.17823299999999],[-76.809664,41.18678999999999],[-76.806573,41.18991100000003],[-76.803381,41.19629999999999],[-76.802707,41.204936],[-76.80448600000001,41.20986200000002],[-76.810788,41.22005399999994],[-76.819252,41.227647000000005],[-76.824307,41.22928300000001],[-76.826511,41.22917199999999],[-76.830791,41.22715200000003],[-76.838357,41.227422000000004],[-76.856571,41.23002700000001],[-76.864935,41.230118],[-76.865939,41.23189699999998],[-76.869407,41.23316599999999],[-76.883511,41.231025],[-76.90682,41.22959799999999],[-76.909806,41.23082],[-76.911841,41.23348099999996],[-76.914826,41.234531999999994],[-76.925459,41.231880999999994],[-76.932771,41.23236299999997],[-76.936956,41.231722],[-76.94094500000001,41.232900000000036],[-76.94336300000002,41.23451500000001],[-76.940004,41.23738099999997],[-76.937358,41.24125999999998],[-76.933569,41.24339500000004],[-76.93540200000001,41.24810300000003],[-76.936062,41.26132200000004],[-76.932133,41.26102399999999],[-76.929883,41.262508999999994],[-76.926584,41.26339599999998],[-76.922779,41.26632499999997],[-76.918195,41.27818299999997],[-76.914494,41.28188200000002],[-76.916135,41.286816],[-76.915029,41.294680999999976],[-76.912729,41.29661499999999],[-77.05471700000001,41.297228],[-77.05168300000001,41.29365600000002],[-77.051903,41.290728000000016],[-77.062492,41.28139799999999],[-77.063174,41.27870900000002],[-77.05153,41.26867999999999],[-77.04817700000001,41.26748299999998],[-77.043006,41.267214000000024],[-77.040695,41.264687999999964],[-77.03969,41.25721200000004],[-77.042207,41.25116599999998],[-77.046743,41.24611099999996],[-77.095058,41.24320099999997],[-77.091863,41.241546000000056],[-77.089647,41.237883999999994],[-77.093741,41.22129499999999],[-77.107972,41.22444099999995],[-77.118553,41.225957999999984],[-77.130262,41.22906600000002],[-77.136469,41.22916800000001],[-77.139397,41.228357],[-77.145758,41.224897999999996],[-77.148458,41.222478000000024],[-77.153159,41.21503900000001],[-77.158838,41.20872799999997],[-77.162398,41.20159899999999],[-77.164852,41.199177000000006],[-77.171522,41.19599899999997],[-77.177489,41.194145],[-77.177447,41.18908900000001],[-77.112555,41.201997000000006],[-77.079903,41.20695699999997],[-77.085793,41.19314800000003],[-77.066617,41.14879599999996],[-77.180521,41.084311999999976],[-77.262231,41.16240899999993],[-77.272018,41.17253400000003],[-77.27245,41.17544300000006],[-77.275589,41.17910499999999],[-77.277411,41.18053899999996],[-77.283285,41.18267300000004],[-77.28830600000002,41.18298999999999],[-77.292256,41.18530399999997],[-77.293651,41.19106899999998],[-77.29058,41.19509999999998],[-77.292404,41.197146999999994],[-77.29901,41.200967],[-77.306364,41.208077000000024],[-77.320891,41.21893199999999],[-77.323411,41.21863800000002],[-77.32576,41.219697999999994],[-77.328503,41.21925600000003],[-77.329517,41.220668999999965],[-77.329924,41.21957899999998],[-77.331063,41.219428],[-77.334303,41.220476],[-77.35135600000001,41.220175999999974],[-77.348514,41.22325],[-77.349397,41.22428399999997],[-77.349627,41.228873],[-77.352749,41.23000200000001],[-77.358047,41.23059700000001],[-77.362729,41.23357999999997],[-77.367541,41.23236899999997],[-77.370088,41.23268],[-77.37494700000002,41.236808999999965],[-77.378827,41.23882200000003],[-77.399043,41.25305300000003],[-77.404292,41.25799600000001],[-77.406006,41.26162799999999],[-77.411117,41.26660299999997],[-77.415885,41.26998000000003],[-77.42119600000001,41.27103900000004],[-77.424945,41.27310300000001],[-77.429878,41.28263000000001],[-77.434549,41.28462900000002],[-77.441655,41.285943],[-77.445158,41.28776200000002],[-77.450664,41.294119000000016],[-77.452615,41.299464],[-77.455601,41.30399700000003],[-77.466365,41.309184999999985],[-77.471294,41.313309999999966],[-77.474962,41.32524699999996],[-77.47461,41.335317999999994],[-77.476272,41.33852500000004],[-77.486274,41.345786999999994],[-77.499931,41.353953000000004],[-77.51702600000002,41.35598000000003],[-77.526663,41.35856300000005],[-77.53791000000001,41.36528],[-77.539992,41.368026999999984],[-77.542051,41.38181600000003],[-77.549758,41.39491500000002],[-77.564166,41.41244600000002],[-77.57024,41.41469199999999],[-77.57520900000002,41.420497999999995],[-77.580623,41.43578999999998],[-77.584671,41.441301000000045],[-77.597282,41.44105599999999]]]}},{"type":"Feature","properties":{"district":"89","population":66656,"landAreaSqMi":150.9,"topMunicipalities":[{"name":"Chambersburg","classCode":"borough","populationShare":0.3308179308689392},{"name":"Greene","classCode":"second_class_township","populationShare":0.2769443110897745},{"name":"Guilford","classCode":"second_class_township","populationShare":0.22103036485837743},{"name":"Hamilton","classCode":"second_class_township","populationShare":0.17120739318290878}],"topCounties":[{"name":"Franklin","geoid":"42055","populationShare":1.0}],"classShares":{"borough":0.3308179308689392,"second_class_township":0.6691820691310607},"medianIncome":75447,"medianHomeValue":235718,"rentBurdenedPct":37.2,"ownerBurdenedPct":18.0,"permitsPer1kPerYear":4.2,"permits5yrTotal":1408,"popChange2020to2024Pct":3.0,"parentSenateDistricts":[{"district":"33","overlapShareOfHD":0.9999999999999996,"areaShareOfSD":0.11661548067554449}]},"geometry":{"type":"Polygon","coordinates":[[[-77.821989,39.98314700000003],[-77.813557,39.991595999999966],[-77.811177,39.996127999999985],[-77.806894,39.999525999999975],[-77.802126,40.005308000000035],[-77.787935,40.016213],[-77.718456,39.98481500000002],[-77.687935,39.969331000000025],[-77.619307,40.03491999999996],[-77.58581800000002,40.00999699999998],[-77.53801300000002,39.981616],[-77.53177,39.98124100000008],[-77.52637,39.977194000000004],[-77.524587,39.97489900000002],[-77.522033,39.97466300000001],[-77.51508,39.96981299999997],[-77.510735,39.96964200000001],[-77.503866,39.967432],[-77.499675,39.96178999999999],[-77.494029,39.95718400000004],[-77.49012100000002,39.955605999999996],[-77.470967,39.94427399999994],[-77.46512400000002,39.84989300000001],[-77.641074,39.850882],[-77.641104,39.85015],[-77.643786,39.85009200000003],[-77.70998,39.85046999999999],[-77.731477,39.84996400000003],[-77.755625,39.85817500000003],[-77.756594,39.87025300000001],[-77.753557,39.873587999999955],[-77.750345,39.87400499999997],[-77.748477,39.87789699999998],[-77.74668,39.879549000000026],[-77.745227,39.87913000000004],[-77.743699,39.88027599999998],[-77.739634,39.889078999999974],[-77.741697,39.89292],[-77.741789,39.895291999999976],[-77.74510100000002,39.897339999999986],[-77.746509,39.901402999999995],[-77.745375,39.90488599999997],[-77.742322,39.905638],[-77.740823,39.90840600000003],[-77.740415,39.91182699999994],[-77.743009,39.917061],[-77.74284,39.91913700000003],[-77.740725,39.92007699999998],[-77.739129,39.91968100000004],[-77.736748,39.92326200000004],[-77.738151,39.929192],[-77.734539,39.93281899999995],[-77.735064,39.934319999999964],[-77.73414000000001,39.936051],[-77.732356,39.93664900000004],[-77.739649,39.94392600000003],[-77.739301,39.946143000000006],[-77.74179,39.948857000000004],[-77.738484,39.949699999999964],[-77.743635,39.95309000000005],[-77.746832,39.95254000000002],[-77.752981,39.957575000000006],[-77.754492,39.95976100000005],[-77.761058,39.96279400000001],[-77.775989,39.965199000000005],[-77.821989,39.98314700000003]]]}},{"type":"Feature","properties":{"district":"91","population":66896,"landAreaSqMi":323.3,"topMunicipalities":[{"name":"Gettysburg","classCode":"borough","populationShare":0.11852726620425731},{"name":"Conewago","classCode":"second_class_township","populationShare":0.11801901458981126},{"name":"Cumberland","classCode":"second_class_township","populationShare":0.10549210715139928},{"name":"Straban","classCode":"second_class_township","populationShare":0.073008849557522},{"name":"Littlestown","classCode":"borough","populationShare":0.07190265486725655}],"topCounties":[{"name":"Adams","geoid":"42001","populationShare":1.0}],"classShares":{"borough":0.3349677110739056,"second_class_township":0.6650322889260945},"medianIncome":82763,"medianHomeValue":267282,"rentBurdenedPct":36.4,"ownerBurdenedPct":23.1,"permitsPer1kPerYear":0.0,"permits5yrTotal":0,"popChange2020to2024Pct":4.6,"parentSenateDistricts":[{"district":"33","overlapShareOfHD":0.9999999999999988,"areaShareOfSD":0.2509223339011724}]},"geometry":{"type":"Polygon","coordinates":[[[-77.471085,39.94407700000001],[-77.421362,39.98129399999996],[-77.394602,39.96514500000003],[-77.387657,39.95897099999997],[-77.376451,39.95648700000001],[-77.354761,39.942811],[-77.348088,39.94495799999999],[-77.34659400000001,39.94801699999996],[-77.343258,39.94912399999998],[-77.339703,39.94715400000007],[-77.341028,39.94473199999999],[-77.335114,39.94235399999999],[-77.332315,39.94022600000003],[-77.330244,39.93716699999998],[-77.326934,39.936276],[-77.323897,39.933772],[-77.316701,39.93459600000002],[-77.312878,39.932585],[-77.3104,39.93235099999996],[-77.30598,39.93468100000002],[-77.303738,39.93439499999996],[-77.301578,39.932928000000004],[-77.297756,39.933435000000046],[-77.294486,39.93254700000002],[-77.293898,39.92693800000001],[-77.295364,39.929012999999976],[-77.30088100000002,39.93083100000003],[-77.305223,39.930931999999984],[-77.31140600000002,39.926253999999986],[-77.303065,39.916863000000006],[-77.300481,39.91573900000002],[-77.29219,39.91620000000004],[-77.291551,39.910849000000006],[-77.263446,39.87315000000001],[-77.24776300000002,39.88155999999994],[-77.228192,39.89023099999998],[-77.229396,39.89112799999993],[-77.225777,39.89352399999999],[-77.227251,39.89510899999999],[-77.219144,39.898829999999975],[-77.222017,39.90237599999998],[-77.208878,39.9085],[-77.209241,39.91162000000001],[-77.197074,39.91492499999998],[-77.15358300000001,39.92900999999998],[-77.150499,39.92428099999998],[-77.148327,39.923441999999994],[-77.146827,39.92064100000002],[-77.140566,39.91463500000004],[-77.139317,39.911934],[-77.13299600000002,39.90827699999999],[-77.126473,39.90852000000002],[-77.125433,39.906378999999966],[-77.12234,39.90541400000003],[-77.120237,39.90347300000002],[-77.118678,39.90335000000001],[-77.115951,39.901396999999974],[-77.105351,39.904512999999966],[-77.10266,39.904568000000005],[-77.098535,39.90796800000004],[-77.095067,39.90702699999999],[-77.093141,39.908232],[-77.09421600000002,39.90925000000002],[-77.093898,39.91192600000002],[-77.09128900000002,39.91237500000002],[-77.089905,39.91443999999998],[-77.08435100000001,39.91404999999998],[-77.083799,39.91328699999996],[-77.086551,39.90992200000003],[-77.085401,39.90586299999997],[-77.086037,39.90300099999998],[-77.082623,39.89293999999998],[-77.081686,39.89243700000004],[-77.076081,39.89260599999994],[-77.0753,39.891313],[-77.069155,39.891015000000046],[-77.066245,39.886792],[-77.068481,39.88276400000001],[-77.078505,39.880736000000006],[-77.079746,39.87557900000002],[-77.076283,39.873215999999964],[-77.074541,39.87456299999998],[-77.07126600000001,39.875329999999984],[-77.067091,39.87410799999998],[-77.065421,39.87215099999999],[-77.066258,39.87042700000001],[-77.071964,39.86951299999997],[-77.073396,39.86786900000001],[-77.07248,39.865981999999995],[-77.07384,39.86300200000003],[-77.073695,39.85895100000002],[-77.07013900000001,39.85785299999999],[-77.068239,39.859646],[-77.065871,39.857692000000036],[-77.070717,39.85118299999996],[-77.071032,39.849094],[-77.072896,39.84850099999995],[-77.071746,39.84705999999997],[-77.073702,39.84175100000001],[-77.075477,39.84148199999996],[-77.07989,39.83785999999997],[-77.078676,39.83669400000001],[-77.077211,39.836837],[-77.076242,39.83159799999998],[-77.074658,39.829742],[-77.065524,39.823466999999994],[-77.06208700000002,39.82458499999996],[-77.05835100000002,39.828786999999984],[-77.05344,39.83012200000001],[-77.046667,39.829033000000024],[-77.044593,39.82801700000005],[-77.03859500000002,39.82767100000003],[-77.031495,39.833349],[-77.029729,39.83236199999998],[-77.026495,39.82689500000006],[-77.024993,39.82650199999998],[-77.024128,39.82698500000004],[-77.015557,39.82502300000001],[-77.014482,39.825316999999984],[-77.013291,39.82719399999995],[-77.01038,39.82764699999996],[-77.00831400000001,39.829932],[-76.999679,39.831279999999985],[-76.99931800000002,39.72010599999999],[-77.459134,39.719983999999975],[-77.463194,39.82084699999996],[-77.471085,39.94407700000001]]]}},{"type":"Feature","properties":{"district":"77","population":60487,"landAreaSqMi":325.1,"topMunicipalities":[{"name":"Ferguson","classCode":"second_class_township","populationShare":0.31372245305265994},{"name":"Patton","classCode":"second_class_township","populationShare":0.25982553321841245},{"name":"State College","classCode":"borough","populationShare":0.2180692315610222},{"name":"Rush","classCode":"second_class_township","populationShare":0.06026068961902287},{"name":"Halfmoon","classCode":"second_class_township","populationShare":0.04624119310408971}],"topCounties":[{"name":"Centre","geoid":"42027","populationShare":1.0}],"classShares":{"borough":0.27272542905909897,"second_class_township":0.727274570940901},"medianIncome":76563,"medianHomeValue":353352,"rentBurdenedPct":55.8,"ownerBurdenedPct":15.3,"permitsPer1kPerYear":2.3,"permits5yrTotal":699,"popChange2020to2024Pct":0.9,"parentSenateDistricts":[{"district":"35","overlapShareOfHD":0.9954362631893046,"areaShareOfSD":0.14915624523444052}]},"geometry":{"type":"Polygon","coordinates":[[[-78.376976,40.75241700000004],[-78.37422200000002,40.756792999999966],[-78.373255,40.757624000000014],[-78.37135,40.75770899999998],[-78.370471,40.75997499999998],[-78.367868,40.76099800000001],[-78.365436,40.76445700000002],[-78.360562,40.76541600000003],[-78.359133,40.767894999999996],[-78.352252,40.768579],[-78.352239,40.77226300000002],[-78.350836,40.77419399999997],[-78.351586,40.77555499999997],[-78.34922,40.77634299999998],[-78.348446,40.778376999999985],[-78.34638,40.77890400000003],[-78.345715,40.78002200000001],[-78.34633,40.780802],[-78.341794,40.78251699999997],[-78.342922,40.78266300000002],[-78.342514,40.78340399999994],[-78.34347800000002,40.783932999999955],[-78.341788,40.785054999999986],[-78.341871,40.78708599999997],[-78.343932,40.790561000000004],[-78.340174,40.791605000000004],[-78.338897,40.796740000000014],[-78.339324,40.798115000000024],[-78.329928,40.80209100000003],[-78.326819,40.805949000000005],[-78.322767,40.806172999999966],[-78.32231,40.80547900000001],[-78.320308,40.80843399999998],[-78.313886,40.808495999999955],[-78.31319900000001,40.809053000000006],[-78.314086,40.81005700000001],[-78.312152,40.811435999999944],[-78.311632,40.81389199999998],[-78.307801,40.81583600000002],[-78.305601,40.82066900000004],[-78.302233,40.82166200000001],[-78.299383,40.82456000000004],[-78.30024000000002,40.826276000000014],[-78.29997,40.83141599999997],[-78.302254,40.83411999999996],[-78.296075,40.83669300000001],[-78.29426200000002,40.838125999999995],[-78.293675,40.840891999999954],[-78.290471,40.84259599999998],[-78.291372,40.84704599999997],[-78.289784,40.848871999999986],[-78.28863,40.84971400000002],[-78.285915,40.84972299999997],[-78.283942,40.85110599999999],[-78.280687,40.85053500000001],[-78.277729,40.85099299999999],[-78.275196,40.84992900000002],[-78.273937,40.848102999999995],[-78.270183,40.84694700000002],[-78.267566,40.847732999999984],[-78.267457,40.850148999999995],[-78.263566,40.85124700000003],[-78.262594,40.853576000000054],[-78.260328,40.854797000000005],[-78.257057,40.855476999999965],[-78.25486,40.85374200000001],[-78.253112,40.85446999999995],[-78.251598,40.85423500000003],[-78.24806900000002,40.85644],[-78.24691100000001,40.858667000000054],[-78.249131,40.86110099999998],[-78.248196,40.862311999999996],[-78.248603,40.864632],[-78.249866,40.865457],[-78.248975,40.869518999999976],[-78.246288,40.872086000000046],[-78.244111,40.871700000000004],[-78.23919,40.87275099999998],[-78.238235,40.87187800000004],[-78.237524,40.873323000000056],[-78.235618,40.87378499999998],[-78.235895,40.87489999999998],[-78.239429,40.87683400000008],[-78.244378,40.876775000000016],[-78.24647500000002,40.87584399999996],[-78.248846,40.87609399999997],[-78.249509,40.877164000000015],[-78.247234,40.877804000000005],[-78.247761,40.87955699999995],[-78.243306,40.88064500000001],[-78.242146,40.88172899999999],[-78.235717,40.88042400000002],[-78.234708,40.87925899999994],[-78.233063,40.880259999999964],[-78.232938,40.878392],[-78.228457,40.88223899999996],[-78.227752,40.88697900000002],[-78.22100100000002,40.88901299999999],[-78.220641,40.89031200000002],[-78.22217,40.891494],[-78.220958,40.89177699999999],[-78.224345,40.89487200000001],[-78.224701,40.89647900000006],[-78.227717,40.89748000000004],[-78.226684,40.898483000000006],[-78.22868,40.898900999999995],[-78.227729,40.89987800000003],[-78.22914,40.89967399999995],[-78.228032,40.90226799999998],[-78.228259,40.904225],[-78.22644,40.903549999999974],[-78.224207,40.906155000000005],[-78.225942,40.90739999999996],[-78.223681,40.90953299999998],[-78.22160900000002,40.90987299999998],[-78.221008,40.91187400000002],[-78.217285,40.91388799999996],[-78.21480400000002,40.913362999999976],[-78.214837,40.914809],[-78.211819,40.91578399999999],[-78.210155,40.917478],[-78.208601,40.916401000000015],[-78.206626,40.91688099999998],[-78.204857,40.91559700000004],[-78.204341,40.91628399999997],[-78.201637,40.915813000000014],[-78.19990600000001,40.91681599999997],[-78.20009900000001,40.91807499999993],[-78.198144,40.91767600000002],[-78.195985,40.91999200000006],[-78.194279,40.91938500000001],[-78.194218,40.920100999999995],[-78.192892,40.919702],[-78.191915,40.92055599999998],[-78.191661,40.91912900000001],[-78.190435,40.91867200000001],[-78.18608300000001,40.920503000000075],[-78.185548,40.921695],[-78.183548,40.921689999999984],[-78.18332,40.922715000000004],[-78.181655,40.92230999999999],[-78.179875,40.92355900000001],[-78.177685,40.927820000000004],[-78.179133,40.92817900000001],[-78.177202,40.930209000000005],[-78.175005,40.931966000000024],[-78.171526,40.932321000000044],[-78.171873,40.93637700000001],[-78.170607,40.93691600000003],[-78.168526,40.93624900000003],[-78.166461,40.93668600000002],[-78.163213,40.939485],[-78.164555,40.94094299999998],[-78.162454,40.94206900000003],[-78.15581,40.94143699999996],[-78.155638,40.94277699999995],[-78.159412,40.950366000000024],[-78.159487,40.954260999999974],[-78.162724,40.95468300000001],[-78.167655,40.95193099999999],[-78.169254,40.95322100000001],[-78.169635,40.95560099999998],[-78.168462,40.96053400000001],[-78.165765,40.96159099999999],[-78.159395,40.961154999999955],[-78.154787,40.959481000000004],[-78.151604,40.95736600000001],[-78.146853,40.95658599999995],[-78.147764,40.94971199999999],[-78.14687200000002,40.948749],[-78.144284,40.94858800000002],[-78.140479,40.95024200000003],[-78.139648,40.95710200000004],[-78.135878,40.962966000000016],[-78.136299,40.96628300000001],[-78.133693,40.96704199999996],[-78.131969,40.965906],[-78.129913,40.96219100000001],[-78.132475,40.958863000000065],[-78.136376,40.956020999999964],[-78.135356,40.95396500000001],[-78.131599,40.95283699999999],[-78.130621,40.951340999999985],[-78.131301,40.94956700000001],[-78.133558,40.94835800000003],[-78.133862,40.94674100000003],[-78.13155,40.94569100000001],[-78.12703400000001,40.945681000000015],[-78.121482,40.947129],[-78.120501,40.945917999999956],[-78.122459,40.94344000000002],[-78.120269,40.94192999999999],[-78.111334,40.945124000000014],[-78.109828,40.94993299999995],[-78.108953,40.950455],[-78.104101,40.949525],[-78.099263,40.951589],[-78.0949,40.950436],[-78.093031,40.951328000000025],[-78.090511,40.95415700000005],[-78.079958,40.95541800000002],[-78.078105,40.95644700000002],[-78.07774000000002,40.958824],[-78.08338,40.965708000000035],[-78.084401,40.968195],[-78.088147,40.97032099999999],[-78.092975,40.970153999999965],[-78.096779,40.97303999999996],[-78.094469,40.97410999999998],[-78.091684,40.97285299999995],[-78.088674,40.97608499999998],[-78.090788,40.979695999999954],[-78.090522,40.980880999999975],[-78.08476,40.98063700000003],[-78.082089,40.98418499999999],[-78.081835,40.98541400000001],[-78.083753,40.989443000000016],[-78.086863,40.99276899999996],[-78.08686,40.993950999999996],[-78.084975,40.99462799999998],[-78.079955,40.99317500000001],[-78.0745,40.99364499999999],[-78.06737,40.99782899999999],[-78.064446,40.995316000000024],[-78.061639,40.99533099999997],[-78.061413,40.99717099999998],[-78.065322,41.00172500000007],[-78.064831,41.00388799999999],[-78.062773,41.004788999999995],[-78.060411,41.00418299999998],[-77.985906,40.940322000000016],[-77.96408900000002,40.923599],[-77.975454,40.915812000000045],[-77.961626,40.90007700000001],[-77.928986,40.89507399999997],[-77.897714,40.87528699999999],[-77.851722,40.83809899999998],[-77.86978,40.82513800000004],[-77.870647,40.825323000000004],[-77.87226,40.824099000000004],[-77.8719,40.823631999999975],[-77.882975,40.815833999999995],[-77.881959,40.81567100000001],[-77.882286,40.81504400000001],[-77.874231,40.80578999999999],[-77.875329,40.804351],[-77.87607,40.804554999999986],[-77.876865,40.80183300000004],[-77.882004,40.79949800000001],[-77.881944,40.801199999999994],[-77.88630100000002,40.79922999999999],[-77.885246,40.79871200000001],[-77.885701,40.79731700000002],[-77.882877,40.796777999999996],[-77.882921,40.79413199999999],[-77.877953,40.789784000000026],[-77.872496,40.79679400000004],[-77.865201,40.791737999999974],[-77.856942,40.797968000000004],[-77.854495,40.79619100000001],[-77.857362,40.791734000000034],[-77.854105,40.79004900000001],[-77.858227,40.786700000000046],[-77.857457,40.786385],[-77.85846100000002,40.785122999999956],[-77.860335,40.78447699999999],[-77.859324,40.78257099999996],[-77.855053,40.78239699999995],[-77.851268,40.77824199999999],[-77.854965,40.77605399999996],[-77.851887,40.77316700000003],[-77.853163,40.772379],[-77.853828,40.77298299999997],[-77.855235,40.77183399999995],[-77.831415,40.74112200000002],[-77.85922,40.73081899999998],[-77.89431,40.71619099999997],[-77.94425,40.69155699999999],[-78.050456,40.721381999999984],[-78.116208,40.739378],[-78.131834,40.74301700000005],[-78.340008,40.73353499999999],[-78.362986,40.73315700000001],[-78.366422,40.73606800000003],[-78.368846,40.74005000000003],[-78.368994,40.741919],[-78.371296,40.74402200000002],[-78.371641,40.74612899999998],[-78.373541,40.74866699999997],[-78.373017,40.74989199999998],[-78.37558,40.750904999999996],[-78.376976,40.75241700000004]]]}},{"type":"Feature","properties":{"district":"112","population":62714,"landAreaSqMi":117.4,"topMunicipalities":[{"name":"Dunmore","classCode":"borough","populationShare":0.22519692572631322},{"name":"Carbondale","classCode":"third_class_city","populationShare":0.1406384539337309},{"name":"Archbald","classCode":"borough","populationShare":0.11716682080556172},{"name":"Blakely","classCode":"borough","populationShare":0.10621232898555354},{"name":"Olyphant","classCode":"borough","populationShare":0.08562681378958444}],"topCounties":[{"name":"Lackawanna","geoid":"42069","populationShare":1.0}],"classShares":{"borough":0.7459578403546259,"second_class_township":0.11340370571164324,"third_class_city":0.1406384539337309},"medianIncome":65864,"medianHomeValue":174093,"rentBurdenedPct":41.3,"ownerBurdenedPct":17.3,"permitsPer1kPerYear":1.3,"permits5yrTotal":397,"popChange2020to2024Pct":1.0,"parentSenateDistricts":[{"district":"40","overlapShareOfHD":0.8819205965627267,"areaShareOfSD":0.09693410383392681},{"district":"22","overlapShareOfHD":0.11807940343727202,"areaShareOfSD":0.04867997798585508}]},"geometry":{"type":"Polygon","coordinates":[[[-75.651533,41.41783100000003],[-75.647197,41.421707000000005],[-75.64029300000001,41.43037399999998],[-75.622291,41.442732999999954],[-75.63635300000001,41.44972500000001],[-75.634753,41.45088400000004],[-75.625486,41.45046500000001],[-75.622926,41.45318600000002],[-75.61985800000001,41.458876],[-75.614216,41.46367000000003],[-75.61076800000001,41.46349000000002],[-75.608703,41.464160000000014],[-75.604506,41.46730199999998],[-75.607541,41.468169],[-75.606611,41.47071999999999],[-75.63207,41.48744500000001],[-75.615799,41.49987200000004],[-75.6061,41.50839899999998],[-75.605249,41.507844],[-75.585318,41.523357999999995],[-75.584483,41.527342999999966],[-75.570421,41.54459900000002],[-75.570982,41.544944000000015],[-75.531276,41.641658999999954],[-75.462411,41.64158700000004],[-75.457291,41.54635499999996],[-75.452267,41.476019000000036],[-75.448179,41.387684999999955],[-75.493163,41.38826300000001],[-75.493872,41.381335999999976],[-75.515195,41.380569],[-75.51614300000001,41.394251000000004],[-75.524289,41.39009200000001],[-75.527538,41.39658300000005],[-75.528432,41.411787999999994],[-75.524268,41.41544199999998],[-75.543209,41.427616],[-75.582241,41.39407700000003],[-75.625149,41.392720999999966],[-75.618065,41.40115999999998],[-75.651533,41.41783100000003]]]}},{"type":"Feature","properties":{"district":"4","population":64386,"landAreaSqMi":503.7,"topMunicipalities":[{"name":"North East","classCode":"second_class_township","populationShare":0.10067405957816913},{"name":"Corry","classCode":"third_class_city","populationShare":0.09570403503867306},{"name":"Edinboro","classCode":"borough","populationShare":0.08236262541546292},{"name":"Girard","classCode":"second_class_township","populationShare":0.07524927779330914},{"name":"McKean","classCode":"second_class_township","populationShare":0.06822911813127078}],"topCounties":[{"name":"Erie","geoid":"42049","populationShare":1.0}],"classShares":{"borough":0.33075513310346966,"second_class_township":0.5735408318578572,"third_class_city":0.09570403503867306},"medianIncome":69077,"medianHomeValue":179940,"rentBurdenedPct":36.1,"ownerBurdenedPct":18.0,"permitsPer1kPerYear":1.0,"permits5yrTotal":329,"popChange2020to2024Pct":-0.0,"parentSenateDistricts":[{"district":"49","overlapShareOfHD":0.844808737377715,"areaShareOfSD":0.2895871464913538},{"district":"21","overlapShareOfHD":0.1551912626222847,"areaShareOfSD":0.02346069998946804}]},"geometry":{"type":"Polygon","coordinates":[[[-80.388765,41.940310000000004],[-80.387782,41.99965500000005],[-80.385782,41.99966600000003],[-80.385954,42.01921400000002],[-80.37404200000002,42.024425000000015],[-80.371853,42.02381800000004],[-80.37080600000002,42.02487899999998],[-80.363231,42.027938],[-80.349147,42.030173000000026],[-80.330766,42.035785000000025],[-80.298888,42.04828899999998],[-80.271558,42.003561],[-80.263796,42.006181999999974],[-80.264549,41.97028499999998],[-80.20433,41.96977799999997],[-80.203859,41.999154000000026],[-80.202666,41.999186000000016],[-80.202314,42.02188399999999],[-80.177543,42.03050600000001],[-80.176392,42.02867599999996],[-80.1402,42.04135800000001],[-80.140915,42.04245699999998],[-80.126029,42.04779400000002],[-80.114754,42.029906],[-80.104403,42.03398800000002],[-80.104671,42.019441999999984],[-80.0838,42.01930500000004],[-80.083689,42.01558100000001],[-80.074625,42.015654000000026],[-80.064489,41.99894899999996],[-80.044932,41.99910200000003],[-80.045146,42.002846999999996],[-80.024666,42.005618999999975],[-80.02433500000001,41.999142],[-79.903884,41.998679999999986],[-79.901523,42.12775299999998],[-79.901566,42.130809000000056],[-79.90405,42.130810999999966],[-79.903362,42.176877999999995],[-79.900584,42.177814000000005],[-79.900176,42.20204399999996],[-79.902751,42.21095299999997],[-79.907521,42.20924899999998],[-79.907017,42.215500999999996],[-79.902248,42.21603099999998],[-79.873218,42.23198399999999],[-79.86930300000002,42.230599000000005],[-79.86207000000002,42.23250599999997],[-79.859354,42.23231499999995],[-79.844147,42.23548100000003],[-79.83664,42.23915899999998],[-79.832054,42.24308799999999],[-79.82614,42.243213999999995],[-79.81806000000002,42.24535100000002],[-79.812759,42.24932499999997],[-79.807974,42.25098100000002],[-79.801375,42.25565000000002],[-79.796622,42.256183999999976],[-79.78469,42.26326099999999],[-79.784193,42.262836999999955],[-79.78262200000002,42.26451999999997],[-79.777678,42.265355],[-79.77397,42.26430599999997],[-79.761867,42.269326000000056],[-79.761954,41.998840999999956],[-79.610837,41.998757000000026],[-79.612071,41.850328000000005],[-79.680353,41.85152399999999],[-80.20654500000002,41.84904499999995],[-80.205966,41.88998299999997],[-80.266156,41.89054300000001],[-80.265444,41.93999500000001],[-80.388765,41.940310000000004]]]}},{"type":"Feature","properties":{"district":"27","population":74636,"landAreaSqMi":16.5,"topMunicipalities":[{"name":"Pittsburgh","classCode":"second_class_city","populationShare":0.548460099417914},{"name":"Scott","classCode":"first_class_township","populationShare":0.23273042559896828},{"name":"Crafton","classCode":"borough","populationShare":0.08032348310108335},{"name":"Green Tree","classCode":"borough","populationShare":0.06506269123250381},{"name":"Ingram","classCode":"borough","populationShare":0.044670307365973626}],"topCounties":[{"name":"Allegheny","geoid":"42003","populationShare":1.0}],"classShares":{"borough":0.2188094749831179,"first_class_township":0.23273042559896828,"second_class_city":0.548460099417914},"medianIncome":76815,"medianHomeValue":180709,"rentBurdenedPct":34.3,"ownerBurdenedPct":16.1,"permitsPer1kPerYear":2.2,"permits5yrTotal":813,"popChange2020to2024Pct":-0.8,"parentSenateDistricts":[{"district":"42","overlapShareOfHD":0.9233046032688569,"areaShareOfSD":0.25652884681431626},{"district":"37","overlapShareOfHD":0.07669539673114344,"areaShareOfSD":0.005083010621739155}]},"geometry":{"type":"Polygon","coordinates":[[[-80.100532,40.39578400000004],[-80.09854,40.39997600000004],[-80.090585,40.40144400000001],[-80.086979,40.40325800000003],[-80.08668,40.398683],[-80.079913,40.399218000000005],[-80.079881,40.39987200000003],[-80.069667,40.39856200000002],[-80.067424,40.400976999999976],[-80.070257,40.406397],[-80.080984,40.412796],[-80.079056,40.413578000000015],[-80.079472,40.41481999999998],[-80.084422,40.417505],[-80.085948,40.41695000000003],[-80.088463,40.41888500000004],[-80.089346,40.41843800000001],[-80.092073,40.42019999999999],[-80.09883,40.41816200000001],[-80.09943,40.421272999999964],[-80.096479,40.42126199999999],[-80.095276,40.42998900000002],[-80.092338,40.428464999999974],[-80.090384,40.430924000000054],[-80.092724,40.43234500000001],[-80.091229,40.437088],[-80.089565,40.43627800000001],[-80.086005,40.438354999999994],[-80.086361,40.439569999999975],[-80.080375,40.43963699999998],[-80.082883,40.44043699999998],[-80.084068,40.441928999999995],[-80.090165,40.444162],[-80.091024,40.44904999999998],[-80.089517,40.45042700000001],[-80.090713,40.45142099999998],[-80.093256,40.450744999999976],[-80.0945,40.45133099999996],[-80.095328,40.457495],[-80.094611,40.459715999999986],[-80.083702,40.459438999999996],[-80.081188,40.46088399999998],[-80.079397,40.46385399999999],[-80.076498,40.464656999999995],[-80.074234,40.46312699999997],[-80.075217,40.46242900000003],[-80.073214,40.461250999999955],[-80.07215700000002,40.45327599999998],[-80.067008,40.45599699999997],[-80.067343,40.457155999999976],[-80.066557,40.45750899999998],[-80.060537,40.45202099999999],[-80.058667,40.45322200000001],[-80.056463,40.45343199999996],[-80.05562,40.45502200000003],[-80.056451,40.45590599999997],[-80.057199,40.45548600000002],[-80.058557,40.45709600000004],[-80.057524,40.45843800000005],[-80.057011,40.457698],[-80.055936,40.45775899999999],[-80.050259,40.45197500000005],[-80.047813,40.451435],[-80.040163,40.45246099999999],[-80.045281,40.45042199999999],[-80.044106,40.447258999999995],[-80.046505,40.44682899999994],[-80.043969,40.44430899999999],[-80.040059,40.442101000000015],[-80.039205,40.44244500000002],[-80.04063,40.44397300000002],[-80.035784,40.44779099999999],[-80.036574,40.448431000000014],[-80.033234,40.45062299999999],[-80.028228,40.44666400000004],[-80.023004,40.44452899999995],[-80.01629,40.443207000000044],[-80.014217,40.44070000000002],[-80.001985,40.43506700000002],[-80.005167,40.430200000000006],[-80.002214,40.42855399999997],[-80.00561300000001,40.42704999999997],[-80.004955,40.42244099999999],[-80.009463,40.423479999999955],[-80.009118,40.42425999999998],[-80.010018,40.42449999999997],[-80.011299,40.421805999999954],[-80.012578,40.42182000000002],[-80.01324100000001,40.41985199999998],[-80.016182,40.42031799999997],[-80.018249,40.422342],[-80.019323,40.42067699999999],[-80.02307000000002,40.420612000000034],[-80.022602,40.423393000000054],[-80.026174,40.42358100000004],[-80.027077,40.41729600000004],[-80.028543,40.41424200000005],[-80.030107,40.41428599999997],[-80.031094,40.40973499999999],[-80.027815,40.407161999999964],[-80.031756,40.405177999999985],[-80.031726,40.40429100000002],[-80.033413,40.40402099999999],[-80.032666,40.401535],[-80.036697,40.400785000000006],[-80.035622,40.401698],[-80.03547100000002,40.40428600000004],[-80.03641600000002,40.40427699999997],[-80.041937,40.39938599999999],[-80.045051,40.399040999999976],[-80.051202,40.40194300000002],[-80.051705,40.40066800000002],[-80.054892,40.40095399999998],[-80.054119,40.39648999999998],[-80.056237,40.39559699999998],[-80.054211,40.392922000000056],[-80.056983,40.392372],[-80.056734,40.39145299999996],[-80.059135,40.39081400000001],[-80.063486,40.39305900000005],[-80.065829,40.393236],[-80.06876,40.39195000000005],[-80.0689,40.38889000000001],[-80.07398500000001,40.38817600000001],[-80.071555,40.38545100000004],[-80.06907800000002,40.38678900000002],[-80.069414,40.3833],[-80.06721500000002,40.379826000000016],[-80.069164,40.37849399999999],[-80.06748100000002,40.37645000000001],[-80.068513,40.376370000000044],[-80.069566,40.37823500000006],[-80.077587,40.376494999999984],[-80.083968,40.37757999999999],[-80.084111,40.377106000000005],[-80.079467,40.372802000000014],[-80.078077,40.369753999999986],[-80.073591,40.365497000000005],[-80.07446100000001,40.36503299999994],[-80.072816,40.363434000000034],[-80.081414,40.36428000000004],[-80.081825,40.36305899999997],[-80.085684,40.363040000000076],[-80.086937,40.363981],[-80.087661,40.363721000000005],[-80.087513,40.362244000000004],[-80.0891,40.36181200000001],[-80.093033,40.36207299999998],[-80.09499600000001,40.36296200000003],[-80.094576,40.36860599999999],[-80.098205,40.37403199999998],[-80.094372,40.37808000000001],[-80.092147,40.38453600000003],[-80.095146,40.38520200000001],[-80.098512,40.38429899999999],[-80.099678,40.384697000000024],[-80.099278,40.38641100000002],[-80.097455,40.387860999999994],[-80.099103,40.39389100000002],[-80.10027,40.394375],[-80.100532,40.39578400000004]]]}},{"type":"Feature","properties":{"district":"169","population":66020,"landAreaSqMi":124.3,"topMunicipalities":[{"name":"Penn","classCode":"first_class_township","populationShare":0.26897909724325986},{"name":"Hanover","classCode":"borough","populationShare":0.24966676764616727},{"name":"West Manheim","classCode":"second_class_township","populationShare":0.14313844289609218},{"name":"Shrewsbury","classCode":"second_class_township","populationShare":0.10296879733414127},{"name":"New Freedom","classCode":"borough","populationShare":0.07578006664647079}],"topCounties":[{"name":"York","geoid":"42133","populationShare":1.0}],"classShares":{"borough":0.37281126931232905,"first_class_township":0.26897909724325986,"second_class_township":0.358209633444411},"medianIncome":87363,"medianHomeValue":251735,"rentBurdenedPct":43.7,"ownerBurdenedPct":22.4,"permitsPer1kPerYear":4.9,"permits5yrTotal":1617,"popChange2020to2024Pct":6.3,"parentSenateDistricts":[{"district":"28","overlapShareOfHD":0.9999999999999989,"areaShareOfSD":0.20882214111024314}]},"geometry":{"type":"Polygon","coordinates":[[[-76.99931800000002,39.72010599999999],[-76.999679,39.831279999999985],[-76.997296,39.83158599999998],[-76.990663,39.83434800000001],[-76.983043,39.841353000000026],[-76.978543,39.84772699999994],[-76.974083,39.84966000000001],[-76.96484,39.850772000000035],[-76.957175,39.85574100000001],[-76.95550300000001,39.82868699999999],[-76.948792,39.816438999999995],[-76.944992,39.81106199999995],[-76.914956,39.78902300000008],[-76.91213200000001,39.792078],[-76.908998,39.79285500000004],[-76.908964,39.79375399999999],[-76.905338,39.79421400000004],[-76.904777,39.796429999999994],[-76.898188,39.80033800000001],[-76.897398,39.802497999999986],[-76.895087,39.80468400000004],[-76.892958,39.80571400000001],[-76.88939500000001,39.80597899999998],[-76.888977,39.805089000000045],[-76.88598,39.804986000000014],[-76.885904,39.80578199999998],[-76.883357,39.80628500000003],[-76.880819,39.81187300000001],[-76.878747,39.813289000000005],[-76.87860200000001,39.815385999999975],[-76.87737,39.816577],[-76.87634,39.81362199999999],[-76.873091,39.81051699999999],[-76.847181,39.820080999999966],[-76.84705800000002,39.820996999999984],[-76.844534,39.822042000000025],[-76.843691,39.821314999999956],[-76.811053,39.832132],[-76.772226,39.841663000000004],[-76.772393,39.84027100000003],[-76.771062,39.839061999999956],[-76.762773,39.835896000000034],[-76.759975,39.83346300000008],[-76.75937200000001,39.83060199999999],[-76.764309,39.828165999999975],[-76.763721,39.82551300000006],[-76.76489,39.822729999999986],[-76.764079,39.82100499999999],[-76.763083,39.82020299999996],[-76.761174,39.820345000000046],[-76.758698,39.81839999999998],[-76.756868,39.81829000000002],[-76.75403600000001,39.815675],[-76.75226,39.81021600000004],[-76.746896,39.80613399999999],[-76.74091400000002,39.80294600000002],[-76.646295,39.82422999999999],[-76.645576,39.82041499999999],[-76.649037,39.820009999999996],[-76.65010600000001,39.818681999999974],[-76.64785,39.81590199999996],[-76.65176100000001,39.811883999999964],[-76.653515,39.80773299999997],[-76.658087,39.806087000000005],[-76.65922,39.80377500000002],[-76.668826,39.79574400000004],[-76.669075,39.793996999999955],[-76.667405,39.791194],[-76.671382,39.783635],[-76.670172,39.77728700000001],[-76.673871,39.78333400000003],[-76.67497500000002,39.78938999999999],[-76.676889,39.79014900000005],[-76.680342,39.789952000000035],[-76.68074100000001,39.79053300000001],[-76.683964,39.789307000000015],[-76.68230400000002,39.78654900000001],[-76.686243,39.78441999999996],[-76.685992,39.78090199999998],[-76.683759,39.78110899999996],[-76.683963,39.77966999999999],[-76.688944,39.77750599999999],[-76.688795,39.776933000000014],[-76.692142,39.774603999999975],[-76.692677,39.775121000000006],[-76.696051,39.771835],[-76.692193,39.76988299999994],[-76.686489,39.76860999999997],[-76.68474,39.765070000000065],[-76.68409,39.765546999999984],[-76.68072,39.750735],[-76.677148,39.75094199999999],[-76.676382,39.74616800000003],[-76.67445800000002,39.74728400000001],[-76.672233,39.74645100000003],[-76.6732,39.752748999999994],[-76.672494,39.75325199999998],[-76.673601,39.75426800000002],[-76.67304,39.75503799999998],[-76.6743,39.75764900000001],[-76.673738,39.757847],[-76.676155,39.762119999999975],[-76.677838,39.769134],[-76.6719,39.771020000000036],[-76.668084,39.77111099999998],[-76.668185,39.77168799999997],[-76.663709,39.77135600000001],[-76.659269,39.76922500000001],[-76.65327100000002,39.76792699999998],[-76.650064,39.763698000000005],[-76.650307,39.762182],[-76.647961,39.759012999999996],[-76.648573,39.75781600000003],[-76.64609800000001,39.756970000000024],[-76.644264,39.754010000000044],[-76.64074400000001,39.75148799999996],[-76.636538,39.74971800000003],[-76.634924,39.74810899999994],[-76.634598,39.74625800000001],[-76.637253,39.744199999999985],[-76.637689,39.74182800000001],[-76.633697,39.74261700000001],[-76.632,39.739360000000005],[-76.628046,39.73886399999999],[-76.626318,39.73719400000002],[-76.624691,39.73741600000001],[-76.625257,39.73934000000004],[-76.623882,39.739431000000046],[-76.621996,39.737988],[-76.619392,39.73757799999997],[-76.619071,39.73653499999994],[-76.617521,39.736673000000025],[-76.614732,39.735427000000044],[-76.614438,39.73270399999998],[-76.612205,39.733183],[-76.611189,39.73490799999997],[-76.608864,39.734980000000014],[-76.60965,39.73069600000005],[-76.607698,39.72605699999998],[-76.61042000000002,39.72401799999999],[-76.612767,39.72389700000004],[-76.60942500000002,39.72129699999997],[-76.99931800000002,39.72010599999999]]]}},{"type":"Feature","properties":{"district":"170","population":121170,"landAreaSqMi":10.9,"topMunicipalities":[{"name":"Philadelphia","classCode":"first_class_city","populationShare":1.0}],"topCounties":[{"name":"Philadelphia","geoid":"42101","populationShare":1.0}],"classShares":{"first_class_city":1.0},"medianIncome":81723,"medianHomeValue":300771,"rentBurdenedPct":49.4,"ownerBurdenedPct":23.5,"permitsPer1kPerYear":0.1,"permits5yrTotal":45,"popChange2020to2024Pct":-1.9,"parentSenateDistricts":[{"district":"5","overlapShareOfHD":1.0,"areaShareOfSD":0.30350709390964536}]},"geometry":{"type":"Polygon","coordinates":[[[-75.04421600000002,40.115746999999985],[-75.020571,40.132274],[-75.015066,40.137991999999976],[-74.997885,40.127816],[-74.993894,40.131883000000016],[-74.992744,40.13050500000004],[-74.99435,40.126219000000006],[-74.98915600000001,40.126162000000036],[-74.988632,40.124416000000075],[-74.986491,40.123039000000006],[-74.984983,40.12389600000001],[-74.98343200000001,40.12361999999999],[-74.982253,40.12189499999999],[-74.98308100000001,40.12079699999999],[-74.982515,40.11998900000002],[-74.980215,40.120015000000016],[-74.979132,40.11934300000004],[-74.97593100000002,40.12045700000004],[-74.972646,40.119654999999995],[-74.970082,40.11696099999997],[-74.964991,40.118635000000005],[-74.963294,40.11688800000005],[-74.963201,40.114676000000046],[-74.964155,40.11337300000003],[-74.963709,40.10986700000004],[-74.965607,40.10809100000001],[-74.96505600000002,40.10721499999997],[-74.963335,40.106872],[-74.963962,40.10563599999997],[-74.96088600000002,40.10310399999998],[-74.961787,40.097772999999975],[-74.955777,40.09510299999998],[-74.957899,40.090570999999976],[-74.9576,40.08709399999997],[-74.959085,40.08234900000001],[-74.963266,40.07724100000001],[-74.970837,40.076213000000045],[-74.971063,40.07396600000003],[-74.973777,40.07471399999993],[-74.974092,40.07719499999999],[-74.972817,40.07755899999999],[-74.973615,40.07890099999999],[-74.975084,40.078745000000005],[-74.980732,40.082105000000006],[-74.983904,40.08232999999999],[-74.984384,40.07886900000001],[-74.987568,40.07582500000001],[-74.994348,40.08168099999999],[-74.997233,40.08002299999997],[-75.015367,40.09473399999998],[-75.017383,40.09265099999997],[-75.01845600000001,40.09325599999998],[-75.023159,40.09127000000004],[-75.02740600000001,40.09098299999999],[-75.027646,40.09278000000002],[-75.026801,40.09304800000006],[-75.027681,40.095045999999996],[-75.025183,40.095838],[-75.027032,40.09834],[-75.023927,40.100702000000034],[-75.028883,40.102542999999955],[-75.026305,40.10832400000002],[-75.023041,40.112997999999976],[-75.02923,40.115969999999976],[-75.030162,40.11497800000002],[-75.028642,40.114308000000015],[-75.03039400000002,40.112511999999946],[-75.029318,40.11191000000001],[-75.03077,40.110415999999994],[-75.032919,40.11163800000003],[-75.03369300000001,40.11083900000001],[-75.042308,40.11578100000003],[-75.04421600000002,40.115746999999985]]]}},{"type":"Feature","properties":{"district":"116","population":65152,"landAreaSqMi":156.8,"topMunicipalities":[{"name":"Hazleton","classCode":"third_class_city","populationShare":0.45871193516699416},{"name":"Hazle","classCode":"second_class_township","populationShare":0.15631139489194493},{"name":"West Hazleton","classCode":"borough","populationShare":0.07913801571709228},{"name":"Shenandoah","classCode":"borough","populationShare":0.06532416502946956},{"name":"Mahanoy City","classCode":"borough","populationShare":0.05405820235756385}],"topCounties":[{"name":"Luzerne","geoid":"42079","populationShare":0.6941613457760313},{"name":"Schuylkill","geoid":"42107","populationShare":0.30583865422396866}],"classShares":{"borough":0.25033767190569745,"second_class_township":0.29095039292730845,"third_class_city":0.45871193516699416},"medianIncome":50443,"medianHomeValue":131954,"rentBurdenedPct":49.5,"ownerBurdenedPct":25.5,"permitsPer1kPerYear":0.6,"permits5yrTotal":185,"popChange2020to2024Pct":1.0,"parentSenateDistricts":[{"district":"29","overlapShareOfHD":1.000000000000001,"areaShareOfSD":0.1131277363480751}]},"geometry":{"type":"Polygon","coordinates":[[[-76.30717,40.80180900000001],[-76.284611,40.88358799999999],[-76.24966100000002,40.915792],[-76.207827,40.94973999999998],[-76.107975,40.92319799999997],[-76.118527,40.95989899999997],[-76.036699,40.973064999999956],[-76.038117,40.97808900000001],[-76.01609100000002,40.98175500000001],[-76.021996,40.98819999999999],[-76.013165,40.99068299999995],[-76.011673,40.994587999999965],[-75.992015,40.99802300000004],[-75.96206100000002,41.00486500000002],[-75.953171,41.00512],[-75.954546,41.00414700000002],[-75.951439,41.004236],[-75.952978,41.002252000000034],[-75.944864,41.00242399999999],[-75.9447,40.998686000000035],[-75.934817,40.99889400000003],[-75.935193,41.010650999999974],[-75.904749,41.01131799999997],[-75.888009,40.952279],[-75.997636,40.913259],[-75.957873,40.87866700000001],[-75.959994,40.878368999999985],[-75.964632,40.875510999999975],[-75.972968,40.87262199999999],[-75.974833,40.86932399999998],[-75.976573,40.868164000000014],[-76.00111800000002,40.863494999999965],[-76.01147,40.86473800000002],[-76.027204,40.861289999999975],[-76.028555,40.86266600000001],[-76.029268,40.86599200000003],[-76.032531,40.86698300000004],[-76.030349,40.86863699999997],[-76.03573300000001,40.871827999999994],[-76.038088,40.870712000000076],[-76.055127,40.86726200000003],[-76.073338,40.86454599999998],[-76.079491,40.86286099999996],[-76.09251300000001,40.86123099999999],[-76.096587,40.858857],[-76.098423,40.85952],[-76.098097,40.862379000000004],[-76.10738700000002,40.857152000000006],[-76.079987,40.823350000000005],[-76.097311,40.80882400000001],[-76.10722300000002,40.807205999999965],[-76.105018,40.80123800000002],[-76.12237700000001,40.797356999999984],[-76.121557,40.79475900000003],[-76.138599,40.79070800000003],[-76.139697,40.79343900000002],[-76.164221,40.787544999999966],[-76.163082,40.78488600000004],[-76.180541,40.78067999999998],[-76.18486,40.79137800000006],[-76.19182200000002,40.789766999999976],[-76.194277,40.797152999999945],[-76.197093,40.79665899999996],[-76.199481,40.804629000000006],[-76.210553,40.80269599999997],[-76.216314,40.82098299999997],[-76.204214,40.82381899999996],[-76.173568,40.827606000000046],[-76.179496,40.84766900000002],[-76.30717,40.80180900000001]]]}},{"type":"Feature","properties":{"district":"9","population":63470,"landAreaSqMi":201.2,"topMunicipalities":[{"name":"New Castle","classCode":"third_class_city","populationShare":0.3423192059240588},{"name":"Neshannock","classCode":"second_class_township","populationShare":0.15394674649440696},{"name":"Shenango","classCode":"second_class_township","populationShare":0.11181660627067902},{"name":"Union","classCode":"second_class_township","populationShare":0.07769024736095786},{"name":"North Beaver","classCode":"second_class_township","populationShare":0.062123838033716655}],"topCounties":[{"name":"Lawrence","geoid":"42073","populationShare":1.0}],"classShares":{"borough":0.06434536001260434,"second_class_township":0.5933354340633368,"third_class_city":0.3423192059240588},"medianIncome":63446,"medianHomeValue":134809,"rentBurdenedPct":47.5,"ownerBurdenedPct":16.4,"permitsPer1kPerYear":0.7,"permits5yrTotal":211,"popChange2020to2024Pct":-2.1,"parentSenateDistricts":[{"district":"50","overlapShareOfHD":0.9999999999999992,"areaShareOfSD":0.10159712563601053}]},"geometry":{"type":"Polygon","coordinates":[[[-80.51918500000001,40.90245099999999],[-80.519037,41.12509300000003],[-80.257933,41.12816499999998],[-80.257946,41.11733900000001],[-80.25849,41.11610200000002],[-80.261428,41.11600699999996],[-80.261956,41.11384100000001],[-80.263057,41.113983000000005],[-80.262246,41.11291800000002],[-80.263167,41.10999799999998],[-80.258706,41.11154799999999],[-80.258325,41.11073900000003],[-80.259146,41.050650000000005],[-80.258473,40.99911800000004],[-80.266926,40.99893000000002],[-80.266299,40.97368100000006],[-80.270025,40.97363200000001],[-80.268427,40.937735000000025],[-80.264631,40.93725199999995],[-80.263986,40.90900199999997],[-80.45254300000002,40.90523000000001],[-80.51918500000001,40.90245099999999]]]}},{"type":"Feature","properties":{"district":"180","population":42966,"landAreaSqMi":3.9,"topMunicipalities":[{"name":"Philadelphia","classCode":"first_class_city","populationShare":1.0}],"topCounties":[{"name":"Philadelphia","geoid":"42101","populationShare":1.0}],"classShares":{"first_class_city":1.0},"medianIncome":35275,"medianHomeValue":106413,"rentBurdenedPct":63.3,"ownerBurdenedPct":31.9,"permitsPer1kPerYear":5.0,"permits5yrTotal":1065,"popChange2020to2024Pct":-1.9,"parentSenateDistricts":[{"district":"2","overlapShareOfHD":0.9999999999999991,"areaShareOfSD":0.22487132546385602}]},"geometry":{"type":"Polygon","coordinates":[[[-75.137669,40.003644999999985],[-75.134194,40.019619000000034],[-75.125023,40.01843500000001],[-75.12598800000002,40.01386199999996],[-75.108087,40.011547000000014],[-75.107249,40.016682999999986],[-75.10257000000001,40.01596399999995],[-75.098803,40.01634500000001],[-75.099691,40.01208299999998],[-75.09436300000002,40.011383000000016],[-75.094909,40.009557999999984],[-75.092133,40.007343999999996],[-75.092794,40.00564300000001],[-75.088099,40.003103999999986],[-75.08637,39.998895000000005],[-75.106326,39.988524000000005],[-75.106748,39.98897999999997],[-75.11188700000001,39.98629600000001],[-75.11235600000002,39.98702],[-75.117557,39.98430099999998],[-75.124722,39.99025699999997],[-75.12549100000001,39.98983600000001],[-75.130898,39.99088999999996],[-75.129704,39.99389999999999],[-75.128553,39.993578],[-75.130083,39.99473099999998],[-75.12926,39.99853899999996],[-75.133351,39.998537000000006],[-75.13193700000001,40.005156000000035],[-75.137669,40.003644999999985]]]}},{"type":"Feature","properties":{"district":"181","population":30935,"landAreaSqMi":2.8,"topMunicipalities":[{"name":"Philadelphia","classCode":"first_class_city","populationShare":1.0}],"topCounties":[{"name":"Philadelphia","geoid":"42101","populationShare":1.0}],"classShares":{"first_class_city":1.0},"medianIncome":56698,"medianHomeValue":331885,"rentBurdenedPct":49.6,"ownerBurdenedPct":25.7,"permitsPer1kPerYear":50.4,"permits5yrTotal":7788,"popChange2020to2024Pct":-1.9,"parentSenateDistricts":[{"district":"3","overlapShareOfHD":0.7982744765989185,"areaShareOfSD":0.15824524293764397},{"district":"1","overlapShareOfHD":0.20172552340108116,"areaShareOfSD":0.021107875953607007}]},"geometry":{"type":"Polygon","coordinates":[[[-75.174771,39.98244399999997],[-75.157581,39.98022300000005],[-75.153782,39.997718],[-75.147717,39.99997399999995],[-75.147404,39.99923999999997],[-75.146219,39.999668],[-75.146731,39.997626999999966],[-75.14411500000001,39.997295],[-75.14444,39.99579899999995],[-75.141495,39.99542200000003],[-75.142173,39.992343000000005],[-75.146089,39.992848],[-75.146432,39.99125800000001],[-75.144169,39.99096600000002],[-75.145126,39.98648499999999],[-75.143844,39.984683],[-75.14501,39.978596999999986],[-75.141349,39.97812100000001],[-75.14102,39.97961700000001],[-75.135504,39.978900000000024],[-75.135827,39.97740900000001],[-75.13181100000001,39.97680399999998],[-75.13337400000002,39.97408999999998],[-75.139715,39.974897],[-75.140214,39.97259300000004],[-75.14143300000002,39.972470999999956],[-75.141518,39.96975800000001],[-75.146543,39.97038000000002],[-75.148181,39.96141800000005],[-75.161384,39.962474],[-75.163093,39.95439999999999],[-75.16636500000001,39.95481599999997],[-75.167803,39.955934999999954],[-75.167161,39.958692000000006],[-75.170341,39.959091000000015],[-75.169701,39.96206199999997],[-75.171263,39.96225599999999],[-75.170958,39.96369200000002],[-75.16937800000001,39.963498000000016],[-75.16722,39.97339700000001],[-75.170428,39.97911199999997],[-75.174771,39.98244399999997]]]}},{"type":"Feature","properties":{"district":"182","population":17985,"landAreaSqMi":1.6,"topMunicipalities":[{"name":"Philadelphia","classCode":"first_class_city","populationShare":1.0}],"topCounties":[{"name":"Philadelphia","geoid":"42101","populationShare":1.0}],"classShares":{"first_class_city":1.0},"medianIncome":101990,"medianHomeValue":577145,"rentBurdenedPct":41.6,"ownerBurdenedPct":22.6,"permitsPer1kPerYear":34.9,"permits5yrTotal":3139,"popChange2020to2024Pct":-1.9,"parentSenateDistricts":[{"district":"1","overlapShareOfHD":0.9999999999999992,"areaShareOfSD":0.06083310715501082}]},"geometry":{"type":"Polygon","coordinates":[[[-75.188299,39.94640900000003],[-75.183288,39.949511999999984],[-75.180223,39.95447200000004],[-75.170007,39.95317099999999],[-75.16957,39.955204999999964],[-75.167989,39.955008000000035],[-75.167803,39.955934999999954],[-75.16636500000001,39.95481599999997],[-75.163093,39.95439999999999],[-75.162594,39.952242],[-75.156735,39.951530000000005],[-75.157641,39.947348000000005],[-75.15607000000001,39.94714799999999],[-75.157058,39.94259600000001],[-75.152891,39.94163899999997],[-75.153065,39.938762999999994],[-75.151495,39.93851399999996],[-75.152068,39.93597299999998],[-75.153589,39.936377],[-75.1537,39.93589499999996],[-75.153861,39.935126000000025],[-75.152339,39.93471700000001],[-75.152893,39.932208],[-75.16764,39.93415000000004],[-75.166204,39.94081299999995],[-75.170955,39.941403999999984],[-75.171125,39.940626000000044],[-75.177761,39.94146100000001],[-75.177374,39.94323100000002],[-75.182352,39.94338700000001],[-75.180611,39.944631000000015],[-75.187251,39.94555899999999],[-75.188299,39.94640900000003]]]}},{"type":"Feature","properties":{"district":"183","population":66366,"landAreaSqMi":121.9,"topMunicipalities":[{"name":"North Whitehall","classCode":"second_class_township","populationShare":0.2365961947820462},{"name":"Lehigh","classCode":"second_class_township","populationShare":0.16193474113633033},{"name":"Northampton","classCode":"borough","populationShare":0.1561938705330973},{"name":"Allen","classCode":"second_class_township","populationShare":0.08202965764829083},{"name":"East Allen","classCode":"second_class_township","populationShare":0.07711752164657448}],"topCounties":[{"name":"Northampton","geoid":"42095","populationShare":0.666004887686993},{"name":"Lehigh","geoid":"42077","populationShare":0.3339951123130071}],"classShares":{"borough":0.3378374272836749,"second_class_township":0.6621625727163252},"medianIncome":95180,"medianHomeValue":281325,"rentBurdenedPct":45.3,"ownerBurdenedPct":20.9,"permitsPer1kPerYear":2.8,"permits5yrTotal":942,"popChange2020to2024Pct":2.4,"parentSenateDistricts":[{"district":"14","overlapShareOfHD":0.6446172807704388,"areaShareOfSD":0.42911384231468813},{"district":"16","overlapShareOfHD":0.35538271922956177,"areaShareOfSD":0.07933390737495982}]},"geometry":{"type":"Polygon","coordinates":[[[-75.71482600000002,40.66250599999997],[-75.678633,40.67154000000003],[-75.676576,40.66851399999998],[-75.633067,40.671810999999984],[-75.638591,40.67968200000002],[-75.605102,40.70211300000003],[-75.580552,40.73472500000001],[-75.587902,40.73388699999995],[-75.590206,40.734463],[-75.592558,40.73612700000001],[-75.597602,40.74461000000003],[-75.601038,40.744371000000015],[-75.602896,40.74564100000004],[-75.61997700000002,40.74102100000002],[-75.624458,40.751413999999954],[-75.611084,40.754542],[-75.611465,40.75591800000002],[-75.610656,40.75611699999998],[-75.61047,40.757756],[-75.613566,40.75842300000001],[-75.614299,40.760211000000005],[-75.616974,40.76079500000002],[-75.618136,40.769234],[-75.621517,40.770248000000024],[-75.622362,40.77373700000006],[-75.62169200000001,40.77222600000002],[-75.619279,40.77157900000002],[-75.619258,40.77041900000004],[-75.612026,40.768859000000035],[-75.612106,40.76821299999997],[-75.609236,40.768431],[-75.608626,40.76723799999996],[-75.607848,40.767341000000016],[-75.60783,40.76603300000002],[-75.608793,40.76605399999994],[-75.608462,40.76448800000001],[-75.609288,40.764365999999995],[-75.608608,40.75972799999998],[-75.607802,40.758156000000064],[-75.605689,40.75853700000004],[-75.606916,40.76861699999996],[-75.604525,40.768814999999975],[-75.606659,40.77131899999998],[-75.60659,40.773006999999986],[-75.604665,40.775776999999955],[-75.604777,40.77761999999999],[-75.605459,40.78078300000003],[-75.608985,40.787387000000045],[-75.602608,40.788043000000016],[-75.598411,40.79012399999997],[-75.595453,40.79330200000005],[-75.57748800000002,40.79941399999997],[-75.57482,40.79914799999999],[-75.56509100000001,40.801104999999964],[-75.557532,40.80118800000001],[-75.55135900000002,40.80455200000004],[-75.541549,40.806815000000036],[-75.528444,40.80672499999998],[-75.519045,40.808813],[-75.508018,40.80910100000002],[-75.478546,40.81308400000002],[-75.472541,40.81505500000002],[-75.443267,40.818276],[-75.4352,40.79206199999996],[-75.428136,40.78913999999999],[-75.423523,40.788744999999984],[-75.422794,40.78712000000001],[-75.419214,40.78837100000003],[-75.415373,40.78670199999999],[-75.41450200000001,40.78725999999996],[-75.411793,40.776896000000015],[-75.412063,40.773389999999985],[-75.410574,40.77147999999996],[-75.409863,40.76618200000001],[-75.408109,40.764027999999996],[-75.407194,40.758238000000034],[-75.409128,40.757078],[-75.406812,40.755283000000034],[-75.40244199999998,40.73657100000004],[-75.383432,40.73797800000003],[-75.376568,40.69376499999998],[-75.481469,40.65574400000004],[-75.483933,40.65961599999996],[-75.483627,40.666996],[-75.485787,40.67255999999999],[-75.48922,40.675992999999956],[-75.49592700000001,40.677896000000004],[-75.497979,40.679154999999966],[-75.503053,40.689715],[-75.509745,40.69415799999995],[-75.515628,40.70219599999996],[-75.547495,40.69102600000004],[-75.535337,40.661250999999965],[-75.5295,40.65475000000001],[-75.620263,40.620749],[-75.644889,40.597599000000024],[-75.71482600000002,40.66250599999997]]]}},{"type":"Feature","properties":{"district":"184","population":80176,"landAreaSqMi":5.8,"topMunicipalities":[{"name":"Philadelphia","classCode":"first_class_city","populationShare":1.0}],"topCounties":[{"name":"Philadelphia","geoid":"42101","populationShare":1.0}],"classShares":{"first_class_city":1.0},"medianIncome":82850,"medianHomeValue":309042,"rentBurdenedPct":39.0,"ownerBurdenedPct":24.7,"permitsPer1kPerYear":4.2,"permits5yrTotal":1702,"popChange2020to2024Pct":-1.9,"parentSenateDistricts":[{"district":"1","overlapShareOfHD":0.9999999999999998,"areaShareOfSD":0.2711955365121145}]},"geometry":{"type":"Polygon","coordinates":[[[-75.176341,39.89399699999999],[-75.16764,39.93415000000004],[-75.14617,39.931321000000004],[-75.145702,39.93343799999998],[-75.135912,39.932444999999966],[-75.135178,39.92869799999997],[-75.13035,39.917404000000005],[-75.129275,39.90748099999998],[-75.13320300000001,39.89626400000001],[-75.135853,39.891266000000044],[-75.139555,39.88737400000002],[-75.144606,39.88433900000004],[-75.159972,39.883192],[-75.174311,39.88108499999997],[-75.176341,39.89399699999999]]]}},{"type":"Feature","properties":{"district":"148","population":63775,"landAreaSqMi":29.7,"topMunicipalities":[{"name":"Lower Merion","classCode":"first_class_township","populationShare":0.6192529903620777},{"name":"Whitemarsh","classCode":"second_class_township","populationShare":0.3104682806536061},{"name":"Narberth","classCode":"borough","populationShare":0.07027872898431622}],"topCounties":[{"name":"Montgomery","geoid":"42091","populationShare":1.0}],"classShares":{"borough":0.07027872898431622,"first_class_township":0.6192529903620777,"second_class_township":0.3104682806536061},"medianIncome":171024,"medianHomeValue":702069,"rentBurdenedPct":37.9,"ownerBurdenedPct":17.9,"permitsPer1kPerYear":1.9,"permits5yrTotal":593,"popChange2020to2024Pct":2.0,"parentSenateDistricts":[{"district":"17","overlapShareOfHD":0.5075778170740245,"areaShareOfSD":0.1838677168054272},{"district":"7","overlapShareOfHD":0.4924221829259772,"areaShareOfSD":0.36465574941869894}]},"geometry":{"type":"Polygon","coordinates":[[[-75.306693,40.065120000000014],[-75.305614,40.06896500000001],[-75.298624,40.069502],[-75.289979,40.07857400000002],[-75.294865,40.08151300000004],[-75.293815,40.08255300000001],[-75.295279,40.08339100000001],[-75.295506,40.08181600000002],[-75.297373,40.08290300000001],[-75.233397,40.150590999999984],[-75.196295,40.127838000000004],[-75.256094,40.06712299999997],[-75.252209,40.065278],[-75.264431,40.05409400000003],[-75.257655,40.047610999999996],[-75.249039,40.041848000000044],[-75.24524000000001,40.03736300000001],[-75.231987,40.027994999999954],[-75.218888,40.02149300000008],[-75.21221900000002,40.015460999999995],[-75.205978,40.011722999999996],[-75.210619,40.00865200000001],[-75.256119,39.98730099999997],[-75.26368700000002,39.98265799999999],[-75.276482,39.97695900000002],[-75.286766,39.98995600000001],[-75.284744,39.989261999999975],[-75.282193,39.99143499999998],[-75.279304,39.989856999999965],[-75.275271,39.99655100000002],[-75.277564,39.999258999999995],[-75.276342,39.99957099999999],[-75.276942,40.000488000000004],[-75.276185,40.001272],[-75.273509,40.00280899999998],[-75.279608,40.00333400000003],[-75.285062,40.00573000000006],[-75.283261,40.00652199999998],[-75.284044,40.00914199999996],[-75.286912,40.00927300000004],[-75.287721,40.01590199999997],[-75.284611,40.021235999999995],[-75.28429600000001,40.024223000000006],[-75.28764,40.02887500000005],[-75.287123,40.031801000000044],[-75.28927600000002,40.032469000000006],[-75.292376,40.03538699999999],[-75.297293,40.03609700000001],[-75.298152,40.038355999999986],[-75.300741,40.03738300000004],[-75.301524,40.03888899999998],[-75.30147,40.040980000000026],[-75.29422,40.04360300000002],[-75.29353700000001,40.04445599999998],[-75.292071,40.04375499999996],[-75.290922,40.04128099999999],[-75.287893,40.04127799999997],[-75.28268300000002,40.04323000000001],[-75.287858,40.04757700000001],[-75.292344,40.04728599999997],[-75.293904,40.050505999999956],[-75.29667700000002,40.050957999999966],[-75.30129200000002,40.05847799999999],[-75.306281,40.063061999999995],[-75.306693,40.065120000000014]]]}},{"type":"Feature","properties":{"district":"83","population":64729,"landAreaSqMi":209.7,"topMunicipalities":[{"name":"Williamsport","classCode":"third_class_city","populationShare":0.42684113766627046},{"name":"Loyalsock","classCode":"second_class_township","populationShare":0.17755565511594468},{"name":"South Williamsport","classCode":"borough","populationShare":0.09603114523629283},{"name":"Gregg","classCode":"second_class_township","populationShare":0.06891810471349778},{"name":"White Deer","classCode":"second_class_township","populationShare":0.06791391802746836}],"topCounties":[{"name":"Lycoming","geoid":"42081","populationShare":0.8631679772590338},{"name":"Union","geoid":"42119","populationShare":0.13683202274096615}],"classShares":{"borough":0.13902578442429206,"second_class_township":0.43413307790943756,"third_class_city":0.42684113766627046},"medianIncome":61619,"medianHomeValue":179249,"rentBurdenedPct":47.5,"ownerBurdenedPct":18.1,"permitsPer1kPerYear":0.4,"permits5yrTotal":143,"popChange2020to2024Pct":-1.4,"parentSenateDistricts":[{"district":"23","overlapShareOfHD":1.000000000000006,"areaShareOfSD":0.04968420977753147}]},"geometry":{"type":"Polygon","coordinates":[[[-77.180521,41.084311999999976],[-77.066617,41.14879599999996],[-77.085793,41.19314800000003],[-77.079903,41.20695699999997],[-77.112555,41.201997000000006],[-77.177447,41.18908900000001],[-77.177489,41.194145],[-77.171522,41.19599899999997],[-77.164852,41.199177000000006],[-77.162398,41.20159899999999],[-77.158838,41.20872799999997],[-77.153159,41.21503900000001],[-77.148458,41.222478000000024],[-77.145758,41.224897999999996],[-77.139397,41.228357],[-77.136469,41.22916800000001],[-77.130262,41.22906600000002],[-77.118553,41.225957999999984],[-77.107972,41.22444099999995],[-77.093741,41.22129499999999],[-77.089647,41.237883999999994],[-77.091863,41.241546000000056],[-77.095058,41.24320099999997],[-77.046743,41.24611099999996],[-77.042207,41.25116599999998],[-77.03969,41.25721200000004],[-77.040695,41.264687999999964],[-77.043006,41.267214000000024],[-77.04817700000001,41.26748299999998],[-77.05153,41.26867999999999],[-77.063174,41.27870900000002],[-77.062492,41.28139799999999],[-77.051903,41.290728000000016],[-77.05168300000001,41.29365600000002],[-77.05471700000001,41.297228],[-76.912729,41.29661499999999],[-76.915029,41.294680999999976],[-76.916135,41.286816],[-76.914494,41.28188200000002],[-76.918195,41.27818299999997],[-76.922779,41.26632499999997],[-76.926584,41.26339599999998],[-76.929883,41.262508999999994],[-76.932133,41.26102399999999],[-76.936062,41.26132200000004],[-76.93540200000001,41.24810300000003],[-76.933569,41.24339500000004],[-76.937358,41.24125999999998],[-76.940004,41.23738099999997],[-76.94336300000002,41.23451500000001],[-76.94094500000001,41.232900000000036],[-76.936956,41.231722],[-76.932771,41.23236299999997],[-76.925459,41.231880999999994],[-76.914826,41.234531999999994],[-76.911841,41.23348099999996],[-76.909806,41.23082],[-76.90682,41.22959799999999],[-76.883511,41.231025],[-76.869407,41.23316599999999],[-76.865939,41.23189699999998],[-76.864935,41.230118],[-76.849948,41.229435999999986],[-76.838357,41.227422000000004],[-76.83064100000001,41.22716900000001],[-76.826511,41.22917199999999],[-76.824307,41.22928300000001],[-76.819252,41.227647000000005],[-76.810788,41.22005399999994],[-76.80448600000001,41.20986200000002],[-76.802707,41.204936],[-76.803637,41.19538],[-76.806573,41.18991100000003],[-76.809664,41.18678999999999],[-76.823619,41.17823299999999],[-76.82926,41.176239999999986],[-76.843336,41.173249999999975],[-76.855112,41.171719],[-76.873652,41.16413299999999],[-76.880963,41.15804399999999],[-76.884155,41.15734599999998],[-76.888145,41.153806999999986],[-76.897522,41.13596200000001],[-76.897919,41.13298000000002],[-76.895705,41.12381700000004],[-76.895806,41.11956000000006],[-76.88958,41.100638000000025],[-76.88348300000001,41.09273399999999],[-76.879629,41.089911],[-76.872268,41.08228600000001],[-76.8645,41.079871999999966],[-76.860045,41.07572900000001],[-76.857878,41.07205600000002],[-76.85698500000001,41.066017000000016],[-76.857809,41.06251500000004],[-76.857576,41.055465999999996],[-76.856276,41.04828299999996],[-76.859269,41.04085800000003],[-76.861293,41.03806000000002],[-76.861249,41.028489000000015],[-76.864544,41.01979499999998],[-76.89256,41.01872599999996],[-76.905412,41.01991799999996],[-76.977795,41.019489000000064],[-76.976982,41.02167599999996],[-76.97854900000002,41.02428999999994],[-76.980519,41.02512000000001],[-76.980462,41.02625799999996],[-76.985315,41.02602699999999],[-76.986422,41.026787000000006],[-76.990025,41.02673399999996],[-77.001848,41.02903500000002],[-77.003368,41.02807500000004],[-77.015475,41.030418000000026],[-77.019288,41.028671000000024],[-77.043285,41.02840800000003],[-77.045829,41.02671],[-77.049322,41.02665600000004],[-77.057352,41.02441500000005],[-77.0588,41.02548499999995],[-77.062007,41.03561000000001],[-77.05877,41.03823100000001],[-77.058088,41.08557499999999],[-77.06823600000001,41.085231],[-77.113839,41.06903199999995],[-77.164278,41.06870800000002],[-77.180521,41.084311999999976]]]}},{"type":"Feature","properties":{"district":"76","population":62470,"landAreaSqMi":1118.1,"topMunicipalities":[{"name":"Lock Haven","classCode":"third_class_city","populationShare":0.1342404354089964},{"name":"Lewisburg","classCode":"borough","populationShare":0.08399231631182964},{"name":"Kelly","classCode":"second_class_township","populationShare":0.06159756683207931},{"name":"Buffalo","classCode":"second_class_township","populationShare":0.057403553705778765},{"name":"Mifflinburg","classCode":"borough","populationShare":0.055450616295821986}],"topCounties":[{"name":"Clinton","geoid":"42035","populationShare":0.6036017288298385},{"name":"Union","geoid":"42119","populationShare":0.3963982711701615}],"classShares":{"borough":0.2631823275172082,"second_class_township":0.6025772370737954,"third_class_city":0.1342404354089964},"medianIncome":62341,"medianHomeValue":191281,"rentBurdenedPct":42.4,"ownerBurdenedPct":20.1,"permitsPer1kPerYear":1.0,"permits5yrTotal":309,"popChange2020to2024Pct":0.3,"parentSenateDistricts":[{"district":"25","overlapShareOfHD":0.7963898614574798,"areaShareOfSD":0.1653474799936745},{"district":"23","overlapShareOfHD":0.20361013854252488,"areaShareOfSD":0.05327499365093413}]},"geometry":{"type":"Polygon","coordinates":[[[-78.093318,41.21703000000003],[-78.013264,41.331022000000026],[-77.988786,41.36745299999999],[-77.989194,41.47482199999998],[-77.794519,41.477319],[-77.598129,41.47857599999997],[-77.597282,41.44105599999999],[-77.584671,41.441301000000045],[-77.580623,41.43578999999998],[-77.57520900000002,41.420497999999995],[-77.57024,41.41469199999999],[-77.564166,41.41244600000002],[-77.549758,41.39491500000002],[-77.542051,41.38181600000003],[-77.539992,41.368026999999984],[-77.537438,41.36480299999998],[-77.526663,41.35856300000005],[-77.51702600000002,41.35598000000003],[-77.499931,41.353953000000004],[-77.486274,41.345786999999994],[-77.476272,41.33852500000004],[-77.47461,41.335317999999994],[-77.474962,41.32524699999996],[-77.471294,41.313309999999966],[-77.466365,41.309184999999985],[-77.455601,41.30399700000003],[-77.452615,41.299464],[-77.450664,41.294119000000016],[-77.445158,41.28776200000002],[-77.441655,41.285943],[-77.434549,41.28462900000002],[-77.429878,41.28263000000001],[-77.424945,41.27310300000001],[-77.42119600000001,41.27103900000004],[-77.415885,41.26998000000003],[-77.411117,41.26660299999997],[-77.406006,41.26162799999999],[-77.404292,41.25799600000001],[-77.399043,41.25305300000003],[-77.378827,41.23882200000003],[-77.37494700000002,41.236808999999965],[-77.370088,41.23268],[-77.367541,41.23236899999997],[-77.362729,41.23357999999997],[-77.358047,41.23059700000001],[-77.352749,41.23000200000001],[-77.349627,41.228873],[-77.349397,41.22428399999997],[-77.348514,41.22325],[-77.35135600000001,41.220175999999974],[-77.334303,41.220476],[-77.331063,41.219428],[-77.329924,41.21957899999998],[-77.329517,41.220668999999965],[-77.328503,41.21925600000003],[-77.32576,41.219697999999994],[-77.323411,41.21863800000002],[-77.320891,41.21893199999999],[-77.306364,41.208077000000024],[-77.29901,41.200967],[-77.292404,41.197146999999994],[-77.29058,41.19509999999998],[-77.293651,41.19106899999998],[-77.292256,41.18530399999997],[-77.28830600000002,41.18298999999999],[-77.283285,41.18267300000004],[-77.277411,41.18053899999996],[-77.275589,41.17910499999999],[-77.27245,41.17544300000006],[-77.272018,41.17253400000003],[-77.262231,41.16240899999993],[-77.164278,41.06870800000002],[-77.113839,41.06903199999995],[-77.06823600000001,41.085231],[-77.058088,41.08557499999999],[-77.05877,41.03823100000001],[-77.062007,41.03561000000001],[-77.0588,41.02548499999995],[-77.057352,41.02441500000005],[-77.049322,41.02665600000004],[-77.045829,41.02671],[-77.043285,41.02840800000003],[-77.019288,41.028671000000024],[-77.015475,41.030418000000026],[-77.003368,41.02807500000004],[-77.001848,41.02903500000002],[-76.990025,41.02673399999996],[-76.986422,41.026787000000006],[-76.985315,41.02602699999999],[-76.980462,41.02625799999996],[-76.980519,41.02512000000001],[-76.97854900000002,41.02428999999994],[-76.976982,41.02167599999996],[-76.977795,41.019489000000064],[-76.905412,41.01991799999996],[-76.89256,41.01872599999996],[-76.864544,41.01979499999998],[-76.86743,41.007749000000054],[-76.867584,40.99846800000004],[-76.868554,40.99497199999996],[-76.876426,40.983196999999976],[-76.882344,40.97145700000002],[-76.882249,40.968762999999996],[-76.877144,40.959488999999984],[-76.8773,40.95457900000002],[-76.878001,40.95446200000004],[-76.878741,40.95629299999996],[-76.880949,40.955655000000014],[-76.88593,40.95857399999999],[-76.889982,40.95479700000002],[-76.891715,40.95788200000001],[-76.892575,40.965239],[-76.89345,40.96611499999999],[-76.894573,40.966079],[-76.894369,40.963303999999944],[-76.905669,40.96242800000002],[-76.90589600000001,40.964006999999995],[-76.955322,40.95361300000002],[-76.95471400000001,40.94582299999998],[-76.956217,40.94092000000003],[-76.953183,40.93464299999999],[-76.952565,40.923135],[-76.95636500000002,40.90071400000001],[-76.956209,40.884019999999985],[-76.970009,40.880928000000026],[-76.970916,40.87854700000002],[-76.973163,40.877131999999996],[-76.99366,40.875139],[-76.995077,40.874454999999976],[-76.995357,40.87272000000006],[-76.996578,40.872036],[-77.000016,40.872571999999984],[-77.004828,40.87212900000002],[-77.011309,40.86876799999997],[-77.012426,40.86627500000001],[-77.014989,40.863692],[-77.015473,40.860924],[-77.019873,40.85792899999999],[-77.024901,40.85748899999997],[-77.031864,40.86411399999999],[-77.036801,40.86477200000001],[-77.038472,40.86288000000004],[-77.042657,40.86342900000005],[-77.044755,40.86584800000001],[-77.048437,40.86658399999996],[-77.052027,40.869386999999975],[-77.074058,40.86833300000005],[-77.129574,40.85379399999998],[-77.321639,40.81710199999998],[-77.356628,40.80733400000001],[-77.357113,40.84448399999997],[-77.36418,40.84693700000002],[-77.279236,40.909710000000004],[-77.204027,40.99271000000003],[-77.143804,41.042801000000004],[-77.14416,41.04433800000001],[-77.339925,40.987166999999985],[-77.393907,40.97828500000004],[-77.440274,40.97444800000003],[-77.508596,40.962938],[-77.580194,41.04726999999999],[-77.561736,41.057642],[-77.568667,41.06614800000003],[-77.570696,41.06628499999999],[-77.574394,41.068775999999936],[-77.582234,41.067214000000014],[-77.583821,41.07009699999998],[-77.588831,41.071729],[-77.591293,41.070722999999994],[-77.591916,41.07443899999998],[-77.595262,41.077710999999994],[-77.598765,41.07977899999997],[-77.606958,41.083166000000034],[-77.608863,41.08334200000002],[-77.613603,41.086527],[-77.620948,41.08908700000002],[-77.621759,41.091185000000024],[-77.629461,41.09310699999997],[-77.62983800000002,41.09459899999998],[-77.630995,41.094065000000015],[-77.63257700000001,41.09534499999999],[-77.635548,41.09501199999996],[-77.639515,41.09692200000001],[-77.641218,41.09668500000001],[-77.647666,41.09807999999998],[-77.650067,41.09755299999999],[-77.65897,41.10095499999995],[-77.660191,41.102844999999974],[-77.660812,41.10675799999999],[-77.66331,41.108844999999995],[-77.66592,41.10877800000001],[-77.672047,41.10523599999999],[-77.675589,41.105976],[-77.680354,41.108886000000005],[-77.683751,41.109306000000004],[-77.686219,41.108395000000016],[-77.687073,41.10727999999998],[-77.691,41.10626699999999],[-77.69549,41.10760000000002],[-77.706619,41.113887000000005],[-77.709323,41.11147499999996],[-77.711683,41.11113699999998],[-77.713691,41.10628800000001],[-77.716364,41.10508300000004],[-77.72049,41.105536000000036],[-77.724784,41.107392999999995],[-77.725608,41.110142],[-77.728725,41.11146700000003],[-77.733532,41.11019099999995],[-77.738071,41.10758400000003],[-77.743433,41.10769899999998],[-77.746675,41.106261000000025],[-77.777996,41.14661199999996],[-77.789563,41.142127],[-77.790009,41.177142],[-77.897667,41.17691799999995],[-77.898262,41.25266499999996],[-77.903614,41.24772099999996],[-77.912618,41.24197699999997],[-77.92180100000002,41.22745599999997],[-77.924661,41.22623800000002],[-77.93450000000001,41.22638300000005],[-77.937909,41.22484099999999],[-77.939188,41.22108199999999],[-77.93535,41.213438000000004],[-77.93709,41.21033599999998],[-77.940833,41.209436000000004],[-77.943601,41.21029199999999],[-77.950606,41.213791],[-77.955615,41.217427000000065],[-77.959438,41.217497000000016],[-77.962032,41.215289],[-77.96565,41.209584],[-77.971751,41.205939000000015],[-77.973078,41.20418799999997],[-77.973715,41.19239399999998],[-77.970778,41.17469700000003],[-77.973012,41.173021],[-77.983694,41.170713999999975],[-77.986711,41.16379900000002],[-77.98939,41.161879000000006],[-77.997908,41.16336899999998],[-78.000753,41.16165999999996],[-78.001796,41.15813299999998],[-78.0006,41.14886200000006],[-78.002649,41.14575999999998],[-78.005941,41.143601000000004],[-78.009105,41.143315999999984],[-78.011163,41.144198],[-78.01447600000002,41.151996],[-78.015729,41.15289999999999],[-78.020159,41.152733999999946],[-78.024602,41.150784999999985],[-78.028594,41.15032499999999],[-78.034969,41.153920000000014],[-78.03817100000002,41.15360299999999],[-78.061007,41.174538999999974],[-78.093318,41.21703000000003]]]}},{"type":"Feature","properties":{"district":"163","population":74138,"landAreaSqMi":7.3,"topMunicipalities":[{"name":"Upper Darby","classCode":"first_class_township","populationShare":0.6819729449212308},{"name":"Collingdale","classCode":"borough","populationShare":0.1195333188840627},{"name":"Clifton Heights","classCode":"borough","populationShare":0.09200369759740365},{"name":"Aldan","classCode":"borough","populationShare":0.05690713973954642},{"name":"Darby","classCode":"first_class_township","populationShare":0.04958289885775637}],"topCounties":[{"name":"Delaware","geoid":"42045","populationShare":1.0}],"classShares":{"borough":0.26844415622101275,"first_class_township":0.7315558437789873},"medianIncome":79851,"medianHomeValue":217626,"rentBurdenedPct":45.7,"ownerBurdenedPct":27.9,"permitsPer1kPerYear":0.0,"permits5yrTotal":14,"popChange2020to2024Pct":0.4,"parentSenateDistricts":[{"district":"26","overlapShareOfHD":0.8031263285690667,"areaShareOfSD":0.10864511676119486},{"district":"8","overlapShareOfHD":0.19687367143093043,"areaShareOfSD":0.05161843994842455}]},"geometry":{"type":"Polygon","coordinates":[[[-75.331717,39.95222799999994],[-75.302404,39.964884999999974],[-75.29996000000001,39.961608999999996],[-75.296921,39.96290200000004],[-75.29407099999999,39.96164500000001],[-75.298748,39.95999700000001],[-75.296514,39.95882],[-75.294961,39.956667],[-75.284556,39.96014199999997],[-75.279498,39.954961000000004],[-75.276702,39.95398],[-75.282057,39.95150900000002],[-75.278453,39.94801699999996],[-75.289743,39.94311000000001],[-75.286027,39.93545000000003],[-75.284401,39.93519799999998],[-75.283332,39.93150699999998],[-75.282216,39.930473000000006],[-75.278076,39.93408700000001],[-75.276616,39.934811999999994],[-75.275093,39.93459],[-75.275615,39.93350800000003],[-75.273444,39.93198099999996],[-75.271791,39.92820099999997],[-75.272253,39.926758000000014],[-75.270738,39.92516400000003],[-75.275311,39.923225000000016],[-75.267705,39.918573000000016],[-75.263145,39.918189],[-75.264287,39.91725999999998],[-75.265012,39.91427599999997],[-75.285069,39.90580400000001],[-75.286565,39.90762099999999],[-75.28764100000001,39.907126000000034],[-75.288257,39.90788100000001],[-75.292948,39.905709000000016],[-75.2945,39.907038000000064],[-75.29975800000001,39.90481400000001],[-75.30090600000001,39.90589300000001],[-75.302817,39.905998],[-75.305384,39.90764599999997],[-75.30522200000001,39.91003500000004],[-75.306731,39.91161200000001],[-75.313843,39.91691100000001],[-75.310297,39.918894],[-75.311355,39.920313999999976],[-75.310401,39.93374399999998],[-75.308024,39.936638],[-75.30822500000001,39.940529000000026],[-75.314114,39.94431099999996],[-75.319316,39.94276499999998],[-75.322308,39.94442400000002],[-75.327696,39.944949],[-75.328521,39.94625300000001],[-75.328183,39.94891199999998],[-75.331231,39.94953999999997],[-75.331717,39.95222799999994]]]}},{"type":"Feature","properties":{"district":"164","population":49694,"landAreaSqMi":4.6,"topMunicipalities":[{"name":"Upper Darby","classCode":"first_class_township","populationShare":0.6968627899769602},{"name":"Lansdowne","classCode":"borough","populationShare":0.22264405813163254},{"name":"East Lansdowne","classCode":"borough","populationShare":0.05431275423872702},{"name":"Millbourne","classCode":"borough","populationShare":0.026180397652680223}],"topCounties":[{"name":"Delaware","geoid":"42045","populationShare":1.0}],"classShares":{"borough":0.3031372100230398,"first_class_township":0.6968627899769602},"medianIncome":62674,"medianHomeValue":165724,"rentBurdenedPct":54.6,"ownerBurdenedPct":29.1,"permitsPer1kPerYear":0.2,"permits5yrTotal":42,"popChange2020to2024Pct":0.6,"parentSenateDistricts":[{"district":"26","overlapShareOfHD":0.999999999999997,"areaShareOfSD":0.08591179391500943}]},"geometry":{"type":"Polygon","coordinates":[[[-75.302404,39.964884999999974],[-75.280294,39.97499599999999],[-75.278609,39.97226299999998],[-75.27754000000002,39.971127000000024],[-75.276524,39.97122399999999],[-75.275266,39.969364],[-75.270598,39.96865999999998],[-75.269919,39.96738000000005],[-75.265388,39.965224000000006],[-75.260491,39.96631299999999],[-75.258797,39.96557099999999],[-75.257858,39.96359399999999],[-75.25414,39.965403999999985],[-75.250054,39.96504200000001],[-75.24739900000002,39.96324899999998],[-75.24838300000002,39.96042500000002],[-75.250883,39.95902400000001],[-75.248926,39.95662800000002],[-75.25161200000001,39.95204499999998],[-75.251496,39.94925100000001],[-75.247208,39.94390400000003],[-75.27326,39.93153399999998],[-75.275615,39.93350800000003],[-75.275093,39.93459],[-75.276616,39.934811999999994],[-75.282216,39.930473000000006],[-75.283332,39.93150699999998],[-75.284401,39.93519799999998],[-75.286027,39.93545000000003],[-75.289743,39.94311000000001],[-75.278453,39.94801699999996],[-75.282057,39.95150900000002],[-75.276702,39.95398],[-75.279498,39.954961000000004],[-75.284556,39.96014199999997],[-75.294961,39.956667],[-75.296514,39.95882],[-75.298748,39.95999700000001],[-75.29407099999999,39.96164500000001],[-75.296921,39.96290200000004],[-75.29996000000001,39.961608999999996],[-75.302404,39.964884999999974]]]}},{"type":"Feature","properties":{"district":"165","population":66963,"landAreaSqMi":21.1,"topMunicipalities":[{"name":"Springfield","classCode":"first_class_township","populationShare":0.37262249908473327},{"name":"Marple","classCode":"first_class_township","populationShare":0.2397019608287137},{"name":"Upper Providence","classCode":"second_class_township","populationShare":0.1612825821623564},{"name":"Swarthmore","classCode":"borough","populationShare":0.09742662648400123},{"name":"Media","classCode":"borough","populationShare":0.08763020297488033}],"topCounties":[{"name":"Delaware","geoid":"42045","populationShare":1.0}],"classShares":{"borough":0.22639295792419664,"first_class_township":0.6123244599134469,"second_class_township":0.1612825821623564},"medianIncome":132653,"medianHomeValue":460206,"rentBurdenedPct":40.0,"ownerBurdenedPct":20.3,"permitsPer1kPerYear":0.2,"permits5yrTotal":73,"popChange2020to2024Pct":0.7,"parentSenateDistricts":[{"district":"26","overlapShareOfHD":0.9999999999999984,"areaShareOfSD":0.40088613954349256}]},"geometry":{"type":"Polygon","coordinates":[[[-75.431794,39.950579000000005],[-75.423949,39.962514999999975],[-75.42111,39.96131099999996],[-75.41987800000001,39.962976],[-75.418674,39.96321699999997],[-75.414139,39.958910000000046],[-75.377968,39.98409199999999],[-75.374067,39.98376499999995],[-75.363433,39.974196999999975],[-75.360554,39.97551700000001],[-75.359812,39.97476000000002],[-75.360616,39.974144999999986],[-75.351318,39.966381],[-75.355404,39.96352499999998],[-75.353948,39.96200399999998],[-75.352126,39.96256300000003],[-75.348239,39.959589999999984],[-75.34630600000001,39.96184500000002],[-75.34287600000002,39.96202900000003],[-75.340982,39.96451499999996],[-75.33954600000001,39.962655000000055],[-75.340803,39.962492000000005],[-75.340013,39.961301000000006],[-75.34172000000001,39.96009700000001],[-75.339366,39.957741000000006],[-75.341054,39.956335],[-75.339101,39.954992],[-75.336052,39.95441299999995],[-75.33513200000002,39.954973000000024],[-75.332477,39.95327000000004],[-75.331062,39.95106600000001],[-75.331231,39.94953999999997],[-75.328183,39.94891199999998],[-75.328521,39.94625300000001],[-75.327696,39.944949],[-75.322308,39.94442400000002],[-75.319316,39.94276499999998],[-75.314114,39.94431099999996],[-75.30822500000001,39.940529000000026],[-75.308024,39.936638],[-75.310401,39.93374399999998],[-75.311355,39.920313999999976],[-75.310297,39.918894],[-75.314383,39.916516999999956],[-75.31949000000002,39.91160500000003],[-75.33894200000002,39.89854400000005],[-75.337923,39.89662999999999],[-75.340725,39.89569800000002],[-75.339636,39.89479400000002],[-75.348575,39.889414],[-75.350289,39.89077100000003],[-75.356119,39.88669000000002],[-75.35734700000002,39.88673200000003],[-75.357774,39.88742099999999],[-75.356327,39.890443999999974],[-75.358856,39.89304899999997],[-75.35637200000001,39.89496099999999],[-75.355317,39.89869100000002],[-75.35719200000001,39.89922600000002],[-75.35691,39.901254],[-75.36042,39.901334],[-75.361887,39.90227500000002],[-75.361307,39.903268000000025],[-75.358214,39.90453900000005],[-75.357642,39.90701799999999],[-75.359698,39.90867900000003],[-75.357776,39.91035200000004],[-75.360028,39.91242500000002],[-75.357988,39.91348599999997],[-75.36008700000001,39.915924000000025],[-75.359868,39.91858199999998],[-75.363878,39.91952999999998],[-75.360441,39.92205299999998],[-75.360992,39.924365],[-75.362582,39.923480000000005],[-75.363859,39.92123499999998],[-75.36562,39.922242999999966],[-75.36380200000002,39.923632999999995],[-75.364702,39.92510499999997],[-75.366822,39.92605400000005],[-75.364871,39.93025299999998],[-75.381105,39.918986999999966],[-75.378087,39.912663000000016],[-75.379844,39.91290899999996],[-75.383231,39.911963],[-75.382931,39.91328500000004],[-75.384634,39.91352299999996],[-75.392044,39.900976000000036],[-75.391775,39.90237999999998],[-75.39335900000002,39.903275],[-75.393483,39.90444599999994],[-75.397805,39.90638700000003],[-75.397078,39.90911899999996],[-75.399146,39.912612],[-75.402731,39.91503299999997],[-75.402752,39.91612100000002],[-75.404266,39.91692000000003],[-75.405738,39.91927],[-75.409311,39.92002300000008],[-75.40962600000002,39.92367099999999],[-75.408289,39.92511800000002],[-75.40912,39.927142],[-75.411827,39.92969999999998],[-75.41144100000001,39.93357599999998],[-75.414847,39.93554600000001],[-75.415152,39.93757199999998],[-75.418621,39.94021699999998],[-75.417286,39.94206899999997],[-75.417471,39.943599999999996],[-75.418706,39.944632000000006],[-75.419759,39.944403000000015],[-75.421407,39.94597299999999],[-75.424848,39.947092000000005],[-75.428307,39.94727199999996],[-75.431794,39.950579000000005]]]}},{"type":"Feature","properties":{"district":"111","population":66198,"landAreaSqMi":1343.7,"topMunicipalities":[{"name":"Honesdale","classCode":"borough","populationShare":0.06744916764856952},{"name":"Damascus","classCode":"second_class_township","populationShare":0.05586271488564611},{"name":"Canaan","classCode":"second_class_township","populationShare":0.054472944801957725},{"name":"Berlin","classCode":"second_class_township","populationShare":0.04173842110033534},{"name":"Bridgewater","classCode":"second_class_township","populationShare":0.03972929695761201}],"topCounties":[{"name":"Susquehanna","geoid":"42115","populationShare":0.5793075319496056},{"name":"Wayne","geoid":"42127","populationShare":0.42069246805039434}],"classShares":{"borough":0.23549049820236267,"second_class_township":0.7645095017976373},"medianIncome":66609,"medianHomeValue":215736,"rentBurdenedPct":37.8,"ownerBurdenedPct":22.1,"permitsPer1kPerYear":1.8,"permits5yrTotal":606,"popChange2020to2024Pct":-0.5,"parentSenateDistricts":[{"district":"20","overlapShareOfHD":0.9692257081691611,"areaShareOfSD":0.49212770184075244},{"district":"40","overlapShareOfHD":0.030774291830840763,"areaShareOfSD":0.039078200359503726}]},"geometry":{"type":"Polygon","coordinates":[[[-76.145519,41.99884200000002],[-75.95370900000002,41.998987],[-75.764683,41.997855999999956],[-75.35964500000001,41.99955399999998],[-75.351095,41.996262999999985],[-75.345462,41.994989999999966],[-75.340816,41.99261000000003],[-75.337516,41.986821999999954],[-75.337674,41.98387000000004],[-75.34199,41.97500599999998],[-75.34159100000001,41.97221600000002],[-75.338143,41.970417999999995],[-75.336271,41.970901],[-75.327969,41.96794299999999],[-75.325891,41.964767999999985],[-75.319638,41.96031200000003],[-75.31793,41.953871000000014],[-75.310941,41.949102999999994],[-75.306611,41.949131000000015],[-75.301326,41.948105000000055],[-75.301148,41.95338600000001],[-75.297518,41.95468500000004],[-75.293316,41.954346999999956],[-75.291466,41.95244400000003],[-75.291623,41.94664700000002],[-75.28951,41.94320400000006],[-75.28852500000002,41.94245800000002],[-75.2846,41.94193499999996],[-75.278763,41.93871300000004],[-75.278641,41.93626400000005],[-75.276948,41.932886000000046],[-75.27663300000002,41.922236000000005],[-75.269248,41.91068799999998],[-75.267276,41.90609000000002],[-75.267773,41.901970999999996],[-75.272973,41.89656600000002],[-75.271685,41.88844700000001],[-75.270755,41.88684299999998],[-75.263098,41.885041000000044],[-75.260623,41.883783000000015],[-75.259583,41.88232399999998],[-75.257459,41.87609300000001],[-75.263209,41.87170000000001],[-75.26429500000002,41.869522999999965],[-75.26159,41.86494000000001],[-75.25831600000001,41.862273999999985],[-75.25000100000001,41.86221699999995],[-75.244038,41.866511999999965],[-75.241147,41.86725200000002],[-75.231612,41.85945899999999],[-75.22448,41.85758999999999],[-75.223166,41.857915999999996],[-75.219576,41.861187999999984],[-75.215024,41.867349999999995],[-75.209569,41.86931899999996],[-75.204637,41.86992799999997],[-75.198647,41.86906100000001],[-75.19541,41.86783900000002],[-75.191447,41.865140999999994],[-75.189137,41.86166800000001],[-75.185358,41.860062999999975],[-75.181704,41.86307800000004],[-75.17803200000002,41.87091000000001],[-75.175827,41.872574000000064],[-75.17246,41.87228299999998],[-75.170141,41.871349999999985],[-75.168424,41.869334999999985],[-75.168326,41.85870000000001],[-75.16522700000002,41.85279299999998],[-75.162879,41.85055500000005],[-75.157655,41.848692000000014],[-75.15468,41.84845500000005],[-75.145602,41.851461999999984],[-75.14056100000002,41.85222000000002],[-75.130991,41.84526099999997],[-75.126919,41.84505999999998],[-75.120117,41.84621700000001],[-75.116595,41.845448999999974],[-75.113405,41.84214],[-75.113145,41.83616500000003],[-75.115068,41.82754600000002],[-75.113019,41.822619],[-75.100565,41.818926999999995],[-75.096343,41.81524100000001],[-75.08988,41.81170100000003],[-75.085525,41.81171199999996],[-75.078769,41.81520999999998],[-75.07476,41.81529399999997],[-75.072248,41.81413100000004],[-75.071509,41.81130399999997],[-75.072343,41.80664400000001],[-75.075652,41.79955500000007],[-75.078471,41.797297000000015],[-75.080622,41.796698000000035],[-75.083669,41.796626000000046],[-75.088497,41.797706999999946],[-75.092883,41.79645699999998],[-75.101726,41.787504000000006],[-75.104682,41.77409800000003],[-75.101895,41.76960900000002],[-75.094633,41.768364000000005],[-75.087182,41.76939199999998],[-75.079156,41.771607],[-75.07461,41.771270000000015],[-75.072464,41.76854800000001],[-75.064758,41.766686999999976],[-75.061237,41.76478999999998],[-75.053043,41.752064000000004],[-75.052653,41.743921999999976],[-75.05483,41.734896],[-75.05367500000001,41.727346],[-75.05183100000002,41.71992099999999],[-75.049719,41.715909000000025],[-75.04968700000002,41.71337199999997],[-75.050959,41.711799999999975],[-75.05235900000001,41.71148399999999],[-75.05920300000001,41.71281000000001],[-75.066222,41.71275999999999],[-75.067828,41.711789999999986],[-75.068957,41.709327],[-75.067068,41.705144999999995],[-75.058723,41.698468999999996],[-75.052627,41.68811000000003],[-75.051252,41.680017999999976],[-75.058418,41.67489999999998],[-75.059516,41.67225500000001],[-75.057533,41.66884400000004],[-75.053996,41.66807400000002],[-75.049464,41.660276999999994],[-75.049192,41.65005499999999],[-75.047708,41.64585099999994],[-75.049497,41.64156199999996],[-75.0487,41.633707999999956],[-75.04361000000002,41.62332199999998],[-75.044469,41.617169999999994],[-75.04674500000002,41.615621],[-75.05302000000002,41.618514999999945],[-75.059731,41.617556000000015],[-75.061565,41.61580000000003],[-75.059728,41.61041500000001],[-75.063698,41.60927100000003],[-75.069079,41.61023],[-75.074475,41.608125],[-75.074354,41.605910999999985],[-75.069559,41.60187399999995],[-75.122048,41.53499299999997],[-75.18688800000001,41.531748000000015],[-75.221384,41.51627600000002],[-75.273821,41.56142400000002],[-75.33624000000002,41.55823499999999],[-75.334902,41.53751599999998],[-75.38876800000001,41.55104899999998],[-75.45729700000001,41.546471000000025],[-75.462411,41.64158700000004],[-75.71988700000001,41.642262999999936],[-75.767924,41.643409],[-75.79222000000001,41.64205],[-75.86865,41.64435699999998],[-75.87900900000001,41.64346200000001],[-75.986304,41.64480099999999],[-76.014304,41.64426900000001],[-76.087245,41.64473000000001],[-76.114224,41.64338499999999],[-76.12151100000001,41.733202000000006],[-76.124618,41.766915000000054],[-76.125899,41.770613999999995],[-76.125649,41.78086300000001],[-76.145519,41.99884200000002]]]}},{"type":"Feature","properties":{"district":"136","population":64675,"landAreaSqMi":41.9,"topMunicipalities":[{"name":"Easton","classCode":"third_class_city","populationShare":0.4496160695674751},{"name":"Wilson","classCode":"borough","populationShare":0.12672558568640707},{"name":"Williams","classCode":"second_class_township","populationShare":0.10125986586875077},{"name":"Lower Saucon","classCode":"second_class_township","populationShare":0.09480011997879706},{"name":"Hellertown","classCode":"borough","populationShare":0.09461125656602304}],"topCounties":[{"name":"Northampton","geoid":"42095","populationShare":1.0}],"classShares":{"borough":0.2886733387951708,"second_class_township":0.2617105916373541,"third_class_city":0.4496160695674751},"medianIncome":84241,"medianHomeValue":226755,"rentBurdenedPct":43.6,"ownerBurdenedPct":18.0,"permitsPer1kPerYear":1.6,"permits5yrTotal":522,"popChange2020to2024Pct":3.9,"parentSenateDistricts":[{"district":"18","overlapShareOfHD":1.0000000000000009,"areaShareOfSD":0.17190708636968616}]},"geometry":{"type":"Polygon","coordinates":[[[-75.350192,40.62914600000002],[-75.342292,40.629714000000014],[-75.342927,40.63422800000001],[-75.338397,40.63473400000001],[-75.339296,40.64005000000001],[-75.336365,40.640368],[-75.335814,40.63717300000001],[-75.33509500000001,40.637264999999964],[-75.332781,40.63328999999995],[-75.331456,40.63341899999999],[-75.333797,40.63230999999998],[-75.332554,40.63100900000002],[-75.330354,40.633164999999984],[-75.326693,40.63363600000001],[-75.310823,40.63043400000002],[-75.30182,40.634716999999966],[-75.294825,40.64010000000005],[-75.291861,40.640903000000066],[-75.282207,40.641052000000045],[-75.282692,40.642328],[-75.283738,40.642419],[-75.273983,40.644498999999996],[-75.270087,40.646154],[-75.272036,40.66115000000001],[-75.265838,40.66465800000004],[-75.26387,40.65747799999996],[-75.260304,40.657909999999994],[-75.260138,40.65970700000003],[-75.256721,40.66251699999998],[-75.259468,40.663366],[-75.262041,40.66666000000004],[-75.263323,40.675077000000016],[-75.255654,40.68043400000002],[-75.248081,40.68187299999998],[-75.252374,40.687083999999956],[-75.24887300000002,40.687822999999966],[-75.247904,40.69022500000001],[-75.24341,40.69394600000004],[-75.244955,40.69368],[-75.245687,40.69888799999996],[-75.238496,40.69957800000003],[-75.238497,40.698097000000004],[-75.23341900000001,40.70308000000004],[-75.221284,40.704600000000006],[-75.22012,40.70559399999996],[-75.220452,40.70471499999999],[-75.211904,40.70560500000005],[-75.209099,40.707458999999986],[-75.210719,40.709556999999975],[-75.208975,40.71027299999996],[-75.207418,40.70859999999998],[-75.20183000000002,40.712229],[-75.202926,40.71320799999995],[-75.200712,40.714603999999994],[-75.197903,40.715698000000046],[-75.19675,40.714488000000046],[-75.1944,40.716659000000035],[-75.192883,40.71564799999997],[-75.19872,40.705298],[-75.203921,40.69149800000001],[-75.200922,40.685501],[-75.196921,40.68129700000005],[-75.19058,40.67937899999998],[-75.184516,40.679971000000016],[-75.180564,40.679362999999974],[-75.177587,40.67773100000001],[-75.176803,40.67571499999998],[-75.177491,40.67259499999998],[-75.182752,40.665973999999984],[-75.19085200000002,40.661938],[-75.19574400000002,40.656212000000004],[-75.197978,40.654739],[-75.19786,40.65204999999998],[-75.200452,40.64921899999998],[-75.200468,40.64689900000005],[-75.195351,40.64304399999999],[-75.190691,40.63589100000005],[-75.188579,40.624627999999994],[-75.189283,40.621491999999996],[-75.190688,40.619957],[-75.197891,40.61933199999999],[-75.200708,40.61835599999998],[-75.201812,40.61718799999999],[-75.201348,40.61462799999999],[-75.196803,40.60858000000003],[-75.258151,40.582009],[-75.299017,40.558601000000024],[-75.309662,40.56853600000005],[-75.312908,40.576358999999975],[-75.313957,40.57630399999998],[-75.314118,40.577741999999986],[-75.31516300000001,40.57765000000003],[-75.31556,40.57967400000003],[-75.316284,40.579653],[-75.31755700000001,40.58539199999996],[-75.319694,40.58633599999999],[-75.320647,40.59071100000007],[-75.333194,40.589435],[-75.333788,40.58835999999998],[-75.333415,40.58342399999996],[-75.32806700000002,40.58329299999998],[-75.327261,40.57326300000001],[-75.339821,40.57241500000001],[-75.339711,40.571067],[-75.333545,40.571074999999986],[-75.33321,40.56742500000001],[-75.341086,40.56698099999997],[-75.342976,40.568292999999954],[-75.344714,40.571391999999996],[-75.34398100000001,40.574478],[-75.345146,40.57874900000001],[-75.34409900000001,40.582188999999985],[-75.347358,40.58427999999998],[-75.348228,40.585696999999975],[-75.347142,40.58715700000001],[-75.344241,40.588017],[-75.34452,40.593082999999936],[-75.343645,40.596390000000035],[-75.340413,40.596156999999984],[-75.340085,40.593200000000046],[-75.330804,40.593757],[-75.319478,40.60136099999999],[-75.314023,40.60357299999998],[-75.302996,40.606191000000024],[-75.303421,40.61728200000003],[-75.306063,40.616874999999986],[-75.305689,40.61512000000003],[-75.307544,40.614772999999964],[-75.30888500000002,40.61610399999996],[-75.31204,40.616291999999945],[-75.311224,40.619719],[-75.31226700000002,40.62007399999995],[-75.316582,40.61848500000007],[-75.323583,40.61788400000003],[-75.326295,40.61636499999997],[-75.327636,40.62232399999999],[-75.333955,40.62217400000007],[-75.335624,40.62060199999996],[-75.34700400000001,40.620342000000015],[-75.347405,40.622984],[-75.349391,40.622796],[-75.350192,40.62914600000002]]]}},{"type":"Feature","properties":{"district":"37","population":66923,"landAreaSqMi":139.9,"topMunicipalities":[{"name":"Warwick","classCode":"second_class_township","populationShare":0.28523825889455057},{"name":"Rapho","classCode":"second_class_township","populationShare":0.18019216114041525},{"name":"Penn","classCode":"second_class_township","populationShare":0.1536243145107061},{"name":"Lititz","classCode":"borough","populationShare":0.1434334981994231},{"name":"Clay","classCode":"second_class_township","populationShare":0.10308862423979805}],"topCounties":[{"name":"Lancaster","geoid":"42071","populationShare":1.0}],"classShares":{"borough":0.218564619039792,"second_class_township":0.7814353809602081},"medianIncome":91941,"medianHomeValue":291814,"rentBurdenedPct":45.2,"ownerBurdenedPct":17.7,"permitsPer1kPerYear":3.3,"permits5yrTotal":1120,"popChange2020to2024Pct":2.4,"parentSenateDistricts":[{"district":"36","overlapShareOfHD":0.8393082617251219,"areaShareOfSD":0.3447734401377482},{"district":"48","overlapShareOfHD":0.16069173827487837,"areaShareOfSD":0.025872942756498235}]},"geometry":{"type":"Polygon","coordinates":[[[-76.52225,40.07650900000002],[-76.520911,40.07817800000005],[-76.519659,40.075895999999965],[-76.51658200000001,40.07364900000001],[-76.51424,40.074628999999966],[-76.511468,40.074316999999986],[-76.510722,40.075003000000024],[-76.513045,40.077166999999974],[-76.502974,40.08038199999997],[-76.501057,40.084311000000014],[-76.503011,40.08758000000002],[-76.505366,40.088220000000035],[-76.505249,40.089872],[-76.500569,40.08851499999997],[-76.500019,40.09037800000006],[-76.50190300000001,40.09245499999998],[-76.496741,40.091782999999985],[-76.497132,40.09351699999999],[-76.501518,40.09667699999997],[-76.500544,40.09721400000001],[-76.496925,40.09640499999995],[-76.496526,40.09835700000001],[-76.493523,40.09940100000001],[-76.491578,40.101783999999995],[-76.492233,40.103628999999984],[-76.490122,40.10807200000003],[-76.458689,40.10799399999998],[-76.461461,40.11101499999999],[-76.47026900000002,40.11052100000002],[-76.4703,40.111071],[-76.468295,40.11118699999999],[-76.468605,40.112793000000046],[-76.475597,40.11377700000002],[-76.477643,40.11306600000001],[-76.477814,40.109974000000015],[-76.484041,40.109398000000006],[-76.483905,40.112076999999964],[-76.485337,40.11199599999997],[-76.48549700000001,40.11283699999999],[-76.488841,40.11246499999998],[-76.492817,40.116474],[-76.495938,40.114164999999986],[-76.502401,40.117542],[-76.50181900000001,40.118390999999995],[-76.499208,40.11887800000001],[-76.501669,40.123853999999994],[-76.499758,40.125974000000014],[-76.50128700000002,40.13056700000003],[-76.495989,40.13175099999999],[-76.498215,40.13398500000002],[-76.502364,40.13312900000001],[-76.504845,40.13361799999997],[-76.505187,40.13446299999998],[-76.504359,40.13787899999997],[-76.505584,40.140959999999986],[-76.503657,40.141399],[-76.501505,40.14031799999999],[-76.499334,40.142199999999995],[-76.499475,40.144024],[-76.497151,40.145893],[-76.49705,40.147949000000025],[-76.498184,40.14814999999998],[-76.498157,40.15139000000001],[-76.49908400000001,40.15256199999994],[-76.498276,40.153082999999974],[-76.499482,40.157644999999974],[-76.50063,40.159170999999965],[-76.50728500000001,40.15668599999999],[-76.510229,40.158060000000006],[-76.516055,40.15781300000001],[-76.515099,40.159578999999994],[-76.516223,40.160289],[-76.51525,40.16108000000002],[-76.518212,40.16322400000004],[-76.516552,40.16492000000002],[-76.517124,40.16926099999999],[-76.521232,40.16967499999998],[-76.52179,40.17065500000002],[-76.520863,40.174241999999985],[-76.518929,40.17688299999999],[-76.51983,40.18084899999999],[-76.515713,40.185827],[-76.513674,40.19031900000001],[-76.513249,40.19426099999997],[-76.511392,40.19601200000003],[-76.510042,40.19979100000004],[-76.506924,40.202061999999984],[-76.507839,40.20412500000001],[-76.505661,40.20489200000003],[-76.50609,40.20608899999996],[-76.505072,40.206869000000026],[-76.503857,40.207564999999974],[-76.50155,40.20716399999999],[-76.499313,40.20937700000003],[-76.497073,40.20970199999997],[-76.495186,40.20897899999997],[-76.488432,40.21198199999996],[-76.485676,40.210879],[-76.482098,40.21119899999998],[-76.47807200000001,40.21034599999999],[-76.470315,40.21119499999994],[-76.467097,40.214012],[-76.46538,40.21417700000001],[-76.464034,40.217274000000025],[-76.465152,40.21957500000003],[-76.464838,40.221557999999945],[-76.466124,40.22230199999999],[-76.46931100000002,40.227409000000016],[-76.435427,40.23821699999997],[-76.307578,40.255066000000014],[-76.211253,40.292723000000045],[-76.209292,40.26179400000004],[-76.212706,40.258991999999985],[-76.215812,40.25770499999997],[-76.21615100000001,40.253508999999994],[-76.215081,40.25119099999999],[-76.216303,40.250277999999994],[-76.216709,40.24850399999997],[-76.214002,40.247228],[-76.213813,40.244782],[-76.211967,40.24414100000002],[-76.210039,40.241194000000014],[-76.203922,40.24190499999999],[-76.200517,40.23876900000003],[-76.200417,40.23764800000004],[-76.202344,40.23593200000002],[-76.200806,40.233049999999984],[-76.200943,40.230628],[-76.197546,40.22826799999999],[-76.194962,40.228538],[-76.193527,40.224476],[-76.19156,40.22315300000001],[-76.190362,40.22078000000005],[-76.186458,40.221039000000026],[-76.18541100000002,40.21995699999999],[-76.18689400000001,40.21369199999999],[-76.18558,40.21221200000002],[-76.186039,40.211087000000006],[-76.184094,40.21095800000001],[-76.183607,40.20741599999999],[-76.209923,40.20210100000002],[-76.21188100000002,40.20072799999994],[-76.211205,40.200314],[-76.225775,40.188459999999964],[-76.243217,40.18740100000004],[-76.256723,40.18208500000002],[-76.260597,40.182185999999966],[-76.260806,40.181168999999976],[-76.258358,40.179527000000036],[-76.259703,40.17765700000004],[-76.258246,40.174947999999986],[-76.253683,40.17417000000003],[-76.255107,40.17105300000001],[-76.250534,40.17102100000003],[-76.248445,40.168398],[-76.244116,40.16901299999996],[-76.24401,40.16656999999998],[-76.24214200000002,40.165129],[-76.239412,40.16460399999998],[-76.234823,40.16521700000002],[-76.23447,40.16352800000001],[-76.235573,40.16212300000001],[-76.234953,40.16162299999998],[-76.2289,40.16135300000002],[-76.22506200000001,40.160382],[-76.223886,40.15941899999997],[-76.228055,40.155903000000016],[-76.228629,40.153733000000045],[-76.226804,40.15116999999997],[-76.217752,40.14578999999999],[-76.215735,40.14203500000001],[-76.219971,40.140849],[-76.221452,40.14125999999997],[-76.222403,40.139199999999995],[-76.225318,40.13944400000001],[-76.229011,40.136984000000034],[-76.231372,40.13434600000001],[-76.23019,40.13197599999999],[-76.237456,40.12356700000002],[-76.237326,40.12141499999995],[-76.235637,40.11992800000003],[-76.231302,40.11670700000002],[-76.226645,40.11511099999996],[-76.240602,40.11680199999997],[-76.247449,40.12114400000004],[-76.258036,40.126139999999985],[-76.267639,40.12696199999999],[-76.283204,40.12949100000002],[-76.30774,40.12611400000002],[-76.316077,40.12592599999998],[-76.336042,40.127122999999926],[-76.36325500000001,40.127159999999975],[-76.366791,40.12433100000002],[-76.374545,40.12795499999998],[-76.374956,40.12513400000002],[-76.38237000000001,40.12580799999998],[-76.383906,40.125545],[-76.38751,40.12297000000004],[-76.40496500000002,40.122192000000005],[-76.406685,40.11865099999996],[-76.406737,40.116047000000016],[-76.409515,40.11497399999998],[-76.41130400000002,40.116341],[-76.41351900000001,40.116291999999945],[-76.41401,40.12027299999997],[-76.417581,40.121891],[-76.418083,40.121374],[-76.416888,40.11957799999999],[-76.418482,40.118531999999966],[-76.42029,40.11889899999999],[-76.420503,40.11582599999999],[-76.42538,40.11727999999998],[-76.42643,40.116664999999976],[-76.424361,40.11381100000002],[-76.424823,40.11085499999999],[-76.43179700000002,40.11231699999996],[-76.430405,40.108402],[-76.43086,40.107425999999975],[-76.432883,40.10790699999997],[-76.433861,40.11012500000002],[-76.438023,40.113006999999946],[-76.438671,40.11248299999996],[-76.438164,40.109923999999964],[-76.440582,40.107605000000014],[-76.445581,40.10845900000004],[-76.447054,40.11095099999999],[-76.448285,40.111335999999994],[-76.452045,40.107649000000016],[-76.452049,40.10654599999998],[-76.451571,40.106041999999995],[-76.447925,40.106296000000015],[-76.445302,40.10217499999999],[-76.448728,40.100713],[-76.456059,40.10000200000004],[-76.45574,40.09866400000004],[-76.457061,40.09614499999998],[-76.453657,40.095346],[-76.458062,40.09415900000001],[-76.458761,40.09031099999999],[-76.456579,40.089461999999955],[-76.460443,40.088268000000014],[-76.46398700000002,40.08588800000002],[-76.463319,40.085153],[-76.459595,40.08484800000003],[-76.461903,40.083597000000005],[-76.46146,40.080037999999995],[-76.465608,40.07899699999997],[-76.463684,40.077085999999966],[-76.465264,40.075477000000014],[-76.466936,40.075905],[-76.468431,40.074903],[-76.47005,40.07673000000002],[-76.470858,40.07659000000001],[-76.470789,40.07469999999999],[-76.468976,40.074416000000035],[-76.469313,40.07316000000001],[-76.47664400000001,40.073173],[-76.476916,40.07214499999999],[-76.474679,40.069631000000015],[-76.476288,40.06892300000005],[-76.476722,40.066810999999994],[-76.479223,40.06559000000005],[-76.481786,40.064882],[-76.48525,40.06555599999993],[-76.488174,40.06474299999998],[-76.495363,40.068781000000016],[-76.49903,40.06820699999999],[-76.500614,40.07020099999999],[-76.501997,40.07035400000001],[-76.50475700000001,40.06813600000004],[-76.501027,40.065919000000015],[-76.501056,40.06527799999994],[-76.502356,40.064934999999984],[-76.504417,40.06632999999998],[-76.50681,40.06602499999999],[-76.509603,40.06962900000003],[-76.512917,40.067975999999994],[-76.511872,40.06524600000002],[-76.515094,40.063759],[-76.51852,40.06892000000003],[-76.518668,40.07211000000002],[-76.52225,40.07650900000002]]]}},{"type":"Feature","properties":{"district":"199","population":64398,"landAreaSqMi":228.8,"topMunicipalities":[{"name":"Carlisle","classCode":"borough","populationShare":0.33006106660901896},{"name":"North Middleton","classCode":"second_class_township","populationShare":0.1901934481488271},{"name":"Middlesex","classCode":"second_class_township","populationShare":0.11040785567751124},{"name":"West Pennsboro","classCode":"second_class_township","populationShare":0.08730140149352583},{"name":"South Middleton","classCode":"second_class_township","populationShare":0.07080162036630841}],"topCounties":[{"name":"Cumberland","geoid":"42041","populationShare":1.0}],"classShares":{"borough":0.35534151513827195,"second_class_township":0.6446584848617282},"medianIncome":71279,"medianHomeValue":222660,"rentBurdenedPct":42.9,"ownerBurdenedPct":21.4,"permitsPer1kPerYear":3.4,"permits5yrTotal":1103,"popChange2020to2024Pct":7.4,"parentSenateDistricts":[{"district":"34","overlapShareOfHD":1.0000000000000038,"areaShareOfSD":0.1727655787999299}]},"geometry":{"type":"Polygon","coordinates":[[[-77.627552,40.188664999999986],[-77.614665,40.19854900000002],[-77.605448,40.18536200000002],[-77.599704,40.188063999999954],[-77.593549,40.192009999999996],[-77.590726,40.19580399999998],[-77.580439,40.20385599999998],[-77.578341,40.20662600000003],[-77.559393,40.21796499999998],[-77.555823,40.219189999999976],[-77.537686,40.218939000000006],[-77.529386,40.22273500000001],[-77.52645,40.22585200000002],[-77.515502,40.23050400000003],[-77.51195300000002,40.233443],[-77.498677,40.23947500000003],[-77.473596,40.254216000000035],[-77.457825,40.26612500000002],[-77.419492,40.29083400000007],[-77.394445,40.30350599999999],[-77.382193,40.30845699999999],[-77.366018,40.313568999999994],[-77.360082,40.314074999999995],[-77.35763500000002,40.31247599999999],[-77.358631,40.30900800000002],[-77.361236,40.305192999999974],[-77.364762,40.30254100000001],[-77.386967,40.29035099999996],[-77.402893,40.28012799999997],[-77.409304,40.27455400000001],[-77.411044,40.26931500000002],[-77.41676100000001,40.266676999999966],[-77.420524,40.26309500000003],[-77.423285,40.25846100000001],[-77.420845,40.25536799999996],[-77.413859,40.25521499999996],[-77.402457,40.25695399999999],[-77.385114,40.26271199999996],[-77.360718,40.27470099999996],[-77.354299,40.27927799999995],[-77.340647,40.28691499999997],[-77.33484400000002,40.28984099999999],[-77.326637,40.29260099999999],[-77.323191,40.29247199999999],[-77.322916,40.29122899999999],[-77.323924,40.28860500000002],[-77.330696,40.28058800000002],[-77.33121,40.276418],[-77.32179,40.27000600000003],[-77.316471,40.267489999999974],[-77.305505,40.269184999999986],[-77.270057,40.27865199999997],[-77.24352,40.28243300000004],[-77.239163,40.284101999999955],[-77.230902,40.283571000000066],[-77.204496,40.287080000000024],[-77.182795,40.28774300000002],[-77.160631,40.28969600000001],[-77.156323,40.29084600000003],[-77.147946,40.29166199999998],[-77.134266,40.29502899999997],[-77.127345,40.29529800000002],[-77.126881,40.29626900000002],[-77.124813,40.29666200000002],[-77.111869,40.297359000000014],[-77.106819,40.29856100000003],[-77.101744,40.29864099999999],[-77.096365,40.300394999999995],[-77.083942,40.301220000000065],[-77.09360300000002,40.281118999999975],[-77.096055,40.27844899999998],[-77.095273,40.27365499999999],[-77.100902,40.262096000000014],[-77.098848,40.25337899999999],[-77.102856,40.24794799999996],[-77.108113,40.23271800000004],[-77.104907,40.23048600000002],[-77.102411,40.22248300000003],[-77.103289,40.22044999999996],[-77.106032,40.218872999999974],[-77.10429,40.19486400000001],[-77.111419,40.19497699999991],[-77.158585,40.19916000000002],[-77.162185,40.194602999999994],[-77.168075,40.19151400000005],[-77.166183,40.187254000000024],[-77.164226,40.17319699999999],[-77.160559,40.166614000000024],[-77.159517,40.15313200000002],[-77.163085,40.15189300000001],[-77.166652,40.14845799999997],[-77.169032,40.14750300000005],[-77.195797,40.14363199999998],[-77.195441,40.136794],[-77.19208,40.13054399999995],[-77.190973,40.12486699999997],[-77.19521800000001,40.124882000000014],[-77.195187,40.12303699999994],[-77.205595,40.12382999999998],[-77.213454,40.12285899999997],[-77.218922,40.137471999999995],[-77.236978,40.166847999999966],[-77.242584,40.18539900000001],[-77.241977,40.185718999999956],[-77.242482,40.19063199999999],[-77.301522,40.16455100000001],[-77.318333,40.160525000000014],[-77.355349,40.14545099999997],[-77.41412,40.11216900000002],[-77.44729,40.091992000000005],[-77.483997,40.124151000000026],[-77.489531,40.119518999999976],[-77.499926,40.114565],[-77.527372,40.10665300000002],[-77.535161,40.10088500000003],[-77.547174,40.098443000000046],[-77.559728,40.10067099999995],[-77.557914,40.10309699999998],[-77.561016,40.10835800000001],[-77.562621,40.11416799999999],[-77.562871,40.11928600000004],[-77.564466,40.11979099999999],[-77.564638,40.12173399999997],[-77.566497,40.12293599999997],[-77.568601,40.12607700000002],[-77.575623,40.12828299999998],[-77.58220300000002,40.134331],[-77.590077,40.133819000000024],[-77.592838,40.135245000000026],[-77.592239,40.13910899999999],[-77.593256,40.142293],[-77.595974,40.143576000000024],[-77.599016,40.14715999999998],[-77.60147,40.147860999999956],[-77.604218,40.15145000000003],[-77.608753,40.15330099999998],[-77.61017400000001,40.15769899999999],[-77.612918,40.16123400000003],[-77.613737,40.16386200000004],[-77.614303,40.16685799999998],[-77.61364200000001,40.17016100000004],[-77.616385,40.17247999999995],[-77.623052,40.18324799999996],[-77.627552,40.188664999999986]]]}},{"type":"Feature","properties":{"district":"200","population":71441,"landAreaSqMi":6.4,"topMunicipalities":[{"name":"Philadelphia","classCode":"first_class_city","populationShare":1.0}],"topCounties":[{"name":"Philadelphia","geoid":"42101","populationShare":1.0}],"classShares":{"first_class_city":1.0},"medianIncome":71950,"medianHomeValue":293623,"rentBurdenedPct":45.3,"ownerBurdenedPct":25.6,"permitsPer1kPerYear":1.5,"permits5yrTotal":539,"popChange2020to2024Pct":-1.9,"parentSenateDistricts":[{"district":"4","overlapShareOfHD":0.8904571782245392,"areaShareOfSD":0.12712940860057742},{"district":"7","overlapShareOfHD":0.10954282177546072,"areaShareOfSD":0.01737801096199651}]},"geometry":{"type":"Polygon","coordinates":[[[-75.217925,40.05508300000006],[-75.213553,40.056862000000045],[-75.212128,40.05907800000005],[-75.210179,40.060099999999956],[-75.210963,40.06057300000001],[-75.20079,40.070706999999956],[-75.197337,40.06770600000004],[-75.19437100000002,40.070589999999974],[-75.193222,40.06909],[-75.189203,40.07317399999998],[-75.188461,40.07275000000002],[-75.176438,40.08464899999997],[-75.146683,40.06754699999997],[-75.149219,40.05843199999998],[-75.150745,40.05851499999999],[-75.15280900000002,40.061802999999976],[-75.15446,40.06115300000003],[-75.156726,40.06444200000005],[-75.163173,40.058233000000016],[-75.164602,40.05904400000004],[-75.17326,40.050667000000004],[-75.175804,40.05224099999998],[-75.193127,40.035380999999994],[-75.18777600000001,40.03077100000002],[-75.187995,40.029796],[-75.190154,40.028991000000005],[-75.191049,40.02755499999996],[-75.197543,40.02766699999996],[-75.198081,40.030982999999935],[-75.200212,40.03269199999999],[-75.201296,40.03640999999999],[-75.203672,40.03464600000001],[-75.20581400000002,40.03508200000001],[-75.211911,40.04341499999999],[-75.211586,40.04713299999997],[-75.217333,40.05290200000002],[-75.217925,40.05508300000006]]]}},{"type":"Feature","properties":{"district":"201","population":48672,"landAreaSqMi":4.4,"topMunicipalities":[{"name":"Philadelphia","classCode":"first_class_city","populationShare":1.0}],"topCounties":[{"name":"Philadelphia","geoid":"42101","populationShare":1.0}],"classShares":{"first_class_city":1.0},"medianIncome":44145,"medianHomeValue":180351,"rentBurdenedPct":57.2,"ownerBurdenedPct":32.2,"permitsPer1kPerYear":4.2,"permits5yrTotal":1014,"popChange2020to2024Pct":-1.9,"parentSenateDistricts":[{"district":"4","overlapShareOfHD":0.9281214824286652,"areaShareOfSD":0.09027535652982964},{"district":"7","overlapShareOfHD":0.07187851757133559,"areaShareOfSD":0.00776866965180848}]},"geometry":{"type":"Polygon","coordinates":[[[-75.192935,40.03546300000005],[-75.175804,40.05224099999998],[-75.17326,40.050667000000004],[-75.164602,40.05904400000004],[-75.163173,40.058233000000016],[-75.156726,40.06444200000005],[-75.15446,40.06115300000003],[-75.15280900000002,40.061802999999976],[-75.150745,40.05851499999999],[-75.147057,40.058326],[-75.14757,40.05597300000004],[-75.150333,40.056256],[-75.150558,40.054705000000006],[-75.14156000000001,40.05359899999993],[-75.146705,40.03012700000001],[-75.159214,40.02319199999996],[-75.161425,40.02776399999994],[-75.165491,40.030242],[-75.167087,40.02850899999994],[-75.170798,40.029723999999966],[-75.172521,40.028047],[-75.174572,40.029243999999984],[-75.177734,40.026168999999996],[-75.178141,40.02259500000001],[-75.192935,40.03546300000005]]]}},{"type":"Feature","properties":{"district":"90","population":65562,"landAreaSqMi":314.6,"topMunicipalities":[{"name":"Antrim","classCode":"second_class_township","populationShare":0.24222873005704557},{"name":"Washington","classCode":"second_class_township","populationShare":0.22970623226869213},{"name":"Waynesboro","classCode":"borough","populationShare":0.16845123699704073},{"name":"Montgomery","classCode":"second_class_township","populationShare":0.08779475915926882},{"name":"Quincy","classCode":"second_class_township","populationShare":0.08083951069216935}],"topCounties":[{"name":"Franklin","geoid":"42055","populationShare":1.0}],"classShares":{"borough":0.2860193404716145,"second_class_township":0.7139806595283854},"medianIncome":79773,"medianHomeValue":245472,"rentBurdenedPct":37.3,"ownerBurdenedPct":17.9,"permitsPer1kPerYear":2.7,"permits5yrTotal":901,"popChange2020to2024Pct":1.8,"parentSenateDistricts":[{"district":"33","overlapShareOfHD":1.000000000000001,"areaShareOfSD":0.2431950670862625}]},"geometry":{"type":"Polygon","coordinates":[[[-78.099033,39.722413000000024],[-78.069297,39.74829800000003],[-78.063003,39.75979900000003],[-78.0531,39.77030099999998],[-78.0372,39.78999999999997],[-78.036499,39.79199899999997],[-78.028503,39.799899999999994],[-78.017898,39.80829999999999],[-78.0027,39.826599],[-78.0,39.83188199999998],[-77.995437,39.83801600000002],[-77.99277500000001,39.84372699999998],[-77.982612,39.857852000000015],[-77.976493,39.87046000000004],[-77.975135,39.871787999999995],[-77.969009,39.888789999999965],[-77.967018,39.892967],[-77.965257,39.89427200000004],[-77.964675,39.89988700000001],[-77.961661,39.90346300000004],[-77.958814,39.91192899999998],[-77.956479,39.914906],[-77.954247,39.922778],[-77.956168,39.92609099999999],[-77.95551100000002,39.928861],[-77.95317100000001,39.93163300000003],[-77.947273,39.934940000000005],[-77.944045,39.94059599999998],[-77.922899,39.941237],[-77.91486,39.94371500000003],[-77.885394,39.946404000000015],[-77.861953,39.917275],[-77.853836,39.903365000000015],[-77.814853,39.86567299999999],[-77.80079,39.847350999999996],[-77.798934,39.846698000000046],[-77.794974,39.8474],[-77.790937,39.84677500000006],[-77.783973,39.84801399999998],[-77.779401,39.84780300000001],[-77.778799,39.848437],[-77.774252,39.84822999999997],[-77.764166,39.85097499999997],[-77.759752,39.84989099999997],[-77.757754,39.85090399999997],[-77.756487,39.84951800000001],[-77.754932,39.849770999999976],[-77.753253,39.848210999999985],[-77.75112,39.848097000000074],[-77.748987,39.85034399999998],[-77.749306,39.856124000000015],[-77.731477,39.84996400000003],[-77.70998,39.85046999999999],[-77.643786,39.85009200000003],[-77.641104,39.85015],[-77.641074,39.850882],[-77.46512400000002,39.84989300000001],[-77.463176,39.82049499999998],[-77.459134,39.719983999999975],[-77.724115,39.72089400000002],[-77.874719,39.72221700000002],[-78.099033,39.722413000000024]]]}},{"type":"Feature","properties":{"district":"122","population":65191,"landAreaSqMi":381.4,"topMunicipalities":[{"name":"Penn Forest","classCode":"second_class_township","populationShare":0.154407817029958},{"name":"Palmerton","classCode":"borough","populationShare":0.08626957708886199},{"name":"Lehighton","classCode":"borough","populationShare":0.08080870058750443},{"name":"Jim Thorpe","classCode":"borough","populationShare":0.06954947768863802},{"name":"Towamensing","classCode":"second_class_township","populationShare":0.06865978432605727}],"topCounties":[{"name":"Carbon","geoid":"42025","populationShare":1.0}],"classShares":{"borough":0.48537374790998766,"second_class_township":0.5146262520900122},"medianIncome":67075,"medianHomeValue":183470,"rentBurdenedPct":37.8,"ownerBurdenedPct":22.9,"permitsPer1kPerYear":2.2,"permits5yrTotal":727,"popChange2020to2024Pct":1.5,"parentSenateDistricts":[{"district":"29","overlapShareOfHD":0.9999999999999986,"areaShareOfSD":0.2779955546795926}]},"geometry":{"type":"Polygon","coordinates":[[[-75.997636,40.913259],[-75.848024,40.966357000000066],[-75.848539,40.97218500000004],[-75.819237,40.98257800000001],[-75.801201,40.983424000000035],[-75.732183,41.00812400000001],[-75.733767,41.00970800000004],[-75.735742,41.014241999999996],[-75.738643,41.017048999999986],[-75.739277,41.021717999999986],[-75.738464,41.02238199999996],[-75.738516,41.02430899999997],[-75.740106,41.02980199999998],[-75.74321,41.03150599999998],[-75.757734,41.031625],[-75.759204,41.036691],[-75.76117,41.03841600000001],[-75.761319,41.04121800000002],[-75.765689,41.04408200000006],[-75.770337,41.05019000000001],[-75.771536,41.06112100000001],[-75.770276,41.061933],[-75.770073,41.068963999999994],[-75.772003,41.07666600000003],[-75.765641,41.08446800000002],[-75.767376,41.09296],[-75.766441,41.09379299999998],[-75.764288,41.094036999999965],[-75.760561,41.091705000000026],[-75.755269,41.09430900000006],[-75.753438,41.096450999999995],[-75.754616,41.10208000000002],[-75.752198,41.103871999999996],[-75.747806,41.10424399999997],[-75.738554,41.10221400000003],[-75.733028,41.102937000000004],[-75.728716,41.108356],[-75.724243,41.109169],[-75.72242,41.110276],[-75.716747,41.118129999999994],[-75.71488000000001,41.11804200000001],[-75.71077,41.115836],[-75.708272,41.11586399999999],[-75.707706,41.117259000000004],[-75.709647,41.122041000000024],[-75.707723,41.12267299999998],[-75.70546400000002,41.12149300000003],[-75.703373,41.122059000000014],[-75.700848,41.12706499999998],[-75.696898,41.129662999999944],[-75.690348,41.13130300000005],[-75.685311,41.12985099999996],[-75.67982,41.132868000000016],[-75.674175,41.13264799999998],[-75.667495,41.13397999999999],[-75.665734,41.13290999999999],[-75.665173,41.13027500000001],[-75.661502,41.12922500000002],[-75.656947,41.12411200000002],[-75.65642400000002,41.122931],[-75.658214,41.118551000000004],[-75.656745,41.11602799999995],[-75.654546,41.116565],[-75.649263,41.12227900000004],[-75.647473,41.121541999999955],[-75.64574500000002,41.11813400000001],[-75.646705,41.11419699999998],[-75.645873,41.11294900000007],[-75.639697,41.113589000000005],[-75.636226,41.11298199999995],[-75.634146,41.11202200000001],[-75.632978,41.108533999999985],[-75.629666,41.107012999999974],[-75.627794,41.107076999999975],[-75.625026,41.11138099999998],[-75.620397,41.10928399999999],[-75.620611,41.10671600000003],[-75.61552800000001,41.10444600000002],[-75.61359200000001,41.094772999999975],[-75.612694,41.094236999999985],[-75.605729,41.09436399999997],[-75.604113,41.09338200000001],[-75.606073,41.08639000000001],[-75.605643,41.08495100000003],[-75.604387,41.08428199999995],[-75.6001,41.084169],[-75.596379,41.08081100000001],[-75.594207,41.080845000000025],[-75.591958,41.078321000000024],[-75.589149,41.07650999999996],[-75.587478,41.07633299999997],[-75.58595,41.07411399999995],[-75.582972,41.07292],[-75.583196,41.070437999999974],[-75.58104000000002,41.067791999999976],[-75.57894,41.068751999999996],[-75.576876,41.06800100000001],[-75.576273,41.06538199999998],[-75.57461100000002,41.063728999999974],[-75.574887,41.062691000000015],[-75.571143,41.05926000000001],[-75.571396,41.05772799999999],[-75.568886,41.05660799999999],[-75.568414,41.05525099999997],[-75.570141,41.054778999999954],[-75.570525,41.05390600000002],[-75.569654,41.052395999999995],[-75.570547,41.05152300000005],[-75.569335,41.05090199999998],[-75.569843,41.05006200000002],[-75.565868,41.05000200000003],[-75.56375700000001,41.049155999999996],[-75.563148,41.04980400000001],[-75.561947,41.04952300000005],[-75.508497,40.99817700000003],[-75.496096,40.987379],[-75.57459,40.95132299999996],[-75.493581,40.846442],[-75.482577,40.82993100000004],[-75.474193,40.81474599999997],[-75.478546,40.81308400000002],[-75.508018,40.80910100000002],[-75.519045,40.808813],[-75.528444,40.80672499999998],[-75.541549,40.806815000000036],[-75.55135900000002,40.80455200000004],[-75.557532,40.80118800000001],[-75.56509100000001,40.801104999999964],[-75.57482,40.79914799999999],[-75.57748800000002,40.79941399999997],[-75.595453,40.79330200000005],[-75.598411,40.79012399999997],[-75.602608,40.788043000000016],[-75.609068,40.78752299999996],[-75.67277100000001,40.77572299999996],[-75.688105,40.77211600000005],[-75.694621,40.770186],[-75.702365,40.76325900000004],[-75.702418,40.76224000000002],[-75.7286,40.753915000000006],[-75.732208,40.75164399999995],[-75.734112,40.74878899999999],[-75.739309,40.74415500000002],[-75.743585,40.74346199999996],[-75.744863,40.740309],[-75.757807,40.735413999999984],[-75.886037,40.816267],[-75.997636,40.913259]]]}},{"type":"Feature","properties":{"district":"190","population":90858,"landAreaSqMi":7.8,"topMunicipalities":[{"name":"Philadelphia","classCode":"first_class_city","populationShare":1.0}],"topCounties":[{"name":"Philadelphia","geoid":"42101","populationShare":1.0}],"classShares":{"first_class_city":1.0},"medianIncome":38904,"medianHomeValue":135966,"rentBurdenedPct":53.3,"ownerBurdenedPct":28.0,"permitsPer1kPerYear":2.6,"permits5yrTotal":1160,"popChange2020to2024Pct":-1.9,"parentSenateDistricts":[{"district":"7","overlapShareOfHD":0.8542415298784474,"areaShareOfSD":0.17235152280713623},{"district":"3","overlapShareOfHD":0.14575847012155166,"areaShareOfSD":0.08486527733586667}]},"geometry":{"type":"Polygon","coordinates":[[[-75.23904200000001,39.98195000000004],[-75.23724,39.984839999999984],[-75.229219,39.98643100000001],[-75.22991100000002,39.987936000000026],[-75.227939,39.98851499999997],[-75.229017,39.98974700000007],[-75.225699,39.989626000000015],[-75.225684,39.99640499999996],[-75.22746200000002,40.000746000000014],[-75.210619,40.00865200000001],[-75.205978,40.011722999999996],[-75.19281,40.00673299999998],[-75.190514,40.00840699999999],[-75.186537,40.00983099999999],[-75.179692,40.007898],[-75.182127,40.01157799999995],[-75.17810300000001,40.014339],[-75.183103,40.01860399999999],[-75.181189,40.019913999999986],[-75.182447,40.02099700000004],[-75.17945000000002,40.023046000000015],[-75.18245600000002,40.025342999999964],[-75.181668,40.02565700000004],[-75.170096,40.01572300000003],[-75.16729200000002,40.009694999999965],[-75.16175000000001,40.008966999999984],[-75.161891,40.014042000000025],[-75.157218,40.01616599999998],[-75.15384900000001,40.015891],[-75.151207,40.01711400000002],[-75.149586,40.016931999999976],[-75.154588,39.99393799999994],[-75.170767,39.99603600000004],[-75.171173,39.99416500000001],[-75.174372,39.99449399999998],[-75.17461500000002,39.99335900000003],[-75.179248,39.993962999999944],[-75.179584,39.99246300000004],[-75.182779,39.99288100000002],[-75.1831,39.991385999999984],[-75.181527,39.991176999999965],[-75.181875,39.98958300000004],[-75.18671300000001,39.99021500000001],[-75.189882,39.977933000000014],[-75.189577,39.97552499999995],[-75.204314,39.974117],[-75.203722,39.97092899999998],[-75.20864600000002,39.972158],[-75.208227,39.970015000000004],[-75.21264,39.969536],[-75.214318,39.970541999999995],[-75.214808,39.96919099999997],[-75.216996,39.96896900000002],[-75.2168,39.96745900000001],[-75.21877,39.96825100000003],[-75.220578,39.968066999999955],[-75.220456,39.967089000000044],[-75.226382,39.96648899999996],[-75.226109,39.964878999999996],[-75.227679,39.96507199999997],[-75.230171,39.97879400000002],[-75.23904200000001,39.98195000000004]]]}},{"type":"Feature","properties":{"district":"191","population":45671,"landAreaSqMi":4.5,"topMunicipalities":[{"name":"Philadelphia","classCode":"first_class_city","populationShare":0.5017583062902672},{"name":"Yeadon","classCode":"borough","populationShare":0.26474358684440247},{"name":"Darby","classCode":"borough","populationShare":0.23349810686533037}],"topCounties":[{"name":"Philadelphia","geoid":"42101","populationShare":0.5017583062902672},{"name":"Delaware","geoid":"42045","populationShare":0.4982416937097328}],"classShares":{"borough":0.4982416937097328,"first_class_city":0.5017583062902672},"medianIncome":43580,"medianHomeValue":133003,"rentBurdenedPct":53.4,"ownerBurdenedPct":35.5,"permitsPer1kPerYear":1.4,"permits5yrTotal":312,"popChange2020to2024Pct":-0.1,"parentSenateDistricts":[{"district":"8","overlapShareOfHD":1.0000000000000004,"areaShareOfSD":0.16147866329933971}]},"geometry":{"type":"Polygon","coordinates":[[[-75.275311,39.923225000000016],[-75.270738,39.92516400000003],[-75.272253,39.926758000000014],[-75.271791,39.92820099999997],[-75.27326,39.93153399999998],[-75.247208,39.94390400000003],[-75.251442,39.94913900000004],[-75.251646,39.95174699999996],[-75.248926,39.95662800000002],[-75.250883,39.95902400000001],[-75.248459,39.960333000000006],[-75.247688,39.962817],[-75.23878500000001,39.96171500000001],[-75.240449,39.953733000000014],[-75.238476,39.953484999999986],[-75.240266,39.945865999999945],[-75.23642400000001,39.94264600000002],[-75.235219,39.94349399999996],[-75.23432100000001,39.94274100000001],[-75.232817,39.943789999999964],[-75.233718,39.944559000000005],[-75.232349,39.945514999999986],[-75.230947,39.944336000000035],[-75.228342,39.94616700000001],[-75.22469,39.94542499999999],[-75.222759,39.94380600000002],[-75.226886,39.94090700000001],[-75.22548,39.93972499999997],[-75.228358,39.93769999999996],[-75.223219,39.93338900000002],[-75.224592,39.93240999999997],[-75.222696,39.93080800000003],[-75.227309,39.92757099999996],[-75.228243,39.928351999999975],[-75.231876,39.92543399999997],[-75.233099,39.92645200000002],[-75.236884,39.92375999999998],[-75.234991,39.92216900000003],[-75.244935,39.91544999999996],[-75.246308,39.91717599999996],[-75.24856,39.91637799999998],[-75.252872,39.91711999999998],[-75.254116,39.91237300000002],[-75.264884,39.914798000000026],[-75.264287,39.91725999999998],[-75.263145,39.918189],[-75.267705,39.918573000000016],[-75.275311,39.923225000000016]]]}},{"type":"Feature","properties":{"district":"192","population":44812,"landAreaSqMi":4.0,"topMunicipalities":[{"name":"Philadelphia","classCode":"first_class_city","populationShare":1.0}],"topCounties":[{"name":"Philadelphia","geoid":"42101","populationShare":1.0}],"classShares":{"first_class_city":1.0},"medianIncome":55014,"medianHomeValue":170953,"rentBurdenedPct":48.1,"ownerBurdenedPct":28.1,"permitsPer1kPerYear":1.7,"permits5yrTotal":391,"popChange2020to2024Pct":-1.9,"parentSenateDistricts":[{"district":"7","overlapShareOfHD":0.999999999999998,"areaShareOfSD":0.09950945625707606}]},"geometry":{"type":"Polygon","coordinates":[[[-75.280266,39.97496400000003],[-75.26368700000002,39.98265799999999],[-75.256119,39.98730099999997],[-75.22746200000002,40.000746000000014],[-75.225684,39.99640499999996],[-75.225699,39.989626000000015],[-75.229017,39.98974700000007],[-75.227939,39.98851499999997],[-75.22991100000002,39.987936000000026],[-75.229219,39.98643100000001],[-75.23724,39.984839999999984],[-75.23904200000001,39.98195000000004],[-75.230171,39.97879400000002],[-75.22786,39.96619099999998],[-75.229922,39.96691900000002],[-75.230058,39.967648999999966],[-75.23361,39.96734300000003],[-75.23422400000001,39.96432499999999],[-75.236162,39.96456500000001],[-75.236481,39.96304700000001],[-75.236587,39.962519000000036],[-75.234644,39.96228],[-75.234869,39.961230999999984],[-75.247688,39.962817],[-75.247903,39.96397899999999],[-75.251603,39.96535599999996],[-75.25414,39.965403999999985],[-75.257858,39.96359399999999],[-75.258797,39.96557099999999],[-75.260491,39.96631299999999],[-75.265388,39.965224000000006],[-75.269919,39.96738000000005],[-75.270598,39.96865999999998],[-75.275266,39.969364],[-75.276524,39.97122399999999],[-75.27754000000002,39.971127000000024],[-75.278609,39.97226299999998],[-75.280266,39.97496400000003]]]}},{"type":"Feature","properties":{"district":"193","population":64464,"landAreaSqMi":357.0,"topMunicipalities":[{"name":"Southampton","classCode":"second_class_township","populationShare":0.12003624562068507},{"name":"Oxford","classCode":"second_class_township","populationShare":0.09262553923508764},{"name":"Reading","classCode":"second_class_township","populationShare":0.09045377981574229},{"name":"Dickinson","classCode":"second_class_township","populationShare":0.08296120981899993},{"name":"Shippensburg","classCode":"borough","populationShare":0.06746415510524145}],"topCounties":[{"name":"Adams","geoid":"42001","populationShare":0.5939296634891649},{"name":"Cumberland","geoid":"42041","populationShare":0.40607033651083513}],"classShares":{"borough":0.18877029403803153,"second_class_township":0.8112297059619684},"medianIncome":79040,"medianHomeValue":249802,"rentBurdenedPct":41.6,"ownerBurdenedPct":21.1,"permitsPer1kPerYear":1.6,"permits5yrTotal":510,"popChange2020to2024Pct":3.7,"parentSenateDistricts":[{"district":"33","overlapShareOfHD":0.5480782885782459,"areaShareOfSD":0.15207576379062948},{"district":"34","overlapShareOfHD":0.4519217114217548,"areaShareOfSD":0.12149970580560814}]},"geometry":{"type":"Polygon","coordinates":[[[-77.561682,40.09732299999998],[-77.559728,40.10067099999995],[-77.547174,40.098443000000046],[-77.535161,40.10088500000003],[-77.527372,40.10665300000002],[-77.502726,40.11362400000006],[-77.495833,40.11635899999997],[-77.489531,40.119518999999976],[-77.483997,40.124151000000026],[-77.44729,40.091992000000005],[-77.41412,40.11216900000002],[-77.355349,40.14545099999997],[-77.318333,40.160525000000014],[-77.301522,40.16455100000001],[-77.242482,40.19063199999999],[-77.241977,40.185718999999956],[-77.242584,40.18539900000001],[-77.236978,40.166847999999966],[-77.218922,40.137471999999995],[-77.21006,40.11375500000004],[-77.177403,40.03743400000006],[-77.16207100000001,40.05169700000003],[-77.137425,40.06994500000003],[-77.127916,40.068689],[-77.124614,40.06665599999995],[-77.111899,40.06138899999998],[-77.106818,40.060031],[-77.103843,40.05769199999995],[-77.091975,40.05363600000004],[-77.08096,40.043484999999976],[-77.07842,40.03763699999998],[-77.072754,40.03438599999996],[-77.070232,40.03007799999999],[-77.068485,40.02887200000001],[-77.0615,40.02660800000005],[-77.056376,40.02348400000003],[-77.04069,40.02132000000001],[-77.033211,40.018724000000006],[-77.026238,40.018378000000006],[-77.01864799999998,40.013946999999995],[-76.993154,39.97391200000001],[-76.966202,39.93519199999999],[-76.967681,39.93546699999999],[-76.969691,39.93733300000001],[-76.972603,39.934137999999955],[-76.971036,39.93115099999997],[-76.972069,39.92907500000001],[-76.971086,39.92776000000006],[-76.972336,39.92573400000004],[-76.971754,39.92449100000006],[-76.96993400000001,39.92373699999997],[-76.97024300000001,39.92136199999999],[-76.964937,39.92203899999999],[-76.968512,39.91837199999997],[-76.967301,39.917687000000015],[-76.966983,39.916183],[-76.968022,39.91513000000004],[-76.971122,39.914936999999995],[-76.972839,39.91386100000002],[-76.972546,39.91172899999999],[-76.973557,39.910331000000006],[-76.976904,39.90750900000003],[-76.981602,39.905309],[-76.980136,39.90385100000001],[-76.983972,39.90184699999998],[-76.984116,39.899564],[-76.982373,39.89864000000006],[-76.982037,39.897441],[-76.983959,39.89357400000001],[-76.981986,39.892152999999965],[-76.980131,39.88655499999999],[-76.977457,39.885481],[-76.978298,39.881912],[-76.973983,39.87436500000001],[-76.972536,39.87291399999999],[-76.96362,39.87401700000002],[-76.962238,39.864835000000014],[-76.954932,39.856850000000044],[-76.96484,39.850772000000035],[-76.974083,39.84966000000001],[-76.978543,39.84772699999994],[-76.983043,39.841353000000026],[-76.99156,39.833707],[-76.997296,39.83158599999998],[-77.003581,39.831119],[-77.00831400000001,39.829932],[-77.009349,39.828355],[-77.013291,39.82719399999995],[-77.015267,39.825065],[-77.024128,39.82698500000004],[-77.024993,39.82650199999998],[-77.026495,39.82689500000006],[-77.029729,39.83236199999998],[-77.031406,39.83335400000004],[-77.033248,39.83259599999999],[-77.035931,39.83032700000004],[-77.036524,39.828776000000005],[-77.03859500000002,39.82767100000003],[-77.044593,39.82801700000005],[-77.046667,39.829033000000024],[-77.05344,39.83012200000001],[-77.05835100000002,39.828786999999984],[-77.06208700000002,39.82458499999996],[-77.063618,39.82364200000002],[-77.066027,39.82349099999997],[-77.069065,39.826370999999995],[-77.074658,39.829742],[-77.076242,39.83159799999998],[-77.077211,39.836837],[-77.078572,39.836655000000036],[-77.07993,39.83762799999995],[-77.078764,39.839315],[-77.075477,39.84148199999996],[-77.073702,39.84175100000001],[-77.071746,39.84705999999997],[-77.072896,39.84850099999995],[-77.071032,39.849094],[-77.070717,39.85118299999996],[-77.065871,39.857692000000036],[-77.067948,39.85959899999999],[-77.07013900000001,39.85785299999999],[-77.073833,39.859147999999976],[-77.07384,39.86300200000003],[-77.07248,39.865981999999995],[-77.073462,39.86682000000005],[-77.07326,39.868407000000026],[-77.071964,39.86951299999997],[-77.066258,39.87042700000001],[-77.065421,39.87215099999999],[-77.067091,39.87410799999998],[-77.07126600000001,39.875329999999984],[-77.074541,39.87456299999998],[-77.076486,39.873251],[-77.079738,39.875380000000014],[-77.078916,39.87996000000002],[-77.07819,39.88088799999997],[-77.068481,39.88276400000001],[-77.066255,39.88684800000001],[-77.069155,39.891015000000046],[-77.0753,39.891313],[-77.076081,39.89260599999994],[-77.081686,39.89243700000004],[-77.082623,39.89293999999998],[-77.086037,39.90300099999998],[-77.085401,39.90586299999997],[-77.086551,39.90992200000003],[-77.083799,39.91328699999996],[-77.08435100000001,39.91404999999998],[-77.089905,39.91443999999998],[-77.09128900000002,39.91237500000002],[-77.093898,39.91192600000002],[-77.09421600000002,39.90925000000002],[-77.093141,39.908232],[-77.095067,39.90702699999999],[-77.098535,39.90796800000004],[-77.10266,39.904568000000005],[-77.105351,39.904512999999966],[-77.115951,39.901396999999974],[-77.118678,39.90335000000001],[-77.120237,39.90347300000002],[-77.12234,39.90541400000003],[-77.125433,39.906378999999966],[-77.126473,39.90852000000002],[-77.13299600000002,39.90827699999999],[-77.139317,39.911934],[-77.140566,39.91463500000004],[-77.146827,39.92064100000002],[-77.148327,39.923441999999994],[-77.150499,39.92428099999998],[-77.15358300000001,39.92900999999998],[-77.197074,39.91492499999998],[-77.209241,39.91162000000001],[-77.208878,39.9085],[-77.222017,39.90237599999998],[-77.219144,39.898829999999975],[-77.227251,39.89510899999999],[-77.225777,39.89352399999999],[-77.229396,39.89112799999993],[-77.228192,39.89023099999998],[-77.24776300000002,39.88155999999994],[-77.263446,39.87315000000001],[-77.291551,39.910849000000006],[-77.29219,39.91620000000004],[-77.300481,39.91573900000002],[-77.303065,39.916863000000006],[-77.31140600000002,39.926253999999986],[-77.305223,39.930931999999984],[-77.30088100000002,39.93083100000003],[-77.295364,39.929012999999976],[-77.293898,39.92693800000001],[-77.294486,39.93254700000002],[-77.297756,39.933435000000046],[-77.301578,39.932928000000004],[-77.303738,39.93439499999996],[-77.30598,39.93468100000002],[-77.3104,39.93235099999996],[-77.312878,39.932585],[-77.316701,39.93459600000002],[-77.323897,39.933772],[-77.326934,39.936276],[-77.330244,39.93716699999998],[-77.332315,39.94022600000003],[-77.335114,39.94235399999999],[-77.341028,39.94473199999999],[-77.339703,39.94715400000007],[-77.343258,39.94912399999998],[-77.34659400000001,39.94801699999996],[-77.348088,39.94495799999999],[-77.354761,39.942811],[-77.376451,39.95648700000001],[-77.387657,39.95897099999997],[-77.394602,39.96514500000003],[-77.421362,39.98129399999996],[-77.471085,39.94407700000001],[-77.454109,39.97243199999998],[-77.461654,39.976830999999976],[-77.465783,39.984436000000024],[-77.470972,39.98684500000004],[-77.47439200000001,39.991936999999965],[-77.478535,39.99166299999999],[-77.481635,39.993394],[-77.48879,40.000954999999976],[-77.495403,40.00514499999999],[-77.498446,40.008624],[-77.499626,40.01013300000004],[-77.500114,40.01344599999994],[-77.50920800000002,40.024933999999995],[-77.50782,40.02896800000003],[-77.512472,40.033767999999995],[-77.515114,40.034570000000045],[-77.519367,40.03934000000002],[-77.51914700000002,40.04244500000004],[-77.517171,40.04444599999998],[-77.518514,40.045624999999994],[-77.521992,40.04658200000001],[-77.526271,40.04568000000002],[-77.527805,40.04729199999998],[-77.532505,40.048738999999976],[-77.530495,40.05923199999999],[-77.531794,40.06010100000003],[-77.531572,40.061184999999995],[-77.53297400000001,40.062831],[-77.533351,40.06592299999999],[-77.532265,40.06716900000003],[-77.535652,40.070659000000035],[-77.541948,40.06984299999999],[-77.53990200000001,40.07408999999995],[-77.540516,40.07488500000002],[-77.542315,40.07488500000002],[-77.540285,40.07676500000002],[-77.5457,40.07817099999995],[-77.540885,40.07987499999998],[-77.543686,40.08228800000003],[-77.542448,40.083844000000006],[-77.546925,40.08631199999998],[-77.543084,40.087195],[-77.542955,40.089597000000005],[-77.54514100000002,40.09048999999998],[-77.548097,40.09013000000003],[-77.550126,40.09103499999996],[-77.550847,40.09321500000004],[-77.553883,40.095882999999986],[-77.559311,40.093933999999955],[-77.560417,40.09425599999999],[-77.560741,40.09665],[-77.561682,40.09732299999998]]]}},{"type":"Feature","properties":{"district":"119","population":61231,"landAreaSqMi":97.7,"topMunicipalities":[{"name":"Hanover","classCode":"first_class_township","populationShare":0.18698045107870195},{"name":"Nanticoke","classCode":"third_class_city","populationShare":0.173278241413663},{"name":"Plymouth","classCode":"borough","populationShare":0.09408632882036877},{"name":"Wright","classCode":"second_class_township","populationShare":0.0933514069670591},{"name":"Edwardsville","classCode":"borough","populationShare":0.0803024611716287}],"topCounties":[{"name":"Luzerne","geoid":"42079","populationShare":1.0}],"classShares":{"borough":0.3102186800803515,"first_class_township":0.25981937254005316,"second_class_township":0.2566837059659323,"third_class_city":0.173278241413663},"medianIncome":67515,"medianHomeValue":154033,"rentBurdenedPct":41.8,"ownerBurdenedPct":20.1,"permitsPer1kPerYear":0.8,"permits5yrTotal":241,"popChange2020to2024Pct":1.7,"parentSenateDistricts":[{"district":"20","overlapShareOfHD":0.6576337264572435,"areaShareOfSD":0.024340153502492672},{"district":"27","overlapShareOfHD":0.342366273542757,"areaShareOfSD":0.02008189367930997}]},"geometry":{"type":"Polygon","coordinates":[[[-76.108102,41.17756500000003],[-76.09720800000001,41.18023499999999],[-76.093416,41.181833],[-76.076839,41.196676999999994],[-76.0717,41.19830500000002],[-76.061828,41.204073000000015],[-76.045766,41.20885699999999],[-76.039896,41.212292],[-76.076853,41.25023700000001],[-76.047054,41.26682399999999],[-76.045028,41.262833],[-76.035281,41.263288999999986],[-76.02677,41.25984500000004],[-76.02570600000001,41.258108],[-76.023149,41.257504000000004],[-76.009174,41.243413000000075],[-75.928427,41.28808599999997],[-75.913522,41.272829999999985],[-75.910916,41.27427499999997],[-75.912397,41.275791000000005],[-75.909837,41.27721099999998],[-75.90642400000002,41.273870999999986],[-75.90033400000002,41.26748000000004],[-75.90610000000001,41.26524200000002],[-75.892716,41.25166199999997],[-75.894579,41.250316000000026],[-75.89675,41.25174600000004],[-75.90187,41.24790600000002],[-75.90809700000001,41.24975299999999],[-75.913195,41.24965799999997],[-75.916898,41.24783600000002],[-75.922489,41.24273700000003],[-75.92571500000001,41.24149900000002],[-75.929095,41.241483999999964],[-75.850424,41.19746100000005],[-75.84847300000001,41.15182099999998],[-75.812076,41.15149699999997],[-75.812507,41.14142199999993],[-75.83583,41.14178600000002],[-75.836567,41.12488100000001],[-75.855557,41.125174],[-75.85534000000001,41.118976],[-75.900492,41.097584000000026],[-75.927785,41.088479000000035],[-75.956358,41.11021299999997],[-75.967354,41.13324399999998],[-75.977514,41.14723999999996],[-75.963698,41.152378],[-75.97342700000002,41.16840399999999],[-75.982279,41.166613000000055],[-75.98721700000002,41.16726800000001],[-76.008492,41.16522500000001],[-76.039257,41.15299000000002],[-76.043866,41.15968699999998],[-76.055849,41.15501100000004],[-76.090647,41.14850999999999],[-76.108102,41.17756500000003]]]}},{"type":"Feature","properties":{"district":"131","population":64247,"landAreaSqMi":120.9,"topMunicipalities":[{"name":"Upper Saucon","classCode":"second_class_township","populationShare":0.2670645537728835},{"name":"Upper Hanover","classCode":"second_class_township","populationShare":0.13222481549718204},{"name":"Upper Milford","classCode":"second_class_township","populationShare":0.12357066630160417},{"name":"Lower Saucon","classCode":"second_class_township","populationShare":0.07690340373996161},{"name":"Pennsburg","classCode":"borough","populationShare":0.061606335460605705}],"topCounties":[{"name":"Lehigh","geoid":"42077","populationShare":0.5315274751932217},{"name":"Montgomery","geoid":"42091","populationShare":0.39156912106681663},{"name":"Northampton","geoid":"42095","populationShare":0.07690340373996161}],"classShares":{"borough":0.1943447965035683,"first_class_township":0.043891072048876816,"second_class_township":0.7617641314475548},"medianIncome":115106,"medianHomeValue":366029,"rentBurdenedPct":38.5,"ownerBurdenedPct":21.2,"permitsPer1kPerYear":3.0,"permits5yrTotal":952,"popChange2020to2024Pct":4.3,"parentSenateDistricts":[{"district":"16","overlapShareOfHD":0.517325618928497,"areaShareOfSD":0.11397226715252018},{"district":"24","overlapShareOfHD":0.29644064562993677,"areaShareOfSD":0.10350663390908028},{"district":"18","overlapShareOfHD":0.08943208083229953,"areaShareOfSD":0.04357268791617133},{"district":"12","overlapShareOfHD":0.07768591005817418,"areaShareOfSD":0.06501133921353343},{"district":"14","overlapShareOfHD":0.01911574455109237,"areaShareOfSD":0.012558404325607094}]},"geometry":{"type":"MultiPolygon","coordinates":[[[[-75.505522,40.54368399999999],[-75.501434,40.546841000000015],[-75.49976400000001,40.54601000000002],[-75.497972,40.547952999999985],[-75.499481,40.549215],[-75.495667,40.54986799999997],[-75.494457,40.55136200000005],[-75.491465,40.55143799999998],[-75.487737,40.55876299999998],[-75.483272,40.55668099999999],[-75.485788,40.55203100000003],[-75.489572,40.553138],[-75.497664,40.54497299999999],[-75.499162,40.54576400000002],[-75.501129,40.54389300000005],[-75.505522,40.54368399999999]]],[[[-75.579248,40.47803000000002],[-75.547858,40.50574499999998],[-75.54732,40.50496],[-75.545268,40.507015],[-75.543261,40.50531399999998],[-75.540853,40.505479000000015],[-75.54056600000001,40.50820399999997],[-75.542949,40.509356999999994],[-75.54307100000001,40.510323999999954],[-75.514701,40.53485800000002],[-75.51306500000001,40.537441000000015],[-75.510593,40.53783500000002],[-75.50713200000001,40.535980000000016],[-75.51004000000002,40.53268199999998],[-75.509419,40.53214099999997],[-75.511919,40.53248500000002],[-75.512517,40.53171899999996],[-75.514272,40.532520999999996],[-75.516884,40.529704],[-75.512866,40.527403999999954],[-75.51578100000002,40.52401299999999],[-75.513576,40.52169299999997],[-75.516432,40.51938899999994],[-75.51297900000002,40.51876399999996],[-75.511712,40.519735999999995],[-75.510041,40.517670000000045],[-75.50440100000002,40.516658],[-75.495505,40.524190000000026],[-75.487896,40.52942100000001],[-75.485131,40.52776899999999],[-75.484283,40.528729999999996],[-75.480144,40.528938],[-75.484494,40.531028999999975],[-75.481889,40.533445],[-75.480885,40.53887999999999],[-75.48193,40.55093],[-75.478985,40.55490000000002],[-75.475173,40.55343000000001],[-75.457935,40.565125],[-75.460588,40.568135000000005],[-75.459297,40.56857400000003],[-75.462659,40.57243100000001],[-75.459573,40.57378400000004],[-75.454173,40.56767700000001],[-75.450353,40.57026999999997],[-75.448651,40.56210900000003],[-75.430873,40.56823899999994],[-75.417273,40.573932000000006],[-75.407705,40.57989599999997],[-75.40382200000002,40.58078700000005],[-75.40441200000001,40.58115400000001],[-75.391275,40.59655099999999],[-75.390635,40.60067699999999],[-75.367519,40.600662999999976],[-75.362893,40.59179500000004],[-75.3617,40.58530799999996],[-75.364261,40.58504800000002],[-75.363682,40.58023600000001],[-75.360415,40.579303999999965],[-75.358821,40.57800399999999],[-75.344987,40.57896100000004],[-75.34398100000001,40.574478],[-75.344686,40.571270999999996],[-75.342976,40.568292999999954],[-75.341086,40.56698099999997],[-75.33321,40.56742500000001],[-75.333545,40.571074999999986],[-75.339711,40.571067],[-75.33982000000002,40.57252099999997],[-75.327261,40.57326300000001],[-75.32806700000002,40.58329299999998],[-75.333415,40.58342399999996],[-75.333194,40.589435],[-75.320647,40.59071100000007],[-75.319694,40.58633599999999],[-75.31755700000001,40.58539199999996],[-75.316284,40.579653],[-75.31556,40.57967400000003],[-75.31516300000001,40.57765000000003],[-75.314118,40.577741999999986],[-75.313957,40.57630399999998],[-75.312908,40.576358999999975],[-75.309662,40.56853600000005],[-75.299017,40.558601000000024],[-75.33304800000002,40.536767],[-75.338633,40.53406799999995],[-75.409733,40.487984],[-75.483858,40.41863400000001],[-75.45202,40.39931399999996],[-75.425667,40.38442999999996],[-75.41358900000002,40.376334999999976],[-75.353219,40.340181999999956],[-75.36112200000001,40.335209000000006],[-75.363582,40.33530700000001],[-75.366255,40.336557000000006],[-75.371087,40.335251000000035],[-75.372838,40.333912999999974],[-75.37314200000002,40.332653999999934],[-75.37784,40.329037000000014],[-75.37990800000001,40.32840300000002],[-75.383884,40.32363599999996],[-75.392993,40.32454299999999],[-75.39477400000001,40.323947999999994],[-75.395185,40.32054399999996],[-75.40123,40.32076500000002],[-75.401623,40.31969199999999],[-75.399792,40.31701299999999],[-75.40033400000002,40.315008999999996],[-75.409316,40.317191],[-75.409139,40.31582600000002],[-75.405798,40.312823],[-75.410212,40.31117200000005],[-75.414925,40.31149199999997],[-75.417666,40.310213],[-75.429527,40.314676999999996],[-75.429211,40.31600499999999],[-75.43529400000001,40.31953799999998],[-75.43587,40.32435799999998],[-75.443192,40.331334999999996],[-75.4476,40.32649599999995],[-75.451106,40.326306000000024],[-75.452359,40.32510000000006],[-75.454354,40.32517800000005],[-75.458164,40.321018000000024],[-75.46194,40.32110300000004],[-75.464609,40.31806699999999],[-75.468619,40.319885000000006],[-75.475376,40.31475499999997],[-75.477485,40.31829700000002],[-75.477389,40.32061000000006],[-75.48151900000002,40.324049],[-75.478466,40.325333999999984],[-75.478153,40.32642000000005],[-75.482009,40.33465100000001],[-75.480775,40.33682799999997],[-75.476634,40.337060000000015],[-75.473986,40.338108000000005],[-75.47375,40.33894999999997],[-75.480641,40.34187299999998],[-75.485935,40.341934999999985],[-75.488743,40.34278900000001],[-75.487461,40.347313],[-75.488682,40.34949500000004],[-75.490613,40.350853999999956],[-75.497173,40.34448500000005],[-75.545312,40.370944],[-75.537096,40.380621000000055],[-75.544347,40.384412],[-75.54359,40.385412000000024],[-75.569274,40.397892000000056],[-75.529813,40.447092000000026],[-75.579248,40.47803000000002]]]]}},{"type":"Feature","properties":{"district":"129","population":50523,"landAreaSqMi":12.8,"topMunicipalities":[{"name":"Reading","classCode":"third_class_city","populationShare":0.48498072154991906},{"name":"Wyomissing","classCode":"borough","populationShare":0.21970069728850333},{"name":"Spring","classCode":"second_class_township","populationShare":0.12064663038941154},{"name":"West Reading","classCode":"borough","populationShare":0.08980018590972443},{"name":"Sinking Spring","classCode":"borough","populationShare":0.08487176486244173}],"topCounties":[{"name":"Berks","geoid":"42011","populationShare":1.0}],"classShares":{"borough":0.3943726480606695,"second_class_township":0.12064663038941154,"third_class_city":0.48498072154991906},"medianIncome":66274,"medianHomeValue":210994,"rentBurdenedPct":55.4,"ownerBurdenedPct":20.8,"permitsPer1kPerYear":0.6,"permits5yrTotal":140,"popChange2020to2024Pct":1.2,"parentSenateDistricts":[{"district":"11","overlapShareOfHD":0.9999999999999991,"areaShareOfSD":0.06313306239114123}]},"geometry":{"type":"Polygon","coordinates":[[[-76.037201,40.324202999999954],[-76.034651,40.326529999999984],[-76.031285,40.32743599999998],[-76.025712,40.334772999999984],[-76.011671,40.32885799999999],[-76.00502,40.33485199999996],[-76.003864,40.33819799999999],[-75.999054,40.344414000000015],[-75.993084,40.34224799999998],[-75.983508,40.340848],[-75.978171,40.34590700000001],[-75.977473,40.34546100000002],[-75.965835,40.35653899999999],[-75.963655,40.35622499999999],[-75.960708,40.35458299999999],[-75.94137200000002,40.36437000000001],[-75.943591,40.36558100000002],[-75.950572,40.36674399999996],[-75.953338,40.36833800000005],[-75.94804300000001,40.37076299999996],[-75.947161,40.369634999999974],[-75.94305,40.370942999999976],[-75.940627,40.36757200000001],[-75.932778,40.367557000000005],[-75.933681,40.353504],[-75.921251,40.35328500000001],[-75.923758,40.34450399999997],[-75.925315,40.343473999999986],[-75.929607,40.343816000000004],[-75.929843,40.335345999999966],[-75.937662,40.33544200000001],[-75.939511,40.332083000000004],[-75.93922800000001,40.33096599999999],[-75.942391,40.331513999999956],[-75.94130700000001,40.32860400000002],[-75.94393000000001,40.32839300000001],[-75.946656,40.32689199999998],[-75.948676,40.32666199999999],[-75.95279,40.32833300000002],[-75.956633,40.326955999999946],[-75.956162,40.32609300000001],[-75.958464,40.32475300000003],[-75.957827,40.32379400000001],[-75.95950100000002,40.322446000000035],[-75.956382,40.31792700000002],[-75.960489,40.31424399999999],[-75.96029,40.311254000000005],[-75.965983,40.31069699999995],[-75.969819,40.31415899999999],[-75.9752,40.305693000000005],[-75.984351,40.30946399999997],[-75.981601,40.31067899999998],[-75.983007,40.312186],[-75.981816,40.31302000000001],[-75.984168,40.31179700000004],[-75.988928,40.307428],[-76.006522,40.29955400000001],[-76.009186,40.296277],[-76.012278,40.296267999999976],[-76.01017,40.29803900000001],[-76.010568,40.29859800000001],[-76.015729,40.298312999999936],[-76.01644600000002,40.30028599999995],[-76.016098,40.304898],[-76.01926,40.30953599999996],[-76.022352,40.30985600000002],[-76.032985,40.31449000000007],[-76.03171000000002,40.31566799999997],[-76.036107,40.318735999999994],[-76.037201,40.324202999999954]]]}},{"type":"Feature","properties":{"district":"107","population":67375,"landAreaSqMi":507.5,"topMunicipalities":[{"name":"Coal","classCode":"first_class_township","populationShare":0.14619666048237487},{"name":"Shamokin","classCode":"third_class_city","populationShare":0.10226345083487938},{"name":"Mount Carmel","classCode":"borough","populationShare":0.08452690166975879},{"name":"Ralpho","classCode":"second_class_township","populationShare":0.0621150278293136},{"name":"Pine Grove","classCode":"second_class_township","populationShare":0.059844155844155776}],"topCounties":[{"name":"Northumberland","geoid":"42097","populationShare":0.6627680890538035},{"name":"Schuylkill","geoid":"42107","populationShare":0.33723191094619653}],"classShares":{"borough":0.2213283858998144,"first_class_township":0.14619666048237487,"second_class_township":0.5302115027829314,"third_class_city":0.10226345083487938},"medianIncome":66338,"medianHomeValue":141620,"rentBurdenedPct":32.4,"ownerBurdenedPct":14.7,"permitsPer1kPerYear":0.6,"permits5yrTotal":218,"popChange2020to2024Pct":-1.0,"parentSenateDistricts":[{"district":"27","overlapShareOfHD":0.5161130161496638,"areaShareOfSD":0.1573584460735415},{"district":"29","overlapShareOfHD":0.4838869838503371,"areaShareOfSD":0.179683345138772}]},"geometry":{"type":"Polygon","coordinates":[[[-76.949081,40.62821100000001],[-76.939883,40.63814200000001],[-76.9342,40.640869999999964],[-76.927625,40.645706999999994],[-76.920733,40.65488499999998],[-76.916301,40.662992000000024],[-76.910189,40.669254999999986],[-76.896251,40.678673999999965],[-76.886742,40.68272900000002],[-76.87955400000001,40.68744500000005],[-76.876764,40.691437],[-76.874322,40.69290500000003],[-76.869333,40.699044],[-76.861184,40.711598],[-76.856492,40.72263000000002],[-76.855187,40.73112900000001],[-76.857521,40.74961199999999],[-76.856281,40.75478699999998],[-76.856886,40.765373999999994],[-76.859252,40.77704299999998],[-76.858646,40.78178399999995],[-76.854726,40.79496800000002],[-76.849066,40.80549300000002],[-76.849786,40.809089],[-76.84710500000001,40.812565],[-76.836251,40.81249099999998],[-76.832647,40.81108999999996],[-76.831115,40.80948200000001],[-76.798696,40.81411600000004],[-76.79815900000001,40.81360699999997],[-76.788895,40.81902099999998],[-76.797025,40.82240600000001],[-76.788444,40.82782999999994],[-76.783231,40.82292100000003],[-76.773138,40.817566],[-76.76156300000001,40.81711599999996],[-76.755481,40.78936200000004],[-76.750131,40.77626299999999],[-76.73979400000002,40.778844999999976],[-76.696089,40.78547399999996],[-76.697185,40.86076500000001],[-76.671722,40.86183299999996],[-76.653324,40.86525000000004],[-76.65023500000001,40.876033],[-76.642704,40.87569599999996],[-76.642535,40.883913000000014],[-76.625222,40.88323999999997],[-76.57132,40.87908199999999],[-76.550935,40.88278400000001],[-76.506625,40.882859],[-76.504079,40.880812999999975],[-76.50380500000001,40.878544999999995],[-76.509214,40.87420799999999],[-76.509859,40.87071599999996],[-76.508434,40.86954699999998],[-76.507429,40.863544],[-76.502481,40.861769000000024],[-76.500539,40.85946499999995],[-76.499992,40.85608100000002],[-76.498006,40.85407499999999],[-76.499201,40.852644000000026],[-76.498711,40.85146200000002],[-76.499466,40.850122999999996],[-76.50526,40.84886000000004],[-76.508093,40.84663699999999],[-76.50741100000002,40.84453899999997],[-76.508054,40.84213099999999],[-76.50533700000001,40.83832100000002],[-76.505011,40.835303],[-76.503835,40.83452900000001],[-76.50384,40.83285899999999],[-76.50245800000002,40.831415000000014],[-76.501598,40.824765],[-76.498456,40.82389699999996],[-76.495838,40.82408000000002],[-76.48723600000001,40.826324000000035],[-76.473632,40.82710300000001],[-76.470403,40.82871800000005],[-76.46854,40.827915],[-76.463724,40.828313],[-76.454551,40.83075],[-76.453701,40.829991000000014],[-76.452311,40.830823999999986],[-76.451583,40.83028099999998],[-76.448672,40.831091999999956],[-76.445724,40.83080300000007],[-76.437722,40.83251400000001],[-76.436395,40.831955999999984],[-76.434529,40.832596],[-76.429464,40.83219900000001],[-76.423347,40.833399000000036],[-76.421807,40.833075000000015],[-76.42157,40.833696000000025],[-76.411487,40.83348999999998],[-76.380334,40.775444999999934],[-76.469523,40.74318799999999],[-76.46384,40.743528999999974],[-76.460115,40.745122000000045],[-76.453603,40.74456300000003],[-76.449871,40.746534999999966],[-76.447612,40.74905000000001],[-76.444916,40.75016300000002],[-76.441287,40.74907799999999],[-76.440363,40.74990799999999],[-76.438002,40.74971600000002],[-76.43647500000002,40.75109099999999],[-76.431306,40.751167999999964],[-76.428078,40.75037700000003],[-76.415706,40.75173099999997],[-76.411226,40.751296999999965],[-76.405765,40.749739999999974],[-76.400295,40.751926000000026],[-76.394388,40.75305999999998],[-76.389608,40.75256399999995],[-76.388921,40.748384000000016],[-76.38504700000001,40.745231],[-76.382267,40.74476299999998],[-76.381018,40.745762000000035],[-76.380786,40.75066600000005],[-76.376784,40.75362900000001],[-76.37270300000002,40.752115999999994],[-76.353382,40.73083899999996],[-76.31448000000002,40.71999800000001],[-76.300362,40.71531899999997],[-76.304353,40.713885],[-76.319212,40.700636000000024],[-76.329522,40.69274799999999],[-76.282132,40.628931],[-76.298504,40.62244600000004],[-76.24011,40.520528999999954],[-76.259647,40.51677900000001],[-76.272152,40.517586000000016],[-76.282109,40.51613699999998],[-76.30232600000001,40.514657999999976],[-76.314579,40.51591000000005],[-76.322544,40.51415999999999],[-76.330435,40.51591000000001],[-76.338228,40.515536000000054],[-76.3524,40.51115699999998],[-76.369222,40.50959700000003],[-76.376927,40.506332999999955],[-76.384348,40.50573899999995],[-76.415912,40.49602199999999],[-76.427311,40.49543399999998],[-76.440181,40.49595199999999],[-76.701624,40.65808200000003],[-76.702002,40.65608000000002],[-76.703924,40.655369999999984],[-76.713167,40.65955099999999],[-76.716234,40.65902500000003],[-76.719176,40.65778999999996],[-76.721729,40.653483],[-76.72404,40.65311999999997],[-76.728728,40.653441],[-76.733563,40.65487000000001],[-76.745249,40.65461999999999],[-76.749698,40.653150000000025],[-76.752508,40.650275],[-76.756232,40.648087999999994],[-76.770203,40.64687400000002],[-76.776332,40.645503999999995],[-76.778281,40.64598599999994],[-76.785853,40.641731999999976],[-76.790388,40.640784],[-76.794501,40.64063199999998],[-76.794558,40.641727000000024],[-76.798185,40.64475200000004],[-76.80131200000001,40.64551000000003],[-76.801888,40.646885999999995],[-76.803382,40.64722299999999],[-76.805656,40.646384000000005],[-76.809521,40.64272400000001],[-76.810149,40.634845999999975],[-76.81114,40.63381700000001],[-76.821059,40.63334500000004],[-76.82511900000002,40.63450200000003],[-76.827405,40.633946000000044],[-76.833162,40.627601999999975],[-76.840104,40.62543900000001],[-76.854599,40.625719999999994],[-76.864357,40.62756099999998],[-76.869049,40.62422900000005],[-76.869632,40.61804499999998],[-76.872283,40.61638799999999],[-76.879155,40.61673699999999],[-76.883426,40.61796800000001],[-76.88682200000001,40.617708],[-76.89025400000001,40.616279000000034],[-76.8914,40.61496399999994],[-76.88943800000001,40.61238900000001],[-76.89077,40.61009500000001],[-76.898869,40.610452000000016],[-76.90334200000001,40.611892000000005],[-76.92066,40.61001299999996],[-76.920932,40.60844199999998],[-76.91778,40.60484600000001],[-76.918672,40.60346599999997],[-76.920427,40.604030999999985],[-76.92599,40.609169000000044],[-76.936962,40.612841],[-76.949081,40.62821100000001]]]}},{"type":"Feature","properties":{"district":"93","population":65616,"landAreaSqMi":156.2,"topMunicipalities":[{"name":"York","classCode":"first_class_township","populationShare":0.45790660814435546},{"name":"Springfield","classCode":"second_class_township","populationShare":0.09174591563033406},{"name":"Hopewell","classCode":"second_class_township","populationShare":0.08042245793708842},{"name":"Dallastown","classCode":"borough","populationShare":0.06356681297244572},{"name":"Shrewsbury","classCode":"borough","populationShare":0.05891855644964636}],"topCounties":[{"name":"York","geoid":"42133","populationShare":1.0}],"classShares":{"borough":0.24711960497439625,"first_class_township":0.45790660814435546,"second_class_township":0.29497378688124837},"medianIncome":93350,"medianHomeValue":264373,"rentBurdenedPct":46.8,"ownerBurdenedPct":20.7,"permitsPer1kPerYear":3.4,"permits5yrTotal":1120,"popChange2020to2024Pct":3.6,"parentSenateDistricts":[{"district":"28","overlapShareOfHD":0.9999999999999997,"areaShareOfSD":0.2599605050920157}]},"geometry":{"type":"Polygon","coordinates":[[[-76.773917,39.84334900000002],[-76.766713,39.84767700000002],[-76.764849,39.84623700000003],[-76.760787,39.848902000000024],[-76.760648,39.85329199999999],[-76.752942,39.86224099999997],[-76.758334,39.86591900000002],[-76.754849,39.866851],[-76.754414,39.86756499999996],[-76.748539,39.867197999999995],[-76.74562,39.869275999999985],[-76.74582,39.87043400000001],[-76.748065,39.87081700000001],[-76.749252,39.874583],[-76.750576,39.87515699999998],[-76.753458,39.879678000000034],[-76.75526,39.88135899999998],[-76.756407,39.881463999999966],[-76.756021,39.88302300000005],[-76.759505,39.88454600000001],[-76.760117,39.886512],[-76.756602,39.88781199999999],[-76.753879,39.887393000000024],[-76.748584,39.890014000000015],[-76.745574,39.887182],[-76.74417,39.88758400000001],[-76.74227300000001,39.88693699999996],[-76.741426,39.887612999999966],[-76.742247,39.88955600000003],[-76.747288,39.89106399999999],[-76.748372,39.892254000000015],[-76.743428,39.89573299999997],[-76.745803,39.897642],[-76.744082,39.90233799999997],[-76.744496,39.90346399999996],[-76.757334,39.908539999999995],[-76.759285,39.911423999999954],[-76.762643,39.912040000000005],[-76.763826,39.913006999999936],[-76.763996,39.91580800000004],[-76.760822,39.916498000000004],[-76.757086,39.915602000000014],[-76.753529,39.914041000000005],[-76.75266,39.91283799999999],[-76.751491,39.912996000000014],[-76.751183,39.913875000000026],[-76.748653,39.91364799999999],[-76.74216,39.91811399999997],[-76.704616,39.93808599999997],[-76.702744,39.93780000000007],[-76.701266,39.93899400000001],[-76.699976,39.938246000000014],[-76.697624,39.94026299999995],[-76.70032,39.94067500000003],[-76.689544,39.946387999999985],[-76.69101,39.94405899999997],[-76.689015,39.94333000000004],[-76.68815,39.9448],[-76.687001,39.94429799999999],[-76.687834,39.942903],[-76.68684400000001,39.94254800000003],[-76.682353,39.94641],[-76.682456,39.94844400000008],[-76.680532,39.949082999999995],[-76.682062,39.950646000000056],[-76.660317,39.96091900000001],[-76.658633,39.957205999999964],[-76.649219,39.95343799999999],[-76.647667,39.947125],[-76.644653,39.940211000000005],[-76.644046,39.93501200000003],[-76.64229,39.931774999999995],[-76.636816,39.92646399999997],[-76.630387,39.916831],[-76.623464,39.91073000000002],[-76.61497800000001,39.90793400000001],[-76.6138,39.90694299999998],[-76.613963,39.90587700000004],[-76.613026,39.905297000000004],[-76.61658200000001,39.903727000000025],[-76.615346,39.90222699999999],[-76.621526,39.89963999999997],[-76.62030000000001,39.89589500000004],[-76.61356,39.89440100000005],[-76.615596,39.893126],[-76.617911,39.89341200000004],[-76.61918,39.89181900000001],[-76.615008,39.88727200000002],[-76.611163,39.890259000000015],[-76.60329800000001,39.89165400000001],[-76.601117,39.89405799999998],[-76.59811800000001,39.88893499999997],[-76.608495,39.88314399999998],[-76.612593,39.87798999999999],[-76.615441,39.87110699999997],[-76.61253400000001,39.87018999999998],[-76.608286,39.86619300000004],[-76.603343,39.86670500000002],[-76.59834,39.86503799999999],[-76.597812,39.86340200000005],[-76.593735,39.86214499999993],[-76.589253,39.862025999999965],[-76.584976,39.85797499999997],[-76.581713,39.85735999999998],[-76.579568,39.855674999999955],[-76.575065,39.85715800000005],[-76.571545,39.856032999999975],[-76.571733,39.85282200000003],[-76.565228,39.85070700000001],[-76.561609,39.85098199999995],[-76.55954700000001,39.84941099999999],[-76.554895,39.848198000000025],[-76.550279,39.84937399999997],[-76.546502,39.84506900000002],[-76.545155,39.844705000000054],[-76.539336,39.846328999999976],[-76.53664300000001,39.846135999999994],[-76.53365200000002,39.842197999999975],[-76.528118,39.839352000000005],[-76.527977,39.83646899999998],[-76.525115,39.83333899999998],[-76.522481,39.83230000000001],[-76.520792,39.832398],[-76.522368,39.829339999999966],[-76.521009,39.82797799999997],[-76.517839,39.82794899999998],[-76.51814000000002,39.825950000000006],[-76.514663,39.827031000000034],[-76.510099,39.825633999999944],[-76.505477,39.825175999999985],[-76.501809,39.82592699999999],[-76.499091,39.82557300000001],[-76.496066,39.81966],[-76.492511,39.817669],[-76.487539,39.816353000000014],[-76.486834,39.81666100000001],[-76.487633,39.818094],[-76.48690800000001,39.81975199999999],[-76.483881,39.81997899999998],[-76.479398,39.814006],[-76.483383,39.810456999999985],[-76.481197,39.81024899999997],[-76.476819,39.813046],[-76.47595,39.811640000000054],[-76.475848,39.807549000000016],[-76.469674,39.805453999999976],[-76.471601,39.801635999999995],[-76.469742,39.80064900000003],[-76.464517,39.801347000000014],[-76.464031,39.79770700000006],[-76.462016,39.795471999999975],[-76.46072,39.795538],[-76.460208,39.796994000000005],[-76.46102,39.79961300000001],[-76.456122,39.79933900000004],[-76.453937,39.801306000000004],[-76.45168600000001,39.79674799999999],[-76.44787,39.79730899999998],[-76.445848,39.79452500000005],[-76.442566,39.79340999999998],[-76.440445,39.79497],[-76.438623,39.797798],[-76.43727,39.79848999999997],[-76.434116,39.79795700000001],[-76.432279,39.799610000000015],[-76.428905,39.79521699999997],[-76.422712,39.79264600000001],[-76.421609,39.790982],[-76.416128,39.788707999999936],[-76.413494,39.79042100000001],[-76.4062,39.785616],[-76.412432,39.74193000000001],[-76.404968,39.72787600000004],[-76.404526,39.72123899999998],[-76.583876,39.72130199999997],[-76.595462,39.72044899999998],[-76.601427,39.72129899999997],[-76.60942500000002,39.72129699999997],[-76.612767,39.72389700000004],[-76.61042000000002,39.72401799999999],[-76.607698,39.72605699999998],[-76.60965,39.73069600000005],[-76.608864,39.734980000000014],[-76.611189,39.73490799999997],[-76.612205,39.733183],[-76.614438,39.73270399999998],[-76.614732,39.735427000000044],[-76.617521,39.736673000000025],[-76.619071,39.73653499999994],[-76.619392,39.73757799999997],[-76.621996,39.737988],[-76.623882,39.739431000000046],[-76.625257,39.73934000000004],[-76.624691,39.73741600000001],[-76.626318,39.73719400000002],[-76.628046,39.73886399999999],[-76.632,39.739360000000005],[-76.633697,39.74261700000001],[-76.637689,39.74182800000001],[-76.637253,39.744199999999985],[-76.634598,39.74625800000001],[-76.634924,39.74810899999994],[-76.636538,39.74971800000003],[-76.64074400000001,39.75148799999996],[-76.644264,39.754010000000044],[-76.64609800000001,39.756970000000024],[-76.648573,39.75781600000003],[-76.647961,39.759012999999996],[-76.650307,39.762182],[-76.650064,39.763698000000005],[-76.65327100000002,39.76792699999998],[-76.659269,39.76922500000001],[-76.663709,39.77135600000001],[-76.668185,39.77168799999997],[-76.668084,39.77111099999998],[-76.6719,39.771020000000036],[-76.677838,39.769134],[-76.676155,39.762119999999975],[-76.673738,39.757847],[-76.6743,39.75764900000001],[-76.67304,39.75503799999998],[-76.673601,39.75426800000002],[-76.672494,39.75325199999998],[-76.6732,39.752748999999994],[-76.672233,39.74645100000003],[-76.67445800000002,39.74728400000001],[-76.676382,39.74616800000003],[-76.677148,39.75094199999999],[-76.68072,39.750735],[-76.68409,39.765546999999984],[-76.68474,39.765070000000065],[-76.686489,39.76860999999997],[-76.692193,39.76988299999994],[-76.696051,39.771835],[-76.692677,39.775121000000006],[-76.692142,39.774603999999975],[-76.688795,39.776933000000014],[-76.688944,39.77750599999999],[-76.683963,39.77966999999999],[-76.683759,39.78110899999996],[-76.685992,39.78090199999998],[-76.686243,39.78441999999996],[-76.68230400000002,39.78654900000001],[-76.683964,39.789307000000015],[-76.68074100000001,39.79053300000001],[-76.680342,39.789952000000035],[-76.676889,39.79014900000005],[-76.67497500000002,39.78938999999999],[-76.673871,39.78333400000003],[-76.670172,39.77728700000001],[-76.671382,39.783635],[-76.667405,39.791194],[-76.669075,39.793996999999955],[-76.668826,39.79574400000004],[-76.65922,39.80377500000002],[-76.658087,39.806087000000005],[-76.653515,39.80773299999997],[-76.65176100000001,39.811883999999964],[-76.64785,39.81590199999996],[-76.65010600000001,39.818681999999974],[-76.649037,39.820009999999996],[-76.645576,39.82041499999999],[-76.646295,39.82422999999999],[-76.74091400000002,39.80294600000002],[-76.746896,39.80613399999999],[-76.75226,39.81021600000004],[-76.75403600000001,39.815675],[-76.756868,39.81829000000002],[-76.758698,39.81839999999998],[-76.761174,39.820345000000046],[-76.763083,39.82020299999996],[-76.764079,39.82100499999999],[-76.76489,39.822729999999986],[-76.763721,39.82551300000006],[-76.764309,39.828165999999975],[-76.75937200000001,39.83060199999999],[-76.759975,39.83346300000008],[-76.762773,39.835896000000034],[-76.771062,39.839061999999956],[-76.772393,39.84027100000003],[-76.771815,39.84147299999999],[-76.773254,39.841814],[-76.773917,39.84334900000002]],[[-76.622302,39.896082999999976],[-76.62203400000001,39.895414000000024],[-76.621721,39.896026000000006],[-76.622302,39.896082999999976]]]}},{"type":"Feature","properties":{"district":"74","population":65663,"landAreaSqMi":82.2,"topMunicipalities":[{"name":"Coatesville","classCode":"third_class_city","populationShare":0.20290010650053641},{"name":"Caln","classCode":"first_class_township","populationShare":0.16458093205783825},{"name":"West Caln","classCode":"second_class_township","populationShare":0.13611957906641098},{"name":"Honey Brook","classCode":"second_class_township","populationShare":0.12669263574104647},{"name":"Valley","classCode":"second_class_township","populationShare":0.1213014597520658}],"topCounties":[{"name":"Chester","geoid":"42029","populationShare":1.0}],"classShares":{"borough":0.14457184650676203,"first_class_township":0.16458093205783825,"second_class_township":0.48794711493486337,"third_class_city":0.20290010650053641},"medianIncome":85974,"medianHomeValue":276864,"rentBurdenedPct":53.7,"ownerBurdenedPct":22.5,"permitsPer1kPerYear":3.2,"permits5yrTotal":1047,"popChange2020to2024Pct":3.1,"parentSenateDistricts":[{"district":"44","overlapShareOfHD":0.8807523996661517,"areaShareOfSD":0.201606268806214},{"district":"19","overlapShareOfHD":0.11924760033384822,"areaShareOfSD":0.03015987765189809}]},"geometry":{"type":"Polygon","coordinates":[[[-75.994629,39.95242899999996],[-75.991108,39.95657800000002],[-75.990433,39.959263],[-75.98627600000002,39.96356499999996],[-75.986301,39.967846],[-75.93587000000001,40.03746600000004],[-75.934332,40.047566000000046],[-75.936225,40.065284999999996],[-75.936135,40.078585000000025],[-75.942997,40.109266000000005],[-75.912548,40.12063299999998],[-75.873173,40.13718100000003],[-75.85454800000001,40.14929700000002],[-75.854045,40.14087900000001],[-75.860428,40.129763000000004],[-75.849309,40.12289200000003],[-75.85047,40.121234999999956],[-75.850698,40.11409099999998],[-75.849704,40.109084999999986],[-75.850453,40.106273999999964],[-75.848756,40.10126500000001],[-75.846646,40.10013999999999],[-75.842958,40.095708000000016],[-75.8387,40.08613900000001],[-75.839469,40.082519000000005],[-75.836402,40.080335999999996],[-75.833631,40.07334200000002],[-75.84414900000002,40.056763],[-75.841363,40.05693599999997],[-75.839168,40.04139000000005],[-75.830468,40.042138999999985],[-75.826932,40.04195000000003],[-75.826401,40.04133499999999],[-75.829689,40.03853800000005],[-75.829465,40.03680100000002],[-75.831109,40.03306799999999],[-75.832641,40.03322700000004],[-75.835637,40.03162799999998],[-75.834132,40.030601999999966],[-75.83501400000002,40.02954299999996],[-75.83806300000002,40.02718999999998],[-75.84335,40.02666200000001],[-75.84411200000001,40.02484200000001],[-75.847859,40.02211999999997],[-75.84572,40.01824599999994],[-75.842921,40.01561900000001],[-75.843056,40.01478400000005],[-75.840787,40.012985999999984],[-75.841098,40.01588199999998],[-75.839124,40.01705300000001],[-75.83642,40.01240699999998],[-75.831511,40.00966900000001],[-75.826939,40.008598],[-75.825047,40.00521100000001],[-75.816304,40.004349999999995],[-75.790152,40.00893299999999],[-75.790411,40.01060899999999],[-75.77954800000002,40.01156399999998],[-75.779719,40.01282099999997],[-75.76491200000001,40.01410900000003],[-75.76473800000001,40.01553899999992],[-75.75419900000001,40.015680000000025],[-75.751171,40.012802999999984],[-75.746302,40.012933000000004],[-75.744736,40.01177200000002],[-75.746715,40.00177199999997],[-75.745864,39.996029000000014],[-75.724024,39.999126000000004],[-75.723702,39.996787000000005],[-75.715524,39.99696900000001],[-75.715345,39.99542200000003],[-75.728083,39.992547],[-75.750125,39.99056199999998],[-75.749806,39.98680599999999],[-75.785058,39.98398199999999],[-75.797714,39.98115700000001],[-75.800766,39.964275],[-75.793167,39.962905000000006],[-75.794839,39.95987499999998],[-75.796179,39.95967199999999],[-75.796969,39.95694199999999],[-75.798559,39.95662800000002],[-75.800022,39.957650000000044],[-75.802313,39.95592100000001],[-75.803191,39.95700799999999],[-75.80466,39.95727399999999],[-75.802679,39.960947999999995],[-75.80555000000001,39.96179800000001],[-75.809488,39.96081300000002],[-75.812159,39.96079199999999],[-75.812868,39.96146799999997],[-75.812022,39.95536600000005],[-75.814598,39.95497900000006],[-75.819565,39.954630000000044],[-75.81962600000001,39.95753400000002],[-75.825886,39.96297699999998],[-75.833498,39.95951800000002],[-75.835431,39.961186],[-75.82994300000001,39.96337300000001],[-75.83115500000001,39.965561000000015],[-75.826669,39.96699500000001],[-75.822761,39.96934200000002],[-75.825705,39.97515299999996],[-75.904792,39.95521700000001],[-75.90765,39.953582000000054],[-75.984848,39.93786900000002],[-75.98737,39.93993000000003],[-75.98821,39.93968299999999],[-75.98984,39.94504599999998],[-75.992169,39.945560999999984],[-75.99104,39.94757600000001],[-75.994629,39.95242899999996]]]}},{"type":"Feature","properties":{"district":"133","population":65573,"landAreaSqMi":23.7,"topMunicipalities":[{"name":"Whitehall","classCode":"first_class_township","populationShare":0.4442074151742801},{"name":"Bethlehem","classCode":"third_class_city","populationShare":0.3025636884460911},{"name":"Catasauqua","classCode":"borough","populationShare":0.09898895673909153},{"name":"Fountain Hill","classCode":"borough","populationShare":0.07336864441099505},{"name":"Coplay","classCode":"borough","populationShare":0.05220138636849638}],"topCounties":[{"name":"Lehigh","geoid":"42077","populationShare":1.0}],"classShares":{"borough":0.22455898751858294,"first_class_township":0.4442074151742801,"second_class_township":0.02866966399615566,"third_class_city":0.3025639333109813},"medianIncome":69545,"medianHomeValue":229688,"rentBurdenedPct":48.1,"ownerBurdenedPct":22.9,"permitsPer1kPerYear":1.3,"permits5yrTotal":436,"popChange2020to2024Pct":2.3,"parentSenateDistricts":[{"district":"14","overlapShareOfHD":0.8183452236237698,"areaShareOfSD":0.10645536173131427},{"district":"18","overlapShareOfHD":0.181654776376228,"areaShareOfSD":0.017524901371101905}]},"geometry":{"type":"Polygon","coordinates":[[[-75.547495,40.69102600000004],[-75.515628,40.70219599999996],[-75.509745,40.69415799999995],[-75.503053,40.689715],[-75.497979,40.679154999999966],[-75.49592700000001,40.677896000000004],[-75.48922,40.675992999999956],[-75.485787,40.67255999999999],[-75.483627,40.666996],[-75.483933,40.65961599999996],[-75.481469,40.65574400000004],[-75.430404,40.674152000000014],[-75.430122,40.668426999999994],[-75.396949,40.637739000000025],[-75.392476,40.634123999999964],[-75.387464,40.63312199999999],[-75.38884000000002,40.628708999999986],[-75.38315,40.62394400000001],[-75.38414,40.62016299999999],[-75.38304,40.617351],[-75.379608,40.61668999999997],[-75.378125,40.61535800000005],[-75.388559,40.61442299999995],[-75.391275,40.59655099999999],[-75.39429000000001,40.593017999999965],[-75.403142,40.596106000000006],[-75.405321,40.596109000000006],[-75.40544300000002,40.59828700000005],[-75.403686,40.598885000000024],[-75.40637800000002,40.603522],[-75.401056,40.603875999999985],[-75.39739,40.60665100000001],[-75.399092,40.607590000000016],[-75.396881,40.608280000000036],[-75.395258,40.61351499999996],[-75.406584,40.61219599999998],[-75.41152,40.61644299999998],[-75.415242,40.61692499999998],[-75.419638,40.61609700000004],[-75.422054,40.63433299999999],[-75.423658,40.635917000000006],[-75.462601,40.62847000000001],[-75.459468,40.62398399999997],[-75.465413,40.62280200000004],[-75.465912,40.623278000000035],[-75.467301,40.62241100000005],[-75.463805,40.619085999999974],[-75.475075,40.61910599999992],[-75.476171,40.61972899999999],[-75.476859,40.623109000000056],[-75.484653,40.623895],[-75.487009,40.62504799999999],[-75.489027,40.62407299999998],[-75.48599,40.62360900000002],[-75.485843,40.62265799999996],[-75.482818,40.623086],[-75.479729,40.622095999999964],[-75.478516,40.619623999999995],[-75.476627,40.61806999999996],[-75.487104,40.61215999999998],[-75.488538,40.615310999999956],[-75.49468,40.61642800000001],[-75.535337,40.661250999999965],[-75.547495,40.69102600000004]]]}},{"type":"Feature","properties":{"district":"134","population":68094,"landAreaSqMi":13.2,"topMunicipalities":[{"name":"Allentown","classCode":"third_class_city","populationShare":0.7776178201271329},{"name":"Emmaus","classCode":"borough","populationShare":0.1722188845657414},{"name":"Salisbury","classCode":"first_class_township","populationShare":0.05016329530712561}],"topCounties":[{"name":"Lehigh","geoid":"42077","populationShare":1.0}],"classShares":{"borough":0.1722188845657414,"first_class_township":0.05016329530712561,"third_class_city":0.7776178201271329},"medianIncome":67752,"medianHomeValue":210296,"rentBurdenedPct":55.1,"ownerBurdenedPct":21.8,"permitsPer1kPerYear":1.6,"permits5yrTotal":550,"popChange2020to2024Pct":1.8,"parentSenateDistricts":[{"district":"14","overlapShareOfHD":0.9710663119300363,"areaShareOfSD":0.06958563621478281},{"district":"16","overlapShareOfHD":0.02893368806996374,"areaShareOfSD":0.0006952907758931345}]},"geometry":{"type":"Polygon","coordinates":[[[-75.530166,40.56551600000004],[-75.511286,40.582519000000026],[-75.501189,40.58427600000002],[-75.496901,40.58746599999999],[-75.498423,40.58838399999996],[-75.497941,40.59084500000004],[-75.48838700000002,40.59347999999994],[-75.489454,40.595732],[-75.491558,40.59515600000007],[-75.494888,40.602174000000005],[-75.490692,40.603343000000024],[-75.48936,40.60054899999998],[-75.483086,40.60228400000003],[-75.481739,40.599472999999975],[-75.46447,40.60423500000002],[-75.461109,40.600881000000015],[-75.456617,40.60047999999999],[-75.454633,40.59878599999998],[-75.45064,40.597188999999965],[-75.448731,40.59717399999998],[-75.441822,40.59991400000001],[-75.44032,40.59577099999999],[-75.436662,40.59648799999996],[-75.436107,40.592511999999964],[-75.438268,40.59197799999997],[-75.437819,40.588607999999944],[-75.443594,40.588184000000005],[-75.443435,40.58660499999999],[-75.45017600000001,40.58614600000001],[-75.449535,40.58173899999997],[-75.44781700000001,40.581577000000046],[-75.44637100000001,40.57714299999999],[-75.445932,40.57326600000001],[-75.447247,40.572377],[-75.446495,40.57253399999994],[-75.445859,40.57134200000004],[-75.447065,40.570788000000015],[-75.448114,40.57178799999999],[-75.454173,40.56767700000001],[-75.459573,40.57378400000004],[-75.462659,40.57243100000001],[-75.459297,40.56857400000003],[-75.460588,40.568135000000005],[-75.457935,40.565125],[-75.475173,40.55343000000001],[-75.478985,40.55490000000002],[-75.48193,40.55093],[-75.480885,40.53887999999999],[-75.481889,40.533445],[-75.484494,40.531028999999975],[-75.480144,40.528938],[-75.484283,40.528729999999996],[-75.485131,40.52776899999999],[-75.487896,40.52942100000001],[-75.495505,40.524190000000026],[-75.50440100000002,40.516658],[-75.510041,40.517670000000045],[-75.511712,40.519735999999995],[-75.51297900000002,40.51876399999996],[-75.516432,40.51938899999994],[-75.513576,40.52169299999997],[-75.51578100000002,40.52401299999999],[-75.512866,40.527403999999954],[-75.516884,40.529704],[-75.514272,40.532520999999996],[-75.512517,40.53171899999996],[-75.511919,40.53248500000002],[-75.509419,40.53214099999997],[-75.51004000000002,40.53268199999998],[-75.50713200000001,40.535980000000016],[-75.510593,40.53783500000002],[-75.515094,40.537110999999996],[-75.51449200000002,40.53608200000004],[-75.515541,40.53531100000002],[-75.518788,40.53709999999998],[-75.520099,40.540460999999986],[-75.518629,40.540354999999984],[-75.517103,40.542061999999966],[-75.513039,40.539880000000004],[-75.510119,40.54124900000003],[-75.508787,40.540524999999995],[-75.506216,40.54347300000001],[-75.501129,40.54389300000005],[-75.499162,40.54576400000002],[-75.497664,40.54497299999999],[-75.489572,40.553138],[-75.485788,40.55203100000003],[-75.483272,40.55668099999999],[-75.487737,40.55876299999998],[-75.491465,40.55143799999998],[-75.494457,40.55136200000005],[-75.495667,40.54986799999997],[-75.499481,40.549215],[-75.497978,40.54790799999998],[-75.499957,40.54585599999998],[-75.530166,40.56551600000004]]]}},{"type":"Feature","properties":{"district":"115","population":61909,"landAreaSqMi":263.0,"topMunicipalities":[{"name":"Coolbaugh","classCode":"second_class_township","populationShare":0.33523194405705364},{"name":"Pocono","classCode":"first_class_township","populationShare":0.17588612502829595},{"name":"Middle Smithfield","classCode":"second_class_township","populationShare":0.13373596847681357},{"name":"Stroud","classCode":"second_class_township","populationShare":0.13295021113934838},{"name":"Barrett","classCode":"second_class_township","populationShare":0.06525667601380446}],"topCounties":[{"name":"Monroe","geoid":"42089","populationShare":1.0}],"classShares":{"borough":0.04984705499470306,"first_class_township":0.17588612502829595,"second_class_township":0.774266819977001},"medianIncome":87812,"medianHomeValue":221541,"rentBurdenedPct":49.2,"ownerBurdenedPct":26.5,"permitsPer1kPerYear":1.8,"permits5yrTotal":551,"popChange2020to2024Pct":-0.9,"parentSenateDistricts":[{"district":"40","overlapShareOfHD":1.000000000000001,"areaShareOfSD":0.2475443708072683}]},"geometry":{"type":"Polygon","coordinates":[[[-75.598634,41.163061999999975],[-75.597028,41.16338499999996],[-75.59625100000001,41.16642900000002],[-75.598026,41.168289000000044],[-75.598302,41.17243200000001],[-75.594537,41.171504999999996],[-75.588167,41.172528999999955],[-75.582724,41.176745000000025],[-75.576653,41.177857],[-75.575544,41.18061000000006],[-75.576371,41.18655099999999],[-75.573003,41.189989999999995],[-75.570211,41.19113000000003],[-75.57058100000002,41.19261500000003],[-75.569159,41.19365799999995],[-75.57090300000002,41.195361000000005],[-75.569666,41.197123000000026],[-75.56974,41.19874400000001],[-75.566945,41.19961399999997],[-75.56713300000001,41.20069399999997],[-75.565766,41.201150999999996],[-75.562641,41.20535500000002],[-75.560074,41.20505200000004],[-75.55925500000001,41.206947999999976],[-75.554723,41.20765],[-75.555158,41.20899399999998],[-75.55401700000002,41.21168000000002],[-75.551733,41.21315400000001],[-75.550976,41.21532000000001],[-75.54440900000002,41.22183700000001],[-75.544005,41.223505],[-75.539846,41.22546099999999],[-75.53507,41.22503299999999],[-75.529356,41.22659100000002],[-75.526719,41.225071999999976],[-75.52676800000002,41.223811000000005],[-75.525686,41.223071999999995],[-75.523057,41.22256099999996],[-75.516671,41.21927200000002],[-75.51461,41.222096999999984],[-75.510758,41.22514499999994],[-75.509252,41.22798899999993],[-75.508345,41.232949],[-75.506748,41.23208000000001],[-75.374627,41.23778299999997],[-75.366585,41.238280999999944],[-75.363697,41.23941600000003],[-75.35995,41.23870700000005],[-75.34372599999999,41.24016399999999],[-75.129721,41.252100999999975],[-75.156507,41.150341000000004],[-75.082677,41.14171499999995],[-75.083581,41.13817699999996],[-75.093813,41.119516000000004],[-75.09468,41.11206899999998],[-75.098641,41.105461999999974],[-75.097216,41.10154000000004],[-75.099295,41.09549599999997],[-75.10484,41.08874800000004],[-75.10288500000001,41.084001000000065],[-75.103128,41.082048000000015],[-75.11443,41.07251100000002],[-75.11542,41.06094],[-75.12216400000001,41.057626999999954],[-75.12705100000001,41.053955],[-75.12844,41.05081099999999],[-75.22348300000002,41.07335800000001],[-75.225466,41.070807000000016],[-75.218471,41.067391999999984],[-75.214657,41.061762999999985],[-75.214673,41.05551600000001],[-75.216299,41.05319399999997],[-75.21990700000002,41.051589000000035],[-75.220414,41.05058100000003],[-75.215531,41.04604100000003],[-75.214328,41.04288499999998],[-75.208735,41.038232],[-75.210957,41.035140999999996],[-75.207485,41.02990999999999],[-75.208088,41.02784199999997],[-75.206723,41.02564500000001],[-75.20844,41.020687999999964],[-75.207671,41.012317],[-75.204904,41.00895900000002],[-75.209188,41.00803300000001],[-75.211683,41.010531000000015],[-75.218543,41.009621999999986],[-75.227526,41.006818000000024],[-75.23293800000002,41.00306400000001],[-75.228871,40.99727700000002],[-75.219207,40.995180000000005],[-75.21638100000001,40.98966600000002],[-75.21208,40.989524999999965],[-75.208071,40.98775500000006],[-75.211295,40.986327],[-75.21272,40.98461599999997],[-75.215792,40.984711000000004],[-75.215493,40.98245999999999],[-75.222462,40.982745999999985],[-75.228153,40.981647999999986],[-75.233001,40.979073999999976],[-75.249631,40.97377800000002],[-75.27512,41.006850999999976],[-75.284486,40.99947499999998],[-75.39367,41.07524000000003],[-75.378453,41.111571],[-75.598634,41.163061999999975]]]}},{"type":"Feature","properties":{"district":"124","population":66461,"landAreaSqMi":422.7,"topMunicipalities":[{"name":"Maxatawny","classCode":"second_class_township","populationShare":0.11502986714012732},{"name":"Tamaqua","classCode":"borough","populationShare":0.10415130678142066},{"name":"West Penn","classCode":"second_class_township","populationShare":0.06652021486285187},{"name":"Hamburg","classCode":"borough","populationShare":0.06585817246204542},{"name":"Kutztown","classCode":"borough","populationShare":0.06301439942221755}],"topCounties":[{"name":"Schuylkill","geoid":"42107","populationShare":0.5302207309549958},{"name":"Berks","geoid":"42011","populationShare":0.46977926904500406}],"classShares":{"borough":0.3463835933855945,"second_class_township":0.6536164066144055},"medianIncome":75776,"medianHomeValue":206965,"rentBurdenedPct":38.1,"ownerBurdenedPct":21.0,"permitsPer1kPerYear":1.6,"permits5yrTotal":545,"popChange2020to2024Pct":3.6,"parentSenateDistricts":[{"district":"29","overlapShareOfHD":0.5677500779264851,"areaShareOfSD":0.17346848014377192},{"district":"48","overlapShareOfHD":0.36713964919784015,"areaShareOfSD":0.17785749777678242},{"district":"11","overlapShareOfHD":0.06511027287567685,"areaShareOfSD":0.1352866437407996}]},"geometry":{"type":"Polygon","coordinates":[[[-76.223868,40.77205699999997],[-76.20075800000001,40.777678000000016],[-76.200491,40.77706000000002],[-76.180924,40.78162799999994],[-76.180541,40.78067999999998],[-76.163082,40.78488600000004],[-76.164221,40.787544999999966],[-76.140007,40.793378999999995],[-76.138599,40.79070800000003],[-76.121557,40.79475900000003],[-76.12237700000001,40.797356999999984],[-76.105018,40.80123800000002],[-76.10722300000002,40.807205999999965],[-76.097311,40.80882400000001],[-76.079987,40.823350000000005],[-76.10738700000002,40.857152000000006],[-76.098097,40.862379000000004],[-76.098423,40.85952],[-76.096587,40.858857],[-76.09251300000001,40.86123099999999],[-76.079491,40.86286099999996],[-76.073338,40.86454599999998],[-76.055127,40.86726200000003],[-76.038088,40.870712000000076],[-76.03573300000001,40.871827999999994],[-76.030349,40.86863699999997],[-76.032531,40.86698300000004],[-76.029268,40.86599200000003],[-76.028555,40.86266600000001],[-76.027204,40.861289999999975],[-76.01147,40.86473800000002],[-76.00111800000002,40.863494999999965],[-75.976573,40.868164000000014],[-75.974833,40.86932399999998],[-75.972968,40.87262199999999],[-75.964632,40.875510999999975],[-75.959994,40.878368999999985],[-75.957873,40.87866700000001],[-75.886037,40.816267],[-75.757807,40.735413999999984],[-75.765947,40.73092600000002],[-75.770292,40.729938000000054],[-75.77769,40.72953399999997],[-75.779682,40.72502200000003],[-75.796518,40.71703400000001],[-75.807789,40.70749200000005],[-75.844663,40.693000999999995],[-75.854809,40.69319200000002],[-75.891473,40.677270000000036],[-75.811959,40.62509299999994],[-75.674921,40.53896999999999],[-75.681609,40.52842500000002],[-75.692715,40.52642799999997],[-75.69981600000001,40.51848299999999],[-75.710793,40.508014000000024],[-75.711831,40.507784999999984],[-75.711629,40.50720700000003],[-75.731438,40.487998000000026],[-75.742793,40.47542100000005],[-75.750642,40.469823],[-75.759725,40.475621999999966],[-75.751213,40.47855599999996],[-75.755788,40.486089999999955],[-75.76885600000001,40.481367000000006],[-75.818421,40.513125],[-75.811318,40.51911499999997],[-75.824045,40.532980999999985],[-75.82560100000002,40.53603000000003],[-75.828518,40.536502999999996],[-75.833402,40.53568899999996],[-75.84263800000001,40.53913600000006],[-75.844931,40.53905500000001],[-75.84567,40.53817899999998],[-75.844412,40.536184999999996],[-75.847304,40.533009000000014],[-75.848791,40.533381],[-75.85130000000001,40.53167899999999],[-75.855947,40.53398200000001],[-75.858757,40.53219799999997],[-75.857488,40.524403],[-75.860821,40.523179],[-75.862855,40.52495299999997],[-75.866393,40.52445399999997],[-75.872106,40.52528400000003],[-75.873189,40.52611499999996],[-75.874647,40.52583800000001],[-75.87828500000002,40.52855699999997],[-75.879084,40.532696],[-75.878162,40.533889000000045],[-75.877609,40.538425],[-75.98392,40.53094100000002],[-75.988681,40.527162000000025],[-75.992431,40.52700900000001],[-75.996528,40.524023],[-76.001664,40.51698599999997],[-76.001473,40.51530099999998],[-76.014457,40.51340700000004],[-76.04818,40.499327000000015],[-76.065553,40.484605999999985],[-76.106579,40.47793700000001],[-76.106406,40.47421899999995],[-76.110276,40.47339699999998],[-76.11377300000001,40.47441300000002],[-76.117879,40.472991000000015],[-76.118369,40.471908999999975],[-76.11709300000001,40.47106799999997],[-76.117908,40.470167000000025],[-76.117532,40.46919099999995],[-76.19715300000001,40.46828600000006],[-76.209663,40.45619700000001],[-76.221084,40.47722799999999],[-76.217433,40.47744499999999],[-76.214084,40.47982200000002],[-76.208778,40.48185599999998],[-76.203864,40.48040100000002],[-76.200261,40.481396000000004],[-76.201009,40.48708599999997],[-76.203111,40.48826099999999],[-76.205692,40.49467699999998],[-76.20330100000001,40.49675299999997],[-76.20480500000001,40.498618],[-76.206412,40.503919],[-76.208713,40.50703599999996],[-76.20674,40.51273],[-76.20556,40.51372100000004],[-76.206742,40.51678400000001],[-76.206767,40.52197399999999],[-76.203562,40.53052699999997],[-76.196634,40.531264999999976],[-76.191978,40.53372099999999],[-76.185638,40.53555499999999],[-76.171624,40.53494700000002],[-76.163599,40.539988999999984],[-76.160137,40.54044999999996],[-76.155384,40.54495500000001],[-76.200602,40.606985999999935],[-76.178865,40.616251999999974],[-76.168831,40.61886999999999],[-76.16762,40.62096399999998],[-76.155215,40.62633599999995],[-76.1335,40.62531400000004],[-76.137087,40.63056199999998],[-76.127669,40.63327800000003],[-76.124856,40.63255699999996],[-76.122982,40.62944999999994],[-76.120662,40.628840000000004],[-76.111015,40.62874299999998],[-76.10506,40.64061000000001],[-76.106633,40.64427300000001],[-76.108131,40.644580999999995],[-76.114513,40.64417400000002],[-76.114384,40.642870999999964],[-76.117142,40.642603],[-76.116535,40.64865099999996],[-76.119045,40.646958000000005],[-76.12450000000001,40.66160900000002],[-76.120866,40.66285099999997],[-76.115472,40.65904],[-76.113947,40.660160999999995],[-76.125185,40.68575999999997],[-76.057851,40.698766999999975],[-76.082774,40.77140100000001],[-76.219678,40.768637000000005],[-76.223868,40.77205699999997]]]}},{"type":"Feature","properties":{"district":"175","population":42407,"landAreaSqMi":3.2,"topMunicipalities":[{"name":"Philadelphia","classCode":"first_class_city","populationShare":1.0}],"topCounties":[{"name":"Philadelphia","geoid":"42101","populationShare":1.0}],"classShares":{"first_class_city":1.0},"medianIncome":119781,"medianHomeValue":519044,"rentBurdenedPct":33.8,"ownerBurdenedPct":24.6,"permitsPer1kPerYear":41.8,"permits5yrTotal":8854,"popChange2020to2024Pct":-1.9,"parentSenateDistricts":[{"district":"1","overlapShareOfHD":1.0000000000000018,"areaShareOfSD":0.1434415848839337}]},"geometry":{"type":"Polygon","coordinates":[[[-75.163192,39.95391399999995],[-75.161384,39.962474],[-75.148181,39.96141800000005],[-75.146543,39.97038000000002],[-75.141518,39.96975800000001],[-75.14143300000002,39.972470999999956],[-75.140214,39.97259300000004],[-75.139715,39.974897],[-75.13337400000002,39.97408999999998],[-75.130448,39.97858899999997],[-75.131743,39.979511],[-75.128553,39.982480000000024],[-75.127385,39.981421999999995],[-75.125062,39.982372999999995],[-75.119959,39.97591500000005],[-75.118404,39.976665999999966],[-75.117636,39.97579400000002],[-75.118743,39.975211999999956],[-75.118068,39.974275],[-75.122121,39.97085899999996],[-75.12176500000001,39.96914199999998],[-75.119154,39.96580300000004],[-75.12983,39.96021700000003],[-75.134878,39.95207600000001],[-75.136288,39.94658800000001],[-75.135912,39.932444999999966],[-75.145702,39.93343799999998],[-75.14617,39.931321000000004],[-75.152893,39.932208],[-75.152339,39.93471700000001],[-75.153861,39.935126000000025],[-75.1537,39.93589499999996],[-75.153589,39.936377],[-75.152068,39.93597299999998],[-75.151495,39.93851399999996],[-75.153065,39.938762999999994],[-75.152891,39.94163899999997],[-75.157058,39.94259600000001],[-75.15607000000001,39.94714799999999],[-75.157641,39.947348000000005],[-75.156735,39.951530000000005],[-75.162594,39.952242],[-75.163192,39.95391399999995]]]}},{"type":"Feature","properties":{"district":"176","population":62813,"landAreaSqMi":272.2,"topMunicipalities":[{"name":"Chestnuthill","classCode":"second_class_township","populationShare":0.2655182844315669},{"name":"Hamilton","classCode":"second_class_township","populationShare":0.1368506519351088},{"name":"Tobyhanna","classCode":"second_class_township","populationShare":0.1327909827583463},{"name":"Polk","classCode":"second_class_township","populationShare":0.11868562240300569},{"name":"Tunkhannock","classCode":"second_class_township","populationShare":0.11115533408689282}],"topCounties":[{"name":"Monroe","geoid":"42089","populationShare":1.0}],"classShares":{"second_class_township":1.0},"medianIncome":82880,"medianHomeValue":256686,"rentBurdenedPct":45.7,"ownerBurdenedPct":26.3,"permitsPer1kPerYear":1.8,"permits5yrTotal":571,"popChange2020to2024Pct":-0.9,"parentSenateDistricts":[{"district":"40","overlapShareOfHD":1.0000000000000018,"areaShareOfSD":0.256541226262021}]},"geometry":{"type":"Polygon","coordinates":[[[-75.649412,41.122304],[-75.64863400000002,41.12542699999999],[-75.641159,41.12690800000002],[-75.63876700000002,41.12636399999999],[-75.635027,41.123111000000016],[-75.634162,41.12324599999997],[-75.63283,41.12794499999996],[-75.628068,41.128287],[-75.627143,41.129914000000035],[-75.62514800000001,41.13090599999999],[-75.62544900000002,41.13186399999998],[-75.627941,41.132623999999986],[-75.628213,41.13721400000003],[-75.62489400000001,41.137953999999965],[-75.621401,41.14108800000003],[-75.615306,41.143857999999966],[-75.614104,41.14649299999997],[-75.615577,41.15070500000004],[-75.61354300000002,41.151272999999996],[-75.609312,41.15005200000002],[-75.603298,41.15187500000006],[-75.603153,41.15387599999998],[-75.604386,41.156532000000006],[-75.601049,41.159528999999964],[-75.600708,41.16174499999999],[-75.598064,41.16309500000003],[-75.378453,41.111571],[-75.39367,41.07524000000003],[-75.284486,40.99947499999998],[-75.27512,41.006850999999976],[-75.234955,40.95473499999994],[-75.217828,40.929656000000044],[-75.218558,40.928673000000025],[-75.217003,40.92839700000002],[-75.21819,40.92787499999994],[-75.22182100000002,40.91958099999999],[-75.24113,40.90943800000002],[-75.232502,40.899759000000024],[-75.267224,40.88247300000001],[-75.27353000000001,40.873150000000024],[-75.284039,40.86603999999997],[-75.300594,40.85956299999998],[-75.320931,40.855657000000015],[-75.339791,40.84594399999995],[-75.383266,40.831037],[-75.416759,40.826101999999985],[-75.42049,40.823451000000006],[-75.44245,40.818367],[-75.474193,40.81474599999997],[-75.482577,40.82993100000004],[-75.493581,40.846442],[-75.57459,40.95132299999996],[-75.496096,40.987379],[-75.508497,40.99817700000003],[-75.561947,41.04952300000005],[-75.563148,41.04980400000001],[-75.56375700000001,41.049155999999996],[-75.565868,41.05000200000003],[-75.569843,41.05006200000002],[-75.569335,41.05090199999998],[-75.570547,41.05152300000005],[-75.569654,41.052395999999995],[-75.570525,41.05390600000002],[-75.570141,41.054778999999954],[-75.568414,41.05525099999997],[-75.568886,41.05660799999999],[-75.571396,41.05772799999999],[-75.571143,41.05926000000001],[-75.574887,41.062691000000015],[-75.57461100000002,41.063728999999974],[-75.576273,41.06538199999998],[-75.576876,41.06800100000001],[-75.57894,41.068751999999996],[-75.58104000000002,41.067791999999976],[-75.583196,41.070437999999974],[-75.582972,41.07292],[-75.58595,41.07411399999995],[-75.587478,41.07633299999997],[-75.589149,41.07650999999996],[-75.591958,41.078321000000024],[-75.594207,41.080845000000025],[-75.596379,41.08081100000001],[-75.6001,41.084169],[-75.604387,41.08428199999995],[-75.605643,41.08495100000003],[-75.606073,41.08639000000001],[-75.604113,41.09338200000001],[-75.605729,41.09436399999997],[-75.612694,41.094236999999985],[-75.61359200000001,41.094772999999975],[-75.61552800000001,41.10444600000002],[-75.620611,41.10671600000003],[-75.620037,41.108971000000054],[-75.625026,41.11138099999998],[-75.627794,41.107076999999975],[-75.629666,41.107012999999974],[-75.632978,41.108533999999985],[-75.634146,41.11202200000001],[-75.636226,41.11298199999995],[-75.639697,41.113589000000005],[-75.645873,41.11294900000007],[-75.646705,41.11419699999998],[-75.64574500000002,41.11813400000001],[-75.647473,41.121541999999955],[-75.649412,41.122304]]]}},{"type":"Feature","properties":{"district":"177","population":84433,"landAreaSqMi":6.2,"topMunicipalities":[{"name":"Philadelphia","classCode":"first_class_city","populationShare":1.0}],"topCounties":[{"name":"Philadelphia","geoid":"42101","populationShare":1.0}],"classShares":{"first_class_city":1.0},"medianIncome":64144,"medianHomeValue":202834,"rentBurdenedPct":51.7,"ownerBurdenedPct":25.0,"permitsPer1kPerYear":5.7,"permits5yrTotal":2401,"popChange2020to2024Pct":-1.9,"parentSenateDistricts":[{"district":"2","overlapShareOfHD":0.6647275298424179,"areaShareOfSD":0.2937426797861501},{"district":"1","overlapShareOfHD":0.17475091130017034,"areaShareOfSD":0.049907884282264794},{"district":"5","overlapShareOfHD":0.16052155885741234,"areaShareOfSD":0.03394833941268332}]},"geometry":{"type":"Polygon","coordinates":[[[-75.130794,39.986928000000006],[-75.124722,39.99025699999997],[-75.117557,39.98430099999998],[-75.11637,39.98441899999998],[-75.11235600000002,39.98702],[-75.11188700000001,39.98629600000001],[-75.106748,39.98897999999997],[-75.106326,39.988524000000005],[-75.079781,40.00233700000001],[-75.077476,40.00413900000002],[-75.078448,40.00858600000002],[-75.070581,40.01053299999998],[-75.068867,40.012751],[-75.070504,40.01725500000004],[-75.07184700000002,40.01695199999999],[-75.07531800000001,40.021835999999986],[-75.074175,40.022428999999995],[-75.07562200000001,40.02407400000002],[-75.07684,40.023256999999965],[-75.076796,40.02405899999999],[-75.0807,40.02593299999994],[-75.081931,40.02470700000004],[-75.082681,40.02512300000004],[-75.08508900000001,40.02276100000003],[-75.090563,40.025791000000005],[-75.084691,40.031765000000014],[-75.080866,40.02955600000001],[-75.078277,40.03230100000001],[-75.067957,40.02658300000003],[-75.062394,40.02744399999997],[-75.057513,40.021597],[-75.05360400000002,40.023615],[-75.052702,40.02259200000004],[-75.049304,40.02435099999998],[-75.050202,40.025379999999984],[-75.04838000000001,40.026323999999974],[-75.04655,40.024240999999996],[-75.044721,40.02517900000001],[-75.043851,40.02418299999998],[-75.042462,40.02490100000004],[-75.03546200000001,40.015243999999974],[-75.043471,40.012167999999996],[-75.051711,40.00699100000003],[-75.05693500000001,39.99941400000004],[-75.062614,39.98815599999998],[-75.070138,39.98144399999999],[-75.07841,39.977418000000036],[-75.103042,39.97225799999998],[-75.119154,39.96580300000004],[-75.12176500000001,39.96914199999998],[-75.122121,39.97085899999996],[-75.118068,39.974275],[-75.118743,39.975211999999956],[-75.117636,39.97579400000002],[-75.118404,39.976665999999966],[-75.119959,39.97591500000005],[-75.125062,39.982372999999995],[-75.127623,39.981429999999996],[-75.130794,39.986928000000006]]]}},{"type":"Feature","properties":{"district":"154","population":63537,"landAreaSqMi":16.3,"topMunicipalities":[{"name":"Cheltenham","classCode":"first_class_township","populationShare":0.5985313191866589},{"name":"Springfield","classCode":"first_class_township","populationShare":0.32840607184382514},{"name":"Jenkintown","classCode":"borough","populationShare":0.07295831487932077},{"name":"Abington","classCode":"first_class_township","populationShare":0.00010429409019519706}],"topCounties":[{"name":"Montgomery","geoid":"42091","populationShare":1.0}],"classShares":{"borough":0.07295831487932077,"first_class_township":0.9270416851206793},"medianIncome":119730,"medianHomeValue":391766,"rentBurdenedPct":45.8,"ownerBurdenedPct":21.3,"permitsPer1kPerYear":1.0,"permits5yrTotal":322,"popChange2020to2024Pct":2.8,"parentSenateDistricts":[{"district":"4","overlapShareOfHD":0.9999999999999986,"areaShareOfSD":0.36297594953269996}]},"geometry":{"type":"Polygon","coordinates":[[[-75.256094,40.06712299999997],[-75.196295,40.127838000000004],[-75.169216,40.110939000000016],[-75.150799,40.10050699999999],[-75.141434,40.09753500000001],[-75.138222,40.09413899999995],[-75.137108,40.09818299999998],[-75.131378,40.102432000000015],[-75.12593500000001,40.100089],[-75.125267,40.10379399999998],[-75.123787,40.10103199999998],[-75.121784,40.10228000000005],[-75.12065,40.099724000000066],[-75.12196,40.097857000000005],[-75.12123,40.096813000000026],[-75.123754,40.094299000000035],[-75.123089,40.09394499999999],[-75.1246,40.092481999999954],[-75.12544,40.092633],[-75.126562,40.09000400000003],[-75.128294,40.09066100000002],[-75.131731,40.08933300000002],[-75.087425,40.063599],[-75.094056,40.05677099999997],[-75.106531,40.04938000000002],[-75.109406,40.04584000000004],[-75.176438,40.08464899999997],[-75.188461,40.07275000000002],[-75.22361000000001,40.09290699999999],[-75.252209,40.065278],[-75.256094,40.06712299999997]]]}},{"type":"Feature","properties":{"district":"155","population":65078,"landAreaSqMi":62.0,"topMunicipalities":[{"name":"Uwchlan","classCode":"second_class_township","populationShare":0.29550626562787413},{"name":"Upper Uwchlan","classCode":"second_class_township","populationShare":0.1956263464046832},{"name":"East Brandywine","classCode":"second_class_township","populationShare":0.15266261499729203},{"name":"Downingtown","classCode":"borough","populationShare":0.1254338124029085},{"name":"West Brandywine","classCode":"second_class_township","populationShare":0.1157685094503877}],"topCounties":[{"name":"Chester","geoid":"42029","populationShare":1.0}],"classShares":{"borough":0.1254338124029085,"first_class_township":0.05759454677564833,"second_class_township":0.8169716408214432},"medianIncome":149064,"medianHomeValue":468624,"rentBurdenedPct":47.1,"ownerBurdenedPct":19.1,"permitsPer1kPerYear":5.1,"permits5yrTotal":1646,"popChange2020to2024Pct":6.5,"parentSenateDistricts":[{"district":"44","overlapShareOfHD":0.9648870768071557,"areaShareOfSD":0.16831198031229067},{"district":"19","overlapShareOfHD":0.035112923192847985,"areaShareOfSD":0.006767608960004889}]},"geometry":{"type":"Polygon","coordinates":[[[-75.847894,40.02205999999998],[-75.84411200000001,40.02484200000001],[-75.84335,40.02666200000001],[-75.83806300000002,40.02718999999998],[-75.83501400000002,40.02954299999996],[-75.834132,40.030601999999966],[-75.835637,40.03162799999998],[-75.832641,40.03322700000004],[-75.831109,40.03306799999999],[-75.829465,40.03680100000002],[-75.829689,40.03853800000005],[-75.826412,40.04129399999997],[-75.826932,40.04195000000003],[-75.830468,40.042138999999985],[-75.839168,40.04139000000005],[-75.841363,40.05693599999997],[-75.84414900000002,40.056763],[-75.833631,40.07334200000002],[-75.779516,40.11585099999994],[-75.780278,40.12065699999999],[-75.77779,40.123446000000015],[-75.765272,40.12425899999993],[-75.764112,40.11907000000002],[-75.759005,40.11354499999997],[-75.754744,40.10581000000002],[-75.750612,40.10241200000002],[-75.750196,40.10006500000002],[-75.73822400000002,40.09864600000002],[-75.735127,40.09871600000001],[-75.733895,40.099757000000025],[-75.733082,40.103331000000004],[-75.730238,40.10605299999997],[-75.723329,40.106311000000005],[-75.71969,40.10821400000001],[-75.715114,40.118845000000015],[-75.704397,40.11190899999999],[-75.706433,40.10710300000004],[-75.697354,40.101641999999984],[-75.68324,40.10769400000003],[-75.683642,40.10829199999999],[-75.673162,40.11233500000003],[-75.668457,40.103613000000024],[-75.676217,40.10030800000006],[-75.67779,40.10217399999999],[-75.685713,40.09501499999998],[-75.618389,40.056031999999995],[-75.616324,40.054756999999974],[-75.61333,40.05053600000003],[-75.628132,40.04586800000004],[-75.627369,40.044884000000025],[-75.631102,40.04492099999997],[-75.673653,40.031918000000054],[-75.707805,40.028345999999935],[-75.706058,40.02392],[-75.70707100000001,40.01812399999998],[-75.704042,40.015609000000005],[-75.705834,40.013371000000014],[-75.700057,40.01381200000002],[-75.701235,40.01780300000003],[-75.704521,40.01723299999997],[-75.705542,40.020341000000016],[-75.694801,40.02132299999998],[-75.695356,40.01962400000002],[-75.694498,40.019698000000034],[-75.694452,40.01896400000004],[-75.692126,40.01914800000004],[-75.691097,40.01444200000002],[-75.690111,40.01453299999997],[-75.690019,40.01395500000004],[-75.68422,40.01644],[-75.682201,40.01138299999999],[-75.681198,40.011431],[-75.680605,40.00689200000003],[-75.6761,40.007282999999944],[-75.675758,40.00537600000004],[-75.693136,40.001711000000014],[-75.693907,40.00162799999995],[-75.69406,40.00305400000003],[-75.70035400000002,40.00260200000002],[-75.700165,40.00113499999998],[-75.704439,40.000787000000045],[-75.709137,39.99711599999999],[-75.715345,39.99542200000003],[-75.715524,39.99696900000001],[-75.723702,39.996787000000005],[-75.724024,39.999126000000004],[-75.745864,39.996029000000014],[-75.746715,40.00177199999997],[-75.744736,40.01177200000002],[-75.746302,40.012933000000004],[-75.751171,40.012802999999984],[-75.75419900000001,40.015680000000025],[-75.76473800000001,40.01553899999992],[-75.76491200000001,40.01410900000003],[-75.779719,40.01282099999997],[-75.77954800000002,40.01156399999998],[-75.790411,40.01060899999999],[-75.790152,40.00893299999999],[-75.816916,40.00436200000002],[-75.825047,40.00521100000001],[-75.826939,40.008598],[-75.831511,40.00966900000001],[-75.83642,40.01240699999998],[-75.839124,40.01705300000001],[-75.841024,40.016058999999984],[-75.840529,40.013181999999965],[-75.841384,40.013076],[-75.847894,40.02205999999998]]]}},{"type":"Feature","properties":{"district":"108","population":64350,"landAreaSqMi":330.6,"topMunicipalities":[{"name":"Sunbury","classCode":"third_class_city","populationShare":0.14985236985236985},{"name":"Milton","classCode":"borough","populationShare":0.10228438228438229},{"name":"Mahoning","classCode":"second_class_township","populationShare":0.07017871017871012},{"name":"Delaware","classCode":"second_class_township","populationShare":0.0666045066045067},{"name":"Danville","classCode":"borough","populationShare":0.06565656565656552}],"topCounties":[{"name":"Northumberland","geoid":"42097","populationShare":0.7190520590520593},{"name":"Montour","geoid":"42093","populationShare":0.28094794094794073}],"classShares":{"borough":0.312229992229992,"second_class_township":0.5379176379176381,"third_class_city":0.14985236985236985},"medianIncome":67126,"medianHomeValue":197900,"rentBurdenedPct":36.5,"ownerBurdenedPct":18.4,"permitsPer1kPerYear":0.7,"permits5yrTotal":230,"popChange2020to2024Pct":-1.1,"parentSenateDistricts":[{"district":"27","overlapShareOfHD":1.0000000000000022,"areaShareOfSD":0.20169656560716695}]},"geometry":{"type":"Polygon","coordinates":[[[-76.897917,41.133421],[-76.89625,41.13896100000004],[-76.889338,41.15198799999999],[-76.884155,41.15734599999998],[-76.870261,41.16005499999999],[-76.856916,41.16364100000006],[-76.82816800000002,41.16577999999995],[-76.790807,41.17573199999998],[-76.729997,41.17188099999998],[-76.678776,41.154171999999996],[-76.640767,41.155718000000036],[-76.624712,41.10417100000005],[-76.620683,41.08965600000002],[-76.62065000000001,41.08527099999997],[-76.617898,41.081358000000016],[-76.615356,41.07954199999999],[-76.618216,41.074211000000034],[-76.616133,41.068283000000015],[-76.618971,41.063759000000005],[-76.569915,41.053760999999994],[-76.562263,41.034214000000006],[-76.562847,41.02344700000002],[-76.566208,41.00858699999999],[-76.56523300000002,40.99981199999999],[-76.529019,40.973083999999965],[-76.524967,40.96768799999997],[-76.521815,40.967064],[-76.521041,40.963916],[-76.51490800000002,40.95889299999995],[-76.514577,40.956619000000025],[-76.516273,40.95252100000001],[-76.515868,40.95025499999996],[-76.512421,40.946102000000025],[-76.529395,40.940143000000006],[-76.526393,40.934892999999995],[-76.523771,40.93416599999999],[-76.52178,40.931653000000004],[-76.520138,40.92663399999994],[-76.52224,40.92274300000001],[-76.52673,40.92071200000002],[-76.528213,40.91912099999996],[-76.528188,40.91824500000001],[-76.52561,40.916973999999996],[-76.52468900000001,40.91522099999993],[-76.528034,40.88251499999999],[-76.550935,40.88278400000001],[-76.57132,40.87908199999999],[-76.625222,40.88323999999997],[-76.642535,40.883913000000014],[-76.642704,40.87569599999996],[-76.65023500000001,40.876033],[-76.653324,40.86525000000004],[-76.671722,40.86183299999996],[-76.697185,40.86076500000001],[-76.696089,40.78547399999996],[-76.73979400000002,40.778844999999976],[-76.750131,40.77626299999999],[-76.755481,40.78936200000004],[-76.76156300000001,40.81711599999996],[-76.773138,40.817566],[-76.783231,40.82292100000003],[-76.788444,40.82782999999994],[-76.797025,40.82240600000001],[-76.788895,40.81902099999998],[-76.79815900000001,40.81360699999997],[-76.798696,40.81411600000004],[-76.831115,40.80948200000001],[-76.832647,40.81108999999996],[-76.836251,40.81249099999998],[-76.84710500000001,40.812565],[-76.838795,40.823327000000006],[-76.828525,40.83212000000001],[-76.817522,40.84378199999998],[-76.812812,40.84710599999999],[-76.812242,40.85030499999998],[-76.800651,40.872691999999965],[-76.798714,40.878366],[-76.800165,40.881921000000006],[-76.80399400000002,40.88487399999998],[-76.810258,40.88711299999999],[-76.822679,40.88969900000002],[-76.824587,40.89071799999997],[-76.851469,40.912846000000016],[-76.85992500000002,40.923978],[-76.8685,40.940171000000014],[-76.872972,40.94516100000003],[-76.87622100000002,40.95108899999999],[-76.877511,40.95530400000001],[-76.877144,40.959488999999984],[-76.882249,40.968762999999996],[-76.882359,40.971379999999975],[-76.876426,40.983196999999976],[-76.870012,40.99209499999999],[-76.868016,40.996733],[-76.866912,41.010548999999976],[-76.864722,41.02035199999996],[-76.861249,41.028489000000015],[-76.861316,41.03796200000001],[-76.856276,41.04828299999996],[-76.857691,41.057853999999985],[-76.857,41.06660099999999],[-76.857878,41.07205600000002],[-76.860045,41.07572900000001],[-76.864524,41.079884999999976],[-76.872268,41.08228600000001],[-76.879629,41.089911],[-76.88348300000001,41.09273399999999],[-76.88958,41.100638000000025],[-76.892204,41.11024300000003],[-76.895311,41.117474000000016],[-76.895705,41.12381700000004],[-76.897917,41.133421]]]}},{"type":"Feature","properties":{"district":"143","population":69512,"landAreaSqMi":132.0,"topMunicipalities":[{"name":"Hilltown","classCode":"second_class_township","populationShare":0.2387206125683539},{"name":"Plumstead","classCode":"second_class_township","populationShare":0.20230974897847176},{"name":"New Britain","classCode":"second_class_township","populationShare":0.1530266322187634},{"name":"Perkasie","classCode":"borough","populationShare":0.13200556471780253},{"name":"Bedminster","classCode":"second_class_township","populationShare":0.10788031057310402}],"topCounties":[{"name":"Bucks","geoid":"42017","populationShare":1.0}],"classShares":{"borough":0.24315148810596118,"second_class_township":0.7568485118940388},"medianIncome":129410,"medianHomeValue":453681,"rentBurdenedPct":41.0,"ownerBurdenedPct":19.5,"permitsPer1kPerYear":2.5,"permits5yrTotal":871,"popChange2020to2024Pct":1.9,"parentSenateDistricts":[{"district":"16","overlapShareOfHD":0.6988764526456109,"areaShareOfSD":0.1693830320776876},{"district":"10","overlapShareOfHD":0.30112354735439006,"areaShareOfSD":0.1775853765072388}]},"geometry":{"type":"Polygon","coordinates":[[[-75.32263,40.32455300000001],[-75.318274,40.328017999999986],[-75.317427,40.32983400000001],[-75.29492600000002,40.35247800000001],[-75.297686,40.35407899999999],[-75.29987200000001,40.35270599999999],[-75.29739,40.351175],[-75.298772,40.350394],[-75.299743,40.349913999999984],[-75.30081,40.350747999999975],[-75.303395,40.34947399999999],[-75.304045,40.35020300000005],[-75.306279,40.349746000000046],[-75.315051,40.35714899999998],[-75.32123800000001,40.36092299999998],[-75.322318,40.363073000000014],[-75.31593700000002,40.36975199999999],[-75.309709,40.37011700000001],[-75.31173200000002,40.37170800000001],[-75.311387,40.375322999999966],[-75.283051,40.388932],[-75.274674,40.38374400000008],[-75.28296400000002,40.37911299999999],[-75.27887700000001,40.37639700000002],[-75.28273,40.372805999999976],[-75.275327,40.36820200000002],[-75.244701,40.39790500000003],[-75.25001,40.406769999999966],[-75.251661,40.41173900000002],[-75.25542,40.427408000000014],[-75.255617,40.429117999999995],[-75.253787,40.430414999999996],[-75.255102,40.43265599999998],[-75.254045,40.43498900000003],[-75.24921,40.43655899999999],[-75.247375,40.438479000000044],[-75.240803,40.44171100000005],[-75.240463,40.44445899999998],[-75.238171,40.44746699999998],[-75.239183,40.44797700000005],[-75.238973,40.448905999999994],[-75.238079,40.44983099999996],[-75.233412,40.45097500000001],[-75.232851,40.45190300000002],[-75.234207,40.454545999999965],[-75.230316,40.458619999999975],[-75.230576,40.459894999999996],[-75.229141,40.462801],[-75.226578,40.46435800000001],[-75.21875,40.46456399999997],[-75.218399,40.46793600000002],[-75.216248,40.46983600000001],[-75.212387,40.470300999999935],[-75.207275,40.46874500000003],[-75.201507,40.46909599999998],[-75.19996500000002,40.47162100000001],[-75.195464,40.471330999999964],[-75.19425900000002,40.47187999999999],[-75.193999,40.475252999999995],[-75.189452,40.47402400000001],[-75.186619,40.46944099999997],[-75.18219600000002,40.46907499999998],[-75.178035,40.466589999999975],[-75.16567,40.47833699999998],[-75.166123,40.47917300000004],[-75.15742,40.48787099999997],[-75.150198,40.49253499999999],[-75.083913,40.55339499999999],[-75.075138,40.54557899999996],[-75.068835,40.542418000000026],[-75.066981,40.538013000000014],[-75.06509,40.526278000000005],[-75.065685,40.521677000000025],[-75.064842,40.50350300000001],[-75.0633,40.49972799999997],[-75.062576,40.49407399999999],[-75.06266400000001,40.48043899999999],[-75.064795,40.476475000000015],[-75.067715,40.47366899999999],[-75.067016,40.46530799999999],[-75.070678,40.456793999999974],[-75.065946,40.44526599999996],[-75.062291,40.43010799999998],[-75.061835,40.42410400000002],[-75.057619,40.41733600000003],[-75.053194,40.41553200000001],[-75.04616000000001,40.41396999999997],[-75.04121600000002,40.410451000000016],[-75.05837,40.397127000000026],[-75.056513,40.395082999999985],[-75.063922,40.387628],[-75.06755800000002,40.389992999999976],[-75.08057,40.378299999999996],[-75.083984,40.38034199999999],[-75.09907,40.36645],[-75.097341,40.36559300000003],[-75.113485,40.34958900000005],[-75.112712,40.348839999999996],[-75.131929,40.329665000000034],[-75.151084,40.341221000000004],[-75.173426,40.319141],[-75.178391,40.31604500000001],[-75.192935,40.31003999999995],[-75.18727100000001,40.30524399999998],[-75.200846,40.29226899999999],[-75.208704,40.29693199999998],[-75.207838,40.30033999999996],[-75.211417,40.30241500000004],[-75.217112,40.300536999999935],[-75.21608,40.30170300000004],[-75.218101,40.302961],[-75.220469,40.30178300000002],[-75.21869500000001,40.299094],[-75.220322,40.29734600000003],[-75.219035,40.296358999999974],[-75.223271,40.29523199999999],[-75.225817,40.292176000000026],[-75.220299,40.288837000000015],[-75.218303,40.286486000000025],[-75.22343600000002,40.281604000000016],[-75.221916,40.2807],[-75.219965,40.28259299999998],[-75.217237,40.28094800000002],[-75.21643400000002,40.28172799999999],[-75.213642,40.28009399999998],[-75.22842500000002,40.265815999999994],[-75.294304,40.30435900000001],[-75.317177,40.318489000000035],[-75.315693,40.320072000000025],[-75.32263,40.32455300000001]]]}},{"type":"Feature","properties":{"district":"59","population":65695,"landAreaSqMi":455.1,"topMunicipalities":[{"name":"Unity","classCode":"second_class_township","populationShare":0.3273456515230927},{"name":"Derry","classCode":"second_class_township","populationShare":0.1352501198968801},{"name":"Latrobe","classCode":"borough","populationShare":0.12180515710243171},{"name":"Mount Pleasant","classCode":"second_class_township","populationShare":0.11559184311820743},{"name":"Ligonier","classCode":"second_class_township","populationShare":0.09203123967024507}],"topCounties":[{"name":"Westmoreland","geoid":"42129","populationShare":1.0}],"classShares":{"borough":0.2136537347025407,"second_class_township":0.7863462652974594},"medianIncome":67991,"medianHomeValue":196099,"rentBurdenedPct":38.2,"ownerBurdenedPct":16.7,"permitsPer1kPerYear":0.9,"permits5yrTotal":302,"popChange2020to2024Pct":-1.7,"parentSenateDistricts":[{"district":"41","overlapShareOfHD":0.5441681098647186,"areaShareOfSD":0.11652732024491376},{"district":"39","overlapShareOfHD":0.45583189013527947,"areaShareOfSD":0.34323086060953045}]},"geometry":{"type":"Polygon","coordinates":[[[-79.54987,40.223228999999954],[-79.545999,40.223318],[-79.545039,40.224854999999955],[-79.54534,40.225989999999996],[-79.543512,40.229143],[-79.543741,40.23137999999999],[-79.542515,40.232656999999996],[-79.542507,40.235489999999984],[-79.540728,40.238918],[-79.541408,40.242211],[-79.53964400000001,40.24625100000003],[-79.535326,40.250804000000045],[-79.529764,40.252750999999996],[-79.52709000000002,40.254861],[-79.520718,40.25408199999996],[-79.518203,40.255059000000024],[-79.514719,40.25495599999995],[-79.51269,40.25616399999997],[-79.512201,40.259364999999995],[-79.51080800000001,40.26157600000003],[-79.510812,40.266504000000005],[-79.50249700000002,40.274023000000014],[-79.50114900000001,40.27834600000003],[-79.489008,40.29405600000001],[-79.478494,40.31216200000001],[-79.477394,40.314676000000006],[-79.477842,40.317679000000055],[-79.47411800000002,40.321721999999994],[-79.47402,40.32413999999997],[-79.474959,40.32541200000002],[-79.473503,40.33190100000001],[-79.466966,40.335164999999954],[-79.463712,40.33778400000002],[-79.463727,40.339294],[-79.462851,40.33987099999998],[-79.46811400000001,40.34718300000001],[-79.46889,40.349039],[-79.468066,40.352202000000034],[-79.472197,40.35703200000002],[-79.473159,40.36134899999999],[-79.4701,40.36297600000002],[-79.46613900000001,40.362712000000016],[-79.458817,40.36014899999997],[-79.457668,40.36035800000003],[-79.453886,40.362834999999976],[-79.449242,40.363882],[-79.446321,40.367884999999966],[-79.444013,40.368091999999955],[-79.442693,40.36664599999998],[-79.440214,40.36796999999999],[-79.437123,40.373668000000016],[-79.434941,40.375284999999984],[-79.43086,40.37488899999999],[-79.429738,40.37873800000002],[-79.42706700000001,40.380104],[-79.425276,40.37768499999999],[-79.421467,40.37500599999999],[-79.415273,40.37506799999999],[-79.414051,40.37064700000002],[-79.408938,40.365746000000016],[-79.408696,40.36298300000002],[-79.406255,40.361940999999995],[-79.406058,40.35814500000001],[-79.404541,40.35927600000003],[-79.404387,40.36180299999996],[-79.401765,40.36570100000004],[-79.403022,40.369184],[-79.400767,40.37270999999999],[-79.394544,40.37466700000001],[-79.393749,40.37551999999996],[-79.386894,40.37632199999999],[-79.385438,40.37907500000001],[-79.384272,40.377595999999976],[-79.379803,40.37570100000001],[-79.375585,40.37270700000001],[-79.371462,40.37244500000001],[-79.370112,40.36970999999996],[-79.364835,40.36701200000001],[-79.363856,40.37336999999997],[-79.361101,40.37429999999999],[-79.359382,40.37754800000001],[-79.355929,40.377425999999986],[-79.35394,40.379712000000026],[-79.353605,40.382763000000004],[-79.351409,40.38559300000001],[-79.350954,40.38866899999999],[-79.34832,40.39382300000001],[-79.334624,40.40669399999999],[-79.328902,40.402831999999975],[-79.328096,40.397468000000025],[-79.32965,40.39462400000003],[-79.295816,40.401093999999965],[-79.294806,40.401224000000006],[-79.29392800000001,40.39997999999998],[-79.29179,40.40050799999998],[-79.291466,40.40174300000001],[-79.28897,40.40237700000005],[-79.287986,40.403920999999976],[-79.289,40.406235999999964],[-79.270272,40.41744099999998],[-79.266248,40.41638200000008],[-79.263281,40.41676300000002],[-79.256638,40.42019800000003],[-79.253637,40.42295599999999],[-79.249757,40.42997400000001],[-79.246872,40.43219699999996],[-79.240175,40.429990999999994],[-79.233203,40.43074100000004],[-79.230695,40.430185999999985],[-79.224616,40.42734500000001],[-79.214783,40.42445800000002],[-79.210876,40.42124999999999],[-79.206513,40.415031999999954],[-79.201417,40.411099999999976],[-79.199233,40.410779999999995],[-79.194186,40.41414299999998],[-79.191197,40.41522099999999],[-79.185372,40.414249999999946],[-79.173713,40.41062199999998],[-79.164369,40.410224],[-79.155789,40.41176499999997],[-79.153687,40.410841000000026],[-79.152051,40.40876600000002],[-79.152219,40.405495000000016],[-79.154002,40.40170099999997],[-79.152698,40.39923400000001],[-79.148324,40.39757600000002],[-79.136788,40.398573999999975],[-79.123363,40.39505300000001],[-79.117,40.39424300000001],[-79.115994,40.393516],[-79.115339,40.38936700000001],[-79.120828,40.38992800000002],[-79.126863,40.387073],[-79.128677,40.38505599999997],[-79.1288,40.381254999999975],[-79.127116,40.37506799999999],[-79.121634,40.37057600000001],[-79.109309,40.373318],[-79.10418,40.36943600000002],[-79.099589,40.368936999999974],[-79.096769,40.37072500000001],[-79.09501,40.37590900000003],[-79.090527,40.38024300000004],[-79.087816,40.387440999999995],[-79.08661700000002,40.38859200000003],[-79.082965,40.38958199999996],[-79.079506,40.38883000000003],[-79.076018,40.38691100000001],[-79.069885,40.38041399999998],[-79.064553,40.379002000000014],[-79.058882,40.38031999999997],[-79.057531,40.38375299999999],[-79.051885,40.389285999999984],[-79.041963,40.39160800000002],[-79.040582,40.39304900000004],[-79.040521,40.39562999999997],[-79.039835,40.39627299999999],[-79.035601,40.396350000000034],[-79.032998,40.39898299999999],[-79.031898,40.402408000000044],[-79.028422,40.40467000000001],[-79.028154,40.40705600000002],[-79.033527,40.40884999999997],[-79.034195,40.41210899999995],[-79.032607,40.41749900000001],[-79.027837,40.41957400000003],[-79.018848,40.42032199999997],[-79.012357,40.41958100000001],[-78.996637,40.413256000000025],[-78.98887,40.41197400000001],[-78.983362,40.40693100000001],[-78.979165,40.400713000000046],[-78.973814,40.39542099999996],[-78.97523,40.39192700000006],[-78.998171,40.35616900000003],[-79.00054600000001,40.355273000000004],[-79.006571,40.35045299999997],[-79.009383,40.34478699999998],[-79.00993300000002,40.34047699999994],[-79.015368,40.339186999999995],[-79.020019,40.335605],[-79.024657,40.32691100000002],[-79.03039,40.32210100000004],[-79.03120400000002,40.31810000000001],[-79.036942,40.314062000000014],[-79.036372,40.310746],[-79.037295,40.30725899999995],[-79.039844,40.30526899999999],[-79.041695,40.302041999999986],[-79.045047,40.299647000000014],[-79.046251,40.29671799999997],[-79.051635,40.290091999999994],[-79.055121,40.28917800000001],[-79.056645,40.28292100000001],[-79.056646,40.27860400000003],[-79.059378,40.27576699999999],[-79.067963,40.272470999999996],[-79.073659,40.266579],[-79.073699,40.264810999999966],[-79.075827,40.26248400000001],[-79.075796,40.26132799999996],[-79.07957,40.25792799999999],[-79.07808400000002,40.254840000000016],[-79.078166,40.252359999999996],[-79.079894,40.250797000000006],[-79.082472,40.250074],[-79.084473,40.24661900000004],[-79.086734,40.245342],[-79.086343,40.242390999999955],[-79.091609,40.240411999999985],[-79.092012,40.239066999999984],[-79.094243,40.23746700000002],[-79.095397,40.23296599999999],[-79.098098,40.232068999999996],[-79.102446,40.23216499999999],[-79.100153,40.231149],[-79.098342,40.227345000000014],[-79.099344,40.22526800000002],[-79.104638,40.224480999999976],[-79.101038,40.223619],[-79.100286,40.22234400000002],[-79.103534,40.220141999999996],[-79.103182,40.217909000000006],[-79.105547,40.21701100000002],[-79.109072,40.21832399999998],[-79.106957,40.215789],[-79.106981,40.214306],[-79.10985,40.211721999999966],[-79.114076,40.21062800000005],[-79.1146,40.20503899999996],[-79.116239,40.20375300000002],[-79.121942,40.203138000000045],[-79.122795,40.20142299999999],[-79.126157,40.200391],[-79.123739,40.19301799999999],[-79.125783,40.19124499999999],[-79.127711,40.18735000000001],[-79.125963,40.18499899999998],[-79.126744,40.18328100000003],[-79.128186,40.182872999999994],[-79.131193,40.179934999999965],[-79.134393,40.178721999999944],[-79.140379,40.180088000000005],[-79.143306,40.179888999999996],[-79.141169,40.173994000000015],[-79.141386,40.170372999999934],[-79.140025,40.16389900000003],[-79.149768,40.16037299999998],[-79.161263,40.16086899999997],[-79.160494,40.156884000000026],[-79.162754,40.15406199999998],[-79.162316,40.14946600000001],[-79.163231,40.14587000000001],[-79.162202,40.142770000000006],[-79.163407,40.14061000000002],[-79.165825,40.138690999999994],[-79.167626,40.12878300000002],[-79.168611,40.12763600000001],[-79.172304,40.126111],[-79.174249,40.12060400000001],[-79.180358,40.11639900000001],[-79.183619,40.11068600000001],[-79.187025,40.10954999999999],[-79.191181,40.10978900000001],[-79.193974,40.11189499999995],[-79.196872,40.11595100000002],[-79.19713,40.11870400000001],[-79.202191,40.11763999999999],[-79.20295,40.11492600000001],[-79.210155,40.11887000000003],[-79.214483,40.11754799999997],[-79.217166,40.11457499999997],[-79.220864,40.112737000000045],[-79.22262,40.10417099999997],[-79.226672,40.098249999999965],[-79.234,40.096214999999994],[-79.23746,40.096230999999996],[-79.240087,40.09470799999998],[-79.24059300000002,40.092335000000055],[-79.243013,40.092269999999964],[-79.246786,40.09370999999999],[-79.256137,40.08833999999998],[-79.258921,40.07979400000002],[-79.264387,40.07866800000001],[-79.267739,40.07426800000001],[-79.267245,40.06586800000003],[-79.271351,40.064238],[-79.278766,40.05553700000003],[-79.278101,40.050479],[-79.28431,40.04824599999992],[-79.285661,40.047080999999956],[-79.285602,40.045072999999974],[-79.289249,40.041513999999985],[-79.293385,40.04034699999995],[-79.312674,40.044382],[-79.31655,40.04371000000002],[-79.3248,40.04057],[-79.32959,40.04073000000002],[-79.34138,40.042950000000026],[-79.34268,40.04417],[-79.34445,40.05089000000007],[-79.35124100000002,40.067868999999995],[-79.35552800000002,40.07428899999999],[-79.360442,40.075971],[-79.367393,40.080167999999986],[-79.37307,40.081549999999986],[-79.393288,40.090608999999944],[-79.397,40.094559999999966],[-79.40193,40.10282999999999],[-79.40439,40.10221000000002],[-79.41513,40.104490000000006],[-79.423074,40.110977000000005],[-79.43792,40.116040000000055],[-79.44186,40.11922999999998],[-79.44744,40.12604999999999],[-79.447478,40.133232999999976],[-79.450247,40.13468699999998],[-79.45019,40.13541000000001],[-79.452247,40.135688],[-79.461225,40.14134900000001],[-79.461522,40.144098],[-79.471419,40.143986999999974],[-79.471093,40.145341999999964],[-79.473183,40.14565200000002],[-79.473736,40.143928],[-79.483136,40.14404300000001],[-79.48852,40.14121999999998],[-79.488625,40.14192099999999],[-79.489718,40.141034000000005],[-79.494011,40.140874],[-79.496424,40.141784],[-79.502104,40.14097900000001],[-79.50297,40.14114200000002],[-79.505013,40.14464699999998],[-79.514993,40.15083899999999],[-79.518766,40.151409],[-79.516503,40.16269499999998],[-79.50732,40.17327000000003],[-79.494238,40.178986],[-79.489886,40.18588899999998],[-79.489357,40.19021400000004],[-79.495634,40.19550199999999],[-79.499644,40.20089900000001],[-79.508061,40.202067999999954],[-79.509489,40.203193999999996],[-79.510392,40.204655],[-79.51011,40.208794000000026],[-79.515974,40.21540200000004],[-79.534196,40.215625000000024],[-79.534241,40.218381],[-79.536945,40.220534],[-79.54987,40.223228999999954]]]}},{"type":"Feature","properties":{"district":"53","population":62362,"landAreaSqMi":21.4,"topMunicipalities":[{"name":"Lansdale","classCode":"borough","populationShare":0.30250638265076407},{"name":"Hatfield","classCode":"first_class_township","populationShare":0.30046989653379375},{"name":"Montgomery","classCode":"second_class_township","populationShare":0.14216090509282647},{"name":"Souderton","classCode":"borough","populationShare":0.115694860897178},{"name":"Hatfield","classCode":"borough","populationShare":0.055899138612274746}],"topCounties":[{"name":"Montgomery","geoid":"42091","populationShare":1.0}],"classShares":{"borough":0.5176523214806237,"first_class_township":0.30046989653379375,"second_class_township":0.1818777819855826},"medianIncome":100443,"medianHomeValue":364057,"rentBurdenedPct":49.9,"ownerBurdenedPct":18.1,"permitsPer1kPerYear":3.9,"permits5yrTotal":1224,"popChange2020to2024Pct":2.7,"parentSenateDistricts":[{"district":"12","overlapShareOfHD":1.0000000000000009,"areaShareOfSD":0.14631209740276876}]},"geometry":{"type":"Polygon","coordinates":[[[-75.35918900000001,40.33269],[-75.35893,40.33444200000003],[-75.357339,40.33589999999999],[-75.357394,40.33757199999999],[-75.353219,40.340181999999956],[-75.294304,40.30435900000001],[-75.22842500000002,40.265815999999994],[-75.235919,40.258067000000004],[-75.238471,40.252957],[-75.243827,40.24738799999995],[-75.242494,40.23867000000001],[-75.24007,40.23512800000004],[-75.248953,40.225835999999994],[-75.24797700000002,40.22017599999998],[-75.267427,40.23185399999997],[-75.269392,40.23052199999999],[-75.27151,40.23055700000001],[-75.277991,40.22345399999998],[-75.27963300000002,40.223004],[-75.280618,40.22650499999997],[-75.291932,40.233233000000006],[-75.29007400000002,40.235166999999954],[-75.303337,40.24342799999997],[-75.297319,40.24964999999999],[-75.335986,40.27306600000003],[-75.317678,40.29029200000001],[-75.334544,40.297642999999994],[-75.343422,40.30369399999999],[-75.333784,40.313283999999975],[-75.335076,40.314098000000016],[-75.333856,40.315327],[-75.340014,40.31455000000005],[-75.343957,40.321035000000016],[-75.356978,40.32911699999999],[-75.35918900000001,40.33269]]]}},{"type":"Feature","properties":{"district":"36","population":59041,"landAreaSqMi":10.4,"topMunicipalities":[{"name":"Pittsburgh","classCode":"second_class_city","populationShare":0.7751748541880072},{"name":"Brentwood","classCode":"borough","populationShare":0.1681361475422368},{"name":"Mount Oliver","classCode":"borough","populationShare":0.05668899826975581}],"topCounties":[{"name":"Allegheny","geoid":"42003","populationShare":1.0}],"classShares":{"borough":0.22482514581199262,"second_class_city":0.7751748541880072},"medianIncome":66368,"medianHomeValue":149233,"rentBurdenedPct":41.4,"ownerBurdenedPct":15.9,"permitsPer1kPerYear":1.4,"permits5yrTotal":422,"popChange2020to2024Pct":0.3,"parentSenateDistricts":[{"district":"43","overlapShareOfHD":0.4670307619125829,"areaShareOfSD":0.08378615387175291},{"district":"42","overlapShareOfHD":0.39609190424296714,"areaShareOfSD":0.06977488229159103},{"district":"45","overlapShareOfHD":0.13687733384444986,"areaShareOfSD":0.008681264117382929}]},"geometry":{"type":"Polygon","coordinates":[[[-80.033413,40.40402099999999],[-80.031726,40.40429100000002],[-80.031756,40.405177999999985],[-80.027815,40.407161999999964],[-80.031094,40.40973499999999],[-80.030107,40.41428599999997],[-80.028543,40.41424200000005],[-80.027077,40.41729600000004],[-80.026174,40.42358100000004],[-80.022602,40.423393000000054],[-80.02307000000002,40.420612000000034],[-80.019323,40.42067699999999],[-80.018249,40.422342],[-80.016182,40.42031799999997],[-80.01324100000001,40.41985199999998],[-80.012578,40.42182000000002],[-80.011299,40.421805999999954],[-80.010018,40.42449999999997],[-80.009118,40.42425999999998],[-80.009463,40.423479999999955],[-80.005913,40.42308499999999],[-80.004955,40.42244099999999],[-80.00490300000001,40.42078099999997],[-80.00890500000001,40.41969300000004],[-80.011265,40.417803999999975],[-80.011361,40.415068000000005],[-80.009563,40.414023000000014],[-80.00997,40.41307900000002],[-80.00823,40.41163699999997],[-80.005675,40.412282999999995],[-80.005817,40.41403900000001],[-80.003837,40.41408200000003],[-80.003895,40.415843000000024],[-80.001321,40.415885],[-80.001161,40.41356600000003],[-79.998133,40.41361500000002],[-79.998141,40.41556800000004],[-79.99716400000001,40.41558000000002],[-79.996749,40.40816500000002],[-79.99205400000001,40.407134],[-79.988039,40.41443399999997],[-79.988691,40.422843000000015],[-79.987497,40.426007],[-79.982379,40.425462999999965],[-79.981474,40.433459999999954],[-79.975474,40.434368999999975],[-79.960296,40.42863500000003],[-79.955973,40.42456899999998],[-79.952317,40.411237000000014],[-79.952955,40.410658999999974],[-79.96377,40.40950199999998],[-79.96889,40.405645],[-79.976555,40.40391999999998],[-79.979305,40.40193999999999],[-79.98000600000002,40.400437],[-79.975788,40.393122],[-79.973903,40.39343299999998],[-79.97303500000001,40.39246299999997],[-79.973083,40.388717],[-79.975413,40.38827999999998],[-79.975756,40.38721200000002],[-79.974081,40.384792],[-79.969257,40.38579600000002],[-79.968763,40.38211799999999],[-79.962774,40.37885600000002],[-79.965094,40.37566399999999],[-79.961621,40.37152900000004],[-79.962096,40.37069100000001],[-79.982341,40.36087200000003],[-79.983331,40.36257099999998],[-79.987742,40.36199],[-79.98886,40.36394499999999],[-79.985051,40.36816200000004],[-79.986171,40.37024099999998],[-79.984762,40.372116],[-79.98693,40.37508099999999],[-79.985419,40.37672999999999],[-79.986032,40.377821999999995],[-79.991127,40.37892399999997],[-79.99358,40.37832099999998],[-79.994401,40.375718000000006],[-79.998051,40.37647199999998],[-79.999123,40.37734399999998],[-80.001439,40.374887],[-80.004125,40.373981000000015],[-80.006708,40.37486099999997],[-80.004869,40.37762699999999],[-80.001728,40.37969900000001],[-80.005121,40.38388299999998],[-80.007676,40.38301199999995],[-80.007356,40.38089800000002],[-80.00894800000002,40.38113700000004],[-80.010382,40.380441999999995],[-80.012579,40.38088900000003],[-80.01317400000002,40.38283499999999],[-80.012316,40.38302900000003],[-80.01339,40.383480999999954],[-80.013819,40.386562000000005],[-80.016418,40.38512899999999],[-80.017108,40.38631399999997],[-80.027827,40.39159799999997],[-80.028678,40.391262999999974],[-80.031144,40.39661300000001],[-80.02939,40.39720500000004],[-80.031757,40.40008900000005],[-80.033413,40.40402099999999]]]}},{"type":"Feature","properties":{"district":"63","population":64860,"landAreaSqMi":1019.3,"topMunicipalities":[{"name":"Clarion","classCode":"borough","populationShare":0.0647856922602529},{"name":"Kittanning","classCode":"borough","populationShare":0.06028368794326236},{"name":"Clarion","classCode":"second_class_township","populationShare":0.05595127967930934},{"name":"Cowanshannock","classCode":"second_class_township","populationShare":0.04184397163120568},{"name":"Kittanning","classCode":"second_class_township","populationShare":0.033580018501387615}],"topCounties":[{"name":"Clarion","geoid":"42031","populationShare":0.5750385445575086},{"name":"Armstrong","geoid":"42005","populationShare":0.4249614554424915}],"classShares":{"borough":0.27940178846746844,"second_class_township":0.7106999691643541,"third_class_city":0.00989824236817762},"medianIncome":61282,"medianHomeValue":146348,"rentBurdenedPct":38.3,"ownerBurdenedPct":13.9,"permitsPer1kPerYear":0.9,"permits5yrTotal":284,"popChange2020to2024Pct":-1.7,"parentSenateDistricts":[{"district":"21","overlapShareOfHD":0.5899751182799802,"areaShareOfSD":0.18179858609494906},{"district":"41","overlapShareOfHD":0.41002488172001783,"areaShareOfSD":0.19880637480508365}]},"geometry":{"type":"Polygon","coordinates":[[[-79.70058100000001,41.17505899999997],[-79.699333,41.17860299999998],[-79.700432,41.18152499999999],[-79.697242,41.18461399999998],[-79.694057,41.18401499999995],[-79.690304,41.18141899999998],[-79.686761,41.18214500000003],[-79.684137,41.18435899999997],[-79.679839,41.18322300000003],[-79.676913,41.183691999999986],[-79.676143,41.18491200000003],[-79.67309,41.18470399999996],[-79.672912,41.183013000000045],[-79.670125,41.18311600000006],[-79.670213,41.18454400000001],[-79.66536800000002,41.189024000000025],[-79.670614,41.193166000000005],[-79.666323,41.19713599999995],[-79.668892,41.199074999999986],[-79.649628,41.21791199999998],[-79.65039400000002,41.25370899999997],[-79.632875,41.25359900000004],[-79.63271,41.26691900000001],[-79.627726,41.26690700000002],[-79.627561,41.27718300000004],[-79.60461,41.27707200000002],[-79.604161,41.32147799999999],[-79.541474,41.321008000000006],[-79.54143,41.33595100000003],[-79.47814,41.33570800000001],[-79.477822,41.38647900000002],[-79.400439,41.386579],[-79.400269,41.43614499999999],[-79.357586,41.436241000000024],[-79.357653,41.43243199999997],[-79.207196,41.43092199999999],[-79.211252,41.080669],[-79.21132,41.078736999999975],[-79.214494,41.078774999999986],[-79.21521,41.05138800000003],[-79.215201,41.048933],[-79.210197,41.04909099999997],[-79.212545,40.960526999999985],[-79.215706,40.94005000000003],[-79.21521500000001,40.775941999999986],[-79.337576,40.64669600000003],[-79.34492,40.65432099999997],[-79.353806,40.654969],[-79.379876,40.67074300000002],[-79.389616,40.67346700000003],[-79.404587,40.68558999999999],[-79.42467600000002,40.68451],[-79.42567400000001,40.68761899999998],[-79.422032,40.70120899999999],[-79.503628,40.710903999999964],[-79.497203,40.71458099999999],[-79.498261,40.71615500000007],[-79.501679,40.71582100000002],[-79.496016,40.73318199999998],[-79.48797900000001,40.75007200000002],[-79.464132,40.808045],[-79.51613,40.814887],[-79.516742,40.81452400000005],[-79.5144,40.812423],[-79.514529,40.80797899999999],[-79.51621500000002,40.80697100000002],[-79.520883,40.812442],[-79.52167900000002,40.81306899999994],[-79.522891,40.81259099999995],[-79.529454,40.82004599999996],[-79.531235,40.827047000000036],[-79.531183,40.83304599999998],[-79.529196,40.841427999999965],[-79.525919,40.84521400000005],[-79.492554,40.858469000000014],[-79.488085,40.86063699999999],[-79.483108,40.864724000000024],[-79.480315,40.87189999999997],[-79.486553,40.88878400000004],[-79.483507,40.89308400000002],[-79.614529,40.89408499999998],[-79.60909,40.88327999999999],[-79.611198,40.856939],[-79.60140100000001,40.80567899999995],[-79.692362,40.80640200000003],[-79.689925,40.95704100000001],[-79.690272,41.10325199999996],[-79.688705,41.14717499999999],[-79.68933200000001,41.169470999999994],[-79.69235,41.17202799999999],[-79.70058100000001,41.17505899999997]]]}},{"type":"Feature","properties":{"district":"57","population":66590,"landAreaSqMi":88.6,"topMunicipalities":[{"name":"Hempfield","classCode":"second_class_township","populationShare":0.6259198077789458},{"name":"Greensburg","classCode":"third_class_city","populationShare":0.22191019672623544},{"name":"Youngwood","classCode":"borough","populationShare":0.04409070430995628},{"name":"New Stanton","classCode":"borough","populationShare":0.0381138309055413},{"name":"South Greensburg","classCode":"borough","populationShare":0.03539570506081986}],"topCounties":[{"name":"Westmoreland","geoid":"42129","populationShare":1.0}],"classShares":{"borough":0.15216999549481863,"second_class_township":0.6259198077789458,"third_class_city":0.22191019672623544},"medianIncome":73881,"medianHomeValue":205635,"rentBurdenedPct":39.8,"ownerBurdenedPct":15.5,"permitsPer1kPerYear":1.5,"permits5yrTotal":498,"popChange2020to2024Pct":-0.7,"parentSenateDistricts":[{"district":"39","overlapShareOfHD":1.0000000000000024,"areaShareOfSD":0.14643453955812552}]},"geometry":{"type":"Polygon","coordinates":[[[-79.700067,40.27326999999998],[-79.696484,40.27810200000005],[-79.697717,40.280823000000005],[-79.695637,40.291283],[-79.680242,40.306744999999985],[-79.674504,40.31055700000001],[-79.673998,40.312957000000026],[-79.671031,40.31291300000004],[-79.667985,40.311903],[-79.66528,40.31906100000003],[-79.665937,40.33113899999996],[-79.664928,40.331544],[-79.66473900000001,40.334171999999974],[-79.659679,40.33654400000002],[-79.658828,40.334143999999995],[-79.654651,40.33241600000001],[-79.65267,40.33536099999998],[-79.650198,40.33458900000002],[-79.647549,40.330130000000025],[-79.648921,40.32803799999998],[-79.648477,40.32662500000003],[-79.646081,40.32637100000002],[-79.64232,40.32762300000003],[-79.639098,40.32774499999998],[-79.63304400000001,40.329985999999984],[-79.630145,40.328681000000024],[-79.630577,40.32659399999999],[-79.628791,40.32532799999997],[-79.62997,40.32373],[-79.62081,40.31930000000002],[-79.623872,40.31599400000002],[-79.618586,40.315738000000046],[-79.619255,40.31291199999999],[-79.617661,40.31388299999996],[-79.617723,40.31307900000003],[-79.614321,40.31249999999997],[-79.612234,40.31033900000002],[-79.604986,40.311381999999995],[-79.604602,40.31226699999993],[-79.601922,40.313204000000006],[-79.602625,40.31595999999998],[-79.607498,40.317459000000035],[-79.604537,40.318418000000044],[-79.603607,40.31965199999995],[-79.608529,40.321964000000015],[-79.607912,40.32257800000001],[-79.611399,40.325385999999995],[-79.60722,40.32810999999999],[-79.603539,40.32830899999999],[-79.601164,40.32738800000002],[-79.598101,40.32860299999998],[-79.59663100000002,40.33088699999999],[-79.594672,40.330083999999964],[-79.592993,40.330274999999986],[-79.592714,40.33308300000002],[-79.589517,40.33972400000001],[-79.586783,40.34156400000002],[-79.583584,40.34541199999997],[-79.577521,40.34651099999996],[-79.572612,40.353982],[-79.578739,40.35276400000006],[-79.581333,40.36224499999997],[-79.575326,40.37195799999997],[-79.571167,40.37514300000002],[-79.524595,40.354107],[-79.520757,40.351287],[-79.51582,40.349368000000005],[-79.504888,40.351136999999994],[-79.49295800000002,40.35422],[-79.487655,40.35625399999999],[-79.480811,40.36104999999997],[-79.473159,40.36134899999999],[-79.472197,40.35703200000002],[-79.468066,40.352202000000034],[-79.46889,40.349039],[-79.46811400000001,40.34718300000001],[-79.462851,40.33987099999998],[-79.463727,40.339294],[-79.463712,40.33778400000002],[-79.466966,40.335164999999954],[-79.473503,40.33190100000001],[-79.474959,40.32541200000002],[-79.47402,40.32413999999997],[-79.47411800000002,40.321721999999994],[-79.477842,40.317679000000055],[-79.477394,40.314676000000006],[-79.478494,40.31216200000001],[-79.489008,40.29405600000001],[-79.50114900000001,40.27834600000003],[-79.50249700000002,40.274023000000014],[-79.510812,40.266504000000005],[-79.51080800000001,40.26157600000003],[-79.512201,40.259364999999995],[-79.51269,40.25616399999997],[-79.514719,40.25495599999995],[-79.518203,40.255059000000024],[-79.520718,40.25408199999996],[-79.525226,40.25503599999998],[-79.527856,40.25461899999999],[-79.529764,40.252750999999996],[-79.535326,40.250804000000045],[-79.53964400000001,40.24625100000003],[-79.541616,40.24085700000002],[-79.540728,40.238918],[-79.542507,40.235489999999984],[-79.542515,40.232656999999996],[-79.543741,40.23137999999999],[-79.543512,40.229143],[-79.54534,40.225989999999996],[-79.544975,40.224985],[-79.545999,40.223318],[-79.549237,40.22347499999998],[-79.550104,40.22307700000001],[-79.547189,40.22299500000004],[-79.543181,40.221203000000024],[-79.545661,40.219104999999985],[-79.550653,40.21837599999997],[-79.552976,40.217246000000024],[-79.553747,40.19606199999999],[-79.556629,40.19232000000002],[-79.557807,40.186632999999965],[-79.567096,40.18941799999998],[-79.575718,40.18957600000002],[-79.58272400000001,40.19336500000001],[-79.584428,40.192143999999985],[-79.589711,40.19277400000001],[-79.592475,40.19392799999998],[-79.594185,40.19279600000003],[-79.597994,40.19286999999998],[-79.621225,40.200740999999994],[-79.616895,40.202575999999986],[-79.615013,40.200176999999975],[-79.609424,40.20084600000003],[-79.613468,40.209261],[-79.615514,40.208926999999996],[-79.619493,40.206036999999974],[-79.622235,40.20107999999999],[-79.629983,40.202439000000005],[-79.631094,40.20387800000002],[-79.636886,40.20591899999998],[-79.642404,40.211081000000014],[-79.651196,40.21023100000003],[-79.651769,40.20845000000003],[-79.656215,40.20779199999995],[-79.658732,40.20790200000003],[-79.663446,40.20954599999998],[-79.662998,40.21036400000002],[-79.661243,40.210803],[-79.657533,40.210575000000006],[-79.65720300000001,40.21167100000001],[-79.65877,40.21380099999996],[-79.657301,40.21544200000003],[-79.65478,40.21631399999998],[-79.65373300000002,40.21823999999997],[-79.661407,40.23317199999998],[-79.670106,40.23878499999999],[-79.66793,40.24078400000004],[-79.668228,40.24699400000002],[-79.673995,40.250419999999934],[-79.678768,40.25043399999999],[-79.68028800000002,40.25207300000001],[-79.683517,40.24883499999998],[-79.693222,40.26464],[-79.700067,40.27326999999998]]]}},{"type":"Feature","properties":{"district":"60","population":61085,"landAreaSqMi":276.2,"topMunicipalities":[{"name":"Allegheny","classCode":"second_class_township","populationShare":0.13536806239960353},{"name":"Lower Burrell","classCode":"third_class_city","populationShare":0.12918506333480498},{"name":"Vandergrift","classCode":"borough","populationShare":0.08231111594451632},{"name":"Kiskiminetas","classCode":"second_class_township","populationShare":0.07496073983889022},{"name":"Manor","classCode":"second_class_township","populationShare":0.06779043976257798}],"topCounties":[{"name":"Armstrong","geoid":"42005","populationShare":0.6139937777675074},{"name":"Westmoreland","geoid":"42129","populationShare":0.38600622223249254}],"classShares":{"borough":0.31344688484281097,"second_class_township":0.5573680518223841,"third_class_city":0.12918506333480498},"medianIncome":70661,"medianHomeValue":161691,"rentBurdenedPct":35.3,"ownerBurdenedPct":13.7,"permitsPer1kPerYear":0.5,"permits5yrTotal":160,"popChange2020to2024Pct":-2.6,"parentSenateDistricts":[{"district":"41","overlapShareOfHD":0.9999999999999977,"areaShareOfSD":0.13262977612192053}]},"geometry":{"type":"Polygon","coordinates":[[[-79.749625,40.59534100000002],[-79.749192,40.598918999999974],[-79.736087,40.60204299999998],[-79.721339,40.60815700000001],[-79.714576,40.61701000000004],[-79.703334,40.62569500000002],[-79.694353,40.635126999999976],[-79.690278,40.64087299999996],[-79.689226,40.64384499999996],[-79.689208,40.647851999999965],[-79.695434,40.660191000000005],[-79.695946,40.664032],[-79.695463,40.66576499999995],[-79.692904,40.668249999999986],[-79.692357,40.672857],[-79.69328400000002,40.741426999999995],[-79.692362,40.80640200000003],[-79.60140100000001,40.80567899999995],[-79.611198,40.856939],[-79.60909,40.88327999999999],[-79.614529,40.89408499999998],[-79.483507,40.89308400000002],[-79.486553,40.88878400000004],[-79.480315,40.87189999999997],[-79.483108,40.864724000000024],[-79.488085,40.86063699999999],[-79.492554,40.858469000000014],[-79.525919,40.84521400000005],[-79.529196,40.841427999999965],[-79.531183,40.83304599999998],[-79.531235,40.827047000000036],[-79.529454,40.82004599999996],[-79.522891,40.81259099999995],[-79.52167900000002,40.81306899999994],[-79.520883,40.812442],[-79.51621500000002,40.80697100000002],[-79.514529,40.80797899999999],[-79.5144,40.812423],[-79.516742,40.81452400000005],[-79.51613,40.814887],[-79.464132,40.808045],[-79.48797900000001,40.75007200000002],[-79.496016,40.73318199999998],[-79.501679,40.71582100000002],[-79.498261,40.71615500000007],[-79.497203,40.71458099999999],[-79.503628,40.710903999999964],[-79.422032,40.70120899999999],[-79.42567400000001,40.68761899999998],[-79.42467600000002,40.68451],[-79.404587,40.68558999999999],[-79.389616,40.67346700000003],[-79.379876,40.67074300000002],[-79.353806,40.654969],[-79.34492,40.65432099999997],[-79.337414,40.647141999999995],[-79.337744,40.646497000000004],[-79.37783,40.603958999999996],[-79.450176,40.53014900000002],[-79.454203,40.53379899999995],[-79.460561,40.53429400000002],[-79.468013,40.53314099999999],[-79.476634,40.52962999999999],[-79.477877,40.53152799999999],[-79.476918,40.53577899999996],[-79.479337,40.537038000000024],[-79.481872,40.536936999999995],[-79.484569,40.53468100000002],[-79.484876,40.530608000000036],[-79.486542,40.52742800000002],[-79.488697,40.52607299999998],[-79.49267,40.525084000000014],[-79.497092,40.52533800000002],[-79.49795,40.526532999999965],[-79.497388,40.529512000000004],[-79.498925,40.53215199999996],[-79.507345,40.53743099999994],[-79.511292,40.542348],[-79.513533,40.54274900000001],[-79.520992,40.54130500000002],[-79.526249,40.542364],[-79.53051900000001,40.54650200000001],[-79.536213,40.55033299999999],[-79.557286,40.56096099999998],[-79.560598,40.56336099999998],[-79.57066200000001,40.58374500000001],[-79.565932,40.59340299999998],[-79.580227,40.582487999999984],[-79.580867,40.58121499999999],[-79.584955,40.58091300000002],[-79.585142,40.57894500000002],[-79.59436,40.57240600000001],[-79.59439,40.571522000000016],[-79.603929,40.564016000000024],[-79.621561,40.55126200000004],[-79.644976,40.56961000000001],[-79.645314,40.56904399999999],[-79.646598,40.56966400000003],[-79.6476,40.569220000000044],[-79.649481,40.57006200000001],[-79.647659,40.57164200000003],[-79.671155,40.588541000000006],[-79.698742,40.56352300000002],[-79.700568,40.56465399999996],[-79.700926,40.56686099999999],[-79.70373,40.56876000000003],[-79.70468,40.57084500000001],[-79.706553,40.571347000000024],[-79.70710900000002,40.572695000000046],[-79.705556,40.57281399999999],[-79.707619,40.573861000000036],[-79.711239,40.578702999999955],[-79.71122200000002,40.58003300000001],[-79.71911000000001,40.57989000000003],[-79.735774,40.57720300000001],[-79.74089,40.579520000000024],[-79.74172,40.580573000000044],[-79.737389,40.58225299999999],[-79.739693,40.58543799999998],[-79.74414,40.58361000000002],[-79.74782,40.58967000000001],[-79.749625,40.59534100000002]]]}},{"type":"Feature","properties":{"district":"46","population":62080,"landAreaSqMi":114.2,"topMunicipalities":[{"name":"South Fayette","classCode":"first_class_township","populationShare":0.2952337387383601},{"name":"Cecil","classCode":"second_class_township","populationShare":0.2374369985270322},{"name":"Canonsburg","classCode":"borough","populationShare":0.15596099184116133},{"name":"Chartiers","classCode":"second_class_township","populationShare":0.14344480813318972},{"name":"Mount Pleasant","classCode":"second_class_township","populationShare":0.05343137884085242}],"topCounties":[{"name":"Washington","geoid":"42125","populationShare":0.6726301139033342},{"name":"Allegheny","geoid":"42003","populationShare":0.3273698860966659}],"classShares":{"borough":0.2358744891066025,"first_class_township":0.2952337387383601,"second_class_township":0.46889177215503747},"medianIncome":104737,"medianHomeValue":280627,"rentBurdenedPct":37.7,"ownerBurdenedPct":15.5,"permitsPer1kPerYear":4.6,"permits5yrTotal":1429,"popChange2020to2024Pct":2.1,"parentSenateDistricts":[{"district":"46","overlapShareOfHD":0.8167576165378092,"areaShareOfSD":0.06200691249745204},{"district":"37","overlapShareOfHD":0.18324238346219027,"areaShareOfSD":0.08326739289202781}]},"geometry":{"type":"Polygon","coordinates":[[[-80.36520900000001,40.25755299999997],[-80.361564,40.261833000000024],[-80.35649,40.30859400000003],[-80.32832700000002,40.349609999999984],[-80.296208,40.36025699999995],[-80.280069,40.36408899999998],[-80.267515,40.35819899999999],[-80.253485,40.360893999999995],[-80.248397,40.36303599999998],[-80.247594,40.36417099999998],[-80.245648,40.36418500000003],[-80.244055,40.36517500000004],[-80.242203,40.36458200000001],[-80.239901,40.36532200000005],[-80.241541,40.36646999999999],[-80.243366,40.370518000000025],[-80.23437,40.37358899999996],[-80.234254,40.377500000000005],[-80.23065,40.37658800000004],[-80.229839,40.37413500000004],[-80.228718,40.37444399999999],[-80.227074,40.37141799999993],[-80.226743,40.37218599999998],[-80.22431,40.37290399999997],[-80.222441,40.372517000000045],[-80.218944,40.37312900000003],[-80.215875,40.37539999999998],[-80.21519200000002,40.376675999999975],[-80.216225,40.377524999999984],[-80.214832,40.380641000000004],[-80.213592,40.38072799999999],[-80.211297,40.38356499999996],[-80.209794,40.38377800000002],[-80.209555,40.38483600000002],[-80.206779,40.38531900000003],[-80.20459,40.386971],[-80.204543,40.387848999999974],[-80.202044,40.38910399999997],[-80.198256,40.38963800000001],[-80.19364100000001,40.393688999999995],[-80.189535,40.39604799999999],[-80.18907,40.39721399999994],[-80.19251700000001,40.39952400000004],[-80.19491,40.40315500000003],[-80.197749,40.404729],[-80.193439,40.406346999999975],[-80.188939,40.40310500000004],[-80.184636,40.40643500000005],[-80.181585,40.40347799999996],[-80.182085,40.40315500000003],[-80.177673,40.399572000000006],[-80.175533,40.40088299999996],[-80.173196,40.40125599999998],[-80.172193,40.39833500000004],[-80.170891,40.39778200000005],[-80.16959,40.398937000000004],[-80.168723,40.401803],[-80.170105,40.39072600000004],[-80.168675,40.383762999999995],[-80.157222,40.380271],[-80.150394,40.37961600000003],[-80.138737,40.37677899999999],[-80.129791,40.37203099999992],[-80.12429000000002,40.37305000000001],[-80.119494,40.372203999999954],[-80.12222200000001,40.37031799999998],[-80.11997800000002,40.367934999999974],[-80.120433,40.35879799999999],[-80.117613,40.357902999999965],[-80.110861,40.35310599999999],[-80.109878,40.35188900000003],[-80.110585,40.35104500000003],[-80.110101,40.348923999999975],[-80.107561,40.347929000000036],[-80.115341,40.333525],[-80.114339,40.331876],[-80.112057,40.33144100000001],[-80.101278,40.332584],[-80.100717,40.32796300000002],[-80.103399,40.325221],[-80.110148,40.32392599999999],[-80.112718,40.32455900000002],[-80.115785,40.32262699999998],[-80.115278,40.31796299999999],[-80.118338,40.31684499999999],[-80.116295,40.31519600000001],[-80.116126,40.31247799999996],[-80.117252,40.309587000000036],[-80.116172,40.30651500000004],[-80.11286,40.304223999999955],[-80.111986,40.30260700000003],[-80.115486,40.29918000000003],[-80.117204,40.29935],[-80.122084,40.30294300000001],[-80.124418,40.30191500000004],[-80.127182,40.29935099999995],[-80.133396,40.303420999999986],[-80.135364,40.302986000000026],[-80.136769,40.30156],[-80.136303,40.30021700000006],[-80.128519,40.29558799999999],[-80.130556,40.292314999999995],[-80.129036,40.286465999999976],[-80.13515,40.284048999999996],[-80.136738,40.28257100000002],[-80.139564,40.28195300000001],[-80.139952,40.280358000000014],[-80.13783700000002,40.278496000000004],[-80.13883400000002,40.27466999999997],[-80.131069,40.26958499999998],[-80.132134,40.26524700000005],[-80.133956,40.264883000000005],[-80.137595,40.26634299999998],[-80.137329,40.26310000000001],[-80.141277,40.26139799999999],[-80.139668,40.260200999999995],[-80.148457,40.25661800000002],[-80.157972,40.254591000000055],[-80.165164,40.255306999999966],[-80.168219,40.254601000000015],[-80.172831,40.249620000000014],[-80.17546700000001,40.24445600000004],[-80.178713,40.24046099999996],[-80.181033,40.24243899999998],[-80.193563,40.24242400000001],[-80.200524,40.24506799999997],[-80.202988,40.24354799999999],[-80.202996,40.23984700000001],[-80.205056,40.239190000000015],[-80.208322,40.24104400000004],[-80.208746,40.238302999999995],[-80.213728,40.238172],[-80.214642,40.236658000000034],[-80.211083,40.23385600000001],[-80.216192,40.21889799999998],[-80.224884,40.21181300000002],[-80.23683,40.211868999999965],[-80.243068,40.21023300000002],[-80.245688,40.20860799999998],[-80.247161,40.20890300000004],[-80.252665,40.205274999999986],[-80.260887,40.205912],[-80.261689,40.20684499999996],[-80.263442,40.20672499999999],[-80.26564900000001,40.205244],[-80.265546,40.20171600000003],[-80.266277,40.20144500000004],[-80.27923,40.20382599999997],[-80.282158,40.205548],[-80.284305,40.20930499999998],[-80.285759,40.20997599999998],[-80.286488,40.21330100000006],[-80.287971,40.214705],[-80.286838,40.21557300000002],[-80.286021,40.21844599999996],[-80.286899,40.22514100000002],[-80.288533,40.22623699999998],[-80.291032,40.23050400000003],[-80.292852,40.23128599999999],[-80.294958,40.23396099999996],[-80.299515,40.236574999999995],[-80.303624,40.246246999999975],[-80.305152,40.24695100000004],[-80.306995,40.246791],[-80.311287,40.24998699999996],[-80.3322,40.23816599999998],[-80.343381,40.242601999999955],[-80.347275,40.24825999999998],[-80.355549,40.25201799999998],[-80.357527,40.25181200000005],[-80.358876,40.25357199999999],[-80.36520900000001,40.25755299999997]]]}},{"type":"Feature","properties":{"district":"54","population":63333,"landAreaSqMi":12.9,"topMunicipalities":[{"name":"Norristown","classCode":"borough","populationShare":0.5649819209574786},{"name":"Plymouth","classCode":"first_class_township","populationShare":0.2892015221132745},{"name":"Conshohocken","classCode":"borough","populationShare":0.14581655692924697}],"topCounties":[{"name":"Montgomery","geoid":"42091","populationShare":1.0}],"classShares":{"borough":0.7107984778867255,"first_class_township":0.2892015221132745},"medianIncome":88005,"medianHomeValue":300717,"rentBurdenedPct":47.5,"ownerBurdenedPct":21.1,"permitsPer1kPerYear":1.0,"permits5yrTotal":329,"popChange2020to2024Pct":1.3,"parentSenateDistricts":[{"district":"12","overlapShareOfHD":0.6464625813976341,"areaShareOfSD":0.0580953758756189},{"district":"17","overlapShareOfHD":0.2743688603531016,"areaShareOfSD":0.04348945507252802},{"district":"7","overlapShareOfHD":0.07916855824926465,"areaShareOfSD":0.02565337379747927}]},"geometry":{"type":"Polygon","coordinates":[[[-75.365479,40.116401000000025],[-75.362251,40.119223000000005],[-75.365128,40.120953999999955],[-75.34453300000001,40.141754000000006],[-75.316659,40.124793999999994],[-75.298153,40.14315900000002],[-75.260409,40.122001999999966],[-75.297373,40.08290300000001],[-75.295506,40.08181600000002],[-75.295279,40.08339100000001],[-75.293815,40.08255300000001],[-75.294865,40.08151300000004],[-75.289979,40.07857400000002],[-75.298624,40.069502],[-75.301036,40.06904100000003],[-75.306264,40.069016000000005],[-75.315655,40.074622999999995],[-75.320128,40.081709000000025],[-75.321392,40.09783899999999],[-75.322308,40.10001400000003],[-75.326924,40.105214000000004],[-75.346967,40.11112],[-75.355662,40.11517199999996],[-75.365479,40.116401000000025]]]}}]}