{"type":"FeatureCollection","name":"pa_house_districts","crs":{"type":"name","properties":{"name":"EPSG:4326"}},"features":[{"type":"Feature","properties":{"district":"9","population":253315,"landAreaSqMi":219.3,"topMunicipalities":[{"name":"Chester","classCode":"third_class_city","populationShare":0.13109764522432554},{"name":"Concord","classCode":"second_class_township","populationShare":0.07183546177683899},{"name":"Upper Chichester","classCode":"first_class_township","populationShare":0.06645086157550875},{"name":"Aston","classCode":"first_class_township","populationShare":0.06588634703827241},{"name":"Middletown","classCode":"second_class_township","populationShare":0.06514813572034825}],"topCounties":[{"name":"Delaware","geoid":"42045","populationShare":0.6793123186546396},{"name":"Chester","geoid":"42029","populationShare":0.3206876813453605}],"classShares":{"borough":0.1346386909578982,"first_class_township":0.20273572429583725,"second_class_township":0.5315279395219391,"third_class_city":0.13109764522432554}},"geometry":{"type":"Polygon","coordinates":[[[-75.86923800000001,39.74082899999995],[-75.840963,39.78522499999998],[-75.853512,39.858688000000015],[-75.848035,39.85911],[-75.849008,39.866505999999966],[-75.789273,39.87219700000003],[-75.785846,39.87169499999998],[-75.78349400000002,39.85514299999997],[-75.78115500000001,39.85533699999998],[-75.780467,39.84926999999997],[-75.758745,39.85137600000001],[-75.76066800000001,39.86991199999998],[-75.757786,39.87018499999996],[-75.760406,39.88890400000002],[-75.771443,39.887822000000014],[-75.773932,39.91158000000002],[-75.770416,39.91212900000001],[-75.698098,39.897509],[-75.689918,39.920517000000025],[-75.688301,39.92139099999999],[-75.690496,39.92326500000001],[-75.686801,39.923118000000024],[-75.684567,39.92446100000004],[-75.684227,39.925794999999965],[-75.681993,39.92648500000001],[-75.68027900000001,39.92813200000003],[-75.679236,39.92994499999999],[-75.679901,39.93413500000003],[-75.676873,39.934757999999995],[-75.674756,39.93337600000002],[-75.673182,39.93424600000002],[-75.669028,39.93387099999997],[-75.667857,39.93443500000002],[-75.660056,39.92481199999999],[-75.653497,39.92421800000003],[-75.649975,39.92304599999998],[-75.644756,39.91948099999995],[-75.638081,39.917038],[-75.633869,39.91684699999998],[-75.633391,39.91491799999998],[-75.614641,39.92372],[-75.61007600000002,39.92962399999997],[-75.516347,39.97274400000005],[-75.502135,39.95436700000001],[-75.436055,39.984947999999996],[-75.436164,39.98249499999999],[-75.437742,39.981605000000016],[-75.438392,39.979825999999996],[-75.43538400000001,39.975113999999984],[-75.435454,39.97206899999995],[-75.43456300000001,39.971299999999964],[-75.430574,39.97152800000003],[-75.429175,39.97006500000002],[-75.428771,39.966972000000034],[-75.423949,39.962514999999975],[-75.431835,39.95050899999995],[-75.428307,39.94727199999996],[-75.424848,39.947092000000005],[-75.421407,39.94597299999999],[-75.419759,39.944403000000015],[-75.418706,39.944632000000006],[-75.417471,39.943599999999996],[-75.417286,39.94206899999997],[-75.418621,39.94021699999998],[-75.415152,39.93757199999998],[-75.414847,39.93554600000001],[-75.41144100000001,39.93357599999998],[-75.411827,39.92969999999998],[-75.40912,39.927142],[-75.408289,39.92511800000002],[-75.40962600000002,39.92367099999999],[-75.409311,39.92002300000008],[-75.405738,39.91927],[-75.404266,39.91692000000003],[-75.402752,39.91612100000002],[-75.402731,39.91503299999997],[-75.398851,39.91226599999997],[-75.397078,39.90911899999996],[-75.397805,39.90638700000003],[-75.393483,39.90444599999994],[-75.39335900000002,39.903275],[-75.391775,39.90237999999998],[-75.392044,39.900976000000036],[-75.384634,39.91352299999996],[-75.382931,39.91328500000004],[-75.383231,39.911963],[-75.379844,39.91290899999996],[-75.378087,39.912663000000016],[-75.381105,39.918986999999966],[-75.364871,39.93025299999998],[-75.366822,39.92605400000005],[-75.364702,39.92510499999997],[-75.36380200000002,39.923632999999995],[-75.36562,39.922242999999966],[-75.363859,39.92123499999998],[-75.362582,39.923480000000005],[-75.360992,39.924365],[-75.360441,39.92205299999998],[-75.363878,39.91952999999998],[-75.359868,39.91858199999998],[-75.36008700000001,39.915924000000025],[-75.357988,39.91348599999997],[-75.360028,39.91242500000002],[-75.357776,39.91035200000004],[-75.359698,39.90867900000003],[-75.357642,39.90701799999999],[-75.358214,39.90453900000005],[-75.361307,39.903268000000025],[-75.361887,39.90227500000002],[-75.36042,39.901334],[-75.35691,39.901254],[-75.35719200000001,39.89922600000002],[-75.355317,39.89869100000002],[-75.35637200000001,39.89496099999999],[-75.358856,39.89304899999997],[-75.356327,39.890443999999974],[-75.357773,39.88724100000002],[-75.355252,39.88612300000002],[-75.354831,39.88378100000005],[-75.350794,39.883523000000004],[-75.35041300000002,39.88124600000002],[-75.356501,39.87213599999995],[-75.356727,39.869829999999965],[-75.351367,39.868095],[-75.351658,39.86683299999994],[-75.348969,39.86481799999998],[-75.34860100000002,39.86302000000003],[-75.340692,39.866871000000025],[-75.338348,39.86500100000002],[-75.33497400000002,39.86434499999997],[-75.328947,39.865305000000035],[-75.326721,39.864606999999985],[-75.324218,39.86345499999999],[-75.32065,39.85782199999998],[-75.318531,39.849913],[-75.33043200000002,39.84901300000005],[-75.341766,39.84608199999997],[-75.346315,39.844159000000005],[-75.354401,39.839916999999964],[-75.37173,39.827558999999965],[-75.398417,39.81046700000003],[-75.415062,39.80191899999999],[-75.43599000000002,39.81310299999997],[-75.461293,39.823286],[-75.487655,39.831001999999984],[-75.51414,39.83615300000001],[-75.539716,39.83892499999999],[-75.56933,39.83936900000001],[-75.597171,39.837256],[-75.623712,39.83283099999997],[-75.649635,39.82601900000001],[-75.674063,39.81684999999998],[-75.696627,39.80550700000004],[-75.717309,39.79201000000002],[-75.73584,39.776452],[-75.751067,39.759976],[-75.76356300000002,39.74228299999999],[-75.773786,39.722199999999965],[-75.841862,39.72197000000001],[-75.841065,39.723538999999974],[-75.844586,39.72562099999997],[-75.846864,39.72536700000002],[-75.849103,39.72704599999996],[-75.84825599999999,39.73066800000004],[-75.854597,39.732864000000006],[-75.855625,39.73538800000002],[-75.854555,39.736959999999996],[-75.8556,39.73865600000001],[-75.862902,39.74099000000003],[-75.863997,39.740224000000026],[-75.863339,39.73751699999998],[-75.865583,39.73659399999999],[-75.86756300000002,39.74012999999998],[-75.86923800000001,39.74082899999995]]]}},{"type":"Feature","properties":{"district":"35","population":258554,"landAreaSqMi":2156.6,"topMunicipalities":[{"name":"Ferguson","classCode":"second_class_township","populationShare":0.0733935874091739},{"name":"Johnstown","classCode":"third_class_city","populationShare":0.07056558502213328},{"name":"Patton","classCode":"second_class_township","populationShare":0.06078470889745291},{"name":"Richland","classCode":"second_class_township","populationShare":0.046938007115845844},{"name":"Sandy","classCode":"second_class_township","populationShare":0.04542961697286807}],"topCounties":[{"name":"Cambria","geoid":"42021","populationShare":0.5119050701893367},{"name":"Clearfield","geoid":"42033","populationShare":0.3051666642595978},{"name":"Centre","geoid":"42027","populationShare":0.18292826555106542}],"classShares":{"borough":0.2242473345893827,"first_class_township":0.010539392665678987,"second_class_township":0.6658374359919269,"third_class_city":0.09937583675301136}},"geometry":{"type":"Polygon","coordinates":[[[-79.056347,40.28485700000001],[-79.055121,40.28917800000001],[-79.051635,40.290091999999994],[-79.046251,40.29671799999997],[-79.045047,40.299647000000014],[-79.041695,40.302041999999986],[-79.039844,40.30526899999999],[-79.037295,40.30725899999995],[-79.036372,40.310746],[-79.036942,40.314062000000014],[-79.03120400000002,40.31810000000001],[-79.03039,40.32210100000004],[-79.024657,40.32691100000002],[-79.020019,40.335605],[-79.015368,40.339186999999995],[-79.00993300000002,40.34047699999994],[-79.009383,40.34478699999998],[-79.00607800000002,40.35120300000003],[-79.00054600000001,40.355273000000004],[-78.998171,40.35616900000003],[-78.97523,40.39192700000006],[-78.973422,40.39639],[-78.921923,40.483512],[-78.885946,40.55406699999999],[-78.85067100000002,40.62633599999995],[-78.808862,40.72106199999999],[-78.799226,40.71710000000004],[-78.803291,40.72881999999996],[-78.806274,40.72974200000004],[-78.806406,40.86161800000001],[-78.804047,40.95181400000003],[-78.804532,41.132186000000004],[-78.766377,41.202759000000036],[-78.710248,41.20185899999994],[-78.647947,41.21746000000002],[-78.64666600000001,41.25377799999995],[-78.531948,41.24645600000002],[-78.236817,41.230474999999956],[-78.093381,41.21693100000001],[-78.061007,41.174538999999974],[-78.03817100000002,41.15360299999999],[-78.039738,41.152579],[-78.04344,41.146508],[-78.052733,41.14531699999997],[-78.054206,41.14266499999999],[-78.054836,41.134176999999966],[-78.056026,41.13199499999999],[-78.05884400000001,41.13090900000004],[-78.066996,41.13242599999997],[-78.06974500000001,41.131273],[-78.070432,41.128980999999996],[-78.068659,41.124308000000006],[-78.070417,41.12187799999996],[-78.073732,41.12205499999998],[-78.077672,41.12516699999998],[-78.082989,41.12630500000001],[-78.08593,41.12445900000002],[-78.086883,41.118261000000004],[-78.089202,41.11603800000006],[-78.091412,41.11553999999998],[-78.093165,41.11598899999995],[-78.09540000000001,41.12036999999998],[-78.100345,41.12178300000002],[-78.103273,41.121201999999975],[-78.108702,41.11764500000003],[-78.11203700000002,41.114324999999994],[-78.111695,41.11106099999997],[-78.107614,41.10551000000001],[-78.101027,41.090998000000035],[-78.098111,41.08603899999997],[-78.092671,41.07956200000001],[-78.093733,41.075832999999975],[-78.097184,41.07234899999999],[-78.095092,41.07063700000007],[-78.092192,41.070413999999985],[-78.085098,41.068113999999966],[-78.088795,41.06342700000003],[-78.090545,41.05990399999998],[-78.09036,41.058171],[-78.08895,41.05725300000003],[-78.085629,41.05726999999997],[-78.076091,41.05986399999999],[-78.073367,41.057409],[-78.072849,41.05192200000006],[-78.071396,41.04991799999997],[-78.068203,41.04995899999998],[-78.062363,41.05322999999999],[-78.059516,41.051561000000056],[-78.059697,41.050389],[-78.06408,41.04591299999999],[-78.062621,41.043360000000014],[-78.057258,41.039350999999996],[-78.057434,41.037205000000036],[-78.06074,41.03606899999997],[-78.06613,41.035593],[-78.06984800000001,41.032585000000005],[-78.07468900000002,41.034296999999945],[-78.078302,41.03406399999999],[-78.080312,41.03065500000006],[-78.079903,41.02947999999998],[-78.076911,41.026464000000004],[-78.073308,41.02704999999996],[-78.071255,41.02658199999996],[-78.070747,41.02459699999999],[-78.074304,41.02385600000001],[-78.075599,41.02218499999995],[-78.072127,41.02033599999995],[-78.069475,41.02035899999999],[-78.067889,41.019484],[-78.0697,41.01616499999998],[-78.069136,41.01324200000001],[-78.066748,41.012773000000024],[-78.062002,41.01327099999999],[-78.056243,41.008658999999945],[-78.05558,41.00553700000005],[-78.056163,41.00425599999999],[-78.05827100000002,41.003654999999966],[-78.060411,41.00418299999998],[-77.985906,40.940322000000016],[-77.96408900000002,40.923599],[-77.975454,40.915812000000045],[-77.961626,40.90007700000001],[-77.928986,40.89507399999997],[-77.897714,40.87528699999999],[-77.851722,40.83809899999998],[-77.86978,40.82513800000004],[-77.870647,40.825323000000004],[-77.87226,40.824099000000004],[-77.8719,40.823631999999975],[-77.882975,40.815833999999995],[-77.881959,40.81567100000001],[-77.882286,40.81504400000001],[-77.874231,40.80578999999999],[-77.875329,40.804351],[-77.87607,40.804554999999986],[-77.876865,40.80183300000004],[-77.882004,40.79949800000001],[-77.881944,40.801199999999994],[-77.88630100000002,40.79922999999999],[-77.885246,40.79871200000001],[-77.885701,40.79731700000002],[-77.882877,40.796777999999996],[-77.882921,40.79413199999999],[-77.876828,40.78815100000003],[-77.874645,40.78741699999997],[-77.87262,40.78813399999996],[-77.86948,40.78569400000002],[-77.873602,40.78224300000002],[-77.874587,40.782206999999964],[-77.87395,40.78146399999999],[-77.874836,40.780957000000065],[-77.874035,40.78011699999997],[-77.872441,40.78097800000001],[-77.868303,40.77670299999993],[-77.870132,40.77565299999999],[-77.862898,40.76842700000004],[-77.855235,40.77183399999995],[-77.831415,40.74112200000002],[-77.85922,40.73081899999998],[-77.89431,40.71619099999997],[-77.94425,40.69155699999999],[-78.050456,40.721381999999984],[-78.116208,40.739378],[-78.131834,40.74301700000005],[-78.340008,40.73353499999999],[-78.360619,40.733181000000016],[-78.348389,40.72343000000002],[-78.408504,40.644333000000024],[-78.416558,40.645174999999995],[-78.41927,40.64676099999996],[-78.421471,40.64661499999996],[-78.42367300000001,40.647535999999945],[-78.428465,40.64673999999997],[-78.432457,40.647756000000044],[-78.438762,40.645724999999985],[-78.442091,40.64135700000002],[-78.440167,40.63876099999999],[-78.441013,40.63159800000002],[-78.446323,40.62416400000005],[-78.441208,40.59723900000001],[-78.449344,40.590297999999954],[-78.45385,40.58124900000001],[-78.479051,40.54730700000006],[-78.486124,40.54083799999999],[-78.493917,40.540397999999996],[-78.497561,40.539162999999974],[-78.511851,40.531438999999956],[-78.51821100000001,40.52880199999998],[-78.522663,40.52325800000001],[-78.530384,40.51914400000001],[-78.539819,40.50629299999998],[-78.541323,40.497559999999986],[-78.544715,40.486681999999995],[-78.544363,40.482906],[-78.541073,40.47782799999997],[-78.540491,40.47499800000002],[-78.542538,40.46838800000003],[-78.544358,40.465544999999985],[-78.548463,40.46185400000001],[-78.557721,40.441563000000016],[-78.552889,40.434783000000024],[-78.561466,40.36967],[-78.602236,40.35362899999998],[-78.608878,40.34348999999998],[-78.61594100000002,40.33013099999993],[-78.619477,40.325729000000045],[-78.62522100000001,40.314301999999955],[-78.636404,40.30550600000003],[-78.642707,40.28307100000001],[-78.651743,40.281524000000026],[-78.643816,40.25913999999998],[-78.658305,40.243235],[-78.825773,40.244506000000044],[-78.847958,40.244928999999985],[-78.851167,40.24598799999999],[-78.853169,40.245723],[-78.856087,40.24328099999999],[-78.858807,40.24252599999997],[-78.860063,40.242899],[-78.86118000000002,40.24552100000001],[-78.86445100000002,40.244411000000014],[-78.869029,40.24903999999998],[-78.879844,40.247227],[-78.880801,40.245139],[-78.884669,40.244574999999976],[-78.891056,40.249996],[-78.894019,40.261061999999995],[-78.89718,40.26353400000005],[-78.894403,40.26848900000003],[-78.89623,40.27158800000003],[-78.903374,40.27516999999995],[-78.924794,40.27848800000002],[-78.927453,40.28190599999997],[-78.927109,40.284732999999996],[-78.981767,40.28543900000004],[-79.056347,40.28485700000001]]]}},{"type":"Feature","properties":{"district":"37","population":246383,"landAreaSqMi":250.0,"topMunicipalities":[{"name":"Bethel Park","classCode":"borough","populationShare":0.13422192277876313},{"name":"Moon","classCode":"second_class_township","populationShare":0.10924860887317711},{"name":"Upper St. Clair","classCode":"first_class_township","populationShare":0.08479887005191089},{"name":"South Fayette","classCode":"first_class_township","populationShare":0.0743882491892702},{"name":"North Fayette","classCode":"second_class_township","populationShare":0.06534135877881175}],"topCounties":[{"name":"Allegheny","geoid":"42003","populationShare":1.0}],"classShares":{"borough":0.38991326511975255,"first_class_township":0.2809487667574466,"second_class_township":0.3291379681228008}},"geometry":{"type":"Polygon","coordinates":[[[-80.360802,40.47773899999996],[-80.27394,40.53958299999997],[-80.227089,40.57415400000002],[-80.22405100000002,40.575268],[-80.22400600000002,40.577329000000006],[-80.222267,40.57797100000004],[-80.220556,40.57990899999995],[-80.218694,40.57966699999996],[-80.21909,40.581956999999996],[-80.214549,40.58081900000004],[-80.212269,40.58214099999997],[-80.211167,40.58497899999998],[-80.208719,40.586588],[-80.208127,40.58799600000001],[-80.204163,40.58856799999997],[-80.202121,40.59093599999999],[-80.198464,40.592655000000015],[-80.194867,40.596775999999984],[-80.187059,40.59609799999999],[-80.184323,40.59692],[-80.185006,40.59802800000001],[-80.188712,40.599753],[-80.183871,40.60130900000002],[-80.184753,40.603584999999974],[-80.180563,40.60734400000001],[-80.180401,40.60934900000005],[-80.177874,40.60948199999999],[-80.176025,40.60811300000002],[-80.173721,40.607705000000024],[-80.171009,40.60799500000003],[-80.169376,40.60661800000005],[-80.16786000000002,40.60687299999998],[-80.165784,40.606030000000004],[-80.160579,40.609561],[-80.155013,40.60801299999998],[-80.15377,40.60840700000003],[-80.151915,40.60952999999996],[-80.15113,40.611474999999984],[-80.14511,40.61344699999999],[-80.148497,40.67376900000004],[-80.101438,40.673983000000014],[-80.071434,40.67493499999996],[-80.067364,40.594218],[-80.061592,40.50580300000001],[-80.06849500000001,40.508999999999936],[-80.075357,40.50883199999998],[-80.077522,40.50944899999996],[-80.078509,40.510157],[-80.07795900000002,40.51098700000003],[-80.08052400000001,40.51226],[-80.08073900000001,40.511298999999994],[-80.082491,40.51137799999999],[-80.08352,40.51013699999999],[-80.085788,40.51097500000001],[-80.087678,40.51072200000004],[-80.087108,40.51705999999999],[-80.096306,40.51640199999994],[-80.095903,40.51478400000002],[-80.099069,40.514623],[-80.107481,40.51682300000001],[-80.108617,40.51321299999992],[-80.108363,40.51052099999998],[-80.112504,40.51184200000001],[-80.13418,40.51534199999999],[-80.147264,40.520403999999935],[-80.16148,40.523802999999994],[-80.158449,40.52025799999997],[-80.149637,40.51491800000001],[-80.141232,40.51262300000001],[-80.134164,40.50890500000004],[-80.126923,40.506281000000044],[-80.115923,40.503959999999985],[-80.12590900000001,40.48996999999994],[-80.112104,40.46385199999999],[-80.11361800000002,40.460244999999965],[-80.112354,40.45857699999996],[-80.11185,40.45565800000001],[-80.112671,40.454359000000004],[-80.109925,40.45133099999996],[-80.10447600000002,40.44817700000001],[-80.090238,40.45124000000002],[-80.089534,40.44983599999996],[-80.091024,40.44904999999998],[-80.090165,40.444162],[-80.084068,40.441928999999995],[-80.082883,40.44043699999998],[-80.078129,40.43863000000003],[-80.075549,40.43503199999999],[-80.076386,40.431686000000006],[-80.080377,40.432071999999984],[-80.081869,40.43158500000005],[-80.085297,40.42989400000004],[-80.086552,40.42797500000001],[-80.086698,40.42548400000002],[-80.084993,40.424584999999986],[-80.085742,40.42279200000004],[-80.084507,40.420522000000005],[-80.079594,40.42003799999996],[-80.074859,40.42060200000004],[-80.07603,40.41794699999994],[-80.079297,40.41609099999999],[-80.079472,40.41481999999998],[-80.084422,40.417505],[-80.085948,40.41695000000003],[-80.088463,40.41888500000004],[-80.089346,40.41843800000001],[-80.092073,40.42019999999999],[-80.09883,40.41816200000001],[-80.097236,40.41614800000006],[-80.09998500000002,40.41164899999998],[-80.09854,40.39997600000004],[-80.100167,40.397838000000036],[-80.10027,40.394375],[-80.098889,40.393874000000025],[-80.092571,40.39510400000003],[-80.088403,40.39501800000002],[-80.086059,40.39203600000001],[-80.086687,40.38925499999996],[-80.08836,40.387581999999995],[-80.090848,40.38700200000001],[-80.092591,40.38855000000004],[-80.09607500000001,40.38845699999998],[-80.098849,40.386984000000005],[-80.099852,40.385176],[-80.09894,40.38426200000001],[-80.095146,40.38520200000001],[-80.092147,40.38453600000003],[-80.094372,40.37808000000001],[-80.098205,40.37403199999998],[-80.094576,40.36860599999999],[-80.09429600000001,40.36554899999999],[-80.095265,40.363349999999976],[-80.093033,40.36207299999998],[-80.0891,40.36181200000001],[-80.087513,40.362244000000004],[-80.087661,40.363721000000005],[-80.086937,40.363981],[-80.085684,40.363040000000076],[-80.082828,40.36300900000004],[-80.081825,40.36305899999997],[-80.081414,40.36428000000004],[-80.072816,40.363434000000034],[-80.072496,40.364063999999985],[-80.064343,40.36174899999997],[-80.050924,40.35300700000002],[-80.05117,40.351042999999976],[-80.041927,40.35286700000004],[-80.039688,40.351783000000026],[-80.03788,40.353615999999995],[-80.03377,40.35444699999997],[-80.033428,40.35513900000001],[-80.028218,40.35585800000004],[-80.028482,40.35706399999999],[-80.022673,40.35745000000001],[-80.022301,40.35928399999998],[-80.01708400000001,40.359027000000026],[-80.005624,40.342983000000025],[-79.987054,40.331461],[-79.985425,40.32952700000003],[-79.985254,40.33341200000001],[-79.984334,40.33328800000001],[-79.980599,40.33622099999998],[-79.976614,40.33627399999998],[-79.97808,40.33720499999995],[-79.975878,40.33805299999996],[-79.974742,40.33730800000003],[-79.96908600000002,40.34038300000001],[-79.968278,40.341808],[-79.966662,40.34151800000001],[-79.964,40.344991000000014],[-79.931465,40.32685000000005],[-79.930913,40.32520200000001],[-79.929135,40.32588500000005],[-79.927056,40.32447899999999],[-79.925802,40.325599],[-79.898627,40.319525999999996],[-79.899253,40.318653999999974],[-79.900468,40.31897299999999],[-79.900467,40.317195000000005],[-79.898853,40.31656899999999],[-79.8973,40.31425299999997],[-79.899589,40.312098999999996],[-79.900763,40.31205900000001],[-79.894698,40.30557999999994],[-79.899548,40.301929000000015],[-79.89536500000001,40.29889000000001],[-79.889186,40.300708999999976],[-79.883666,40.29813600000005],[-79.896646,40.29699500000001],[-79.90037000000001,40.295629999999996],[-79.900475,40.28321100000007],[-79.897918,40.28100000000002],[-79.892702,40.28090999999997],[-79.888347,40.283189],[-79.88203400000002,40.28341100000002],[-79.880129,40.28537599999998],[-79.876178,40.28359599999997],[-79.886293,40.276916999999976],[-79.887886,40.27828800000003],[-79.893116,40.274817000000006],[-79.89655,40.27387599999997],[-79.90453,40.269840000000066],[-79.901535,40.26803000000001],[-79.89987,40.26920099999997],[-79.897369,40.267161000000044],[-79.90965200000001,40.258459999999964],[-79.914461,40.25244300000002],[-80.026632,40.285445],[-80.184603,40.333138999999996],[-80.221929,40.365086000000026],[-80.360802,40.47773899999996]]]}},{"type":"Feature","properties":{"district":"40","population":256174,"landAreaSqMi":1056.9,"topMunicipalities":[{"name":"Coolbaugh","classCode":"second_class_township","populationShare":0.08101524744899952},{"name":"Stroud","classCode":"second_class_township","populationShare":0.0772795053362169},{"name":"Chestnuthill","classCode":"second_class_township","populationShare":0.06510418699789991},{"name":"Middle Smithfield","classCode":"second_class_township","populationShare":0.06265663182055939},{"name":"Pocono","classCode":"first_class_township","populationShare":0.042506265272822405}],"topCounties":[{"name":"Monroe","geoid":"42089","populationShare":0.6549610811401625},{"name":"Lackawanna","geoid":"42069","populationShare":0.23069085855707452},{"name":"Wayne","geoid":"42127","populationShare":0.11434806030276297}],"classShares":{"borough":0.21530678367047398,"first_class_township":0.042506265272822405,"second_class_township":0.7077572275094272,"third_class_city":0.03442972354727646}},"geometry":{"type":"Polygon","coordinates":[[[-75.694959,41.31757700000002],[-75.687841,41.317836000000014],[-75.688606,41.339445999999995],[-75.685631,41.338835000000024],[-75.639367,41.341558000000006],[-75.60443900000001,41.342561999999994],[-75.65204300000002,41.36614000000002],[-75.637154,41.38346799999997],[-75.633933,41.38237999999998],[-75.624872,41.392720999999966],[-75.582241,41.39407700000003],[-75.550339,41.42143400000002],[-75.614216,41.46367000000003],[-75.61076800000001,41.46349000000002],[-75.608703,41.464160000000014],[-75.604506,41.46730199999998],[-75.607541,41.468169],[-75.606611,41.47071999999999],[-75.63207,41.48744500000001],[-75.615799,41.49987200000004],[-75.6061,41.50839899999998],[-75.605249,41.507844],[-75.585318,41.523357999999995],[-75.584483,41.527342999999966],[-75.570421,41.54459900000002],[-75.570982,41.544944000000015],[-75.531276,41.641658999999954],[-75.462411,41.64158700000004],[-75.459762,41.595044000000016],[-75.351002,41.59906999999999],[-75.32092000000002,41.60084899999995],[-75.317672,41.588131000000004],[-75.262025,41.59527800000003],[-75.262006,41.59612400000001],[-75.26152,41.59534800000004],[-75.241684,41.598021999999965],[-75.229425,41.565730999999985],[-75.194056,41.54499199999996],[-75.186849,41.531749999999974],[-75.247818,41.50387200000002],[-75.30019,41.484231],[-75.298342,41.367401999999984],[-75.30606,41.37422299999999],[-75.309067,41.374679000000015],[-75.314292,41.368606000000014],[-75.320915,41.367629999999956],[-75.323657,41.36604500000003],[-75.325746,41.36769999999999],[-75.33067,41.36959299999996],[-75.335255,41.37545900000003],[-75.336851,41.37627400000007],[-75.33932700000001,41.375698000000035],[-75.345028,41.371118],[-75.34822,41.37078700000001],[-75.34886700000001,41.368847999999964],[-75.35054,41.36795099999998],[-75.349687,41.365692999999965],[-75.351312,41.363720999999984],[-75.34817300000002,41.364248],[-75.348729,41.36176100000002],[-75.346414,41.35728100000002],[-75.343295,41.35517300000002],[-75.34174,41.35499799999999],[-75.342082,41.351934],[-75.338908,41.35063700000006],[-75.337762,41.34855700000001],[-75.339045,41.34736299999999],[-75.338784,41.34634000000005],[-75.337811,41.34668199999997],[-75.33662700000001,41.34512999999998],[-75.340239,41.343974],[-75.344356,41.341028],[-75.344294,41.33743],[-75.343243,41.33724199999999],[-75.342769,41.33601200000001],[-75.335066,41.33642599999995],[-75.330882,41.33491199999999],[-75.328735,41.33624800000001],[-75.325956,41.340674999999926],[-75.32245,41.34003999999998],[-75.318568,41.336727000000025],[-75.317552,41.33466500000003],[-75.311203,41.331574],[-75.311348,41.328694999999996],[-75.310404,41.32689299999996],[-75.312483,41.324320000000014],[-75.312109,41.32103299999993],[-75.315983,41.31904100000003],[-75.316267,41.31597700000002],[-75.313805,41.31332700000001],[-75.31396600000001,41.31060799999998],[-75.322281,41.299882000000046],[-75.325214,41.29877499999998],[-75.32630900000001,41.299664999999976],[-75.32776200000002,41.298889999999936],[-75.327749,41.29464200000002],[-75.32565,41.292756000000026],[-75.324607,41.288876999999985],[-75.32975600000002,41.285576000000006],[-75.330079,41.282925000000006],[-75.333644,41.27944700000007],[-75.331724,41.275189999999995],[-75.334205,41.270305000000036],[-75.335501,41.26899199999999],[-75.339433,41.26753999999996],[-75.343912,41.267841999999966],[-75.347245,41.266030000000015],[-75.347291,41.26346299999999],[-75.350138,41.26012099999997],[-75.347978,41.25801100000002],[-75.344816,41.25815500000004],[-75.344507,41.25612999999999],[-75.341637,41.255281999999994],[-75.342194,41.252693],[-75.344034,41.25168799999998],[-75.345828,41.24783899999997],[-75.359184,41.23920599999997],[-75.129721,41.252100999999975],[-75.156507,41.150341000000004],[-75.076811,41.141121999999996],[-75.039216,41.08879699999998],[-75.033433,41.08732400000001],[-75.032593,41.08526700000003],[-75.029099,41.08285199999999],[-75.02892200000001,41.080694000000015],[-75.027957,41.07986799999999],[-75.025836,41.08059499999999],[-75.025001,41.083516999999986],[-75.020452,41.08478699999999],[-75.012602,41.08380100000002],[-75.01277,41.08659400000006],[-75.011782,41.08800499999999],[-75.006838,41.08851399999998],[-75.003177,41.09177299999995],[-75.000313,41.08948500000002],[-74.997559,41.08961899999995],[-74.996402,41.09298799999997],[-74.99409,41.09386299999999],[-74.991718,41.092283999999985],[-74.991815,41.08913200000001],[-74.988263,41.08822200000003],[-74.983025,41.089087999999954],[-74.975298,41.09407299999997],[-74.972036,41.095561999999994],[-74.968469,41.095862],[-74.966759,41.09342500000001],[-74.968388,41.08779599999998],[-74.970987,41.08529300000003],[-74.98259,41.07917199999994],[-74.989332,41.078318999999986],[-74.994847,41.07655600000003],[-75.00078,41.073209999999996],[-75.006856,41.067595999999966],[-75.01241,41.06726400000001],[-75.017572,41.055853000000006],[-75.027146,41.045254],[-75.02734,41.04382700000004],[-75.026127,41.04190500000002],[-75.027102,41.039528999999995],[-75.033494,41.037665999999994],[-75.04178900000001,41.031700000000015],[-75.048735,41.02922199999997],[-75.070532,41.01862000000001],[-75.074999,41.017129999999995],[-75.081101,41.016838000000035],[-75.084495,41.015919999999944],[-75.09299700000001,41.009701000000035],[-75.10911300000001,41.004102],[-75.11059500000002,41.002174000000025],[-75.12719599999998,40.993954],[-75.131341,40.98997999999998],[-75.132106,40.982566000000006],[-75.13564,40.97599300000001],[-75.13470100000002,40.972038],[-75.13136,40.969275999999994],[-75.129074,40.96897599999997],[-75.122603,40.97015199999999],[-75.120232,40.96870200000002],[-75.12831,40.95964000000001],[-75.14513,40.95158400000001],[-75.152935,40.94931100000004],[-75.169463,40.94801499999998],[-75.17683600000001,40.94552300000001],[-75.178073,40.94032000000001],[-75.187531,40.937131000000015],[-75.195536,40.936337],[-75.21819,40.92787499999994],[-75.22182100000002,40.91958099999999],[-75.24113,40.90943800000002],[-75.232502,40.899759000000024],[-75.267224,40.88247300000001],[-75.27353000000001,40.873150000000024],[-75.284039,40.86603999999997],[-75.300594,40.85956299999998],[-75.320931,40.855657000000015],[-75.339791,40.84594399999995],[-75.383266,40.831037],[-75.416759,40.826101999999985],[-75.42049,40.823451000000006],[-75.44245,40.818367],[-75.474193,40.81474599999997],[-75.482577,40.82993100000004],[-75.493581,40.846442],[-75.57459,40.95132299999996],[-75.49599,40.98718100000003],[-75.508497,40.99817700000003],[-75.561947,41.04952300000005],[-75.563148,41.04980400000001],[-75.56375700000001,41.049155999999996],[-75.565868,41.05000200000003],[-75.569843,41.05006200000002],[-75.569335,41.05090199999998],[-75.570547,41.05152300000005],[-75.569654,41.052395999999995],[-75.570525,41.05390600000002],[-75.570141,41.054778999999954],[-75.568414,41.05525099999997],[-75.568886,41.05660799999999],[-75.571396,41.05772799999999],[-75.571143,41.05926000000001],[-75.574887,41.062691000000015],[-75.57461100000002,41.063728999999974],[-75.576273,41.06538199999998],[-75.576876,41.06800100000001],[-75.57894,41.068751999999996],[-75.58104000000002,41.067791999999976],[-75.583196,41.070437999999974],[-75.582972,41.07292],[-75.58595,41.07411399999995],[-75.587478,41.07633299999997],[-75.589149,41.07650999999996],[-75.591958,41.078321000000024],[-75.594207,41.080845000000025],[-75.596379,41.08081100000001],[-75.6001,41.084169],[-75.604387,41.08428199999995],[-75.605643,41.08495100000003],[-75.606073,41.08639000000001],[-75.604113,41.09338200000001],[-75.605729,41.09436399999997],[-75.612694,41.094236999999985],[-75.61359200000001,41.094772999999975],[-75.61552800000001,41.10444600000002],[-75.620611,41.10671600000003],[-75.620397,41.10928399999999],[-75.625026,41.11138099999998],[-75.627794,41.107076999999975],[-75.629666,41.107012999999974],[-75.632978,41.108533999999985],[-75.634146,41.11202200000001],[-75.636226,41.11298199999995],[-75.639697,41.113589000000005],[-75.644689,41.11272499999998],[-75.646641,41.113525000000024],[-75.64574500000002,41.11813400000001],[-75.647473,41.121541999999955],[-75.649412,41.122304],[-75.649042,41.12508500000001],[-75.64026500000001,41.12682300000004],[-75.638184,41.125997],[-75.635027,41.123111000000016],[-75.634162,41.12324599999997],[-75.63283,41.12794499999996],[-75.628068,41.128287],[-75.627143,41.129914000000035],[-75.62514800000001,41.13090599999999],[-75.62544900000002,41.13186399999998],[-75.627941,41.132623999999986],[-75.628213,41.13721400000003],[-75.62489400000001,41.137953999999965],[-75.621401,41.14108800000003],[-75.615306,41.143857999999966],[-75.614104,41.14649299999997],[-75.615577,41.15070500000004],[-75.61354300000002,41.151272999999996],[-75.609312,41.15005200000002],[-75.603298,41.15187500000006],[-75.603153,41.15387599999998],[-75.604386,41.156532000000006],[-75.601049,41.159528999999964],[-75.600593,41.16122100000001],[-75.607216,41.164193999999995],[-75.611717,41.164186999999984],[-75.615117,41.168258999999985],[-75.613854,41.169077999999956],[-75.61506000000001,41.17106099999997],[-75.614462,41.17170400000001],[-75.616024,41.17262200000003],[-75.619342,41.17083800000001],[-75.622896,41.170869],[-75.624054,41.16975000000001],[-75.631843,41.169669],[-75.634478,41.17044800000002],[-75.634907,41.17137999999997],[-75.636877,41.171447000000036],[-75.637812,41.17458299999999],[-75.639431,41.17618699999996],[-75.64248400000001,41.175765],[-75.644045,41.17699],[-75.6438,41.182480999999974],[-75.646729,41.185995],[-75.646671,41.18724199999998],[-75.649233,41.187172999999945],[-75.652273,41.25738299999998],[-75.679304,41.264300999999996],[-75.67934400000001,41.28796000000004],[-75.689661,41.28778500000003],[-75.690824,41.304334999999995],[-75.69412000000001,41.30410999999996],[-75.694959,41.31757700000002]]]}},{"type":"Feature","properties":{"district":"45","population":246551,"landAreaSqMi":162.4,"topMunicipalities":[{"name":"Monroeville","classCode":"borough","populationShare":0.11512019825512786},{"name":"Plum","classCode":"borough","populationShare":0.10899570474262918},{"name":"Baldwin","classCode":"borough","populationShare":0.08581997233838028},{"name":"West Mifflin","classCode":"borough","populationShare":0.07843407651966541},{"name":"McKeesport","classCode":"third_class_city","populationShare":0.07106034856885586}],"topCounties":[{"name":"Allegheny","geoid":"42003","populationShare":1.0}],"classShares":{"borough":0.7692242173018969,"first_class_township":0.10166253635150545,"second_class_township":0.012257098936933936,"third_class_city":0.11685614740966364}},"geometry":{"type":"Polygon","coordinates":[[[-80.038411,40.368770999999995],[-80.031935,40.370415],[-80.027921,40.36798299999996],[-80.021714,40.369567999999994],[-80.018433,40.371713000000014],[-80.022459,40.37522599999997],[-80.021214,40.376594000000054],[-80.023451,40.377457000000035],[-80.022757,40.380759000000054],[-80.020169,40.38373300000001],[-80.020219,40.38670099999999],[-80.023131,40.387110000000014],[-80.022282,40.38815000000003],[-80.017108,40.38631399999997],[-80.016418,40.38512899999999],[-80.013819,40.386562000000005],[-80.01339,40.383480999999954],[-80.012316,40.38302900000003],[-80.01317400000002,40.38283499999999],[-80.012579,40.38088900000003],[-80.010382,40.380441999999995],[-80.00894800000002,40.38113700000004],[-80.007356,40.38089800000002],[-80.007676,40.38301199999995],[-80.005121,40.38388299999998],[-80.001728,40.37969900000001],[-80.004869,40.37762699999999],[-80.006708,40.37486099999997],[-80.004144,40.373981999999984],[-80.001439,40.374887],[-79.999123,40.37734399999998],[-79.994945,40.37566599999999],[-79.99399900000002,40.375838999999985],[-79.992901,40.37860400000003],[-79.991127,40.37892399999997],[-79.986032,40.377821999999995],[-79.983342,40.381515999999976],[-79.981947,40.38064200000002],[-79.978028,40.381847000000036],[-79.976142,40.381301000000015],[-79.97765,40.38414299999999],[-79.976472,40.38538599999998],[-79.974081,40.384792],[-79.975756,40.38721200000002],[-79.975413,40.38827999999998],[-79.973083,40.388717],[-79.97303500000001,40.39246299999997],[-79.973903,40.39343299999998],[-79.975788,40.393122],[-79.979867,40.39974100000005],[-79.979577,40.40163699999998],[-79.975308,40.40449600000003],[-79.96889,40.405645],[-79.96377,40.40950199999998],[-79.959055,40.40977800000002],[-79.95678200000002,40.410629999999976],[-79.952955,40.410658999999974],[-79.951621,40.405367000000034],[-79.949021,40.40130599999996],[-79.943941,40.39777499999999],[-79.937758,40.396950000000004],[-79.936713,40.395161],[-79.938793,40.395026],[-79.93815600000002,40.39298],[-79.94439,40.394404000000044],[-79.951517,40.400028999999996],[-79.95492,40.40684499999993],[-79.956032,40.40661700000005],[-79.956625,40.40777399999997],[-79.956131,40.41030900000003],[-79.959048,40.40974],[-79.960909,40.407561000000044],[-79.96303,40.40788099999998],[-79.963884,40.40873700000001],[-79.970106,40.40475599999998],[-79.97086500000002,40.40281100000004],[-79.969054,40.40046799999999],[-79.963904,40.39971500000004],[-79.962989,40.398068000000016],[-79.959512,40.397555999999994],[-79.959924,40.39559799999999],[-79.958046,40.39538999999999],[-79.957735,40.389914000000026],[-79.952436,40.390182999999965],[-79.949154,40.39122900000001],[-79.949202,40.39059099999996],[-79.947282,40.39004899999996],[-79.944395,40.390176999999994],[-79.942093,40.38821400000001],[-79.936124,40.38880000000002],[-79.935473,40.38095000000002],[-79.943152,40.37948399999995],[-79.94406,40.378573999999965],[-79.943332,40.37815699999996],[-79.9455,40.376078999999976],[-79.943666,40.374965000000024],[-79.942734,40.37596500000001],[-79.939439,40.373941000000045],[-79.924982,40.375091000000005],[-79.923438,40.370532],[-79.92236,40.370711999999976],[-79.920665,40.365360999999986],[-79.911898,40.36500799999999],[-79.91082100000001,40.36284899999995],[-79.908208,40.36357199999999],[-79.907181,40.36151399999998],[-79.904944,40.362165],[-79.905252,40.36286099999999],[-79.900295,40.36525499999996],[-79.903438,40.37188899999999],[-79.90854,40.370452],[-79.91181800000001,40.372805000000035],[-79.908347,40.37815299999994],[-79.910477,40.37837500000001],[-79.91168900000001,40.380541000000036],[-79.912933,40.38085999999996],[-79.916241,40.38007899999998],[-79.917314,40.38159700000003],[-79.916084,40.38211300000002],[-79.918466,40.388474999999985],[-79.9149,40.393389999999954],[-79.916912,40.393921000000034],[-79.913306,40.39697200000002],[-79.918244,40.39930600000003],[-79.92961900000002,40.38973100000004],[-79.932357,40.391498999999996],[-79.933008,40.39763100000001],[-79.929157,40.39925600000005],[-79.927225,40.400925999999956],[-79.921198,40.408215999999996],[-79.91540300000001,40.413225999999966],[-79.907991,40.41546599999998],[-79.899936,40.41554],[-79.879436,40.404231999999936],[-79.874608,40.40753500000001],[-79.871335,40.41171800000001],[-79.872022,40.41256799999997],[-79.869512,40.414042999999985],[-79.864517,40.41139199999999],[-79.86094,40.411745000000025],[-79.86055,40.40902299999994],[-79.852959,40.40897199999993],[-79.849042,40.41172500000005],[-79.845279,40.41160999999998],[-79.844219,40.41224500000003],[-79.843836,40.40965099999998],[-79.838265,40.40518699999996],[-79.837153,40.40246400000002],[-79.833322,40.40532700000001],[-79.832647,40.40983599999999],[-79.831915,40.40927800000005],[-79.831202,40.41067199999998],[-79.827477,40.410062000000025],[-79.826704,40.41392599999995],[-79.824826,40.41249499999998],[-79.825071,40.41352400000005],[-79.823218,40.416208],[-79.81816400000001,40.417646999999974],[-79.808009,40.42508799999999],[-79.803448,40.42689999999999],[-79.802007,40.431725000000036],[-79.804535,40.43474399999999],[-79.802959,40.43649300000001],[-79.802869,40.43848399999999],[-79.80035,40.43950900000001],[-79.801908,40.44034699999996],[-79.79789,40.441933],[-79.796274,40.44642600000004],[-79.796975,40.44797200000006],[-79.79628,40.45010700000005],[-79.787204,40.453136999999955],[-79.779279,40.45989200000003],[-79.779202,40.46276699999998],[-79.777878,40.46354100000005],[-79.776787,40.46582499999996],[-79.778866,40.476175],[-79.778107,40.47824600000002],[-79.77992,40.47846599999997],[-79.77874,40.480864000000004],[-79.780812,40.48217899999999],[-79.781025,40.483926000000025],[-79.784069,40.48696400000002],[-79.78336300000001,40.48987600000001],[-79.785434,40.491546],[-79.784003,40.49472800000005],[-79.784812,40.495415],[-79.788652,40.49568900000004],[-79.788954,40.49809599999994],[-79.788161,40.49954700000003],[-79.792396,40.50314700000001],[-79.791452,40.506281000000065],[-79.794001,40.51184900000003],[-79.79845,40.510193999999984],[-79.802312,40.51433199999998],[-79.804038,40.51457399999999],[-79.806638,40.513493],[-79.807211,40.51836899999997],[-79.809005,40.515903999999985],[-79.813284,40.516516],[-79.815186,40.51436100000004],[-79.816146,40.514321999999936],[-79.816791,40.51793599999996],[-79.818647,40.51830300000003],[-79.819677,40.517363999999986],[-79.820344,40.518101000000044],[-79.819068,40.52310000000003],[-79.820868,40.526167],[-79.827926,40.52457099999998],[-79.82811200000002,40.52799199999999],[-79.833034,40.529847000000004],[-79.83669000000002,40.530259],[-79.834731,40.531721999999995],[-79.835272,40.53263400000005],[-79.828537,40.535004000000036],[-79.82234,40.53616599999999],[-79.805012,40.53745499999997],[-79.783753,40.53410800000004],[-79.776618,40.534934000000035],[-79.771508,40.53697000000002],[-79.766091,40.540712999999975],[-79.763775,40.54499699999997],[-79.76509,40.54923799999999],[-79.760995,40.551030000000004],[-79.757132,40.550124000000025],[-79.754048,40.55047499999995],[-79.75134600000001,40.55180899999998],[-79.746804,40.55068700000002],[-79.742656,40.548523000000024],[-79.74051800000001,40.54948499999996],[-79.736183,40.54918299999996],[-79.734044,40.54683600000001],[-79.732582,40.546561000000025],[-79.731934,40.54506600000003],[-79.724608,40.54219100000004],[-79.722379,40.542227000000004],[-79.715397,40.53351700000003],[-79.710032,40.53218899999999],[-79.707628,40.530376999999994],[-79.70577,40.527543999999985],[-79.701624,40.525449000000044],[-79.702485,40.47732600000001],[-79.704783,40.42632400000001],[-79.706762,40.424630999999955],[-79.706939,40.42231899999997],[-79.712081,40.41956699999995],[-79.712545,40.41864700000001],[-79.716028,40.41741299999999],[-79.717231,40.41378899999999],[-79.71983,40.413831999999985],[-79.722338,40.41491899999997],[-79.727002,40.414397],[-79.727532,40.41242900000002],[-79.725357,40.41182799999997],[-79.722593,40.40995000000001],[-79.722186,40.408835999999994],[-79.727253,40.40819999999998],[-79.729838,40.40880799999999],[-79.73142,40.40760299999997],[-79.732361,40.39986699999999],[-79.73426,40.398055],[-79.734895,40.397852000000015],[-79.7364,40.399528000000004],[-79.738683,40.398073000000004],[-79.738677,40.39552800000004],[-79.739995,40.395498999999994],[-79.741905,40.39689300000001],[-79.744634,40.39616300000002],[-79.747829,40.39087100000002],[-79.750316,40.39139599999998],[-79.751262,40.38835699999999],[-79.754625,40.38882900000002],[-79.759277,40.39251300000004],[-79.762068,40.392767999999975],[-79.764806,40.39002700000005],[-79.7637,40.38526499999996],[-79.764571,40.38384000000001],[-79.76561,40.38447099999995],[-79.771082,40.375418999999994],[-79.7823,40.321526000000034],[-79.788648,40.297738],[-79.780995,40.293607999999985],[-79.775963,40.289210000000004],[-79.775151,40.28635599999999],[-79.77643,40.284437000000025],[-79.780117,40.28210899999997],[-79.791851,40.28212599999997],[-79.79579600000001,40.281078999999984],[-79.796426,40.27772500000002],[-79.795058,40.27218900000001],[-79.788779,40.265311999999994],[-79.787496,40.26250300000002],[-79.78924,40.259592000000026],[-79.795813,40.25397199999999],[-79.79948,40.246385000000004],[-79.802915,40.242164000000024],[-79.805507,40.241014000000014],[-79.807431,40.236894000000014],[-79.806854,40.23393499999999],[-79.804286,40.231911000000004],[-79.786944,40.22796699999997],[-79.782588,40.227625999999994],[-79.87169600000001,40.19730099999999],[-79.881115,40.19664700000002],[-79.891251,40.19447999999998],[-79.90033400000002,40.19484100000001],[-79.910783,40.19697699999996],[-79.916416,40.19897300000001],[-79.924598,40.204954000000015],[-79.929289,40.207080999999995],[-79.953181,40.212249000000014],[-79.95794000000001,40.21425900000004],[-79.966849,40.222088000000014],[-79.970916,40.22689300000002],[-79.97069100000002,40.23200499999995],[-79.966839,40.23654399999998],[-79.962593,40.23876800000001],[-79.956834,40.24019800000001],[-79.934153,40.242132000000005],[-79.921944,40.246706],[-79.915923,40.25082400000001],[-79.90965200000001,40.258459999999964],[-79.897369,40.267161000000044],[-79.89987,40.26920099999997],[-79.901535,40.26803000000001],[-79.90453,40.269840000000066],[-79.89655,40.27387599999997],[-79.893116,40.274817000000006],[-79.887886,40.27828800000003],[-79.886293,40.276916999999976],[-79.876178,40.28359599999997],[-79.880129,40.28537599999998],[-79.88203400000002,40.28341100000002],[-79.888347,40.283189],[-79.892702,40.28090999999997],[-79.897918,40.28100000000002],[-79.900475,40.28321100000007],[-79.90037000000001,40.295629999999996],[-79.896646,40.29699500000001],[-79.883666,40.29813600000005],[-79.889186,40.300708999999976],[-79.89536500000001,40.29889000000001],[-79.899548,40.301929000000015],[-79.894698,40.30557999999994],[-79.900763,40.31205900000001],[-79.899589,40.312098999999996],[-79.8973,40.31425299999997],[-79.898853,40.31656899999999],[-79.900467,40.317195000000005],[-79.900468,40.31897299999999],[-79.899253,40.318653999999974],[-79.898627,40.319525999999996],[-79.925802,40.325599],[-79.927056,40.32447899999999],[-79.929135,40.32588500000005],[-79.930913,40.32520200000001],[-79.931465,40.32685000000005],[-79.964,40.344991000000014],[-79.966662,40.34151800000001],[-79.968278,40.341808],[-79.96908600000002,40.34038300000001],[-79.974742,40.33730800000003],[-79.975878,40.33805299999996],[-79.97808,40.33720499999995],[-79.976614,40.33627399999998],[-79.980599,40.33622099999998],[-79.984334,40.33328800000001],[-79.985254,40.33341200000001],[-79.985425,40.32952700000003],[-79.987054,40.331461],[-80.005624,40.342983000000025],[-80.01708400000001,40.359027000000026],[-80.022301,40.35928399999998],[-80.022673,40.35745000000001],[-80.028482,40.35706399999999],[-80.028218,40.35585800000004],[-80.036687,40.354879000000075],[-80.036259,40.35621000000001],[-80.037086,40.35636599999997],[-80.035722,40.36079999999999],[-80.033535,40.36269500000003],[-80.030997,40.36116199999997],[-80.030367,40.36223600000002],[-80.032813,40.36330300000002],[-80.038411,40.368770999999995]]]}},{"type":"Feature","properties":{"district":"46","population":250723,"landAreaSqMi":1501.3,"topMunicipalities":[{"name":"Peters","classCode":"second_class_township","populationShare":0.09201389581330777},{"name":"North Strabane","classCode":"second_class_township","populationShare":0.06394706508776624},{"name":"Cecil","classCode":"second_class_township","populationShare":0.058789979379634254},{"name":"Washington","classCode":"third_class_city","populationShare":0.05328988565069814},{"name":"Canonsburg","classCode":"borough","populationShare":0.038616321597938735}],"topCounties":[{"name":"Washington","geoid":"42125","populationShare":0.8366922859091508},{"name":"Greene","geoid":"42059","populationShare":0.1406532308563634},{"name":"Beaver","geoid":"42007","populationShare":0.022654483234485854}],"classShares":{"borough":0.21636228028541457,"first_class_township":0.00827207715287389,"second_class_township":0.705671198892802,"third_class_city":0.06969444366890948}},"geometry":{"type":"Polygon","coordinates":[[[-80.519342,39.72140300000004],[-80.519039,40.342108999999994],[-80.517953,40.36754700000004],[-80.517689,40.462216999999974],[-80.519038,40.477363000000025],[-80.518865,40.559613000000006],[-80.493996,40.55995999999997],[-80.47384900000002,40.55894200000004],[-80.45015700000002,40.55891700000003],[-80.372565,40.55980400000001],[-80.373309,40.564898000000056],[-80.320899,40.60099999999997],[-80.278026,40.53673600000002],[-80.360902,40.47766800000003],[-80.221929,40.365086000000026],[-80.184603,40.333138999999996],[-80.026632,40.285445],[-79.914461,40.25244300000002],[-79.921575,40.246915],[-79.930754,40.24297300000003],[-79.93759,40.24151900000003],[-79.956834,40.24019800000001],[-79.962593,40.23876800000001],[-79.966839,40.23654399999998],[-79.97069100000002,40.23200499999995],[-79.971281,40.22817200000004],[-79.969316,40.22466999999999],[-79.956036,40.213295999999964],[-79.929289,40.207080999999995],[-79.924598,40.204954000000015],[-79.916416,40.19897300000001],[-79.912308,40.197441999999995],[-79.894771,40.194285],[-79.888739,40.194733000000035],[-79.877877,40.19703400000002],[-79.865817,40.19703100000001],[-79.855352,40.19199100000003],[-79.853271,40.189223000000034],[-79.850712,40.17995900000003],[-79.850584,40.17472699999999],[-79.853048,40.16912699999997],[-79.859464,40.163143],[-79.863033,40.161975000000034],[-79.868025,40.16187900000001],[-79.88733700000002,40.16498299999996],[-79.893306,40.16498299999996],[-79.897226,40.1639910000001],[-79.901994,40.16136700000001],[-79.90489000000001,40.15651899999998],[-79.90489000000001,40.154231000000024],[-79.902986,40.14989499999998],[-79.892089,40.139528],[-79.888777,40.13264799999999],[-79.886649,40.13021600000001],[-79.874009,40.125719999999966],[-79.851256,40.11514400000002],[-79.849128,40.11261599999997],[-79.839047,40.09164100000004],[-79.84106300000002,40.085768999999935],[-79.845911,40.08122499999998],[-79.850071,40.07930500000003],[-79.862456,40.07565700000002],[-79.870248,40.07517699999998],[-79.880473,40.078889000000004],[-79.891705,40.08036099999996],[-79.89730500000002,40.079528999999965],[-79.901434,40.076729],[-79.90153000000001,40.07359300000002],[-79.898489,40.071273000000005],[-79.885113,40.06855299999995],[-79.881193,40.066520999999995],[-79.879401,40.064408999999976],[-79.878969,40.06178499999999],[-79.879897,40.059177000000034],[-79.890441,40.051208999999965],[-79.891897,40.04783299999996],[-79.888057,40.04324100000005],[-79.877048,40.03682600000004],[-79.876216,40.033753999999995],[-79.877166,40.03170800000001],[-79.879992,40.02828199999999],[-79.885246,40.024635000000046],[-79.889954,40.02246200000002],[-79.909962,40.022025999999975],[-79.91432,40.02103700000003],[-79.924844,40.01612399999996],[-79.929786,40.011745000000005],[-79.934523,39.99962599999994],[-79.938331,39.997177999999984],[-79.946732,39.99425000000001],[-79.951004,39.994154000000016],[-79.95462,39.995274000000016],[-79.95902,40.000026],[-79.963198,40.007967000000015],[-79.96935,40.013116999999966],[-79.974622,40.013860000000015],[-79.985167,40.013100999999956],[-79.988232,40.01190600000001],[-79.993566,40.009128999999994],[-79.995726,40.00509699999999],[-79.99430200000002,39.99720899999999],[-79.990782,39.988090000000014],[-79.991374,39.985545999999964],[-79.993374,39.98397799999995],[-79.999839,39.982874000000024],[-80.005855,39.98020200000001],[-80.009135,39.977146],[-80.010623,39.97268199999999],[-80.010368,39.962282000000016],[-80.009344,39.95879400000001],[-80.006272,39.95564199999998],[-79.998816,39.950889999999994],[-79.995072,39.949514000000015],[-79.99068700000001,39.94976999999997],[-79.978639,39.95409000000004],[-79.971838,39.95538599999997],[-79.965134,39.95514599999998],[-79.957246,39.95327400000003],[-79.952125,39.950569999999956],[-79.943757,39.94401099999998],[-79.935053,39.93359499999999],[-79.925597,39.92479499999997],[-79.923325,39.92154699999995],[-79.923325,39.91773899999994],[-79.928046,39.911386999999955],[-79.929598,39.907738999999964],[-79.92940600000001,39.905675],[-79.92843,39.902283],[-79.923358,39.89327500000001],[-79.91627,39.88346800000001],[-79.915358,39.87961199999999],[-79.917311,39.87623599999998],[-79.927675,39.871976000000004],[-79.930276,39.869275999999985],[-79.930276,39.86617600000002],[-79.924777,39.85878300000003],[-79.92465,39.85505600000001],[-79.937377,39.847176],[-79.938377,39.846176000000014],[-79.938477,39.843976000000005],[-79.935877,39.841376000000004],[-79.928177,39.83987599999994],[-79.924376,39.83817599999999],[-79.921716,39.831323999999995],[-79.920643,39.81341500000004],[-79.910177,39.79957700000003],[-79.908577,39.793477000000024],[-79.909478,39.791077000000044],[-79.913978,39.78797700000002],[-79.920083,39.78667600000001],[-79.929291,39.78627800000001],[-79.932475,39.78488099999998],[-79.934411,39.78127699999998],[-79.932978,39.77120300000002],[-79.93468,39.76467700000001],[-79.93158,39.758977000000016],[-79.92858,39.75597799999996],[-79.92248000000001,39.753477000000025],[-79.913079,39.75167699999996],[-79.90717900000001,39.747477999999994],[-79.903379,39.74297799999998],[-79.903506,39.739259000000025],[-79.906174,39.73339400000003],[-79.91628000000001,39.72077699999996],[-80.495481,39.72121599999995],[-80.519342,39.72140300000004]]]}},{"type":"Feature","properties":{"district":"47","population":256405,"landAreaSqMi":581.0,"topMunicipalities":[{"name":"Cranberry","classCode":"second_class_township","populationShare":0.13116748893352312},{"name":"Adams","classCode":"second_class_township","populationShare":0.05871960375187696},{"name":"Hopewell","classCode":"first_class_township","populationShare":0.052296172071527536},{"name":"Center","classCode":"second_class_township","populationShare":0.045529533355433756},{"name":"Aliquippa","classCode":"third_class_city","populationShare":0.03567013123769035}],"topCounties":[{"name":"Beaver","geoid":"42007","populationShare":0.6291335972387434},{"name":"Butler","geoid":"42019","populationShare":0.3106140675883856},{"name":"Lawrence","geoid":"42073","populationShare":0.06025233517287106}],"classShares":{"borough":0.31677229383202354,"first_class_township":0.09247869581326426,"second_class_township":0.5204266687467093,"third_class_city":0.07032234160800287}},"geometry":{"type":"Polygon","coordinates":[[[-80.51918600000002,40.90235599999996],[-80.45254300000002,40.90523000000001],[-80.217573,40.90977500000004],[-80.217323,40.91268900000003],[-80.215704,40.91581299999999],[-80.208771,40.920352999999935],[-80.20659000000002,40.921043999999995],[-80.201485,40.920479000000036],[-80.189666,40.92471699999997],[-80.18885,40.92815399999999],[-80.190361,40.930594999999954],[-80.183678,40.937324999999994],[-80.178845,40.938867000000016],[-80.178642,40.937279000000004],[-80.176057,40.93479600000002],[-80.172837,40.93443699999998],[-80.165314,40.93772899999994],[-80.163027,40.937887],[-80.160246,40.88690600000002],[-80.068087,40.88498900000004],[-80.06306500000001,40.81725999999997],[-80.028525,40.817015999999974],[-80.029453,40.81347799999999],[-80.024972,40.813548000000054],[-80.024951,40.80774100000002],[-80.020549,40.807762],[-80.01495600000001,40.80934399999998],[-80.012332,40.80936399999993],[-80.011036,40.810996999999986],[-80.009449,40.810793],[-80.006335,40.81357100000001],[-79.999542,40.816787000000026],[-79.97008,40.81636599999995],[-79.968117,40.780470999999984],[-79.967724,40.74482299999996],[-79.87624300000002,40.74355199999997],[-79.877128,40.67243499999994],[-79.914626,40.67328599999999],[-79.959939,40.67227999999999],[-79.987842,40.67358699999996],[-80.071393,40.67417399999999],[-80.071434,40.67493499999996],[-80.101438,40.673983000000014],[-80.148497,40.67376900000004],[-80.14511,40.61344699999999],[-80.15113,40.611474999999984],[-80.151915,40.60952999999996],[-80.15377,40.60840700000003],[-80.155013,40.60801299999998],[-80.160579,40.609561],[-80.165784,40.606030000000004],[-80.16786000000002,40.60687299999998],[-80.169376,40.60661800000005],[-80.171009,40.60799500000003],[-80.173721,40.607705000000024],[-80.176025,40.60811300000002],[-80.177874,40.60948199999999],[-80.180401,40.60934900000005],[-80.180563,40.60734400000001],[-80.184753,40.603584999999974],[-80.183871,40.60130900000002],[-80.188712,40.599753],[-80.185006,40.59802800000001],[-80.184323,40.59692],[-80.187059,40.59609799999999],[-80.194867,40.596775999999984],[-80.198464,40.592655000000015],[-80.202121,40.59093599999999],[-80.204163,40.58856799999997],[-80.208127,40.58799600000001],[-80.208719,40.586588],[-80.211167,40.58497899999998],[-80.212269,40.58214099999997],[-80.214549,40.58081900000004],[-80.21909,40.581956999999996],[-80.218694,40.57966699999996],[-80.220556,40.57990899999995],[-80.222267,40.57797100000004],[-80.22400600000002,40.577329000000006],[-80.22405100000002,40.575268],[-80.227089,40.57415400000002],[-80.278026,40.53673600000002],[-80.320899,40.60099999999997],[-80.373309,40.564898000000056],[-80.372565,40.55980400000001],[-80.45015700000002,40.55891700000003],[-80.47384900000002,40.55894200000004],[-80.493996,40.55995999999997],[-80.518865,40.559613000000006],[-80.51918600000002,40.90235599999996]]]}},{"type":"Feature","properties":{"district":"49","population":260658,"landAreaSqMi":720.4,"topMunicipalities":[{"name":"Erie","classCode":"third_class_city","populationShare":0.36122428622946523},{"name":"Millcreek","classCode":"second_class_township","populationShare":0.2057638745022215},{"name":"Harborcreek","classCode":"second_class_township","populationShare":0.06382693030714578},{"name":"Fairview","classCode":"second_class_township","populationShare":0.04279937696138235},{"name":"Summit","classCode":"second_class_township","populationShare":0.02801755557090131}],"topCounties":[{"name":"Erie","geoid":"42049","populationShare":1.0}],"classShares":{"borough":0.10080258422914314,"first_class_township":0.014524779596252561,"second_class_township":0.5234483499451391,"third_class_city":0.36122428622946523}},"geometry":{"type":"Polygon","coordinates":[[[-80.519851,42.327132000000006],[-80.080222,42.39416199999999],[-79.762418,42.51607199999999],[-79.761954,41.998840999999956],[-79.761153,41.998809000000016],[-79.758022,41.950304999999986],[-79.76198,41.950110999999985],[-79.761307,41.85091300000002],[-80.012902,41.850319],[-80.146496,41.849039000000005],[-80.519354,41.849563],[-80.519851,42.327132000000006]]]}},{"type":"Feature","properties":{"district":"42","population":267674,"landAreaSqMi":56.8,"topMunicipalities":[{"name":"Pittsburgh","classCode":"second_class_city","populationShare":0.5263272791320975},{"name":"Mount Lebanon","classCode":"first_class_township","populationShare":0.12535758457861393},{"name":"Scott","classCode":"first_class_township","populationShare":0.06489230350560345},{"name":"Kennedy","classCode":"first_class_township","populationShare":0.032042676290590745},{"name":"Bellevue","classCode":"borough","populationShare":0.03058194568203051}],"topCounties":[{"name":"Allegheny","geoid":"42003","populationShare":1.0}],"classShares":{"borough":0.21194416594587778,"first_class_township":0.2617285549220246,"second_class_city":0.5263272791320975}},"geometry":{"type":"Polygon","coordinates":[[[-80.16148,40.523802999999994],[-80.147264,40.520403999999935],[-80.13418,40.51534199999999],[-80.112504,40.51184200000001],[-80.108363,40.51052099999998],[-80.108617,40.51321299999992],[-80.107481,40.51682300000001],[-80.099069,40.514623],[-80.095903,40.51478400000002],[-80.096306,40.51640199999994],[-80.087108,40.51705999999999],[-80.087678,40.51072200000004],[-80.085788,40.51097500000001],[-80.08352,40.51013699999999],[-80.082491,40.51137799999999],[-80.08073900000001,40.511298999999994],[-80.08052400000001,40.51226],[-80.07795900000002,40.51098700000003],[-80.078509,40.510157],[-80.077522,40.50944899999996],[-80.075357,40.50883199999998],[-80.06849500000001,40.508999999999936],[-80.061592,40.50580300000001],[-80.059387,40.506752999999996],[-80.058289,40.50818300000003],[-80.047948,40.50224899999999],[-80.051321,40.496462],[-80.045529,40.494432999999965],[-80.044539,40.49212500000001],[-80.046444,40.487163000000024],[-80.040712,40.49145500000002],[-80.03749,40.490064999999966],[-80.035759,40.49092899999997],[-80.027784,40.491099999999996],[-80.027794,40.49649199999998],[-80.025898,40.49680000000002],[-80.025426,40.49533200000001],[-80.022906,40.495292000000006],[-80.02198300000002,40.49383899999999],[-80.02025,40.49570199999999],[-80.020079,40.497709],[-80.01783,40.49735300000001],[-80.016984,40.49983400000002],[-80.01237300000001,40.498755999999965],[-80.010817,40.50103700000001],[-80.010681,40.49909599999999],[-80.008913,40.499142000000006],[-80.00912400000001,40.49754100000003],[-80.00746,40.49795699999999],[-80.005009,40.49714999999998],[-80.004022,40.49778800000001],[-80.003932,40.49628500000003],[-79.994142,40.494042999999934],[-79.994275,40.49706799999999],[-79.989625,40.49721400000002],[-79.989709,40.500658000000016],[-79.985646,40.501953000000015],[-79.98528,40.493619000000045],[-79.976006,40.49369099999996],[-79.976154,40.49531099999999],[-79.97108,40.49551099999997],[-79.969842,40.48360399999998],[-79.971809,40.483574000000004],[-79.97288,40.48207700000001],[-79.972234,40.48126099999997],[-79.964756,40.47791699999995],[-79.96069000000001,40.48205500000003],[-79.954193,40.477359999999955],[-79.950908,40.47741000000006],[-79.949016,40.47818999999999],[-79.946254,40.47769599999999],[-79.940681,40.47372799999997],[-79.936529,40.474268],[-79.934937,40.47254200000002],[-79.93974,40.472992000000026],[-79.944153,40.471798999999976],[-79.94590500000001,40.47054600000001],[-79.947382,40.46844700000002],[-79.946116,40.466964],[-79.946446,40.46546600000005],[-79.948068,40.46569799999995],[-79.949866,40.462087000000004],[-79.952782,40.46361100000001],[-79.956933,40.460727],[-79.955936,40.46030300000006],[-79.957202,40.45882099999998],[-79.96042,40.456980000000016],[-79.97281,40.452288000000024],[-79.97394600000001,40.452704999999966],[-79.976967,40.45049099999999],[-79.979146,40.45040199999998],[-79.983652,40.447642],[-79.97762500000002,40.440367999999985],[-79.977665,40.43823399999997],[-79.975887,40.43814700000001],[-79.975827,40.43431500000003],[-79.98811,40.43260099999996],[-79.993415,40.43255799999998],[-79.997657,40.43288000000003],[-80.001985,40.43506700000002],[-80.005167,40.430200000000006],[-80.002214,40.42855399999997],[-80.00561300000001,40.42704999999997],[-80.00490300000001,40.42078099999997],[-80.00890500000001,40.41969300000004],[-80.011184,40.41795199999995],[-80.011361,40.415068000000005],[-80.009563,40.414023000000014],[-80.00997,40.41307900000002],[-80.005984,40.40927800000005],[-80.005572,40.406496000000004],[-80.002656,40.404134000000006],[-80.00167400000001,40.40190199999997],[-80.000617,40.40207699999996],[-79.999614,40.39800600000002],[-79.995547,40.394349000000005],[-79.9952,40.39232099999998],[-79.994381,40.392532999999936],[-79.991867,40.38978999999996],[-79.991953,40.38793200000005],[-79.990326,40.38432400000001],[-79.988413,40.384736999999994],[-79.987979,40.38180599999999],[-79.983342,40.381515999999976],[-79.986032,40.377821999999995],[-79.991127,40.37892399999997],[-79.992901,40.37860400000003],[-79.99399900000002,40.375838999999985],[-79.994945,40.37566599999999],[-79.999123,40.37734399999998],[-80.001439,40.374887],[-80.004144,40.373981999999984],[-80.006708,40.37486099999997],[-80.004869,40.37762699999999],[-80.001728,40.37969900000001],[-80.005121,40.38388299999998],[-80.007676,40.38301199999995],[-80.007356,40.38089800000002],[-80.00894800000002,40.38113700000004],[-80.010382,40.380441999999995],[-80.012579,40.38088900000003],[-80.01317400000002,40.38283499999999],[-80.012316,40.38302900000003],[-80.01339,40.383480999999954],[-80.013819,40.386562000000005],[-80.016418,40.38512899999999],[-80.017108,40.38631399999997],[-80.022282,40.38815000000003],[-80.023131,40.387110000000014],[-80.020219,40.38670099999999],[-80.020169,40.38373300000001],[-80.022757,40.380759000000054],[-80.023451,40.377457000000035],[-80.021214,40.376594000000054],[-80.022459,40.37522599999997],[-80.018433,40.371713000000014],[-80.021714,40.369567999999994],[-80.027921,40.36798299999996],[-80.031935,40.370415],[-80.038411,40.368770999999995],[-80.032813,40.36330300000002],[-80.030367,40.36223600000002],[-80.030997,40.36116199999997],[-80.033535,40.36269500000003],[-80.035722,40.36079999999999],[-80.037086,40.35636599999997],[-80.036259,40.35621000000001],[-80.036687,40.354879000000075],[-80.033428,40.35513900000001],[-80.03377,40.35444699999997],[-80.03788,40.353615999999995],[-80.039688,40.351783000000026],[-80.041927,40.35286700000004],[-80.05117,40.351042999999976],[-80.050924,40.35300700000002],[-80.064343,40.36174899999997],[-80.072496,40.364063999999985],[-80.072816,40.363434000000034],[-80.081414,40.36428000000004],[-80.081825,40.36305899999997],[-80.082828,40.36300900000004],[-80.085684,40.363040000000076],[-80.086937,40.363981],[-80.087661,40.363721000000005],[-80.087513,40.362244000000004],[-80.0891,40.36181200000001],[-80.094827,40.362792],[-80.095418,40.36383099999999],[-80.09429600000001,40.36554899999999],[-80.094657,40.368880999999966],[-80.098205,40.37403199999998],[-80.094372,40.37808000000001],[-80.092147,40.38453600000003],[-80.095146,40.38520200000001],[-80.09894,40.38426200000001],[-80.099852,40.385176],[-80.098849,40.386984000000005],[-80.09607500000001,40.38845699999998],[-80.092591,40.38855000000004],[-80.090848,40.38700200000001],[-80.08836,40.387581999999995],[-80.086687,40.38925499999996],[-80.086059,40.39203600000001],[-80.088403,40.39501800000002],[-80.092571,40.39510400000003],[-80.098889,40.393874000000025],[-80.10027,40.394375],[-80.100167,40.397838000000036],[-80.09854,40.39997600000004],[-80.09998500000002,40.41164899999998],[-80.097236,40.41614800000006],[-80.09883,40.41816200000001],[-80.092073,40.42019999999999],[-80.089346,40.41843800000001],[-80.088463,40.41888500000004],[-80.085948,40.41695000000003],[-80.084422,40.417505],[-80.079472,40.41481999999998],[-80.079297,40.41609099999999],[-80.07603,40.41794699999994],[-80.074859,40.42060200000004],[-80.079594,40.42003799999996],[-80.084507,40.420522000000005],[-80.085742,40.42279200000004],[-80.084993,40.424584999999986],[-80.086698,40.42548400000002],[-80.086552,40.42797500000001],[-80.085297,40.42989400000004],[-80.081869,40.43158500000005],[-80.080377,40.432071999999984],[-80.076386,40.431686000000006],[-80.075549,40.43503199999999],[-80.078129,40.43863000000003],[-80.082883,40.44043699999998],[-80.084068,40.441928999999995],[-80.090165,40.444162],[-80.091024,40.44904999999998],[-80.089534,40.44983599999996],[-80.090238,40.45124000000002],[-80.10447600000002,40.44817700000001],[-80.109925,40.45133099999996],[-80.112671,40.454359000000004],[-80.11185,40.45565800000001],[-80.112354,40.45857699999996],[-80.11361800000002,40.460244999999965],[-80.112104,40.46385199999999],[-80.12590900000001,40.48996999999994],[-80.115923,40.503959999999985],[-80.126923,40.506281000000044],[-80.134164,40.50890500000004],[-80.141232,40.51262300000001],[-80.149637,40.51491800000001],[-80.158449,40.52025799999997],[-80.16148,40.523802999999994]]]}},{"type":"Feature","properties":{"district":"38","population":252619,"landAreaSqMi":203.2,"topMunicipalities":[{"name":"Pittsburgh","classCode":"second_class_city","populationShare":0.13546605267871098},{"name":"Ross","classCode":"first_class_township","populationShare":0.13098759291230438},{"name":"McCandless","classCode":"first_class_township","populationShare":0.11581852503560622},{"name":"Shaler","classCode":"first_class_township","populationShare":0.10978573290510266},{"name":"Hampton","classCode":"second_class_township","populationShare":0.07233412769073846}],"topCounties":[{"name":"Allegheny","geoid":"42003","populationShare":1.0}],"classShares":{"borough":0.13956967515569743,"first_class_township":0.44400400034498977,"second_class_city":0.13546605267871098,"second_class_township":0.2809602718206018}},"geometry":{"type":"Polygon","coordinates":[[[-80.071393,40.67417399999999],[-79.987842,40.67358699999996],[-79.959939,40.67227999999999],[-79.914626,40.67328599999999],[-79.851556,40.67228799999996],[-79.829433,40.67114200000002],[-79.818729,40.67170800000001],[-79.780651,40.67122799999996],[-79.732744,40.66923999999999],[-79.692878,40.66961100000006],[-79.692904,40.668249999999986],[-79.695554,40.66552799999995],[-79.695822,40.66150499999998],[-79.689922,40.64975899999999],[-79.688975,40.64543499999998],[-79.690278,40.64087299999996],[-79.694353,40.635126999999976],[-79.703334,40.62569500000002],[-79.714576,40.61701000000004],[-79.721339,40.60815700000001],[-79.736087,40.60204299999998],[-79.749437,40.59886699999999],[-79.760285,40.595118],[-79.76676,40.59067800000005],[-79.771623,40.58562899999999],[-79.773911,40.57980099999996],[-79.774693,40.57074600000006],[-79.768543,40.55499600000007],[-79.763834,40.546941000000004],[-79.763775,40.54499699999997],[-79.766091,40.540712999999975],[-79.772762,40.53632700000002],[-79.778908,40.53448799999994],[-79.785777,40.53431500000001],[-79.805012,40.53745499999997],[-79.820606,40.536363999999956],[-79.83082,40.53434200000003],[-79.842302,40.52980399999996],[-79.848426,40.525125999999965],[-79.850583,40.52016000000002],[-79.850844,40.51419000000005],[-79.848853,40.503657999999994],[-79.851113,40.493601],[-79.857784,40.488089999999985],[-79.86277600000001,40.48580899999999],[-79.874992,40.48338500000004],[-79.883807,40.483212],[-79.884665,40.47931200000005],[-79.886561,40.47818400000004],[-79.889993,40.461678999999954],[-79.894453,40.46254299999998],[-79.896197,40.46403500000003],[-79.898732,40.46461099999999],[-79.903128,40.454524000000006],[-79.909547,40.45669099999998],[-79.912424,40.454036999999936],[-79.921229,40.46004499999998],[-79.932489,40.464124999999996],[-79.93451800000001,40.46477200000003],[-79.939382,40.46453300000003],[-79.946446,40.46546600000005],[-79.946116,40.466964],[-79.947382,40.46844700000002],[-79.94590500000001,40.47054600000001],[-79.944153,40.471798999999976],[-79.93974,40.472992000000026],[-79.934937,40.47254200000002],[-79.936529,40.474268],[-79.940681,40.47372799999997],[-79.946254,40.47769599999999],[-79.949016,40.47818999999999],[-79.950908,40.47741000000006],[-79.954193,40.477359999999955],[-79.96069000000001,40.48205500000003],[-79.964756,40.47791699999995],[-79.972234,40.48126099999997],[-79.97288,40.48207700000001],[-79.971809,40.483574000000004],[-79.969842,40.48360399999998],[-79.97108,40.49551099999997],[-79.976154,40.49531099999999],[-79.976006,40.49369099999996],[-79.98528,40.493619000000045],[-79.985646,40.501953000000015],[-79.989709,40.500658000000016],[-79.989625,40.49721400000002],[-79.994275,40.49706799999999],[-79.994142,40.494042999999934],[-80.003932,40.49628500000003],[-80.004022,40.49778800000001],[-80.005009,40.49714999999998],[-80.00746,40.49795699999999],[-80.00912400000001,40.49754100000003],[-80.008913,40.499142000000006],[-80.010681,40.49909599999999],[-80.010817,40.50103700000001],[-80.01237300000001,40.498755999999965],[-80.016984,40.49983400000002],[-80.01783,40.49735300000001],[-80.020079,40.497709],[-80.02025,40.49570199999999],[-80.02198300000002,40.49383899999999],[-80.022906,40.495292000000006],[-80.025426,40.49533200000001],[-80.025898,40.49680000000002],[-80.027794,40.49649199999998],[-80.027784,40.491099999999996],[-80.035759,40.49092899999997],[-80.03749,40.490064999999966],[-80.040712,40.49145500000002],[-80.046444,40.487163000000024],[-80.044539,40.49212500000001],[-80.045529,40.494432999999965],[-80.051321,40.496462],[-80.047948,40.50224899999999],[-80.058289,40.50818300000003],[-80.059387,40.506752999999996],[-80.061592,40.50580300000001],[-80.067364,40.594218],[-80.071393,40.67417399999999]]]}},{"type":"Feature","properties":{"district":"39","population":260824,"landAreaSqMi":603.7,"topMunicipalities":[{"name":"Hempfield","classCode":"second_class_township","populationShare":0.15980124528417655},{"name":"North Huntingdon","classCode":"first_class_township","populationShare":0.12194429960433104},{"name":"Unity","classCode":"second_class_township","populationShare":0.08245023464098372},{"name":"Murrysville","classCode":"borough","populationShare":0.07989678863908231},{"name":"Penn","classCode":"first_class_township","populationShare":0.07799128914517063}],"topCounties":[{"name":"Westmoreland","geoid":"42129","populationShare":1.0}],"classShares":{"borough":0.24876928503511933,"first_class_township":0.2436623930313162,"second_class_township":0.39131751679293314,"third_class_city":0.11625080514063137}},"geometry":{"type":"Polygon","coordinates":[[[-79.904933,40.15560500000001],[-79.904426,40.15821499999992],[-79.901994,40.16136700000001],[-79.895322,40.164582999999965],[-79.88733700000002,40.16498299999996],[-79.870425,40.162087],[-79.864153,40.161815000000004],[-79.859464,40.163143],[-79.853048,40.16912699999997],[-79.851,40.173111000000034],[-79.850376,40.17730300000001],[-79.851767,40.184434],[-79.85445600000001,40.19125499999999],[-79.864985,40.196791000000005],[-79.871425,40.19739099999999],[-79.782588,40.227625999999994],[-79.786944,40.22796699999997],[-79.804286,40.231911000000004],[-79.806854,40.23393499999999],[-79.807431,40.236894000000014],[-79.805507,40.241014000000014],[-79.802915,40.242164000000024],[-79.79948,40.246385000000004],[-79.795813,40.25397199999999],[-79.78924,40.259592000000026],[-79.787496,40.26250300000002],[-79.788779,40.265311999999994],[-79.795058,40.27218900000001],[-79.796426,40.27772500000002],[-79.79579600000001,40.281078999999984],[-79.791851,40.28212599999997],[-79.780117,40.28210899999997],[-79.77643,40.284437000000025],[-79.775151,40.28635599999999],[-79.775963,40.289210000000004],[-79.780995,40.293607999999985],[-79.788648,40.297738],[-79.7823,40.321526000000034],[-79.771082,40.375418999999994],[-79.76561,40.38447099999995],[-79.764571,40.38384000000001],[-79.7637,40.38526499999996],[-79.764806,40.39002700000005],[-79.762068,40.392767999999975],[-79.759277,40.39251300000004],[-79.754625,40.38882900000002],[-79.751262,40.38835699999999],[-79.750316,40.39139599999998],[-79.747829,40.39087100000002],[-79.744634,40.39616300000002],[-79.741905,40.39689300000001],[-79.739995,40.395498999999994],[-79.738677,40.39552800000004],[-79.738683,40.398073000000004],[-79.7364,40.399528000000004],[-79.734895,40.397852000000015],[-79.73426,40.398055],[-79.732361,40.39986699999999],[-79.73142,40.40760299999997],[-79.729838,40.40880799999999],[-79.727253,40.40819999999998],[-79.722186,40.408835999999994],[-79.722593,40.40995000000001],[-79.725357,40.41182799999997],[-79.727532,40.41242900000002],[-79.727002,40.414397],[-79.722338,40.41491899999997],[-79.71983,40.413831999999985],[-79.717231,40.41378899999999],[-79.716028,40.41741299999999],[-79.712545,40.41864700000001],[-79.712081,40.41956699999995],[-79.706939,40.42231899999997],[-79.706762,40.424630999999955],[-79.704783,40.42632400000001],[-79.70247000000002,40.47783399999998],[-79.701985,40.523787000000034],[-79.701624,40.525449000000044],[-79.699445,40.52555199999999],[-79.694026,40.52087900000005],[-79.692385,40.51659099999994],[-79.689845,40.515817000000034],[-79.684902,40.51068800000002],[-79.679708,40.507518999999995],[-79.679284,40.50611300000002],[-79.676342,40.504894000000014],[-79.674575,40.50136299999996],[-79.671348,40.49796999999993],[-79.666018,40.49698699999999],[-79.661006,40.49736599999998],[-79.658539,40.495847999999995],[-79.650241,40.49318],[-79.645461,40.49035100000005],[-79.638048,40.48880499999999],[-79.636127,40.48798899999999],[-79.633935,40.482961000000024],[-79.62573,40.48062199999999],[-79.62186,40.47780299999999],[-79.614815,40.47603399999998],[-79.614779,40.473227000000016],[-79.613191,40.469724],[-79.616001,40.46816500000001],[-79.615629,40.46627000000001],[-79.608471,40.45584199999995],[-79.602752,40.45250200000001],[-79.600985,40.450635999999996],[-79.601333,40.446762999999976],[-79.598929,40.44622099999999],[-79.598765,40.44509599999998],[-79.60068400000002,40.44263399999998],[-79.599597,40.44191699999996],[-79.596101,40.441365],[-79.593256,40.442429000000004],[-79.5919,40.442035000000025],[-79.58103700000001,40.443146000000006],[-79.577653,40.446605999999996],[-79.575289,40.452910000000024],[-79.575762,40.45490399999996],[-79.574304,40.45740600000001],[-79.571496,40.45965300000001],[-79.561427,40.464679000000025],[-79.560303,40.46599499999999],[-79.560538,40.468593999999996],[-79.558437,40.469009000000014],[-79.555659,40.46588400000001],[-79.548561,40.465916000000014],[-79.542793,40.47168599999997],[-79.529547,40.47310500000003],[-79.51588000000001,40.464654999999986],[-79.514604,40.46281500000001],[-79.500837,40.454997999999996],[-79.498332,40.45150599999999],[-79.443911,40.41482699999998],[-79.440425,40.41356],[-79.435482,40.41470699999997],[-79.433065,40.41113000000004],[-79.429226,40.40803799999998],[-79.429459,40.40636799999998],[-79.43092,40.40540300000003],[-79.438647,40.40476600000003],[-79.439811,40.404067],[-79.439024,40.40280800000001],[-79.434108,40.40035300000001],[-79.433798,40.394832000000044],[-79.428349,40.39223400000005],[-79.423824,40.39412999999998],[-79.421077,40.39394199999999],[-79.422367,40.39185499999996],[-79.426747,40.390136],[-79.424538,40.386882000000014],[-79.42706700000001,40.380104],[-79.425276,40.37768499999999],[-79.421129,40.374906999999986],[-79.415273,40.37506799999999],[-79.414051,40.37064700000002],[-79.408938,40.365746000000016],[-79.408696,40.36298300000002],[-79.406255,40.361940999999995],[-79.406306,40.35861300000001],[-79.404512,40.35575799999999],[-79.394067,40.352362999999954],[-79.389602,40.35337599999999],[-79.38705,40.35672199999999],[-79.383711,40.35648800000001],[-79.381626,40.35518900000005],[-79.382694,40.352558999999985],[-79.388357,40.347614000000014],[-79.39162100000001,40.34280700000001],[-79.400369,40.33656899999999],[-79.399172,40.33216199999999],[-79.399667,40.33022700000001],[-79.39637400000001,40.32927799999997],[-79.396546,40.32783600000001],[-79.398998,40.327032999999986],[-79.404739,40.32759200000005],[-79.405255,40.326509000000016],[-79.404437,40.32441800000004],[-79.400078,40.32287500000003],[-79.393985,40.32314800000004],[-79.38641700000001,40.328884999999936],[-79.384655,40.328034000000045],[-79.383182,40.32479899999997],[-79.381529,40.32433100000002],[-79.377616,40.325017],[-79.378957,40.32340299999998],[-79.378445,40.32167799999995],[-79.376029,40.32296400000004],[-79.374332,40.32287600000002],[-79.375227,40.322116999999984],[-79.371288,40.32067200000004],[-79.372045,40.31953400000002],[-79.37047,40.31663600000004],[-79.371245,40.31616899999998],[-79.370078,40.31578299999999],[-79.371222,40.31574999999997],[-79.371118,40.31291999999996],[-79.369135,40.31293500000002],[-79.369085,40.31033599999997],[-79.367554,40.310090999999964],[-79.369513,40.30816099999999],[-79.367463,40.30690300000001],[-79.368286,40.306084000000006],[-79.370342,40.30731699999998],[-79.371222,40.306527999999986],[-79.368524,40.30271199999999],[-79.371104,40.30023],[-79.365237,40.297326000000005],[-79.36540000000001,40.296617999999995],[-79.366806,40.297061000000014],[-79.366948,40.296401],[-79.37143100000002,40.29569399999999],[-79.37161,40.29711000000001],[-79.372308,40.29703200000002],[-79.371513,40.29213500000004],[-79.370056,40.29201699999995],[-79.366972,40.294584999999955],[-79.364114,40.29574799999996],[-79.361259,40.29484000000004],[-79.356936,40.294967],[-79.355435,40.293557000000014],[-79.354905,40.29114199999999],[-79.351667,40.29050800000001],[-79.34986,40.290554999999976],[-79.347808,40.292083999999996],[-79.337205,40.29156300000002],[-79.33096500000002,40.29258599999998],[-79.328876,40.29195899999999],[-79.322017,40.28643199999999],[-79.314942,40.286104999999985],[-79.310093,40.284209999999995],[-79.313059,40.28233500000004],[-79.31387,40.277816999999985],[-79.311562,40.266549999999995],[-79.316455,40.264502],[-79.31937,40.26104699999998],[-79.325286,40.257470999999995],[-79.328064,40.252366],[-79.33485300000001,40.250797000000006],[-79.349665,40.24083299999996],[-79.251831,40.18706599999997],[-79.172565,40.12554200000001],[-79.174249,40.12060400000001],[-79.180358,40.11639900000001],[-79.181156,40.11388499999997],[-79.182832,40.113119999999945],[-79.182927,40.111436000000005],[-79.185222,40.10984799999999],[-79.190086,40.10950999999997],[-79.192161,40.11026699999995],[-79.196198,40.11463500000002],[-79.19713,40.11870400000001],[-79.202191,40.11763999999999],[-79.20295,40.11492600000001],[-79.210155,40.11887000000003],[-79.21379100000001,40.117990999999954],[-79.217166,40.11457499999997],[-79.220864,40.112737000000045],[-79.22262,40.10417099999997],[-79.226672,40.098249999999965],[-79.234,40.096214999999994],[-79.23746,40.096230999999996],[-79.240087,40.09470799999998],[-79.24059300000002,40.092335000000055],[-79.243013,40.092269999999964],[-79.246786,40.09370999999999],[-79.256005,40.08846299999999],[-79.258921,40.07979400000002],[-79.264387,40.07866800000001],[-79.267739,40.07426800000001],[-79.267245,40.06586800000003],[-79.271351,40.064238],[-79.273019,40.061550000000004],[-79.276398,40.05883699999997],[-79.278766,40.05553700000003],[-79.278101,40.050479],[-79.28431,40.04824599999992],[-79.285661,40.047080999999956],[-79.285602,40.045072999999974],[-79.288578,40.04177499999995],[-79.293385,40.04034699999995],[-79.312674,40.044382],[-79.31655,40.04371000000002],[-79.32408,40.04068000000002],[-79.32893000000001,40.04068000000002],[-79.33922,40.04224],[-79.3425,40.04389999999997],[-79.35124100000002,40.067868999999995],[-79.35552800000002,40.07428899999999],[-79.360442,40.075971],[-79.367393,40.080167999999986],[-79.37307,40.081549999999986],[-79.393288,40.090608999999944],[-79.397,40.094559999999966],[-79.40193,40.10282999999999],[-79.40439,40.10221000000002],[-79.41513,40.104490000000006],[-79.423074,40.110977000000005],[-79.43792,40.116040000000055],[-79.44186,40.11922999999998],[-79.44744,40.12604999999999],[-79.447478,40.133232999999976],[-79.450247,40.13468699999998],[-79.45019,40.13541000000001],[-79.452247,40.135688],[-79.461225,40.14134900000001],[-79.461522,40.144098],[-79.471419,40.143986999999974],[-79.471093,40.145341999999964],[-79.473183,40.14565200000002],[-79.473736,40.143928],[-79.483136,40.14404300000001],[-79.48524,40.142440000000036],[-79.48852,40.14121999999998],[-79.488625,40.14192099999999],[-79.489718,40.141034000000005],[-79.494011,40.140874],[-79.496424,40.141784],[-79.50440100000002,40.140941],[-79.511245,40.13597999999996],[-79.51384200000001,40.135692999999996],[-79.51473000000001,40.13438899999997],[-79.517954,40.133146999999994],[-79.517864,40.131378],[-79.527362,40.122961000000046],[-79.530665,40.12809299999999],[-79.534943,40.12828599999999],[-79.535437,40.12600399999999],[-79.538309,40.12429299999998],[-79.541135,40.120715999999994],[-79.541564,40.11793299999995],[-79.540312,40.114129000000005],[-79.542037,40.11192099999998],[-79.546623,40.111992000000015],[-79.548751,40.11032499999998],[-79.55315,40.11257800000001],[-79.55675600000001,40.11278500000002],[-79.559031,40.111349999999995],[-79.560933,40.106846000000004],[-79.560602,40.10521600000001],[-79.562857,40.10501399999998],[-79.56579,40.10609999999997],[-79.571755,40.10529600000005],[-79.573356,40.10418899999995],[-79.573442,40.106884],[-79.572172,40.106932000000036],[-79.573527,40.10986900000008],[-79.571366,40.111373000000015],[-79.572908,40.11130299999996],[-79.574419,40.112787000000026],[-79.575956,40.11260599999997],[-79.574686,40.109544000000035],[-79.57758,40.10898899999999],[-79.584072,40.10910699999999],[-79.584122,40.109956999999994],[-79.585667,40.10998099999998],[-79.586025,40.111415999999984],[-79.59296200000001,40.11054500000002],[-79.590131,40.10880100000001],[-79.59426,40.10930699999999],[-79.594271,40.10880299999999],[-79.599799,40.107579000000015],[-79.599748,40.10612199999999],[-79.601944,40.107454999999995],[-79.602126,40.10884699999998],[-79.604182,40.10801699999998],[-79.60622,40.106984999999995],[-79.604081,40.10375599999996],[-79.600833,40.10372800000002],[-79.601002,40.102033],[-79.599346,40.10199399999999],[-79.599333,40.09663299999996],[-79.59759,40.09663699999996],[-79.597359,40.09194899999998],[-79.59260200000001,40.09200499999999],[-79.593442,40.090554999999966],[-79.591944,40.08578900000001],[-79.592678,40.08217099999996],[-79.602294,40.082997999999975],[-79.600442,40.084308000000014],[-79.603092,40.08603299999999],[-79.602353,40.08781500000003],[-79.603674,40.090839],[-79.612732,40.09346800000002],[-79.614664,40.09128299999997],[-79.616751,40.091604],[-79.620727,40.09271000000001],[-79.621958,40.09453299999996],[-79.625853,40.09193299999996],[-79.625654,40.08987800000001],[-79.626998,40.088423999999996],[-79.630465,40.08679399999996],[-79.634497,40.086524999999966],[-79.638994,40.08285899999998],[-79.644143,40.08469399999999],[-79.640986,40.086925],[-79.641656,40.088607000000025],[-79.644581,40.089461999999955],[-79.648122,40.08764299999995],[-79.654083,40.089293999999995],[-79.654793,40.09080100000006],[-79.654346,40.09378600000001],[-79.65824500000001,40.097087000000016],[-79.660384,40.09706200000004],[-79.661656,40.094483000000054],[-79.663347,40.094637],[-79.66419,40.096991999999986],[-79.666256,40.097593000000046],[-79.668118,40.09701000000002],[-79.668602,40.09884699999997],[-79.666667,40.100363999999985],[-79.666207,40.102152],[-79.667579,40.10454199999997],[-79.671089,40.10619599999996],[-79.675717,40.10571500000002],[-79.677068,40.106943000000065],[-79.68379400000002,40.10862000000001],[-79.684634,40.11311399999999],[-79.685624,40.11382299999995],[-79.691655,40.11309000000004],[-79.695123,40.110753],[-79.69865,40.10961900000006],[-79.702095,40.110414],[-79.705095,40.10770699999999],[-79.708123,40.107704],[-79.711267,40.10865800000003],[-79.712148,40.110259],[-79.715465,40.11109000000001],[-79.718147,40.11343300000001],[-79.721709,40.11277499999999],[-79.722865,40.113179],[-79.722298,40.11502500000005],[-79.718499,40.116921000000005],[-79.72438,40.12312299999999],[-79.726019,40.12268400000001],[-79.7276,40.12060799999999],[-79.734596,40.12090400000002],[-79.744404,40.128168],[-79.78203,40.12846],[-79.783645,40.127709000000046],[-79.784371,40.128499999999995],[-79.78882100000001,40.12860899999999],[-79.789231,40.12801499999999],[-79.791728,40.128629999999994],[-79.803817,40.128761],[-79.805804,40.12752800000003],[-79.806743,40.13118400000002],[-79.81004,40.13248000000001],[-79.81659400000001,40.132791],[-79.81611300000002,40.12837499999999],[-79.839409,40.128251],[-79.839219,40.12756700000003],[-79.842184,40.128432000000004],[-79.843775,40.12743300000004],[-79.84470800000001,40.128296],[-79.847831,40.127976000000025],[-79.84975,40.128613000000016],[-79.853603,40.12753100000003],[-79.856544,40.12852300000003],[-79.86722,40.12776499999996],[-79.86937,40.12813999999999],[-79.870405,40.129195000000024],[-79.875296,40.129529999999974],[-79.877864,40.126959000000014],[-79.879129,40.12727200000001],[-79.885497,40.12949599999996],[-79.887705,40.13112799999998],[-79.892089,40.139528],[-79.902986,40.14989499999998],[-79.904933,40.15560500000001]]]}},{"type":"Feature","properties":{"district":"41","population":253729,"landAreaSqMi":2107.5,"topMunicipalities":[{"name":"White","classCode":"second_class_township","populationShare":0.060245379913214554},{"name":"Indiana","classCode":"borough","populationShare":0.05584698635157982},{"name":"Derry","classCode":"second_class_township","populationShare":0.05339949316002508},{"name":"New Kensington","classCode":"third_class_city","populationShare":0.047578321752736207},{"name":"Lower Burrell","classCode":"third_class_city","populationShare":0.04595060083790193}],"topCounties":[{"name":"Westmoreland","geoid":"42129","populationShare":0.34733514891872824},{"name":"Indiana","geoid":"42063","populationShare":0.3279601464554703},{"name":"Armstrong","geoid":"42005","populationShare":0.25645078016308737},{"name":"Jefferson","geoid":"42065","populationShare":0.06825392446271415}],"classShares":{"borough":0.2497822479889961,"second_class_township":0.6354851041859622,"third_class_city":0.11473264782504175}},"geometry":{"type":"Polygon","coordinates":[[[-79.774693,40.57074600000006],[-79.773361,40.58208700000002],[-79.771623,40.58562899999999],[-79.76319,40.59361900000007],[-79.751788,40.598148],[-79.736087,40.60204299999998],[-79.721339,40.60815700000001],[-79.714576,40.61701000000004],[-79.703334,40.62569500000002],[-79.694353,40.635126999999976],[-79.690278,40.64087299999996],[-79.688975,40.64543499999998],[-79.691082,40.65246799999999],[-79.695434,40.660191000000005],[-79.695946,40.664032],[-79.695463,40.66576499999995],[-79.692904,40.668249999999986],[-79.692357,40.672857],[-79.69328400000002,40.741426999999995],[-79.689925,40.95704100000001],[-79.690272,41.10325199999996],[-79.688778,41.13342900000002],[-79.68933200000001,41.169470999999994],[-79.68136,41.16278299999994],[-79.679585,41.15952999999999],[-79.680244,41.15574099999993],[-79.686151,41.14881000000002],[-79.686719,41.14507699999999],[-79.679633,41.13711799999997],[-79.678773,41.13335100000004],[-79.67989,41.12348500000004],[-79.679375,41.11478299999995],[-79.68134,41.10658900000002],[-79.679365,41.09132099999998],[-79.675289,41.08365999999997],[-79.663962,41.07742600000001],[-79.65905100000002,41.07347799999993],[-79.655527,41.068429000000016],[-79.655713,41.06618499999997],[-79.657223,41.064002000000016],[-79.666579,41.057148999999995],[-79.667196,41.055321000000035],[-79.666205,41.04974900000007],[-79.662629,41.04738199999999],[-79.649789,41.04447299999999],[-79.636814,41.03793399999997],[-79.61936500000002,41.03334799999998],[-79.613667,41.033348999999966],[-79.610618,41.034089999999985],[-79.605394,41.036933],[-79.60118000000001,41.036874000000005],[-79.598987,41.03380700000003],[-79.599529,41.02943199999997],[-79.602697,41.02065299999994],[-79.609012,41.01264200000003],[-79.609458,41.007218],[-79.606708,41.005181],[-79.595393,41.005091999999976],[-79.590164,41.00402800000002],[-79.58628,41.00216800000002],[-79.58177400000001,40.997981999999965],[-79.581578,40.994040000000005],[-79.584896,40.99155699999998],[-79.58822900000001,40.99153999999999],[-79.597013,40.994388],[-79.604818,40.99459300000002],[-79.610427,40.993224000000055],[-79.61906700000002,40.98895999999995],[-79.62349100000002,40.98455999999998],[-79.624494,40.97999199999999],[-79.622512,40.976209999999995],[-79.618352,40.97414200000001],[-79.611266,40.97267899999995],[-79.59992700000001,40.96904199999997],[-79.59448,40.968653999999994],[-79.590091,40.969945],[-79.581096,40.98041800000003],[-79.574323,40.98468499999999],[-79.570353,40.98563999999999],[-79.56373,40.985613],[-79.56010800000001,40.984849000000025],[-79.554906,40.98252100000002],[-79.552624,40.979779999999955],[-79.54967,40.981657999999996],[-79.54533100000002,40.98224800000005],[-79.54199,40.98447899999999],[-79.540035,40.98451399999999],[-79.535822,40.98006299999995],[-79.528614,40.978413000000025],[-79.522428,40.97495799999998],[-79.515232,40.97783900000002],[-79.514764,40.98025100000004],[-79.517391,40.98253499999999],[-79.517836,40.98396500000004],[-79.51676,40.98627399999997],[-79.514012,40.98680899999998],[-79.507405,40.984044999999995],[-79.505148,40.976848000000004],[-79.501453,40.97658500000003],[-79.493658,40.977901],[-79.492778,40.980887999999986],[-79.494785,40.98618099999998],[-79.487894,40.99558299999999],[-79.481726,40.99406999999999],[-79.476256,40.99494],[-79.470987,40.993964],[-79.463203,40.989958000000065],[-79.456335,40.99095299999996],[-79.455508,40.98989899999995],[-79.455892,40.98817500000001],[-79.46215100000002,40.984967000000005],[-79.46223,40.98311200000004],[-79.460803,40.98228299999994],[-79.45102200000001,40.98173],[-79.448552,40.98278400000002],[-79.444748,40.986440999999985],[-79.44187900000001,40.98736299999998],[-79.428635,40.985474],[-79.424845,40.98865799999996],[-79.422851,40.99282500000001],[-79.420864,40.999034000000016],[-79.421238,41.00267599999996],[-79.420275,41.00397800000001],[-79.415911,41.00548499999998],[-79.412319,41.008471000000014],[-79.410153,41.00732600000001],[-79.409644,41.006064],[-79.414309,41.00195599999996],[-79.414691,40.999438999999974],[-79.412474,40.997913999999994],[-79.406592,40.998572],[-79.404653,40.997788999999976],[-79.404283,40.995663999999984],[-79.40609100000002,40.990609999999975],[-79.40395,40.98825],[-79.401272,40.98792199999999],[-79.398174,40.98926899999998],[-79.396265,40.993493000000015],[-79.394714,40.994749999999996],[-79.390367,40.99340300000002],[-79.383786,40.995206000000024],[-79.379663,40.99510000000003],[-79.378091,40.99434699999997],[-79.377093,40.992595],[-79.377711,40.99092600000002],[-79.38487,40.99009000000001],[-79.386684,40.98748799999996],[-79.384048,40.985109999999956],[-79.377455,40.985644000000015],[-79.374611,40.98438200000001],[-79.380974,40.979881],[-79.382217,40.97533599999999],[-79.381512,40.96952100000001],[-79.379086,40.968406000000016],[-79.376059,40.96837700000003],[-79.372172,40.97019700000005],[-79.371616,40.973117999999985],[-79.369387,40.97529300000002],[-79.371566,40.98256099999998],[-79.371477,40.988496000000005],[-79.367584,40.99543799999998],[-79.36597100000002,41.000800000000005],[-79.364144,41.00269200000001],[-79.360808,41.00370799999998],[-79.356341,40.99979600000001],[-79.352196,40.99966600000002],[-79.34906400000001,40.997958999999994],[-79.346325,40.99768500000002],[-79.339357,41.00239399999999],[-79.337069,41.00237099999999],[-79.336006,41.00007099999999],[-79.333869,40.99903299999998],[-79.33040200000002,41.00022400000001],[-79.317023,41.00252500000002],[-79.302571,41.01353100000001],[-79.298988,41.01160099999997],[-79.295316,41.01169999999998],[-79.292724,41.010475],[-79.286746,41.00940600000003],[-79.28300600000001,41.00964500000005],[-79.273985,41.017615000000006],[-79.26757,41.020224999999996],[-79.26065600000001,41.029344999999985],[-79.250345,41.032543000000004],[-79.246438,41.03472300000003],[-79.242287,41.035227000000006],[-79.236479,41.04203100000004],[-79.230423,41.045851000000056],[-79.21973300000002,41.04837299999997],[-79.215214,41.05051499999997],[-79.215201,41.048933],[-79.210197,41.04909099999997],[-79.210509,41.040481000000035],[-79.207469,41.03882300000002],[-79.201786,41.040161999999974],[-79.196469,41.03752099999996],[-79.19301700000001,41.03672900000006],[-79.18960000000001,41.03379500000004],[-79.18691200000002,41.034209],[-79.184426,41.03284799999998],[-79.177119,41.03383300000002],[-79.173372,41.03691100000002],[-79.168874,41.03459400000003],[-79.168194,41.03341599999996],[-79.16885500000001,41.03185699999995],[-79.167824,41.031715999999946],[-79.166991,41.03039900000001],[-79.163849,41.03111000000001],[-79.161378,41.03044400000003],[-79.158428,41.03073899999996],[-79.15780400000001,41.02903900000001],[-79.155863,41.02816799999997],[-79.152756,41.024447000000016],[-79.153633,41.022869],[-79.152448,41.02194000000003],[-79.150467,41.021753999999994],[-79.145551,41.02325599999996],[-79.143914,41.025029999999994],[-79.14451,41.026476999999964],[-79.140156,41.02935199999997],[-79.137149,41.02620199999999],[-79.133895,41.02479400000002],[-79.125562,41.027305],[-79.125545,41.03955400000003],[-79.118732,41.04777699999998],[-79.118703,41.07162199999999],[-79.086094,41.07208900000001],[-79.078762,41.05601299999998],[-79.055456,41.05548300000002],[-79.055225,41.050866000000006],[-79.010208,41.05056800000004],[-79.00123,41.05055400000007],[-79.001538,41.07054000000002],[-78.944829,41.070968],[-78.94388,41.04026300000005],[-78.804199,41.04015600000003],[-78.804047,40.95181400000003],[-78.806406,40.86161800000001],[-78.806274,40.72974200000004],[-78.803291,40.72881999999996],[-78.799226,40.71710000000004],[-78.808862,40.72106199999999],[-78.85067100000002,40.62633599999995],[-78.885946,40.55406699999999],[-78.921923,40.483512],[-78.973422,40.39639],[-78.97523,40.39192700000006],[-78.998171,40.35616900000003],[-79.00054600000001,40.355273000000004],[-79.00607800000002,40.35120300000003],[-79.009383,40.34478699999998],[-79.00993300000002,40.34047699999994],[-79.015368,40.339186999999995],[-79.020019,40.335605],[-79.024657,40.32691100000002],[-79.03039,40.32210100000004],[-79.03120400000002,40.31810000000001],[-79.036942,40.314062000000014],[-79.036372,40.310746],[-79.037295,40.30725899999995],[-79.039844,40.30526899999999],[-79.041695,40.302041999999986],[-79.045047,40.299647000000014],[-79.046251,40.29671799999997],[-79.051635,40.290091999999994],[-79.055121,40.28917800000001],[-79.056645,40.28292100000001],[-79.056646,40.27860400000003],[-79.059378,40.27576699999999],[-79.067963,40.272470999999996],[-79.073659,40.266579],[-79.073699,40.264810999999966],[-79.075827,40.26248400000001],[-79.075796,40.26132799999996],[-79.07957,40.25792799999999],[-79.07808400000002,40.254840000000016],[-79.078166,40.252359999999996],[-79.079894,40.250797000000006],[-79.082472,40.250074],[-79.084473,40.24661900000004],[-79.086734,40.245342],[-79.086343,40.242390999999955],[-79.091609,40.240411999999985],[-79.092012,40.239066999999984],[-79.094243,40.23746700000002],[-79.095397,40.23296599999999],[-79.098098,40.232068999999996],[-79.102446,40.23216499999999],[-79.100153,40.231149],[-79.098342,40.227345000000014],[-79.099344,40.22526800000002],[-79.104638,40.224480999999976],[-79.101038,40.223619],[-79.100286,40.22234400000002],[-79.103534,40.220141999999996],[-79.103182,40.217909000000006],[-79.105547,40.21701100000002],[-79.109072,40.21832399999998],[-79.106957,40.215789],[-79.106981,40.214306],[-79.10985,40.211721999999966],[-79.114076,40.21062800000005],[-79.1146,40.20503899999996],[-79.116239,40.20375300000002],[-79.121942,40.203138000000045],[-79.122795,40.20142299999999],[-79.126157,40.200391],[-79.123739,40.19301799999999],[-79.125783,40.19124499999999],[-79.127711,40.18735000000001],[-79.125963,40.18499899999998],[-79.126744,40.18328100000003],[-79.128186,40.182872999999994],[-79.131193,40.179934999999965],[-79.134393,40.178721999999944],[-79.140379,40.180088000000005],[-79.143306,40.179888999999996],[-79.141169,40.173994000000015],[-79.141386,40.170372999999934],[-79.140025,40.16389900000003],[-79.149768,40.16037299999998],[-79.161263,40.16086899999997],[-79.160494,40.156884000000026],[-79.162754,40.15406199999998],[-79.162316,40.14946600000001],[-79.163231,40.14587000000001],[-79.162202,40.142770000000006],[-79.163407,40.14061000000002],[-79.165825,40.138690999999994],[-79.167988,40.128164],[-79.172565,40.12554200000001],[-79.251831,40.18706599999997],[-79.349665,40.24083299999996],[-79.33485300000001,40.250797000000006],[-79.328064,40.252366],[-79.325286,40.257470999999995],[-79.31937,40.26104699999998],[-79.316455,40.264502],[-79.311562,40.266549999999995],[-79.31387,40.277816999999985],[-79.313059,40.28233500000004],[-79.310093,40.284209999999995],[-79.314942,40.286104999999985],[-79.322017,40.28643199999999],[-79.328876,40.29195899999999],[-79.33096500000002,40.29258599999998],[-79.337205,40.29156300000002],[-79.347808,40.292083999999996],[-79.34986,40.290554999999976],[-79.351667,40.29050800000001],[-79.354905,40.29114199999999],[-79.355435,40.293557000000014],[-79.356936,40.294967],[-79.361259,40.29484000000004],[-79.364114,40.29574799999996],[-79.366972,40.294584999999955],[-79.370056,40.29201699999995],[-79.371513,40.29213500000004],[-79.372308,40.29703200000002],[-79.37161,40.29711000000001],[-79.37143100000002,40.29569399999999],[-79.366948,40.296401],[-79.366806,40.297061000000014],[-79.36540000000001,40.296617999999995],[-79.365237,40.297326000000005],[-79.371104,40.30023],[-79.368524,40.30271199999999],[-79.371222,40.306527999999986],[-79.370342,40.30731699999998],[-79.368286,40.306084000000006],[-79.367463,40.30690300000001],[-79.369513,40.30816099999999],[-79.367554,40.310090999999964],[-79.369085,40.31033599999997],[-79.369135,40.31293500000002],[-79.371118,40.31291999999996],[-79.371222,40.31574999999997],[-79.370078,40.31578299999999],[-79.371245,40.31616899999998],[-79.37047,40.31663600000004],[-79.372045,40.31953400000002],[-79.371288,40.32067200000004],[-79.375227,40.322116999999984],[-79.374332,40.32287600000002],[-79.376029,40.32296400000004],[-79.378445,40.32167799999995],[-79.378957,40.32340299999998],[-79.377616,40.325017],[-79.381529,40.32433100000002],[-79.383182,40.32479899999997],[-79.384655,40.328034000000045],[-79.38641700000001,40.328884999999936],[-79.393985,40.32314800000004],[-79.400078,40.32287500000003],[-79.404437,40.32441800000004],[-79.405255,40.326509000000016],[-79.404739,40.32759200000005],[-79.398998,40.327032999999986],[-79.396546,40.32783600000001],[-79.39637400000001,40.32927799999997],[-79.399667,40.33022700000001],[-79.399172,40.33216199999999],[-79.400369,40.33656899999999],[-79.39162100000001,40.34280700000001],[-79.388357,40.347614000000014],[-79.382694,40.352558999999985],[-79.381626,40.35518900000005],[-79.383711,40.35648800000001],[-79.38705,40.35672199999999],[-79.389602,40.35337599999999],[-79.394067,40.352362999999954],[-79.404512,40.35575799999999],[-79.406306,40.35861300000001],[-79.406255,40.361940999999995],[-79.408696,40.36298300000002],[-79.408938,40.365746000000016],[-79.414051,40.37064700000002],[-79.415273,40.37506799999999],[-79.421129,40.374906999999986],[-79.425276,40.37768499999999],[-79.42706700000001,40.380104],[-79.424538,40.386882000000014],[-79.426747,40.390136],[-79.422367,40.39185499999996],[-79.421077,40.39394199999999],[-79.423824,40.39412999999998],[-79.428349,40.39223400000005],[-79.433798,40.394832000000044],[-79.434108,40.40035300000001],[-79.439024,40.40280800000001],[-79.439811,40.404067],[-79.438647,40.40476600000003],[-79.43092,40.40540300000003],[-79.429459,40.40636799999998],[-79.429226,40.40803799999998],[-79.433065,40.41113000000004],[-79.435482,40.41470699999997],[-79.440425,40.41356],[-79.443911,40.41482699999998],[-79.498332,40.45150599999999],[-79.500837,40.454997999999996],[-79.514604,40.46281500000001],[-79.51588000000001,40.464654999999986],[-79.529547,40.47310500000003],[-79.542793,40.47168599999997],[-79.548561,40.465916000000014],[-79.555659,40.46588400000001],[-79.558437,40.469009000000014],[-79.560538,40.468593999999996],[-79.560303,40.46599499999999],[-79.561427,40.464679000000025],[-79.571496,40.45965300000001],[-79.574304,40.45740600000001],[-79.575762,40.45490399999996],[-79.575289,40.452910000000024],[-79.577653,40.446605999999996],[-79.58103700000001,40.443146000000006],[-79.5919,40.442035000000025],[-79.593256,40.442429000000004],[-79.596101,40.441365],[-79.599597,40.44191699999996],[-79.60068400000002,40.44263399999998],[-79.598765,40.44509599999998],[-79.598929,40.44622099999999],[-79.601333,40.446762999999976],[-79.600985,40.450635999999996],[-79.602752,40.45250200000001],[-79.608471,40.45584199999995],[-79.615629,40.46627000000001],[-79.616001,40.46816500000001],[-79.613191,40.469724],[-79.614779,40.473227000000016],[-79.614815,40.47603399999998],[-79.62186,40.47780299999999],[-79.62573,40.48062199999999],[-79.633935,40.482961000000024],[-79.636127,40.48798899999999],[-79.638048,40.48880499999999],[-79.645461,40.49035100000005],[-79.650241,40.49318],[-79.658539,40.495847999999995],[-79.661006,40.49736599999998],[-79.666018,40.49698699999999],[-79.671348,40.49796999999993],[-79.674575,40.50136299999996],[-79.676342,40.504894000000014],[-79.679284,40.50611300000002],[-79.679708,40.507518999999995],[-79.684902,40.51068800000002],[-79.689845,40.515817000000034],[-79.692385,40.51659099999994],[-79.694026,40.52087900000005],[-79.698358,40.52415200000001],[-79.698768,40.52533800000002],[-79.70143800000001,40.52533700000003],[-79.705317,40.52720899999997],[-79.707902,40.530663000000025],[-79.710234,40.53229900000002],[-79.715071,40.53326999999999],[-79.722379,40.542227000000004],[-79.724608,40.54219100000004],[-79.731934,40.54506600000003],[-79.732447,40.54642700000002],[-79.734044,40.54683600000001],[-79.73559500000002,40.54897200000005],[-79.74051800000001,40.54948499999996],[-79.742656,40.548523000000024],[-79.746804,40.55068700000002],[-79.751701,40.551823000000006],[-79.754048,40.55047499999995],[-79.756482,40.550176999999984],[-79.760995,40.551030000000004],[-79.76509,40.54923799999999],[-79.773273,40.565827000000006],[-79.774693,40.57074600000006]]]}},{"type":"Feature","properties":{"district":"50","population":263015,"landAreaSqMi":1969.1,"topMunicipalities":[{"name":"New Castle","classCode":"third_class_city","populationShare":0.08260745584852583},{"name":"Hermitage","classCode":"third_class_city","populationShare":0.061334904853335315},{"name":"Sharon","classCode":"third_class_city","populationShare":0.049499077999353505},{"name":"Meadville","classCode":"third_class_city","populationShare":0.04837366690112734},{"name":"Neshannock","classCode":"second_class_township","populationShare":0.03714997243503227}],"topCounties":[{"name":"Mercer","geoid":"42085","populationShare":0.41766439176472797},{"name":"Crawford","geoid":"42039","populationShare":0.3162899454403741},{"name":"Lawrence","geoid":"42073","populationShare":0.2660456627948978}],"classShares":{"borough":0.14628823451133965,"second_class_township":0.5758949109366386,"third_class_city":0.2778168545520217}},"geometry":{"type":"Polygon","coordinates":[[[-80.51918500000001,40.90245099999999],[-80.519354,41.849563],[-80.146496,41.849039000000005],[-79.680353,41.85152399999999],[-79.612071,41.850328000000005],[-79.613173,41.61686799999999],[-79.768357,41.61771099999996],[-79.768345,41.620955000000016],[-79.82911100000001,41.62207000000001],[-79.829722,41.601953],[-79.849609,41.59776400000001],[-79.850054,41.58705599999998],[-79.873015,41.58126800000003],[-79.870031,41.574255000000036],[-79.892732,41.57413800000002],[-79.892757,41.56216800000004],[-79.90860600000002,41.56217399999998],[-79.909471,41.550149],[-79.925369,41.550208000000005],[-79.92334,41.537595999999986],[-79.943296,41.53783699999997],[-79.942227,41.525347999999994],[-79.959188,41.525439999999975],[-79.958146,41.513534999999976],[-79.965875,41.512841000000066],[-79.981536,41.512886999999985],[-79.981779,41.500156000000004],[-79.998696,41.501031999999974],[-79.99873000000001,41.49009200000003],[-79.999814,41.490033999999994],[-79.999779,41.17186100000002],[-80.047064,41.12064],[-80.074422,41.09229200000002],[-80.096861,41.06980400000005],[-80.098294,41.071054],[-80.166472,41.00092800000002],[-80.163027,40.937887],[-80.165314,40.93772899999994],[-80.172837,40.93443699999998],[-80.176057,40.93479600000002],[-80.178642,40.937279000000004],[-80.178845,40.938867000000016],[-80.183678,40.937324999999994],[-80.190361,40.930594999999954],[-80.18885,40.92815399999999],[-80.189666,40.92471699999997],[-80.201485,40.920479000000036],[-80.20659000000002,40.921043999999995],[-80.208771,40.920352999999935],[-80.215704,40.91581299999999],[-80.217323,40.91268900000003],[-80.217573,40.90977500000004],[-80.45254300000002,40.90523000000001],[-80.51918500000001,40.90245099999999]]]}},{"type":"Feature","properties":{"district":"28","population":263798,"landAreaSqMi":599.6,"topMunicipalities":[{"name":"York","classCode":"first_class_township","populationShare":0.11389775510049394},{"name":"Springettsbury","classCode":"second_class_township","populationShare":0.10268462990621612},{"name":"Windsor","classCode":"second_class_township","populationShare":0.06783599572400092},{"name":"Penn","classCode":"first_class_township","populationShare":0.06731665895874876},{"name":"Hanover","classCode":"borough","populationShare":0.06248341534052554}],"topCounties":[{"name":"York","geoid":"42133","populationShare":1.0}],"classShares":{"borough":0.23456205126649912,"first_class_township":0.23302678564659363,"second_class_township":0.5324111630869073}},"geometry":{"type":"Polygon","coordinates":[[[-76.99931800000002,39.72010599999999],[-76.999679,39.831279999999985],[-76.997296,39.83158599999998],[-76.990663,39.83434800000001],[-76.983043,39.841353000000026],[-76.978543,39.84772699999994],[-76.974083,39.84966000000001],[-76.96484,39.850772000000035],[-76.954932,39.856850000000044],[-76.962238,39.864835000000014],[-76.96362,39.87401700000002],[-76.972536,39.87291399999999],[-76.973983,39.87436500000001],[-76.978298,39.881912],[-76.977457,39.885481],[-76.980131,39.88655499999999],[-76.981986,39.892152999999965],[-76.98396200000002,39.893619000000015],[-76.982037,39.897441],[-76.982373,39.89864000000006],[-76.984116,39.899564],[-76.983849,39.902057],[-76.980448,39.903314000000044],[-76.980128,39.90389299999998],[-76.981602,39.905309],[-76.976904,39.90750900000003],[-76.973145,39.91074799999996],[-76.972839,39.91386100000002],[-76.971122,39.914936999999995],[-76.968022,39.91513000000004],[-76.967056,39.916078],[-76.967301,39.917687000000015],[-76.968512,39.91837199999997],[-76.96494500000001,39.921972000000004],[-76.97024300000001,39.92136199999999],[-76.96993400000001,39.92373699999997],[-76.971754,39.92449100000006],[-76.972336,39.92573400000004],[-76.971086,39.92776000000006],[-76.972069,39.92907500000001],[-76.971036,39.93115099999997],[-76.972585,39.93418699999997],[-76.969691,39.93733300000001],[-76.967316,39.935286000000005],[-76.96460300000001,39.935751999999994],[-76.96459,39.94064400000001],[-76.96351,39.94181399999996],[-76.964049,39.94487700000004],[-76.958878,39.948241000000046],[-76.957189,39.95307899999998],[-76.952937,39.953189999999985],[-76.949026,39.948919],[-76.94541000000001,39.95029700000002],[-76.944083,39.951823999999974],[-76.94404,39.95399800000001],[-76.944961,39.954849],[-76.958853,39.95948599999999],[-76.961123,39.96278900000001],[-76.936892,39.962380999999965],[-76.932688,39.96698400000001],[-76.903253,39.954272999999986],[-76.890971,39.95008500000002],[-76.889944,39.949003999999995],[-76.871471,39.948490000000014],[-76.843366,39.94626099999996],[-76.834714,39.945398999999995],[-76.8345,39.94473199999997],[-76.833332,39.944973000000026],[-76.828556,39.94351299999996],[-76.829847,39.93943199999997],[-76.835579,39.92857900000002],[-76.835729,39.91611699999998],[-76.831754,39.897904999999994],[-76.82951500000001,39.89837200000001],[-76.829059,39.89748799999999],[-76.827163,39.898224000000006],[-76.824404,39.897416999999955],[-76.823983,39.89615400000002],[-76.816647,39.89470500000002],[-76.813169,39.89670400000001],[-76.812941,39.89903699999997],[-76.814217,39.902134],[-76.812164,39.90449499999998],[-76.807922,39.901223000000044],[-76.800842,39.903111],[-76.797241,39.90659200000004],[-76.796756,39.909144999999995],[-76.800063,39.91283500000001],[-76.802231,39.913274999999985],[-76.802637,39.91412000000001],[-76.802117,39.916167999999956],[-76.799428,39.91861699999998],[-76.79835,39.92233399999999],[-76.793801,39.92215300000005],[-76.790806,39.920669999999994],[-76.786878,39.916737],[-76.785297,39.91247000000004],[-76.78412,39.91178399999997],[-76.780647,39.912667],[-76.779405,39.915506],[-76.772188,39.91751800000001],[-76.76906300000002,39.91991100000001],[-76.766111,39.92018499999998],[-76.762482,39.91880500000003],[-76.75574,39.92267300000004],[-76.754392,39.92234900000005],[-76.751631,39.92315499999996],[-76.750265,39.92871600000004],[-76.75177499999998,39.928810000000006],[-76.753958,39.930331999999964],[-76.755438,39.934609999999985],[-76.75942300000001,39.93761000000003],[-76.759158,39.93869699999999],[-76.756532,39.94037599999996],[-76.758676,39.944390999999996],[-76.756834,39.94609300000004],[-76.745209,39.94541900000002],[-76.744326,39.947084000000004],[-76.746182,39.948560000000015],[-76.745655,39.94999899999998],[-76.736841,39.95336599999999],[-76.730951,39.94790800000003],[-76.72189700000001,39.94941599999999],[-76.719551,39.94491700000001],[-76.718256,39.945704],[-76.716784,39.942755999999996],[-76.715814,39.943411000000026],[-76.716835,39.94724799999996],[-76.714413,39.94732599999999],[-76.708749,39.94917099999997],[-76.712401,39.95278499999999],[-76.71165,39.95308599999999],[-76.707252,39.95089900000001],[-76.706064,39.94995400000003],[-76.70669600000001,39.949482000000025],[-76.705348,39.950096000000016],[-76.703797,39.948502000000005],[-76.70179900000001,39.949162999999984],[-76.70190700000002,39.95136899999995],[-76.703847,39.95127499999999],[-76.704045,39.955008000000035],[-76.704749,39.95487799999999],[-76.70686200000002,39.95819800000001],[-76.707316,39.96144399999998],[-76.699448,39.961824000000036],[-76.699954,39.967434000000004],[-76.70306300000001,39.97198399999998],[-76.70076500000002,39.972246],[-76.701851,39.976479999999974],[-76.70339400000002,39.97619999999999],[-76.703388,39.97840499999999],[-76.70625400000002,39.97869299999996],[-76.706793,39.975578],[-76.716612,39.97276000000001],[-76.724079,39.968806999999984],[-76.72568,39.97101099999997],[-76.726281,39.974062],[-76.727527,39.97386500000002],[-76.730766,39.971542],[-76.73085,39.968558999999985],[-76.731814,39.97182200000001],[-76.732823,39.971919],[-76.732811,39.97262999999998],[-76.731935,39.972678000000045],[-76.73260400000001,39.975877],[-76.734019,39.97565700000001],[-76.734999,39.97924599999999],[-76.736386,39.97903200000001],[-76.739717,39.98027500000002],[-76.737681,39.98041899999999],[-76.737656,39.982032000000004],[-76.736612,39.98238399999997],[-76.73599,39.981715999999984],[-76.735811,39.98257599999999],[-76.732114,39.982846],[-76.731476,39.98130400000002],[-76.728443,39.98187499999998],[-76.72447,39.98097099999995],[-76.722757,39.985742999999985],[-76.723869,39.996402000000025],[-76.722087,39.997668000000004],[-76.718789,39.99751699999998],[-76.712686,39.99963299999999],[-76.710398,40.00219999999996],[-76.708522,40.00648299999998],[-76.708844,40.00882799999998],[-76.711281,40.01311499999998],[-76.714944,40.014010000000034],[-76.715231,40.01671700000003],[-76.708177,40.020276],[-76.695921,40.01790600000003],[-76.693964,40.01803200000001],[-76.692022,40.01941599999998],[-76.685152,40.01874599999999],[-76.68378,40.023935000000016],[-76.681874,40.02441799999998],[-76.679795,40.02375399999997],[-76.675588,40.02755899999994],[-76.671503,40.02763000000005],[-76.668652,40.02980899999998],[-76.663449,40.043199],[-76.66039300000001,40.043599],[-76.654985,40.043007999999986],[-76.655416,40.04587100000005],[-76.65964,40.04982400000002],[-76.658664,40.051712],[-76.656376,40.05227199999999],[-76.648996,40.05190400000003],[-76.64665,40.05284900000002],[-76.64489500000002,40.05446599999993],[-76.643618,40.05961899999999],[-76.620992,40.05477300000003],[-76.613866,40.054547000000014],[-76.597588,40.05186700000004],[-76.575842,40.04624999999998],[-76.571217,40.045669],[-76.555823,40.04637300000002],[-76.541455,40.05103700000001],[-76.534524,40.05134800000004],[-76.53257,40.049282999999996],[-76.531552,40.046157],[-76.531995,40.03610500000001],[-76.530033,40.03356399999999],[-76.529813,40.03110200000003],[-76.527593,40.028692],[-76.526916,40.02617799999998],[-76.520902,40.02043700000002],[-76.51363800000001,40.01562300000001],[-76.509586,40.00942300000002],[-76.500611,40.000623999999995],[-76.498075,39.99548900000003],[-76.495352,39.976127999999996],[-76.487389,39.962134999999975],[-76.478193,39.95353900000003],[-76.477742,39.95245200000003],[-76.478206,39.951513000000006],[-76.477726,39.949844],[-76.477749,39.95197399999999],[-76.47358,39.94735199999997],[-76.468598,39.943558999999965],[-76.464274,39.94191300000006],[-76.45975,39.94124999999996],[-76.447343,39.93350300000003],[-76.43300500000001,39.92970899999998],[-76.422156,39.925832000000014],[-76.412365,39.92040399999996],[-76.404929,39.91521300000002],[-76.403916,39.915647000000035],[-76.395922,39.914217],[-76.39045,39.91175100000002],[-76.385518,39.905698],[-76.38377700000001,39.89361699999995],[-76.379642,39.888201],[-76.38008,39.881901999999954],[-76.381716,39.87886700000002],[-76.381017,39.874568],[-76.379508,39.87293100000003],[-76.377663,39.866664],[-76.374255,39.86466600000003],[-76.369641,39.86039900000002],[-76.361674,39.85705399999998],[-76.35211,39.849031999999966],[-76.35075900000001,39.847090000000016],[-76.351273,39.84232000000006],[-76.350503,39.83766700000002],[-76.342401,39.828865999999984],[-76.338817,39.822605999999986],[-76.337094,39.82177699999997],[-76.33339600000001,39.817747],[-76.328553,39.814809999999994],[-76.323235,39.812626],[-76.322289,39.81302200000001],[-76.315702,39.810036999999994],[-76.313194,39.807797],[-76.312324,39.805986000000026],[-76.314403,39.807481000000024],[-76.31086500000002,39.80340000000003],[-76.290182,39.78501099999999],[-76.28424000000001,39.78067199999999],[-76.279839,39.77963999999998],[-76.277404,39.77769000000001],[-76.267475,39.75935799999996],[-76.260577,39.75203500000003],[-76.256564,39.75004000000003],[-76.249584,39.73998000000001],[-76.245573,39.73717399999999],[-76.240582,39.73031300000004],[-76.238873,39.72416800000002],[-76.239805,39.72133500000001],[-76.25456000000001,39.721183000000075],[-76.583876,39.72130199999997],[-76.595462,39.72044899999998],[-76.601427,39.72129899999997],[-76.99931800000002,39.72010599999999]]]}},{"type":"Feature","properties":{"district":"43","population":227248,"landAreaSqMi":57.5,"topMunicipalities":[{"name":"Pittsburgh","classCode":"second_class_city","populationShare":0.5655238629998495},{"name":"Penn Hills","classCode":"first_class_township","populationShare":0.17834230235118706},{"name":"Wilkinsburg","classCode":"borough","populationShare":0.0623326764904403},{"name":"Swissvale","classCode":"borough","populationShare":0.03739960589426422},{"name":"Oakmont","classCode":"borough","populationShare":0.029535963614813646}],"topCounties":[{"name":"Allegheny","geoid":"42003","populationShare":1.0}],"classShares":{"borough":0.22861328690655525,"first_class_township":0.2058628500935954,"second_class_city":0.5655238629998495}},"geometry":{"type":"Polygon","coordinates":[[[-80.011324,40.415163999999976],[-80.011184,40.41795199999995],[-80.00890500000001,40.41969300000004],[-80.00490300000001,40.42078099999997],[-80.00561300000001,40.42704999999997],[-80.002214,40.42855399999997],[-80.005167,40.430200000000006],[-80.001985,40.43506700000002],[-79.997657,40.43288000000003],[-79.993415,40.43255799999998],[-79.98811,40.43260099999996],[-79.975827,40.43431500000003],[-79.975887,40.43814700000001],[-79.977665,40.43823399999997],[-79.97762500000002,40.440367999999985],[-79.983652,40.447642],[-79.979146,40.45040199999998],[-79.976967,40.45049099999999],[-79.97394600000001,40.452704999999966],[-79.97281,40.452288000000024],[-79.96042,40.456980000000016],[-79.957202,40.45882099999998],[-79.955936,40.46030300000006],[-79.956933,40.460727],[-79.952782,40.46361100000001],[-79.949866,40.462087000000004],[-79.948068,40.46569799999995],[-79.932907,40.46426399999999],[-79.921229,40.46004499999998],[-79.912424,40.454036999999936],[-79.909547,40.45669099999998],[-79.903128,40.454524000000006],[-79.898732,40.46461099999999],[-79.896197,40.46403500000003],[-79.894453,40.46254299999998],[-79.889993,40.461678999999954],[-79.886561,40.47818400000004],[-79.884665,40.47931200000005],[-79.883807,40.483212],[-79.874992,40.48338500000004],[-79.86277600000001,40.48580899999999],[-79.857784,40.488089999999985],[-79.851113,40.493601],[-79.848853,40.503657999999994],[-79.850969,40.515864000000015],[-79.850196,40.521716000000005],[-79.847433,40.52619800000002],[-79.840311,40.53076100000007],[-79.835272,40.53263400000005],[-79.834731,40.531721999999995],[-79.83669000000002,40.530259],[-79.833034,40.529847000000004],[-79.82811200000002,40.52799199999999],[-79.827926,40.52457099999998],[-79.820868,40.526167],[-79.819068,40.52310000000003],[-79.820344,40.518101000000044],[-79.819677,40.517363999999986],[-79.818647,40.51830300000003],[-79.816791,40.51793599999996],[-79.816146,40.514321999999936],[-79.815186,40.51436100000004],[-79.813284,40.516516],[-79.809005,40.515903999999985],[-79.807211,40.51836899999997],[-79.806638,40.513493],[-79.804038,40.51457399999999],[-79.802312,40.51433199999998],[-79.79845,40.510193999999984],[-79.794622,40.512010999999994],[-79.79365,40.51147600000003],[-79.791452,40.506281000000065],[-79.792396,40.50314700000001],[-79.788161,40.49954700000003],[-79.788954,40.49809599999994],[-79.788652,40.49568900000004],[-79.784812,40.495415],[-79.784003,40.49472800000005],[-79.785434,40.491546],[-79.78336300000001,40.48987600000001],[-79.784069,40.48696400000002],[-79.781025,40.483926000000025],[-79.780812,40.48217899999999],[-79.77874,40.480864000000004],[-79.77992,40.47846599999997],[-79.778107,40.47824600000002],[-79.778866,40.476175],[-79.776787,40.46582499999996],[-79.777878,40.46354100000005],[-79.779202,40.46276699999998],[-79.779279,40.45989200000003],[-79.780927,40.45913200000001],[-79.782498,40.456519000000036],[-79.788001,40.45272900000003],[-79.79628,40.45010700000005],[-79.796975,40.44797200000006],[-79.796274,40.44642600000004],[-79.79789,40.441933],[-79.801908,40.44034699999996],[-79.80035,40.43950900000001],[-79.802869,40.43848399999999],[-79.802959,40.43649300000001],[-79.804535,40.43474399999999],[-79.802007,40.431725000000036],[-79.803448,40.42689999999999],[-79.808009,40.42508799999999],[-79.81816400000001,40.417646999999974],[-79.823218,40.416208],[-79.825071,40.41352400000005],[-79.824826,40.41249499999998],[-79.826704,40.41392599999995],[-79.827477,40.410062000000025],[-79.831202,40.41067199999998],[-79.831915,40.40927800000005],[-79.832647,40.40983599999999],[-79.833322,40.40532700000001],[-79.837153,40.40246400000002],[-79.838265,40.40518699999996],[-79.843836,40.40965099999998],[-79.844219,40.41224500000003],[-79.845279,40.41160999999998],[-79.849042,40.41172500000005],[-79.852959,40.40897199999993],[-79.86055,40.40902299999994],[-79.86094,40.411745000000025],[-79.864517,40.41139199999999],[-79.869512,40.414042999999985],[-79.872022,40.41256799999997],[-79.871335,40.41171800000001],[-79.874608,40.40753500000001],[-79.879436,40.404231999999936],[-79.897893,40.414953999999966],[-79.903117,40.41590700000003],[-79.910954,40.415001999999966],[-79.91540300000001,40.413225999999966],[-79.921198,40.408215999999996],[-79.927225,40.400925999999956],[-79.929157,40.39925600000005],[-79.933008,40.39763100000001],[-79.932357,40.391498999999996],[-79.92961900000002,40.38973100000004],[-79.918244,40.39930600000003],[-79.913306,40.39697200000002],[-79.916912,40.393921000000034],[-79.9149,40.393389999999954],[-79.918466,40.388474999999985],[-79.916084,40.38211300000002],[-79.917314,40.38159700000003],[-79.916241,40.38007899999998],[-79.912933,40.38085999999996],[-79.91168900000001,40.380541000000036],[-79.910477,40.37837500000001],[-79.908347,40.37815299999994],[-79.91181800000001,40.372805000000035],[-79.90854,40.370452],[-79.903438,40.37188899999999],[-79.900295,40.36525499999996],[-79.905252,40.36286099999999],[-79.904944,40.362165],[-79.907181,40.36151399999998],[-79.908208,40.36357199999999],[-79.91082100000001,40.36284899999995],[-79.911898,40.36500799999999],[-79.913313,40.364636],[-79.91373,40.36551399999999],[-79.920665,40.365360999999986],[-79.92236,40.370711999999976],[-79.923438,40.370532],[-79.924982,40.375091000000005],[-79.939439,40.373941000000045],[-79.942734,40.37596500000001],[-79.943666,40.374965000000024],[-79.9455,40.376078999999976],[-79.943332,40.37815699999996],[-79.94406,40.378573999999965],[-79.943152,40.37948399999995],[-79.935473,40.38095000000002],[-79.936124,40.38880000000002],[-79.942093,40.38821400000001],[-79.944395,40.390176999999994],[-79.947282,40.39004899999996],[-79.949202,40.39059099999996],[-79.949154,40.39122900000001],[-79.952436,40.390182999999965],[-79.957735,40.389914000000026],[-79.958046,40.39538999999999],[-79.959924,40.39559799999999],[-79.959512,40.397555999999994],[-79.962989,40.398068000000016],[-79.963904,40.39971500000004],[-79.969054,40.40046799999999],[-79.97086500000002,40.40281100000004],[-79.970106,40.40475599999998],[-79.965887,40.40723000000001],[-79.963884,40.40873700000001],[-79.96303,40.40788099999998],[-79.960909,40.407561000000044],[-79.959048,40.40974],[-79.956131,40.41030900000003],[-79.956625,40.40777399999997],[-79.956032,40.40661700000005],[-79.95492,40.40684499999993],[-79.951517,40.400028999999996],[-79.94439,40.394404000000044],[-79.93815600000002,40.39298],[-79.938793,40.395026],[-79.936713,40.395161],[-79.937758,40.396950000000004],[-79.943941,40.39777499999999],[-79.949021,40.40130599999996],[-79.951621,40.405367000000034],[-79.952955,40.410658999999974],[-79.96377,40.40950199999998],[-79.96889,40.405645],[-79.975308,40.40449600000003],[-79.979305,40.40193999999999],[-79.979867,40.39974100000005],[-79.975788,40.393122],[-79.973903,40.39343299999998],[-79.97303500000001,40.39246299999997],[-79.973083,40.388717],[-79.975413,40.38827999999998],[-79.975756,40.38721200000002],[-79.974081,40.384792],[-79.976472,40.38538599999998],[-79.97765,40.38414299999999],[-79.976142,40.381301000000015],[-79.978028,40.381847000000036],[-79.981947,40.38064200000002],[-79.982754,40.38148700000003],[-79.987979,40.38180599999999],[-79.988413,40.384736999999994],[-79.990326,40.38432400000001],[-79.991953,40.38793200000005],[-79.991867,40.38978999999996],[-79.994381,40.392532999999936],[-79.9952,40.39232099999998],[-79.995547,40.394349000000005],[-79.999614,40.39800600000002],[-80.000617,40.40207699999996],[-80.00167400000001,40.40190199999997],[-80.002656,40.404134000000006],[-80.005572,40.406496000000004],[-80.005984,40.40927800000005],[-80.00997,40.41307900000002],[-80.009563,40.414023000000014],[-80.011324,40.415163999999976]]]}},{"type":"Feature","properties":{"district":"6","population":269035,"landAreaSqMi":124.5,"topMunicipalities":[{"name":"Bensalem","classCode":"second_class_township","populationShare":0.23301429182076736},{"name":"Middletown","classCode":"second_class_township","populationShare":0.17046109242291893},{"name":"Northampton","classCode":"second_class_township","populationShare":0.14818889735536273},{"name":"Warminster","classCode":"second_class_township","populationShare":0.12445964279740539},{"name":"Warrington","classCode":"second_class_township","populationShare":0.09583139740182496}],"topCounties":[{"name":"Bucks","geoid":"42017","populationShare":1.0}],"classShares":{"borough":0.028014942293753564,"second_class_township":0.9719850577062464}},"geometry":{"type":"Polygon","coordinates":[[[-75.214133,40.257422000000034],[-75.19229,40.27867500000003],[-75.190134,40.279798],[-75.187441,40.279982999999966],[-75.185457,40.28312900000001],[-75.152016,40.26286799999997],[-75.143495,40.27140399999997],[-75.125785,40.26122300000002],[-75.119091,40.267310000000016],[-75.116154,40.265533000000005],[-75.112059,40.269671],[-75.113106,40.271858000000016],[-75.107986,40.27251199999999],[-75.101641,40.27693200000004],[-75.095455,40.27630399999999],[-75.089055,40.28274499999996],[-75.073393,40.27340700000003],[-75.074733,40.27206100000003],[-75.072702,40.27024600000003],[-75.073924,40.269485],[-75.072461,40.269071000000004],[-75.065801,40.263397000000005],[-75.061958,40.26283800000001],[-75.060227,40.266736000000044],[-75.058112,40.26898900000003],[-75.05517200000001,40.26912599999999],[-75.053524,40.26813499999999],[-75.053287,40.26579300000002],[-75.057279,40.25754800000002],[-75.054808,40.25583700000001],[-75.05357300000001,40.25588300000004],[-75.047813,40.25782200000002],[-75.044242,40.263091000000024],[-75.040852,40.26075400000003],[-75.039704,40.26169500000001],[-74.999234,40.30194900000002],[-74.955043,40.27674599999995],[-74.98561,40.24629899999997],[-74.982867,40.245656999999994],[-74.97945799999998,40.243405],[-74.978269,40.24075399999997],[-74.975595,40.23974400000006],[-74.973228,40.24061000000003],[-74.96993600000002,40.240339],[-74.971113,40.23628500000002],[-74.97423,40.233402999999946],[-74.97423,40.232007],[-74.972291,40.23083499999997],[-74.966532,40.230021999999984],[-74.964652,40.228670999999956],[-74.96277200000002,40.22601200000001],[-74.96536,40.221598000000036],[-74.957194,40.218126999999996],[-74.955141,40.21254000000003],[-74.95308500000002,40.21150300000001],[-74.94441,40.21145299999996],[-74.94331000000001,40.214175000000004],[-74.916347,40.22103599999996],[-74.910629,40.222041000000026],[-74.902454,40.221339999999955],[-74.887551,40.224735],[-74.876712,40.200010999999996],[-74.874369,40.20053599999997],[-74.870926,40.19269400000003],[-74.86941,40.192728],[-74.869379,40.18389500000004],[-74.870121,40.18380200000003],[-74.869763,40.18079899999998],[-74.871228,40.175516999999964],[-74.86876600000001,40.16581100000004],[-74.86978700000002,40.16572399999993],[-74.870101,40.164478000000024],[-74.864538,40.16005499999994],[-74.860969,40.15894000000004],[-74.862069,40.15679600000001],[-74.855432,40.15423599999999],[-74.887807,40.132134],[-74.898451,40.132235000000016],[-74.89823,40.13115799999999],[-74.901031,40.127096],[-74.902824,40.11957999999999],[-74.905363,40.116981000000024],[-74.90256,40.10403100000003],[-74.90591,40.09990699999996],[-74.91021100000002,40.098855000000015],[-74.912721,40.09702300000001],[-74.914953,40.08860399999999],[-74.913444,40.08580399999995],[-74.910715,40.08450899999998],[-74.90967,40.082678999999985],[-74.90910300000002,40.07050499999998],[-74.914224,40.07035399999998],[-74.921898,40.07144599999999],[-74.930642,40.06953700000001],[-74.966891,40.05271599999998],[-74.973981,40.048594999999985],[-74.97973500000002,40.053547],[-74.983194,40.054222999999986],[-74.985186,40.05710599999996],[-74.980437,40.06030399999998],[-74.980838,40.066102000000015],[-74.972445,40.07223500000003],[-74.971062,40.07373099999998],[-74.970837,40.076213000000045],[-74.963145,40.07732599999998],[-74.958382,40.08395699999996],[-74.957936,40.09042300000002],[-74.955777,40.09510299999998],[-74.961787,40.097772999999975],[-74.96088600000002,40.10310399999998],[-74.963962,40.10563599999997],[-74.963335,40.106872],[-74.96505600000002,40.10721499999997],[-74.965607,40.10809100000001],[-74.963709,40.10986700000004],[-74.964155,40.11337300000003],[-74.963168,40.11481600000001],[-74.963174,40.11667499999998],[-74.964612,40.118476000000015],[-74.969202,40.116816999999955],[-74.972961,40.11980299999999],[-74.97593100000002,40.12045700000004],[-74.979132,40.11934300000004],[-74.980215,40.120015000000016],[-74.982515,40.11998900000002],[-74.98308100000001,40.12079699999999],[-74.982253,40.12189499999999],[-74.98343200000001,40.12361999999999],[-74.984983,40.12389600000001],[-74.986491,40.123039000000006],[-74.988632,40.124416000000075],[-74.98915600000001,40.126162000000036],[-74.99435,40.126219000000006],[-74.992744,40.13050500000004],[-74.993894,40.131883000000016],[-74.997885,40.127816],[-75.126276,40.20381100000004],[-75.214133,40.257422000000034]]]}},{"type":"Feature","properties":{"district":"14","population":263021,"landAreaSqMi":183.3,"topMunicipalities":[{"name":"Allentown","classCode":"third_class_city","populationShare":0.4438492389533914},{"name":"Whitehall","classCode":"first_class_township","populationShare":0.11074418387651273},{"name":"Salisbury","classCode":"first_class_township","populationShare":0.05172598948228363},{"name":"Emmaus","classCode":"borough","populationShare":0.0445858639219949},{"name":"Hanover","classCode":"second_class_township","populationShare":0.044494616311000726}],"topCounties":[{"name":"Lehigh","geoid":"42077","populationShare":0.7367012164927167},{"name":"Northampton","geoid":"42095","populationShare":0.26329878350728314}],"classShares":{"borough":0.17027944806637532,"first_class_township":0.18513417276078364,"second_class_township":0.20073714021944952,"third_class_city":0.4438492389533914}},"geometry":{"type":"Polygon","coordinates":[[[-75.60889700000001,40.78739599999998],[-75.602608,40.788043000000016],[-75.598411,40.79012399999997],[-75.595453,40.79330200000005],[-75.57748800000002,40.79941399999997],[-75.57482,40.79914799999999],[-75.56509100000001,40.801104999999964],[-75.557532,40.80118800000001],[-75.55135900000002,40.80455200000004],[-75.541549,40.806815000000036],[-75.528444,40.80672499999998],[-75.519045,40.808813],[-75.508018,40.80910100000002],[-75.478546,40.81308400000002],[-75.472541,40.81505500000002],[-75.44245,40.818367],[-75.42049,40.823451000000006],[-75.416759,40.826101999999985],[-75.383266,40.831037],[-75.339791,40.84594399999995],[-75.320931,40.855657000000015],[-75.316135,40.85657799999996],[-75.279254,40.77516399999999],[-75.276117,40.75849800000003],[-75.339102,40.75288000000001],[-75.33863400000001,40.74898799999997],[-75.346503,40.74500900000003],[-75.346016,40.74218899999999],[-75.383432,40.73797800000003],[-75.37283000000001,40.66627099999999],[-75.375613,40.666257000000016],[-75.381368,40.66087999999996],[-75.379697,40.65711999999999],[-75.381595,40.65363900000001],[-75.381673,40.65159099999999],[-75.37966,40.64807999999999],[-75.38164400000001,40.647324],[-75.385195,40.64739999999998],[-75.387272,40.645920999999994],[-75.396869,40.644551000000014],[-75.395938,40.63956899999998],[-75.39258,40.63937300000003],[-75.387464,40.63312199999999],[-75.392891,40.63441499999995],[-75.406783,40.64630599999999],[-75.419067,40.65834199999999],[-75.420288,40.658683999999965],[-75.423061,40.657989000000036],[-75.422704,40.656983000000025],[-75.42605000000002,40.65586400000003],[-75.425936,40.65519500000001],[-75.428835,40.654968],[-75.430028,40.651102999999985],[-75.428831,40.65098100000004],[-75.430258,40.649260000000055],[-75.43125600000002,40.64421499999998],[-75.426516,40.64262700000001],[-75.425685,40.63812199999998],[-75.422054,40.63433299999999],[-75.419638,40.61609700000004],[-75.415242,40.61692499999998],[-75.41152,40.61644299999998],[-75.406584,40.61219599999998],[-75.388559,40.61442299999995],[-75.391275,40.59655099999999],[-75.40441200000001,40.58115400000001],[-75.40382200000002,40.58078700000005],[-75.407705,40.57989599999997],[-75.417273,40.573932000000006],[-75.42789400000001,40.56942300000003],[-75.448809,40.562051999999994],[-75.468611,40.53700899999998],[-75.473954,40.53521799999996],[-75.475574,40.53011899999998],[-75.481745,40.534223999999966],[-75.484494,40.531028999999975],[-75.480144,40.528938],[-75.484283,40.528729999999996],[-75.485131,40.52776899999999],[-75.487896,40.52942100000001],[-75.495505,40.524190000000026],[-75.50440100000002,40.516658],[-75.510041,40.517670000000045],[-75.511712,40.519735999999995],[-75.51297900000002,40.51876399999996],[-75.516432,40.51938899999994],[-75.513576,40.52169299999997],[-75.51578100000002,40.52401299999999],[-75.512866,40.527403999999954],[-75.516884,40.529704],[-75.514272,40.532520999999996],[-75.512517,40.53171899999996],[-75.511919,40.53248500000002],[-75.509419,40.53214099999997],[-75.51004000000002,40.53268199999998],[-75.50713200000001,40.535980000000016],[-75.510593,40.53783500000002],[-75.515094,40.537110999999996],[-75.51449200000002,40.53608200000004],[-75.515541,40.53531100000002],[-75.518788,40.53709999999998],[-75.520099,40.540460999999986],[-75.518629,40.540354999999984],[-75.517103,40.542061999999966],[-75.513039,40.539880000000004],[-75.510119,40.54124900000003],[-75.508787,40.540524999999995],[-75.506216,40.54347300000001],[-75.501129,40.54389300000005],[-75.499162,40.54576400000002],[-75.497406,40.54523299999998],[-75.499469,40.546323],[-75.499957,40.54585599999998],[-75.530304,40.565393],[-75.511286,40.582519000000026],[-75.501189,40.58427600000002],[-75.496774,40.58754099999999],[-75.495793,40.58709300000001],[-75.491989,40.588858999999985],[-75.482603,40.590949],[-75.479735,40.59531899999999],[-75.481739,40.599472999999975],[-75.523934,40.587633999999966],[-75.52547900000002,40.589243],[-75.531688,40.585490999999976],[-75.54096,40.583174999999976],[-75.550201,40.586314999999985],[-75.569667,40.59136100000004],[-75.574696,40.594812999999995],[-75.531741,40.60973199999998],[-75.536014,40.61935000000002],[-75.536331,40.625597999999975],[-75.540056,40.63110599999995],[-75.537137,40.632621999999984],[-75.537005,40.63366899999999],[-75.53506,40.63428600000003],[-75.532198,40.634620999999974],[-75.530963,40.633393000000034],[-75.528254,40.63286300000004],[-75.526248,40.633629999999926],[-75.526355,40.634836000000035],[-75.523722,40.63433599999998],[-75.515004,40.63620300000004],[-75.515306,40.63920499999998],[-75.535337,40.661250999999965],[-75.547495,40.69102600000004],[-75.515628,40.70219599999996],[-75.52255600000001,40.713486999999986],[-75.525528,40.72009499999999],[-75.526236,40.732703],[-75.530149,40.73634300000001],[-75.535761,40.73771000000003],[-75.538918,40.737055],[-75.540555,40.735619],[-75.541806,40.727918000000024],[-75.543596,40.72566200000004],[-75.547934,40.72318099999997],[-75.556437,40.720790000000015],[-75.561298,40.72183800000003],[-75.567801,40.725927000000006],[-75.570634,40.732470000000006],[-75.573084,40.73438400000001],[-75.577118,40.735223],[-75.587902,40.73388699999995],[-75.591326,40.73505499999997],[-75.601926,40.750094999999995],[-75.603569,40.756804999999986],[-75.60287,40.76595599999995],[-75.606659,40.77131899999998],[-75.60659,40.773006999999986],[-75.604665,40.775776999999955],[-75.604795,40.77771900000003],[-75.605459,40.78078300000003],[-75.60889700000001,40.78739599999998]]]}},{"type":"Feature","properties":{"district":"36","population":270007,"landAreaSqMi":333.7,"topMunicipalities":[{"name":"Manheim","classCode":"first_class_township","populationShare":0.1629883669682643},{"name":"East Hempfield","classCode":"second_class_township","populationShare":0.09816412167091933},{"name":"Warwick","classCode":"second_class_township","populationShare":0.07069816708455728},{"name":"West Hempfield","classCode":"second_class_township","populationShare":0.06340205994659387},{"name":"Ephrata","classCode":"borough","populationShare":0.050846829897002656}],"topCounties":[{"name":"Lancaster","geoid":"42071","populationShare":1.0}],"classShares":{"borough":0.29267389363979435,"first_class_township":0.1629883669682643,"second_class_township":0.5443377393919413}},"geometry":{"type":"MultiPolygon","coordinates":[[[[-76.287156,40.05024499999998],[-76.283601,40.05084499999999],[-76.279536,40.05025300000001],[-76.278073,40.04968999999996],[-76.27796000000001,40.04844800000001],[-76.279412,40.047498000000004],[-76.282459,40.04703600000003],[-76.282339,40.04890099999998],[-76.28399,40.049544],[-76.28699,40.049423000000004],[-76.287156,40.05024499999998]]],[[[-76.28774400000002,40.04384100000005],[-76.286974,40.043499],[-76.286187,40.044801],[-76.28538,40.044493000000024],[-76.286721,40.04315899999999],[-76.28761700000001,40.043063999999994],[-76.28774400000002,40.04384100000005]]],[[[-76.287849,40.04462800000001],[-76.287881,40.04604199999997],[-76.287607,40.044653],[-76.287849,40.04462800000001]]],[[[-76.289201,40.05189300000004],[-76.285619,40.05132799999998],[-76.285482,40.05094],[-76.288911,40.050056999999995],[-76.289201,40.05189300000004]]],[[[-76.300478,40.05360199999999],[-76.299648,40.05347199999999],[-76.299677,40.053143999999996],[-76.300389,40.053079000000004],[-76.300478,40.05360199999999]]],[[[-76.313568,40.05563399999999],[-76.31079700000001,40.05515200000001],[-76.310216,40.05343],[-76.30549,40.05396799999998],[-76.30236600000002,40.05357099999994],[-76.30323,40.05282900000003],[-76.313462,40.05217599999999],[-76.313645,40.053332000000005],[-76.31208,40.05347900000001],[-76.313381,40.053751999999996],[-76.312316,40.05487999999995],[-76.313568,40.05563399999999]]],[[[-76.316403,40.05872599999997],[-76.316276,40.05988900000002],[-76.315603,40.059438000000014],[-76.316403,40.05872599999997]]],[[[-76.323203,40.06165100000001],[-76.32327,40.06274999999998],[-76.321779,40.062834999999986],[-76.323203,40.06165100000001]]],[[[-76.323936,40.06227900000002],[-76.3237,40.06310299999999],[-76.32327,40.06274999999998],[-76.323936,40.06227900000002]]],[[[-76.326552,40.064354],[-76.325835,40.06487799999999],[-76.323626,40.063850000000016],[-76.325721,40.063491000000056],[-76.326552,40.064354]]],[[[-76.326498,40.06120700000002],[-76.32565,40.061486],[-76.32572700000001,40.06111599999995],[-76.326498,40.06120700000002]]],[[[-76.72162,40.120069999999934],[-76.715907,40.13147899999999],[-76.70929,40.134642000000014],[-76.706626,40.13507299999997],[-76.706999,40.13607000000003],[-76.710013,40.13670800000004],[-76.709865,40.13763699999999],[-76.704548,40.14408599999996],[-76.69932800000001,40.14529599999998],[-76.698916,40.14842399999999],[-76.69615800000001,40.150117000000044],[-76.695576,40.15155699999998],[-76.696186,40.152932],[-76.695594,40.15409700000003],[-76.697641,40.15586600000002],[-76.697352,40.15664000000002],[-76.692316,40.15740999999999],[-76.690971,40.15666700000005],[-76.691676,40.15428700000002],[-76.689939,40.15223799999997],[-76.690135,40.148113999999985],[-76.683151,40.15179499999994],[-76.680859,40.15098600000003],[-76.68061200000001,40.149063000000005],[-76.677209,40.14888600000001],[-76.676299,40.15320800000006],[-76.674223,40.15439999999996],[-76.672209,40.15387399999999],[-76.670563,40.15448700000003],[-76.6728,40.157498999999966],[-76.668531,40.15971100000001],[-76.666569,40.161526],[-76.666209,40.16321000000001],[-76.662043,40.163467000000026],[-76.66098800000002,40.16510099999997],[-76.654936,40.16394500000004],[-76.653104,40.166049999999984],[-76.644338,40.16479400000001],[-76.640611,40.167269000000026],[-76.63841,40.16673799999999],[-76.636511,40.168157],[-76.637272,40.169364000000016],[-76.634347,40.170995],[-76.633825,40.17009700000004],[-76.632102,40.17061599999995],[-76.62797300000001,40.17508499999999],[-76.62625600000001,40.17825599999999],[-76.625176,40.17805799999997],[-76.621189,40.17984099999995],[-76.619482,40.17930299999999],[-76.616279,40.180367000000004],[-76.614514,40.18181300000002],[-76.614767,40.182452000000055],[-76.61221500000002,40.183945000000044],[-76.612937,40.18548499999999],[-76.609866,40.18807399999997],[-76.607817,40.18844099999999],[-76.608253,40.18922500000001],[-76.606519,40.189989999999995],[-76.599865,40.18826399999996],[-76.596189,40.188826999999996],[-76.59567,40.189735999999996],[-76.594293,40.18907100000003],[-76.588399,40.19055799999998],[-76.586,40.18954400000001],[-76.583851,40.19098800000001],[-76.58274300000001,40.190856999999994],[-76.580708,40.19468699999998],[-76.575079,40.194149999999986],[-76.572902,40.195002000000024],[-76.572316,40.19434599999996],[-76.57026,40.19455900000005],[-76.567018,40.195554000000016],[-76.566339,40.19664400000001],[-76.55614600000001,40.20001999999999],[-76.43541000000002,40.238221],[-76.307578,40.255066000000014],[-76.28395,40.26436899999997],[-76.279861,40.26414799999997],[-76.278719,40.263898],[-76.278742,40.26311299999998],[-76.279115,40.26067800000002],[-76.280227,40.260121999999996],[-76.28107600000001,40.25796700000003],[-76.280736,40.25151600000001],[-76.281263,40.24975100000001],[-76.282094,40.24961400000004],[-76.281467,40.24495300000004],[-76.28259400000002,40.24189200000002],[-76.28042,40.234298000000024],[-76.278923,40.23332500000001],[-76.279331,40.232578000000004],[-76.277295,40.23046699999998],[-76.277633,40.228879000000006],[-76.275942,40.22707700000002],[-76.273323,40.226730000000025],[-76.270484,40.22731299999996],[-76.267742,40.226584999999965],[-76.265861,40.225458000000025],[-76.265509,40.22405299999997],[-76.257599,40.22009999999999],[-76.257518,40.218229999999984],[-76.255912,40.21569199999999],[-76.260211,40.206717],[-76.259923,40.203624],[-76.263567,40.19521500000001],[-76.266743,40.19312099999996],[-76.267339,40.18853900000003],[-76.26401,40.18818199999998],[-76.26361700000001,40.18673699999999],[-76.266058,40.18287399999997],[-76.257052,40.182014],[-76.243217,40.18740100000004],[-76.225775,40.188459999999964],[-76.211205,40.200314],[-76.21188100000002,40.20072799999994],[-76.209923,40.20210100000002],[-76.166134,40.211504000000005],[-76.16292,40.209535],[-76.151815,40.196217999999995],[-76.145739,40.19484100000001],[-76.142272,40.191431000000016],[-76.135353,40.190873000000025],[-76.135353,40.189935999999946],[-76.134048,40.18963500000002],[-76.133118,40.18781200000002],[-76.131134,40.18734499999998],[-76.123833,40.182918],[-76.122693,40.180634000000055],[-76.120783,40.18003399999999],[-76.117463,40.17733099999998],[-76.11059100000001,40.175052999999984],[-76.106235,40.169608999999994],[-76.104986,40.17233900000003],[-76.094008,40.16634300000002],[-76.086955,40.17711300000002],[-76.084667,40.176989],[-76.082372,40.17587899999999],[-76.0809,40.174226000000026],[-76.04658000000002,40.05323500000001],[-76.05084800000002,40.054578999999976],[-76.058552,40.05859199999999],[-76.07001,40.05931500000002],[-76.081881,40.062817000000045],[-76.096163,40.069292999999995],[-76.099612,40.071587999999984],[-76.104926,40.07244899999995],[-76.117144,40.08306300000005],[-76.128843,40.090442000000046],[-76.129548,40.09155100000001],[-76.152533,40.092655999999984],[-76.177454,40.09687799999998],[-76.197381,40.10354599999998],[-76.226474,40.11509400000005],[-76.228877,40.111495999999974],[-76.226186,40.10798999999999],[-76.226559,40.106686],[-76.228817,40.10635000000002],[-76.230512,40.10696699999997],[-76.234482,40.110873000000005],[-76.23845,40.10793999999999],[-76.237421,40.104019999999984],[-76.237913,40.10272499999998],[-76.240434,40.10279499999998],[-76.244456,40.107618000000016],[-76.24633,40.10751299999997],[-76.248281,40.10567699999995],[-76.247657,40.10241599999997],[-76.244613,40.09667400000003],[-76.246597,40.095349999999996],[-76.250274,40.096586999999985],[-76.252238,40.09518300000004],[-76.247916,40.08802499999999],[-76.248373,40.086369999999995],[-76.251732,40.085074000000034],[-76.261405,40.086843],[-76.265407,40.08482299999998],[-76.265019,40.083052000000016],[-76.261003,40.081596000000005],[-76.25940600000001,40.07898199999997],[-76.259682,40.07637099999998],[-76.262854,40.073526000000044],[-76.263232,40.071723000000006],[-76.25704,40.066857999999996],[-76.256637,40.06542300000002],[-76.257511,40.064594000000014],[-76.266282,40.061937000000015],[-76.268495,40.05993900000004],[-76.27275800000001,40.058547],[-76.272601,40.05208000000002],[-76.278195,40.051671000000006],[-76.278982,40.052718999999975],[-76.278827,40.05535300000003],[-76.280828,40.05786199999999],[-76.289254,40.05205999999998],[-76.288044,40.05377999999998],[-76.290341,40.05515300000002],[-76.291471,40.054038999999996],[-76.295846,40.05356900000004],[-76.297201,40.054410000000004],[-76.297602,40.05345500000003],[-76.301779,40.05414899999998],[-76.29713,40.059023999999994],[-76.298194,40.06025000000003],[-76.301907,40.05986999999996],[-76.301374,40.05656000000002],[-76.305609,40.05623599999998],[-76.30533,40.054705000000006],[-76.317276,40.05642499999998],[-76.316841,40.05680000000002],[-76.318345,40.057768],[-76.317614,40.05839500000001],[-76.320038,40.060045],[-76.32162099999998,40.06137200000005],[-76.32092800000001,40.06184200000001],[-76.318805,40.05927],[-76.317768,40.05858100000001],[-76.316976,40.058989000000025],[-76.317442,40.05836400000001],[-76.316196,40.058509999999984],[-76.316834,40.057959999999994],[-76.315709,40.057773999999995],[-76.316077,40.05739500000002],[-76.314169,40.05708100000001],[-76.31460300000002,40.058630999999984],[-76.31571500000001,40.05820500000003],[-76.314969,40.05916299999998],[-76.312623,40.05979799999999],[-76.313824,40.06262299999994],[-76.31632100000002,40.06265800000001],[-76.31662400000002,40.06336499999997],[-76.31417200000001,40.063468000000015],[-76.314585,40.064470999999955],[-76.31585900000002,40.06421700000003],[-76.316609,40.06570099999998],[-76.315348,40.06643700000004],[-76.315647,40.06726499999998],[-76.318445,40.07091599999999],[-76.323798,40.06946800000001],[-76.325335,40.07293900000001],[-76.326151,40.072728000000076],[-76.327095,40.07212600000002],[-76.32599500000002,40.06863000000001],[-76.328747,40.06730599999999],[-76.328525,40.06633499999998],[-76.331843,40.065603],[-76.330982,40.06474900000002],[-76.328276,40.065349],[-76.328005,40.06446399999999],[-76.330203,40.063977000000015],[-76.326143,40.059986999999964],[-76.334587,40.068226999999986],[-76.341795,40.072657000000035],[-76.343524,40.06697599999997],[-76.345185,40.06724300000002],[-76.346041,40.065416000000006],[-76.343007,40.065150999999986],[-76.340208,40.063885000000056],[-76.339731,40.06443400000002],[-76.337878,40.06397200000001],[-76.338585,40.06295799999997],[-76.334947,40.059850000000054],[-76.329273,40.062447999999954],[-76.328581,40.061772000000026],[-76.334381,40.059298000000034],[-76.331237,40.05691800000004],[-76.329943,40.05716099999998],[-76.33007100000002,40.05628999999998],[-76.329173,40.057131000000005],[-76.326718,40.05703400000003],[-76.322462,40.055541000000034],[-76.323806,40.05307999999998],[-76.32292600000001,40.05351700000002],[-76.322936,40.052633],[-76.321217,40.05476099999998],[-76.319844,40.05349300000002],[-76.321041,40.05276500000003],[-76.321129,40.051695000000045],[-76.319851,40.05104],[-76.321372,40.05171400000002],[-76.321677,40.05103500000001],[-76.326925,40.05026399999996],[-76.342078,40.05314599999998],[-76.341405,40.05121599999995],[-76.34533700000001,40.04439199999999],[-76.342953,40.041239000000026],[-76.34289,40.03805599999999],[-76.35292700000001,40.03807800000002],[-76.366386,40.03994399999996],[-76.375003,40.040049],[-76.388285,40.04136399999997],[-76.40726000000001,40.03742500000004],[-76.418705,40.03733799999998],[-76.418589,40.035485999999985],[-76.422111,40.035668],[-76.433154,40.03266399999998],[-76.451582,40.02485399999998],[-76.45649700000001,40.020727999999984],[-76.477086,40.02164399999999],[-76.47677300000001,40.02016900000005],[-76.488421,40.018950999999994],[-76.489026,40.020654],[-76.512236,40.01344200000001],[-76.51363800000001,40.01562300000001],[-76.520902,40.02043700000002],[-76.52672600000001,40.02598],[-76.527593,40.028692],[-76.529813,40.03110200000003],[-76.530033,40.03356399999999],[-76.531995,40.03610500000001],[-76.531552,40.046157],[-76.53257,40.049282999999996],[-76.534437,40.05132299999998],[-76.541455,40.05103700000001],[-76.555823,40.04637300000002],[-76.57314100000002,40.045821000000046],[-76.59581900000002,40.05151399999993],[-76.613866,40.054547000000014],[-76.622323,40.05500299999997],[-76.63581,40.05836400000001],[-76.639726,40.058512000000036],[-76.641144,40.059491000000016],[-76.643902,40.05953600000003],[-76.644508,40.05806900000003],[-76.647704,40.058583],[-76.65372200000002,40.05981300000002],[-76.663825,40.06322700000001],[-76.670997,40.06877399999999],[-76.675504,40.07359599999998],[-76.676042,40.075987000000026],[-76.680428,40.08319199999999],[-76.693163,40.09876199999996],[-76.710932,40.11384299999998],[-76.72162,40.120069999999934]]]]}},{"type":"Feature","properties":{"district":"44","population":268149,"landAreaSqMi":357.3,"topMunicipalities":[{"name":"Lower Providence","classCode":"second_class_township","populationShare":0.09611447366948977},{"name":"Upper Providence","classCode":"second_class_township","populationShare":0.09098672752835185},{"name":"Uwchlan","classCode":"second_class_township","populationShare":0.07171758984743562},{"name":"Phoenixville","classCode":"borough","populationShare":0.07108734323081559},{"name":"Caln","classCode":"first_class_township","populationShare":0.054279523697645736}],"topCounties":[{"name":"Chester","geoid":"42029","populationShare":0.7609724444245548},{"name":"Montgomery","geoid":"42091","populationShare":0.20541564577902596},{"name":"Berks","geoid":"42011","populationShare":0.03361190979641913}],"classShares":{"borough":0.15404868188954637,"first_class_township":0.054279523697645736,"second_class_township":0.7916717944128079}},"geometry":{"type":"Polygon","coordinates":[[[-75.994629,39.95242899999996],[-75.991108,39.95657800000002],[-75.990433,39.959263],[-75.98627600000002,39.96356499999996],[-75.986301,39.967846],[-75.93587000000001,40.03746600000004],[-75.934332,40.047566000000046],[-75.936225,40.065284999999996],[-75.936135,40.078585000000025],[-75.942997,40.109266000000005],[-75.912548,40.12063299999998],[-75.873173,40.13718100000003],[-75.807866,40.177654000000025],[-75.845179,40.211826000000066],[-75.81977,40.237805999999985],[-75.808579,40.25232499999998],[-75.812989,40.25502800000004],[-75.82561,40.25671399999996],[-75.819555,40.27097599999998],[-75.815658,40.26851499999999],[-75.811008,40.26771399999998],[-75.808165,40.268280000000004],[-75.805548,40.270279999999985],[-75.803641,40.27072300000006],[-75.795628,40.27093500000001],[-75.795478,40.271699999999996],[-75.79442,40.27176900000003],[-75.787662,40.270708999999975],[-75.78411,40.26921099999995],[-75.777134,40.263374999999975],[-75.775089,40.260514000000015],[-75.771396,40.258355000000016],[-75.757357,40.26045999999999],[-75.74690300000002,40.259773000000024],[-75.736527,40.261123],[-75.734652,40.25987000000001],[-75.73249800000002,40.25589900000001],[-75.724993,40.24963199999998],[-75.712215,40.247225],[-75.70055,40.24354399999994],[-75.69596900000002,40.24132499999999],[-75.689763,40.23634399999996],[-75.685578,40.236574999999995],[-75.676934,40.24216300000002],[-75.669599,40.244905000000045],[-75.664036,40.244900000000044],[-75.656815,40.24123599999997],[-75.651074,40.242077],[-75.640254,40.237054000000036],[-75.634769,40.235871000000024],[-75.625998,40.23198599999999],[-75.619998,40.230299999999936],[-75.616038,40.224658000000005],[-75.61237300000002,40.222997000000014],[-75.606629,40.224309],[-75.603173,40.227006000000046],[-75.60370300000001,40.229549],[-75.607468,40.232773],[-75.607258,40.235817999999995],[-75.603221,40.23806999999999],[-75.59882900000001,40.23753000000004],[-75.59607700000001,40.23588199999998],[-75.594747,40.230373000000036],[-75.58775700000001,40.214449],[-75.581759,40.207512],[-75.57869,40.20000300000001],[-75.575693,40.19705699999998],[-75.572463,40.194879],[-75.569146,40.193985],[-75.567015,40.19427999999998],[-75.563525,40.19678499999999],[-75.562235,40.20056199999999],[-75.56496700000001,40.20753600000001],[-75.563995,40.20934499999996],[-75.561125,40.20981499999997],[-75.558111,40.20829000000003],[-75.55621100000002,40.205700999999934],[-75.549174,40.18954199999999],[-75.548405,40.18896499999997],[-75.545029,40.190132999999996],[-75.54089000000002,40.19377800000001],[-75.539728,40.192959999999964],[-75.53874100000002,40.193792999999985],[-75.53555200000001,40.19171000000001],[-75.531987,40.19518799999999],[-75.526708,40.191449000000006],[-75.532801,40.186404999999986],[-75.53004300000002,40.18463400000002],[-75.490078,40.22454400000002],[-75.47027300000002,40.212835999999996],[-75.485905,40.204589000000034],[-75.48544,40.204123999999965],[-75.490835,40.20251400000001],[-75.495999,40.19745699999995],[-75.494161,40.196273999999995],[-75.460435,40.176481999999965],[-75.459014,40.17784399999999],[-75.451322,40.17328400000003],[-75.450156,40.173987000000004],[-75.44816000000002,40.17786800000001],[-75.447367,40.18191900000001],[-75.450249,40.19542200000001],[-75.44979,40.20014400000001],[-75.376116,40.155870999999976],[-75.424652,40.108531000000006],[-75.424332,40.107905999999986],[-75.430873,40.110146999999984],[-75.433364,40.110286999999985],[-75.443776,40.10896200000001],[-75.44941400000002,40.10748400000006],[-75.461729,40.10303499999997],[-75.462926,40.09725299999999],[-75.457588,40.095138999999996],[-75.456624,40.093854],[-75.530434,40.07490600000002],[-75.506964,40.045444000000025],[-75.575232,40.016386000000026],[-75.589387,40.03611500000001],[-75.588331,40.03650600000001],[-75.588757,40.037263000000024],[-75.60131,40.05431599999998],[-75.628132,40.04586800000004],[-75.627369,40.044884000000025],[-75.631102,40.04492099999997],[-75.673653,40.031918000000054],[-75.707805,40.028345999999935],[-75.706058,40.02392],[-75.70718,40.01850899999997],[-75.706347,40.01711199999997],[-75.704261,40.016045],[-75.70431499999998,40.014728999999996],[-75.705834,40.013371000000014],[-75.718468,40.01240800000003],[-75.719432,40.01045999999997],[-75.71720500000002,40.00960699999997],[-75.716557,40.00431899999998],[-75.719098,40.00346199999996],[-75.724555,40.003101000000015],[-75.724453,40.00230800000001],[-75.7269,40.00099400000004],[-75.727146,39.99997799999999],[-75.727044,39.99876800000005],[-75.724024,39.999126000000004],[-75.723702,39.996787000000005],[-75.715524,39.99696900000001],[-75.715345,39.99542200000003],[-75.728083,39.992547],[-75.750125,39.99056199999998],[-75.749806,39.98680599999999],[-75.785058,39.98398199999999],[-75.797714,39.98115700000001],[-75.798744,39.98798200000004],[-75.806372,39.98863800000004],[-75.806737,39.99159000000001],[-75.810015,39.99551700000005],[-75.81450000000001,40.00440799999999],[-75.825047,40.00521100000001],[-75.873441,39.994231000000006],[-75.878425,39.986366000000025],[-75.87817,39.97141400000003],[-75.879238,39.966481],[-75.878584,39.961550000000024],[-75.904792,39.95521700000001],[-75.90765,39.953582000000054],[-75.984848,39.93786900000002],[-75.98737,39.93993000000003],[-75.98821,39.93968299999999],[-75.98984,39.94504599999998],[-75.992169,39.945560999999984],[-75.99104,39.94757600000001],[-75.994629,39.95242899999996]]]}},{"type":"Feature","properties":{"district":"12","population":264590,"landAreaSqMi":146.0,"topMunicipalities":[{"name":"Upper Dublin","classCode":"first_class_township","populationShare":0.10160015561420387},{"name":"Horsham","classCode":"second_class_township","populationShare":0.10090716958513743},{"name":"Upper Moreland","classCode":"first_class_township","populationShare":0.09846565373990007},{"name":"Montgomery","classCode":"second_class_township","populationShare":0.09805747462026289},{"name":"Whitpain","classCode":"second_class_township","populationShare":0.07690019025239893}],"topCounties":[{"name":"Montgomery","geoid":"42091","populationShare":1.0}],"classShares":{"borough":0.18332533682522525,"first_class_township":0.3930263107905343,"second_class_township":0.4236483523842404}},"geometry":{"type":"Polygon","coordinates":[[[-75.443048,40.331494],[-75.431589,40.33920200000002],[-75.413547,40.357706999999984],[-75.413007,40.363288],[-75.402254,40.36961999999996],[-75.294304,40.30435900000001],[-75.198552,40.248175],[-75.126276,40.20381100000004],[-75.015066,40.137991999999976],[-75.020571,40.132274],[-75.058342,40.10589199999995],[-75.132968,40.15086400000005],[-75.150422,40.134070999999985],[-75.14984,40.133667],[-75.151667,40.13193900000005],[-75.151095,40.13161999999997],[-75.161595,40.12073400000003],[-75.164634,40.118134000000005],[-75.167003,40.11818800000002],[-75.171088,40.11412199999996],[-75.171439,40.11303199999998],[-75.170178,40.11238300000004],[-75.170513,40.11177899999999],[-75.233397,40.150590999999984],[-75.297373,40.08290300000001],[-75.305068,40.08746699999998],[-75.316395,40.075868000000014],[-75.320128,40.081709000000025],[-75.321392,40.09783899999999],[-75.322308,40.10001400000003],[-75.326924,40.105214000000004],[-75.316659,40.124793999999994],[-75.298153,40.14315900000002],[-75.355317,40.17576699999999],[-75.376116,40.155870999999976],[-75.410683,40.17609799999998],[-75.369645,40.216694000000025],[-75.355792,40.229202],[-75.328098,40.21264699999999],[-75.279318,40.185718999999956],[-75.245484,40.21866700000001],[-75.267427,40.23185399999997],[-75.269392,40.23052199999999],[-75.27151,40.23055700000001],[-75.277991,40.22345399999998],[-75.27963300000002,40.223004],[-75.280618,40.22650499999997],[-75.291932,40.233233000000006],[-75.29007400000002,40.235166999999954],[-75.303337,40.24342799999997],[-75.297319,40.24964999999999],[-75.336964,40.27363099999999],[-75.338395,40.27252099999995],[-75.350374,40.279936999999975],[-75.355673,40.27458699999998],[-75.385645,40.29269199999998],[-75.386629,40.29169000000001],[-75.405475,40.30153199999999],[-75.417919,40.30878700000001],[-75.41786,40.31034400000001],[-75.429527,40.314676999999996],[-75.429211,40.31600499999999],[-75.43529400000001,40.31953799999998],[-75.43587,40.32435799999998],[-75.443048,40.331494]]]}},{"type":"Feature","properties":{"district":"17","population":259171,"landAreaSqMi":81.8,"topMunicipalities":[{"name":"Lower Merion","classCode":"first_class_township","populationShare":0.2465669384306116},{"name":"Haverford","classCode":"first_class_township","populationShare":0.1947170015163731},{"name":"Norristown","classCode":"borough","populationShare":0.13806328640164214},{"name":"Upper Merion","classCode":"second_class_township","populationShare":0.1322447341716473},{"name":"Radnor","classCode":"first_class_township","populationShare":0.1291271014118092}],"topCounties":[{"name":"Montgomery","geoid":"42091","populationShare":0.6761558970718177},{"name":"Delaware","geoid":"42045","populationShare":0.32384410292818233}],"classShares":{"borough":0.18076096476843476,"first_class_township":0.6329334686365372,"second_class_township":0.18630556659502803}},"geometry":{"type":"Polygon","coordinates":[[[-75.463053,40.09767799999999],[-75.461729,40.10303499999997],[-75.44941400000002,40.10748400000006],[-75.443776,40.10896200000001],[-75.433364,40.110286999999985],[-75.430873,40.110146999999984],[-75.424332,40.107905999999986],[-75.424652,40.108531000000006],[-75.355317,40.17576699999999],[-75.298153,40.14315900000002],[-75.316659,40.124793999999994],[-75.326924,40.105214000000004],[-75.322308,40.10001400000003],[-75.321392,40.09783899999999],[-75.320128,40.081709000000025],[-75.315655,40.074622999999995],[-75.309584,40.070442000000014],[-75.305626,40.06896500000001],[-75.301036,40.06904100000003],[-75.28757100000001,40.072503],[-75.282605,40.07301299999997],[-75.277786,40.069168000000026],[-75.27514,40.065218],[-75.25962100000001,40.04923799999994],[-75.249039,40.041848000000044],[-75.24524000000001,40.03736300000001],[-75.231987,40.027994999999954],[-75.218888,40.02149300000008],[-75.21221900000002,40.015460999999995],[-75.205978,40.011722999999996],[-75.210619,40.00865200000001],[-75.256119,39.98730099999997],[-75.26368700000002,39.98265799999999],[-75.331717,39.95222799999994],[-75.335473,39.955467999999996],[-75.332736,39.95844999999999],[-75.333944,39.96592399999997],[-75.333487,39.96840299999999],[-75.336599,39.97006100000004],[-75.33854400000001,39.972623],[-75.33616,39.976009000000005],[-75.33676,39.979116000000026],[-75.336006,39.98055899999996],[-75.337535,39.98181600000006],[-75.338723,39.985192000000005],[-75.343312,39.989278],[-75.343616,39.99148400000002],[-75.348071,39.992236000000005],[-75.351537,39.99429799999999],[-75.350661,39.99713299999997],[-75.357487,39.995543000000005],[-75.36323,39.99787400000003],[-75.369943,39.99462800000001],[-75.37409,39.99018100000001],[-75.404049,40.02697500000002],[-75.414991,40.04178700000005],[-75.36104200000001,40.065515000000005],[-75.366687,40.07235499999998],[-75.392632,40.060974],[-75.420124,40.09720100000004],[-75.437864,40.089573],[-75.440721,40.094322],[-75.456335,40.08775399999996],[-75.456809,40.09467799999999],[-75.461909,40.09635399999997],[-75.463053,40.09767799999999]]]}},{"type":"Feature","properties":{"district":"13","population":262638,"landAreaSqMi":579.1,"topMunicipalities":[{"name":"Lancaster","classCode":"third_class_city","populationShare":0.21962929964437744},{"name":"Manor","classCode":"second_class_township","populationShare":0.08333904461654446},{"name":"Lancaster","classCode":"second_class_township","populationShare":0.07071710871998724},{"name":"East Lampeter","classCode":"second_class_township","populationShare":0.06743883215680907},{"name":"West Lampeter","classCode":"second_class_township","populationShare":0.06608716179684582}],"topCounties":[{"name":"Lancaster","geoid":"42071","populationShare":0.9370235837921398},{"name":"Berks","geoid":"42011","populationShare":0.06297641620786028}],"classShares":{"borough":0.06369603789246031,"second_class_township":0.7166746624631624,"third_class_city":0.21962929964437744}},"geometry":{"type":"Polygon","coordinates":[[[-76.512362,40.01294399999998],[-76.489026,40.020654],[-76.488421,40.018950999999994],[-76.47677300000001,40.02016900000005],[-76.477086,40.02164399999999],[-76.45605,40.02084399999999],[-76.451582,40.02485399999998],[-76.433154,40.03266399999998],[-76.422111,40.035668],[-76.418589,40.035485999999985],[-76.418705,40.03733799999998],[-76.40726000000001,40.03742500000004],[-76.388285,40.04136399999997],[-76.375003,40.040049],[-76.366386,40.03994399999996],[-76.35292700000001,40.03807800000002],[-76.34289,40.03805599999999],[-76.342953,40.041239000000026],[-76.34533700000001,40.04439199999999],[-76.341405,40.05121599999995],[-76.342078,40.05314599999998],[-76.326925,40.05026399999996],[-76.321677,40.05103500000001],[-76.321372,40.05171400000002],[-76.319851,40.05104],[-76.321129,40.051695000000045],[-76.321041,40.05276500000003],[-76.319844,40.05349300000002],[-76.321217,40.05476099999998],[-76.322936,40.052633],[-76.32292600000001,40.05351700000002],[-76.323806,40.05307999999998],[-76.322462,40.055541000000034],[-76.326718,40.05703400000003],[-76.329173,40.057131000000005],[-76.33007100000002,40.05628999999998],[-76.329943,40.05716099999998],[-76.331237,40.05691800000004],[-76.334381,40.059298000000034],[-76.328581,40.061772000000026],[-76.329273,40.062447999999954],[-76.334947,40.059850000000054],[-76.338585,40.06295799999997],[-76.337878,40.06397200000001],[-76.339731,40.06443400000002],[-76.340208,40.063885000000056],[-76.343007,40.065150999999986],[-76.346041,40.065416000000006],[-76.345185,40.06724300000002],[-76.343524,40.06697599999997],[-76.341795,40.072657000000035],[-76.334587,40.068226999999986],[-76.331951,40.065447],[-76.326143,40.059986999999964],[-76.330203,40.063977000000015],[-76.328005,40.06446399999999],[-76.328276,40.065349],[-76.330982,40.06474900000002],[-76.331843,40.065603],[-76.328525,40.06633499999998],[-76.328747,40.06730599999999],[-76.32599500000002,40.06863000000001],[-76.327095,40.07212600000002],[-76.326151,40.072728000000076],[-76.325335,40.07293900000001],[-76.323798,40.06946800000001],[-76.318445,40.07091599999999],[-76.315647,40.06726499999998],[-76.315348,40.06643700000004],[-76.316609,40.06570099999998],[-76.31585900000002,40.06421700000003],[-76.314585,40.064470999999955],[-76.31417200000001,40.063468000000015],[-76.31662400000002,40.06336499999997],[-76.31632100000002,40.06265800000001],[-76.313824,40.06262299999994],[-76.312623,40.05979799999999],[-76.314969,40.05916299999998],[-76.31571500000001,40.05820500000003],[-76.31460300000002,40.058630999999984],[-76.314059,40.05811099999998],[-76.314169,40.05708100000001],[-76.316077,40.05739500000002],[-76.315709,40.057773999999995],[-76.316834,40.057959999999994],[-76.316196,40.058509999999984],[-76.317442,40.05836400000001],[-76.316976,40.058989000000025],[-76.317768,40.05858100000001],[-76.318805,40.05927],[-76.32092800000001,40.06184200000001],[-76.32162099999998,40.06137200000005],[-76.320038,40.060045],[-76.317614,40.05839500000001],[-76.318345,40.057768],[-76.316841,40.05680000000002],[-76.317276,40.05642499999998],[-76.30533,40.054705000000006],[-76.305609,40.05623599999998],[-76.301374,40.05656000000002],[-76.301907,40.05986999999996],[-76.298194,40.06025000000003],[-76.29713,40.059023999999994],[-76.301779,40.05414899999998],[-76.297602,40.05345500000003],[-76.297201,40.054410000000004],[-76.295846,40.05356900000004],[-76.291471,40.054038999999996],[-76.290341,40.05515300000002],[-76.288044,40.05377999999998],[-76.289254,40.05205999999998],[-76.280828,40.05786199999999],[-76.278827,40.05535300000003],[-76.278982,40.052718999999975],[-76.278195,40.051671000000006],[-76.272601,40.05208000000002],[-76.27275800000001,40.058547],[-76.268495,40.05993900000004],[-76.266282,40.061937000000015],[-76.257511,40.064594000000014],[-76.256637,40.06542300000002],[-76.25704,40.066857999999996],[-76.263232,40.071723000000006],[-76.262854,40.073526000000044],[-76.259682,40.07637099999998],[-76.25940600000001,40.07898199999997],[-76.261003,40.081596000000005],[-76.265019,40.083052000000016],[-76.265407,40.08482299999998],[-76.261405,40.086843],[-76.251732,40.085074000000034],[-76.248373,40.086369999999995],[-76.247916,40.08802499999999],[-76.252238,40.09518300000004],[-76.250274,40.096586999999985],[-76.246597,40.095349999999996],[-76.244613,40.09667400000003],[-76.247657,40.10241599999997],[-76.248281,40.10567699999995],[-76.24633,40.10751299999997],[-76.244456,40.107618000000016],[-76.240434,40.10279499999998],[-76.237913,40.10272499999998],[-76.237421,40.104019999999984],[-76.23845,40.10793999999999],[-76.234482,40.110873000000005],[-76.230512,40.10696699999997],[-76.228817,40.10635000000002],[-76.226559,40.106686],[-76.226186,40.10798999999999],[-76.228877,40.111495999999974],[-76.226474,40.11509400000005],[-76.197381,40.10354599999998],[-76.177454,40.09687799999998],[-76.152533,40.092655999999984],[-76.129548,40.09155100000001],[-76.128843,40.090442000000046],[-76.117144,40.08306300000005],[-76.104926,40.07244899999995],[-76.099612,40.071587999999984],[-76.096163,40.069292999999995],[-76.081881,40.062817000000045],[-76.07001,40.05931500000002],[-76.058552,40.05859199999999],[-76.05084800000002,40.054578999999976],[-76.04658000000002,40.05323500000001],[-76.081067,40.17460799999999],[-76.079653,40.174287999999954],[-76.076038,40.176044999999995],[-76.074565,40.175842999999965],[-76.06834,40.179752],[-76.064322,40.17977500000005],[-76.05499100000002,40.174659000000005],[-76.05414200000001,40.17349499999999],[-76.050312,40.175736],[-76.045441,40.173193999999974],[-76.044712,40.173797000000015],[-76.04215,40.17325399999996],[-76.04045400000001,40.171581999999994],[-76.04052,40.170548999999994],[-76.03898000000001,40.169931000000005],[-76.040262,40.16865299999998],[-76.034005,40.16733999999998],[-76.032578,40.16576099999999],[-76.026413,40.164107000000016],[-76.02226400000002,40.16558599999999],[-76.021164,40.16508600000001],[-76.017938,40.168382999999984],[-76.015761,40.16675899999999],[-76.011096,40.16813999999999],[-76.00812,40.16699600000002],[-76.001525,40.171598999999986],[-75.99796000000002,40.169676999999936],[-75.99439800000002,40.16999099999998],[-75.993133,40.16912100000001],[-75.986368,40.16875599999998],[-75.983393,40.16738800000002],[-75.978471,40.16790099999999],[-75.976665,40.16743200000001],[-75.972175,40.17025900000002],[-75.97152,40.17414099999999],[-75.963217,40.17623700000001],[-75.962116,40.17571299999997],[-75.960251,40.17644600000001],[-75.958854,40.17600700000001],[-75.957393,40.17403199999999],[-75.95468700000002,40.17438799999999],[-75.954285,40.175363],[-75.951465,40.17598799999997],[-75.94820000000001,40.175863000000014],[-75.946269,40.17395200000003],[-75.944085,40.17440100000003],[-75.941804,40.181588000000005],[-76.043993,40.247196],[-76.033159,40.25338799999998],[-76.023791,40.27123900000003],[-75.997808,40.256295000000016],[-75.985511,40.25207700000005],[-75.975217,40.24903700000003],[-75.961034,40.24644699999996],[-75.950627,40.24490900000005],[-75.94387,40.244671000000004],[-75.895996,40.28396],[-75.891128,40.297044],[-75.888363,40.294182000000006],[-75.87816100000002,40.28960400000005],[-75.872461,40.289599999999986],[-75.861737,40.28790000000001],[-75.850465,40.28371500000002],[-75.847805,40.28199800000001],[-75.845851,40.278374000000014],[-75.842692,40.276481999999994],[-75.828653,40.27515500000001],[-75.823571,40.273423000000015],[-75.819555,40.27097599999998],[-75.82561,40.25671399999996],[-75.812989,40.25502800000004],[-75.808579,40.25232499999998],[-75.81977,40.237805999999985],[-75.845179,40.211826000000066],[-75.807866,40.177654000000025],[-75.873173,40.13718100000003],[-75.912548,40.12063299999998],[-75.942997,40.109266000000005],[-75.936135,40.078585000000025],[-75.936225,40.065284999999996],[-75.934332,40.047566000000046],[-75.93587000000001,40.03746600000004],[-75.986301,39.967846],[-75.98627600000002,39.96356499999996],[-75.990433,39.959263],[-75.991108,39.95657800000002],[-75.994629,39.95242899999996],[-75.991093,39.94769699999999],[-75.9923,39.94582199999999],[-75.991567,39.945034000000064],[-75.989689,39.944850000000024],[-75.98821,39.93968299999999],[-75.98737,39.93993000000003],[-75.984551,39.937756000000014],[-75.98096600000001,39.93347900000001],[-75.981701,39.929464],[-75.984766,39.932133999999955],[-75.986957,39.929942999999966],[-75.99175600000001,39.928841999999975],[-75.991517,39.926725999999974],[-75.993426,39.926739999999995],[-75.996445,39.928619],[-75.997413,39.92806499999999],[-75.995827,39.92459500000003],[-75.9971,39.921907999999995],[-75.994905,39.916776999999996],[-75.996103,39.914552000000036],[-75.995318,39.911525999999974],[-75.997516,39.909995999999985],[-75.995989,39.903786],[-75.99448500000001,39.90236799999997],[-75.995011,39.898501999999986],[-75.993329,39.89899600000001],[-75.988578,39.89465900000002],[-75.987836,39.89481999999997],[-75.986729,39.892879000000036],[-75.989371,39.89061600000001],[-75.991316,39.88749399999995],[-75.991583,39.88555500000004],[-75.990599,39.88448400000001],[-75.992379,39.882228],[-75.988493,39.878428999999976],[-75.986803,39.873656000000004],[-75.987605,39.87225100000001],[-75.990398,39.871041000000005],[-75.991486,39.86869399999997],[-75.998373,39.872027],[-75.99828,39.872925],[-75.997123,39.87301999999998],[-75.997802,39.87380699999996],[-76.000604,39.874856000000015],[-76.002432,39.87435299999997],[-76.004379,39.872562000000016],[-76.004442,39.868870000000065],[-76.005856,39.86683500000005],[-76.006822,39.86239799999996],[-76.006176,39.861594000000046],[-76.007653,39.85715900000001],[-76.006743,39.85382199999999],[-76.007576,39.852348999999975],[-76.008575,39.85196499999999],[-76.011783,39.85319499999997],[-76.014678,39.852845999999985],[-76.01641300000001,39.85395599999996],[-76.01882500000002,39.85407999999998],[-76.022223,39.85076100000001],[-76.022863,39.84890100000001],[-76.022236,39.848603999999995],[-76.021227,39.84957399999999],[-76.02082500000002,39.849135],[-76.020728,39.844658999999965],[-76.0195,39.843942999999996],[-76.018775,39.84051400000002],[-76.01996500000001,39.84002900000001],[-76.017734,39.83798499999999],[-76.018138,39.83665600000004],[-76.01711,39.835805999999984],[-76.017783,39.834876000000044],[-76.016543,39.831262],[-76.017575,39.83056400000004],[-76.022826,39.83079999999999],[-76.023784,39.82713400000001],[-76.027034,39.82415299999998],[-76.030232,39.823973000000024],[-76.033764,39.82627500000002],[-76.037636,39.826917],[-76.037319,39.824526000000034],[-76.03138500000001,39.81828700000001],[-76.03107100000001,39.81476600000001],[-76.02962000000001,39.81273000000003],[-76.031185,39.812071999999986],[-76.034438,39.812517000000014],[-76.035216,39.811835],[-76.035249,39.80773799999997],[-76.039023,39.80122199999998],[-76.040223,39.80112099999999],[-76.046624,39.80396199999995],[-76.048756,39.80380300000001],[-76.049764,39.80268800000005],[-76.04573800000001,39.80098900000002],[-76.043507,39.797852000000056],[-76.041365,39.797195999999936],[-76.04138,39.79662799999997],[-76.045127,39.793163],[-76.04348900000001,39.791369000000024],[-76.048525,39.78924],[-76.050529,39.78279299999998],[-76.055646,39.78016300000003],[-76.058397,39.77986099999997],[-76.060524,39.77501099999997],[-76.064564,39.77118900000006],[-76.064923,39.77028300000003],[-76.062459,39.764845000000015],[-76.066685,39.759969],[-76.069461,39.75984400000004],[-76.076461,39.761813],[-76.081852,39.76135099999999],[-76.085794,39.75588999999999],[-76.082599,39.75304999999998],[-76.084661,39.74777099999998],[-76.086775,39.74578899999998],[-76.094035,39.74273300000001],[-76.096877,39.74311099999999],[-76.098608,39.74548600000003],[-76.100336,39.745721999999994],[-76.101953,39.73953200000002],[-76.09971600000002,39.73802599999997],[-76.096188,39.73723600000001],[-76.092508,39.733800000000045],[-76.096382,39.729339999999986],[-76.100919,39.72651600000003],[-76.102014,39.72412599999998],[-76.106193,39.72422299999998],[-76.11092,39.72786399999999],[-76.108439,39.73463899999996],[-76.113865,39.737155000000016],[-76.119218,39.73655600000001],[-76.120425,39.73579100000002],[-76.11977800000001,39.73193],[-76.120477,39.730486],[-76.118226,39.72541200000003],[-76.11909600000001,39.723505],[-76.122495,39.723495999999976],[-76.124967,39.72681100000005],[-76.12762,39.727562000000006],[-76.134045,39.727171000000006],[-76.136672,39.725267999999986],[-76.135484,39.72114700000004],[-76.239805,39.72133500000001],[-76.238791,39.72595700000002],[-76.242249,39.73286799999998],[-76.245573,39.73717399999999],[-76.249584,39.73998000000001],[-76.256564,39.75004000000003],[-76.260577,39.75203500000003],[-76.267475,39.75935799999996],[-76.277404,39.77769000000001],[-76.279839,39.77963999999998],[-76.28424000000001,39.78067199999999],[-76.290182,39.78501099999999],[-76.31086500000002,39.80340000000003],[-76.314403,39.807481000000024],[-76.312324,39.805986000000026],[-76.313194,39.807797],[-76.315702,39.810036999999994],[-76.322289,39.81302200000001],[-76.323235,39.812626],[-76.328553,39.814809999999994],[-76.33339600000001,39.817747],[-76.337094,39.82177699999997],[-76.338817,39.822605999999986],[-76.342401,39.828865999999984],[-76.350503,39.83766700000002],[-76.351273,39.84232000000006],[-76.35075900000001,39.847090000000016],[-76.35211,39.849031999999966],[-76.361674,39.85705399999998],[-76.369641,39.86039900000002],[-76.374255,39.86466600000003],[-76.377663,39.866664],[-76.379508,39.87293100000003],[-76.381017,39.874568],[-76.381716,39.87886700000002],[-76.38008,39.881901999999954],[-76.379642,39.888201],[-76.38377700000001,39.89361699999995],[-76.385518,39.905698],[-76.39045,39.91175100000002],[-76.395922,39.914217],[-76.403916,39.915647000000035],[-76.404929,39.91521300000002],[-76.412365,39.92040399999996],[-76.422156,39.925832000000014],[-76.43300500000001,39.92970899999998],[-76.447343,39.93350300000003],[-76.45975,39.94124999999996],[-76.464274,39.94191300000006],[-76.468598,39.943558999999965],[-76.47358,39.94735199999997],[-76.477749,39.95197399999999],[-76.477726,39.949844],[-76.478193,39.95353900000003],[-76.487389,39.962134999999975],[-76.495352,39.976127999999996],[-76.498454,39.99672999999996],[-76.500611,40.000623999999995],[-76.512362,40.01294399999998]],[[-76.326636,40.06148500000001],[-76.32572700000001,40.06111599999995],[-76.32565,40.061486],[-76.326636,40.06148500000001]],[[-76.32657800000001,40.064235000000025],[-76.325721,40.063491000000056],[-76.323626,40.063850000000016],[-76.325835,40.06487799999999],[-76.32657800000001,40.064235000000025]],[[-76.32436,40.062638],[-76.32327,40.06274999999998],[-76.3237,40.06310299999999],[-76.32436,40.062638]],[[-76.317078,40.059176000000015],[-76.316403,40.05872599999997],[-76.315603,40.059438000000014],[-76.316276,40.05988900000002],[-76.317078,40.059176000000015]],[[-76.313778,40.05565499999998],[-76.312316,40.05487999999995],[-76.313381,40.053751999999996],[-76.31208,40.05347900000001],[-76.313645,40.053332000000005],[-76.313462,40.05217599999999],[-76.30323,40.05282900000003],[-76.30236600000002,40.05357099999994],[-76.30549,40.05396799999998],[-76.310216,40.05343],[-76.31079700000001,40.05515200000001],[-76.313778,40.05565499999998]],[[-76.300478,40.05360199999999],[-76.299677,40.053143999999996],[-76.299648,40.05347199999999],[-76.300478,40.05360199999999]],[[-76.289201,40.05189300000004],[-76.288911,40.050056999999995],[-76.285482,40.05094],[-76.289201,40.05189300000004]],[[-76.287881,40.04604199999997],[-76.287849,40.04462800000001],[-76.287607,40.044653],[-76.287881,40.04604199999997]],[[-76.28761700000001,40.043063999999994],[-76.286721,40.04315899999999],[-76.28538,40.044493000000024],[-76.286187,40.044801],[-76.286974,40.043499],[-76.28774400000002,40.04384100000005],[-76.28761700000001,40.043063999999994]],[[-76.28699,40.049423000000004],[-76.28399,40.049544],[-76.282339,40.04890099999998],[-76.282459,40.04703600000003],[-76.279412,40.047498000000004],[-76.27796000000001,40.04844800000001],[-76.278073,40.04968999999996],[-76.282736,40.05080199999998],[-76.287156,40.05024499999998],[-76.28699,40.049423000000004]],[[-76.323186,40.062736999999956],[-76.323203,40.06165100000001],[-76.321779,40.062834999999986],[-76.323186,40.062736999999956]]]}},{"type":"Feature","properties":{"district":"3","population":156052,"landAreaSqMi":13.9,"topMunicipalities":[{"name":"Philadelphia","classCode":"first_class_city","populationShare":1.0}],"topCounties":[{"name":"Philadelphia","geoid":"42101","populationShare":1.0}],"classShares":{"first_class_city":1.0}},"geometry":{"type":"Polygon","coordinates":[[[-75.193724,39.97528500000002],[-75.189268,39.975826000000005],[-75.189882,39.977933000000014],[-75.18671300000001,39.99021500000001],[-75.174665,39.988426999999994],[-75.171744,39.98992399999998],[-75.168943,40.00366000000005],[-75.172209,40.007898],[-75.166871,40.00990100000001],[-75.170096,40.01572300000003],[-75.174963,40.01989100000001],[-75.169189,40.02620999999997],[-75.160731,40.02159300000002],[-75.15931500000002,40.02340999999997],[-75.146705,40.03012700000001],[-75.139427,40.063358000000036],[-75.109406,40.04584000000004],[-75.106773,40.049193999999964],[-75.102413,40.05179199999998],[-75.099389,40.04976799999998],[-75.100394,40.04869099999999],[-75.098017,40.04709600000003],[-75.101105,40.04503799999998],[-75.09203,40.040214],[-75.102535,40.029837000000036],[-75.11285,40.02733500000003],[-75.112628,40.026055000000035],[-75.111352,40.025446000000024],[-75.110717,40.02241899999999],[-75.10877300000001,40.022244999999984],[-75.107762,40.02311899999998],[-75.105627,40.02296800000002],[-75.104913,40.023626000000064],[-75.103153,40.02110700000002],[-75.103866,40.01941899999995],[-75.107158,40.018214000000036],[-75.107152,40.016727999999986],[-75.11136,40.015866999999986],[-75.112161,40.01208500000003],[-75.12598800000002,40.01386199999996],[-75.125023,40.01843500000001],[-75.134194,40.019619000000034],[-75.137669,40.003644999999985],[-75.139876,40.002845000000036],[-75.148181,39.96141800000005],[-75.161384,39.962474],[-75.160395,39.96706400000001],[-75.165349,39.96714900000001],[-75.166227,39.96311199999999],[-75.177625,39.96472500000004],[-75.183323,39.96437399999999],[-75.191012,39.97003400000001],[-75.193724,39.97528500000002]]]}},{"type":"Feature","properties":{"district":"15","population":260271,"landAreaSqMi":278.1,"topMunicipalities":[{"name":"Lower Paxton","classCode":"second_class_township","populationShare":0.20781416293017685},{"name":"Harrisburg","classCode":"third_class_city","populationShare":0.19246093494857264},{"name":"Swatara","classCode":"first_class_township","populationShare":0.10667342884916117},{"name":"Susquehanna","classCode":"first_class_township","populationShare":0.10323854751393739},{"name":"Derry","classCode":"second_class_township","populationShare":0.09550814343511167}],"topCounties":[{"name":"Dauphin","geoid":"42043","populationShare":1.0}],"classShares":{"borough":0.11491483876421114,"first_class_township":0.24703866354684165,"second_class_township":0.44558556274037453,"third_class_city":0.19246093494857264}},"geometry":{"type":"Polygon","coordinates":[[[-77.027007,40.38089200000001],[-77.003361,40.390186000000035],[-76.984542,40.396548999999986],[-76.953253,40.40475299999997],[-76.860602,40.430938000000026],[-76.836133,40.440130000000046],[-76.82798,40.442118999999984],[-76.813018,40.44806900000004],[-76.808216,40.44909200000003],[-76.798743,40.453303],[-76.794085,40.45423900000001],[-76.78057,40.45957300000002],[-76.76854,40.43669799999997],[-76.734599,40.450058],[-76.718559,40.45551100000001],[-76.696189,40.465447],[-76.67804,40.474717000000055],[-76.569417,40.195549],[-76.566339,40.19664400000001],[-76.56637400000001,40.196048000000005],[-76.5721,40.19430999999997],[-76.57266200000001,40.195009999999996],[-76.575079,40.194149999999986],[-76.580708,40.19468699999998],[-76.58274300000001,40.190856999999994],[-76.583851,40.19098800000001],[-76.586,40.18954400000001],[-76.588399,40.19055799999998],[-76.594293,40.18907100000003],[-76.59567,40.189735999999996],[-76.596189,40.188826999999996],[-76.599865,40.18826399999996],[-76.60561,40.18996399999999],[-76.608092,40.18940299999995],[-76.607817,40.18844099999999],[-76.609866,40.18807399999997],[-76.612937,40.18548499999999],[-76.61221500000002,40.183945000000044],[-76.614767,40.182452000000055],[-76.614514,40.18181300000002],[-76.615948,40.18060700000002],[-76.618858,40.17941099999998],[-76.621189,40.17984099999995],[-76.625176,40.17805799999997],[-76.62625600000001,40.17825599999999],[-76.62797300000001,40.17508499999999],[-76.632102,40.17061599999995],[-76.633825,40.17009700000004],[-76.634347,40.170995],[-76.637272,40.169364000000016],[-76.636511,40.168157],[-76.63841,40.16673799999999],[-76.640611,40.167269000000026],[-76.644338,40.16479400000001],[-76.653104,40.166049999999984],[-76.654936,40.16394500000004],[-76.66098800000002,40.16510099999997],[-76.662043,40.163467000000026],[-76.666209,40.16321000000001],[-76.666569,40.161526],[-76.668531,40.15971100000001],[-76.6728,40.157498999999966],[-76.670563,40.15448700000003],[-76.672209,40.15387399999999],[-76.674223,40.15439999999996],[-76.676299,40.15320800000006],[-76.677209,40.14888600000001],[-76.68061200000001,40.149063000000005],[-76.680859,40.15098600000003],[-76.683151,40.15179499999994],[-76.690135,40.148113999999985],[-76.689939,40.15223799999997],[-76.691676,40.15428700000002],[-76.690971,40.15666700000005],[-76.692316,40.15740999999999],[-76.697352,40.15664000000002],[-76.697641,40.15586600000002],[-76.695594,40.15409700000003],[-76.696186,40.152932],[-76.695576,40.15155699999998],[-76.69615800000001,40.150117000000044],[-76.698916,40.14842399999999],[-76.69932800000001,40.14529599999998],[-76.704548,40.14408599999996],[-76.709865,40.13763699999999],[-76.710013,40.13670800000004],[-76.706999,40.13607000000003],[-76.706626,40.13507299999997],[-76.70929,40.134642000000014],[-76.715907,40.13147899999999],[-76.72162,40.120069999999934],[-76.726887,40.12196500000001],[-76.732652,40.12273200000003],[-76.740557,40.12788000000002],[-76.744318,40.13220599999998],[-76.746196,40.14821099999999],[-76.748219,40.15466800000004],[-76.749312,40.16853099999997],[-76.750844,40.173372000000036],[-76.752683,40.17580300000001],[-76.762986,40.17893599999998],[-76.774014,40.184090999999995],[-76.787668,40.19155],[-76.795384,40.197340000000004],[-76.800585,40.200110999999985],[-76.819019,40.20096399999996],[-76.825991,40.203041000000034],[-76.828859,40.20501999999995],[-76.83306600000002,40.216079999999984],[-76.837717,40.22036599999997],[-76.84073,40.22204799999999],[-76.859023,40.22632800000002],[-76.864471,40.22971300000004],[-76.872929,40.237313999999955],[-76.878707,40.243889000000024],[-76.889986,40.249436],[-76.897771,40.254664999999974],[-76.910442,40.26699399999998],[-76.913752,40.271129],[-76.913583,40.27297999999995],[-76.91604,40.27989599999999],[-76.921523,40.28470399999999],[-76.924152,40.28916600000005],[-76.92449,40.29141700000002],[-76.922975,40.30095600000004],[-76.913485,40.31754800000003],[-76.91180000000001,40.32263399999997],[-76.912129,40.325495000000004],[-76.918277,40.33383900000004],[-76.926533,40.341432999999995],[-76.928521,40.34798499999998],[-76.93267200000001,40.35531800000004],[-76.934597,40.356599000000024],[-76.939761,40.357725999999985],[-76.96115,40.35803300000002],[-76.970625,40.356304999999956],[-76.981996,40.35732000000001],[-76.99437,40.356451],[-77.008191,40.35844899999999],[-77.013028,40.362142999999975],[-77.019178,40.36478499999998],[-77.020799,40.36623000000003],[-77.021977,40.374219999999966],[-77.027007,40.38089200000001]]]}},{"type":"Feature","properties":{"district":"10","population":269298,"landAreaSqMi":217.6,"topMunicipalities":[{"name":"Bristol","classCode":"first_class_township","populationShare":0.20108949936501597},{"name":"Falls","classCode":"second_class_township","populationShare":0.1282891072343649},{"name":"Lower Makefield","classCode":"second_class_township","populationShare":0.12351372828613655},{"name":"Buckingham","classCode":"second_class_township","populationShare":0.07737896308179038},{"name":"Newtown","classCode":"second_class_township","populationShare":0.07353935045934247}],"topCounties":[{"name":"Bucks","geoid":"42017","populationShare":1.0}],"classShares":{"borough":0.1666518132329241,"first_class_township":0.20108949936501597,"second_class_township":0.63225868740206}},"geometry":{"type":"Polygon","coordinates":[[[-75.26432,40.28683599999998],[-75.23639500000002,40.31366599999999],[-75.232295,40.311463],[-75.183367,40.35823699999995],[-75.181369,40.359385999999986],[-75.188832,40.36334699999998],[-75.188177,40.364271999999964],[-75.162106,40.38996999999997],[-75.160064,40.388972000000045],[-75.156981,40.392331000000006],[-75.155265,40.39357300000001],[-75.154704,40.393082],[-75.149313,40.39828199999998],[-75.150006,40.40004699999999],[-75.14063400000002,40.407234999999964],[-75.135892,40.41231499999996],[-75.134624,40.412657999999986],[-75.135164,40.41465099999999],[-75.116552,40.433726999999976],[-75.108952,40.432124000000016],[-75.10700200000001,40.43489399999998],[-75.101329,40.43648699999997],[-75.099218,40.43632199999996],[-75.095551,40.43447799999996],[-75.094464,40.435389999999956],[-75.094718,40.436777],[-75.099178,40.439254999999996],[-75.09875300000002,40.44053400000001],[-75.095833,40.440662],[-75.092293,40.43758899999997],[-75.091064,40.43736200000003],[-75.087394,40.44100299999999],[-75.083486,40.44191899999999],[-75.081734,40.439987000000016],[-75.080016,40.43546100000001],[-75.07582800000002,40.434292999999954],[-75.07311,40.42848400000004],[-75.067211,40.423488000000006],[-75.062199,40.42132799999998],[-75.060694,40.42133300000002],[-75.058575,40.41819299999997],[-75.055888,40.41647099999995],[-75.04552600000001,40.413679000000016],[-75.042311,40.41099899999999],[-75.031778,40.40481299999998],[-75.026547,40.40355699999997],[-75.02302800000001,40.40369299999999],[-75.007443,40.407596999999996],[-75.004049,40.407524],[-74.999997,40.409775999999994],[-74.99586,40.410384000000015],[-74.98841300000001,40.40849400000001],[-74.983131,40.40459900000002],[-74.966552,40.39815400000001],[-74.963973,40.395204000000014],[-74.961478,40.38893500000003],[-74.955785,40.38002800000003],[-74.948901,40.365054999999934],[-74.945828,40.35507199999999],[-74.94451700000002,40.34506300000001],[-74.942843,40.34150600000003],[-74.93971100000002,40.338005999999965],[-74.91741,40.32240599999998],[-74.90831,40.31690699999999],[-74.90331,40.315607000000035],[-74.896409,40.315107],[-74.891609,40.31300700000002],[-74.880609,40.30560699999997],[-74.868208,40.295206],[-74.860492,40.284584],[-74.842308,40.250507999999996],[-74.836307,40.24620800000003],[-74.823907,40.24150800000005],[-74.819507,40.23850800000004],[-74.795306,40.22940800000003],[-74.77143700000002,40.215175999999985],[-74.767275,40.207075999999994],[-74.760605,40.19890899999995],[-74.756905,40.189409],[-74.754305,40.185209],[-74.751705,40.18330899999998],[-74.744105,40.18100899999998],[-74.737205,40.177608999999954],[-74.722325,40.160726999999994],[-74.721519,40.158568],[-74.72244,40.14932499999998],[-74.724369,40.146412000000026],[-74.741184,40.135164999999986],[-74.74509700000002,40.134394000000015],[-74.754184,40.13496799999997],[-74.759721,40.13380399999999],[-74.784168,40.12047699999998],[-74.788287,40.120579000000006],[-74.799421,40.12270300000001],[-74.815476,40.12769399999996],[-74.822531,40.12684399999998],[-74.825533,40.12485300000001],[-74.829403,40.11919199999999],[-74.833103,40.11197200000002],[-74.834264,40.10650399999997],[-74.835868,40.10346599999996],[-74.842215,40.09850199999997],[-74.854609,40.09327],[-74.857634,40.09021500000004],[-74.859721,40.08531100000002],[-74.861756,40.08346200000001],[-74.86428,40.08239299999996],[-74.87753300000001,40.079956999999986],[-74.889685,40.075834000000015],[-74.90910300000002,40.07050499999998],[-74.90967,40.082678999999985],[-74.910715,40.08450899999998],[-74.913444,40.08580399999995],[-74.914953,40.08860399999999],[-74.912721,40.09702300000001],[-74.91021100000002,40.098855000000015],[-74.90591,40.09990699999996],[-74.90256,40.10403100000003],[-74.905363,40.116981000000024],[-74.902824,40.11957999999999],[-74.901031,40.127096],[-74.89823,40.13115799999999],[-74.898451,40.132235000000016],[-74.887807,40.132134],[-74.855432,40.15423599999999],[-74.862069,40.15679600000001],[-74.860969,40.15894000000004],[-74.864538,40.16005499999994],[-74.870101,40.164478000000024],[-74.86978700000002,40.16572399999993],[-74.86876600000001,40.16581100000004],[-74.871228,40.175516999999964],[-74.869763,40.18079899999998],[-74.870121,40.18380200000003],[-74.869379,40.18389500000004],[-74.86941,40.192728],[-74.870926,40.19269400000003],[-74.874369,40.20053599999997],[-74.876712,40.200010999999996],[-74.887551,40.224735],[-74.902454,40.221339999999955],[-74.910629,40.222041000000026],[-74.916347,40.22103599999996],[-74.94331000000001,40.214175000000004],[-74.94441,40.21145299999996],[-74.95308500000002,40.21150300000001],[-74.955141,40.21254000000003],[-74.957194,40.218126999999996],[-74.96536,40.221598000000036],[-74.96277200000002,40.22601200000001],[-74.964652,40.228670999999956],[-74.966532,40.230021999999984],[-74.972291,40.23083499999997],[-74.97423,40.232007],[-74.97423,40.233402999999946],[-74.971113,40.23628500000002],[-74.96993600000002,40.240339],[-74.973228,40.24061000000003],[-74.975595,40.23974400000006],[-74.978269,40.24075399999997],[-74.97945799999998,40.243405],[-74.982867,40.245656999999994],[-74.98561,40.24629899999997],[-74.955043,40.27674599999995],[-74.999234,40.30194900000002],[-75.039704,40.26169500000001],[-75.040852,40.26075400000003],[-75.044242,40.263091000000024],[-75.047813,40.25782200000002],[-75.05357300000001,40.25588300000004],[-75.054808,40.25583700000001],[-75.057279,40.25754800000002],[-75.053287,40.26579300000002],[-75.053524,40.26813499999999],[-75.05517200000001,40.26912599999999],[-75.058112,40.26898900000003],[-75.060227,40.266736000000044],[-75.061958,40.26283800000001],[-75.065801,40.263397000000005],[-75.072461,40.269071000000004],[-75.073924,40.269485],[-75.072702,40.27024600000003],[-75.074733,40.27206100000003],[-75.073393,40.27340700000003],[-75.089055,40.28274499999996],[-75.095455,40.27630399999999],[-75.101641,40.27693200000004],[-75.107986,40.27251199999999],[-75.113106,40.271858000000016],[-75.112059,40.269671],[-75.116154,40.265533000000005],[-75.119091,40.267310000000016],[-75.125785,40.26122300000002],[-75.143495,40.27140399999997],[-75.152016,40.26286799999997],[-75.185457,40.28312900000001],[-75.187441,40.279982999999966],[-75.190134,40.279798],[-75.19229,40.27867500000003],[-75.214133,40.257422000000034],[-75.26432,40.28683599999998]]]}},{"type":"Feature","properties":{"district":"29","population":266924,"landAreaSqMi":1380.8,"topMunicipalities":[{"name":"Hazleton","classCode":"third_class_city","populationShare":0.11196445430159897},{"name":"Pottsville","classCode":"third_class_city","populationShare":0.05010414949573655},{"name":"Hazle","classCode":"second_class_township","populationShare":0.03815318217919707},{"name":"Penn Forest","classCode":"second_class_township","populationShare":0.03771110878002726},{"name":"Tamaqua","classCode":"borough","populationShare":0.025932475161469192}],"topCounties":[{"name":"Schuylkill","geoid":"42107","populationShare":0.5367033312853097},{"name":"Carbon","geoid":"42025","populationShare":0.24423056750236027},{"name":"Luzerne","geoid":"42079","populationShare":0.21906610121233014}],"classShares":{"borough":0.37686757279225563,"second_class_township":0.4610638234104089,"third_class_city":0.16206860379733554}},"geometry":{"type":"Polygon","coordinates":[[[-76.701624,40.65808200000003],[-76.700249,40.66334100000001],[-76.696318,40.663646000000035],[-76.694565,40.66288599999999],[-76.639325,40.68222100000003],[-76.600068,40.69706399999996],[-76.565402,40.707848],[-76.30717,40.80180900000001],[-76.284611,40.88358799999999],[-76.24966100000002,40.915792],[-76.207827,40.94973999999998],[-76.107975,40.92319799999997],[-76.118527,40.95989899999997],[-76.036699,40.973064999999956],[-76.038117,40.97808900000001],[-76.01609100000002,40.98175500000001],[-76.021996,40.98819999999999],[-76.013165,40.99068299999995],[-76.011673,40.994587999999965],[-75.992015,40.99802300000004],[-75.96206100000002,41.00486500000002],[-75.953171,41.00512],[-75.954546,41.00414700000002],[-75.951439,41.004236],[-75.952978,41.002252000000034],[-75.944864,41.00242399999999],[-75.9447,40.998686000000035],[-75.934817,40.99889400000003],[-75.935193,41.010650999999974],[-75.904749,41.01131799999997],[-75.911617,41.03177199999997],[-75.927785,41.088479000000035],[-75.900492,41.097584000000026],[-75.85534000000001,41.118976],[-75.855557,41.125174],[-75.836567,41.12488100000001],[-75.83583,41.14178600000002],[-75.812507,41.14142199999993],[-75.812076,41.15149699999997],[-75.84847300000001,41.15182099999998],[-75.850424,41.19746100000005],[-75.779014,41.25348399999999],[-75.652273,41.25738299999998],[-75.649233,41.187172999999945],[-75.646671,41.18724199999998],[-75.646729,41.185995],[-75.6438,41.182480999999974],[-75.644045,41.17699],[-75.64248400000001,41.175765],[-75.639431,41.17618699999996],[-75.637812,41.17458299999999],[-75.636877,41.171447000000036],[-75.634907,41.17137999999997],[-75.634478,41.17044800000002],[-75.631843,41.169669],[-75.624054,41.16975000000001],[-75.622896,41.170869],[-75.619342,41.17083800000001],[-75.616024,41.17262200000003],[-75.614462,41.17170400000001],[-75.61506000000001,41.17106099999997],[-75.613854,41.169077999999956],[-75.615117,41.168258999999985],[-75.611717,41.164186999999984],[-75.607216,41.164193999999995],[-75.600593,41.16122100000001],[-75.601049,41.159528999999964],[-75.604386,41.156532000000006],[-75.603153,41.15387599999998],[-75.603298,41.15187500000006],[-75.609312,41.15005200000002],[-75.61354300000002,41.151272999999996],[-75.615577,41.15070500000004],[-75.614104,41.14649299999997],[-75.615306,41.143857999999966],[-75.621401,41.14108800000003],[-75.62489400000001,41.137953999999965],[-75.628213,41.13721400000003],[-75.627941,41.132623999999986],[-75.62544900000002,41.13186399999998],[-75.62514800000001,41.13090599999999],[-75.627143,41.129914000000035],[-75.628068,41.128287],[-75.63283,41.12794499999996],[-75.634162,41.12324599999997],[-75.635027,41.123111000000016],[-75.638184,41.125997],[-75.64026500000001,41.12682300000004],[-75.649042,41.12508500000001],[-75.649412,41.122304],[-75.647473,41.121541999999955],[-75.64574500000002,41.11813400000001],[-75.646641,41.113525000000024],[-75.644689,41.11272499999998],[-75.639697,41.113589000000005],[-75.636226,41.11298199999995],[-75.634146,41.11202200000001],[-75.632978,41.108533999999985],[-75.629666,41.107012999999974],[-75.627794,41.107076999999975],[-75.625026,41.11138099999998],[-75.620397,41.10928399999999],[-75.620611,41.10671600000003],[-75.61552800000001,41.10444600000002],[-75.61359200000001,41.094772999999975],[-75.612694,41.094236999999985],[-75.605729,41.09436399999997],[-75.604113,41.09338200000001],[-75.606073,41.08639000000001],[-75.605643,41.08495100000003],[-75.604387,41.08428199999995],[-75.6001,41.084169],[-75.596379,41.08081100000001],[-75.594207,41.080845000000025],[-75.591958,41.078321000000024],[-75.589149,41.07650999999996],[-75.587478,41.07633299999997],[-75.58595,41.07411399999995],[-75.582972,41.07292],[-75.583196,41.070437999999974],[-75.58104000000002,41.067791999999976],[-75.57894,41.068751999999996],[-75.576876,41.06800100000001],[-75.576273,41.06538199999998],[-75.57461100000002,41.063728999999974],[-75.574887,41.062691000000015],[-75.571143,41.05926000000001],[-75.571396,41.05772799999999],[-75.568886,41.05660799999999],[-75.568414,41.05525099999997],[-75.570141,41.054778999999954],[-75.570525,41.05390600000002],[-75.569654,41.052395999999995],[-75.570547,41.05152300000005],[-75.569335,41.05090199999998],[-75.569843,41.05006200000002],[-75.565868,41.05000200000003],[-75.56375700000001,41.049155999999996],[-75.563148,41.04980400000001],[-75.561947,41.04952300000005],[-75.508497,40.99817700000003],[-75.496096,40.987379],[-75.57459,40.95132299999996],[-75.493581,40.846442],[-75.482577,40.82993100000004],[-75.474193,40.81474599999997],[-75.478546,40.81308400000002],[-75.508018,40.80910100000002],[-75.519045,40.808813],[-75.528444,40.80672499999998],[-75.541549,40.806815000000036],[-75.55135900000002,40.80455200000004],[-75.557532,40.80118800000001],[-75.56509100000001,40.801104999999964],[-75.57482,40.79914799999999],[-75.57748800000002,40.79941399999997],[-75.595453,40.79330200000005],[-75.598411,40.79012399999997],[-75.602608,40.788043000000016],[-75.609068,40.78752299999996],[-75.67277100000001,40.77572299999996],[-75.694621,40.770186],[-75.702365,40.76325900000004],[-75.702418,40.76224000000002],[-75.7286,40.753915000000006],[-75.732208,40.75164399999995],[-75.734112,40.74878899999999],[-75.739309,40.74415500000002],[-75.743585,40.74346199999996],[-75.744863,40.740309],[-75.757761,40.735442000000006],[-75.765947,40.73092600000002],[-75.770292,40.729938000000054],[-75.77769,40.72953399999997],[-75.779682,40.72502200000003],[-75.796518,40.71703400000001],[-75.807789,40.70749200000005],[-75.844663,40.693000999999995],[-75.854809,40.69319200000002],[-75.89366100000001,40.67640899999992],[-75.993212,40.63971200000001],[-76.012226,40.57771299999999],[-76.016274,40.576640999999995],[-76.017294,40.57424000000001],[-76.021201,40.57375500000006],[-76.02481,40.577761999999936],[-76.026509,40.57859499999998],[-76.031535,40.576996000000015],[-76.033843,40.577259000000005],[-76.036241,40.57880499999999],[-76.039509,40.58309400000003],[-76.04252400000001,40.58395099999999],[-76.045004,40.58379300000002],[-76.04725100000002,40.58267599999996],[-76.047225,40.579891],[-76.04948,40.57654099999997],[-76.053014,40.57416900000004],[-76.054947,40.57426699999996],[-76.057337,40.57597599999998],[-76.058024,40.57962899999997],[-76.065339,40.579677999999966],[-76.07944000000002,40.566098000000025],[-76.105865,40.562198],[-76.121664,40.55740600000002],[-76.124663,40.555889],[-76.13203400000002,40.554414000000016],[-76.134745,40.553481999999995],[-76.137604,40.55112900000002],[-76.14427,40.549474000000004],[-76.15509600000001,40.54522899999999],[-76.160137,40.54044999999996],[-76.163599,40.539988999999984],[-76.171624,40.53494700000002],[-76.185638,40.53555499999999],[-76.191978,40.53372099999999],[-76.196634,40.531264999999976],[-76.21037400000002,40.529374000000004],[-76.218074,40.52901699999998],[-76.23112300000001,40.52421599999999],[-76.234321,40.522074000000046],[-76.256043,40.517062000000024],[-76.262998,40.51669700000002],[-76.272152,40.517586000000016],[-76.282109,40.51613699999998],[-76.30232600000001,40.514657999999976],[-76.314579,40.51591000000005],[-76.322544,40.51415999999999],[-76.330435,40.51591000000001],[-76.338228,40.515536000000054],[-76.3524,40.51115699999998],[-76.369222,40.50959700000003],[-76.376927,40.506332999999955],[-76.384348,40.50573899999995],[-76.405874,40.498729000000004],[-76.4186,40.495615000000015],[-76.440181,40.49595199999999],[-76.701624,40.65808200000003]]]}},{"type":"Feature","properties":{"district":"5","population":399234,"landAreaSqMi":34.5,"topMunicipalities":[{"name":"Philadelphia","classCode":"first_class_city","populationShare":1.0}],"topCounties":[{"name":"Philadelphia","geoid":"42101","populationShare":1.0}],"classShares":{"first_class_city":1.0}},"geometry":{"type":"Polygon","coordinates":[[[-75.096733,40.068988999999995],[-75.081189,40.08411600000001],[-75.077805,40.08576999999997],[-75.058342,40.10589199999995],[-75.020571,40.132274],[-75.015066,40.137991999999976],[-74.997885,40.127816],[-74.993894,40.131883000000016],[-74.992744,40.13050500000004],[-74.99435,40.126219000000006],[-74.98915600000001,40.126162000000036],[-74.988632,40.124416000000075],[-74.986491,40.123039000000006],[-74.984983,40.12389600000001],[-74.98343200000001,40.12361999999999],[-74.982253,40.12189499999999],[-74.98308100000001,40.12079699999999],[-74.982515,40.11998900000002],[-74.980215,40.120015000000016],[-74.979132,40.11934300000004],[-74.97593100000002,40.12045700000004],[-74.972646,40.119654999999995],[-74.970082,40.11696099999997],[-74.964991,40.118635000000005],[-74.963294,40.11688800000005],[-74.963201,40.114676000000046],[-74.964155,40.11337300000003],[-74.963709,40.10986700000004],[-74.965607,40.10809100000001],[-74.96505600000002,40.10721499999997],[-74.963335,40.106872],[-74.963962,40.10563599999997],[-74.96088600000002,40.10310399999998],[-74.961787,40.097772999999975],[-74.955777,40.09510299999998],[-74.957936,40.09042300000002],[-74.958382,40.08395699999996],[-74.963266,40.07724100000001],[-74.966216,40.07725799999999],[-74.96706299999998,40.07637799999996],[-74.971299,40.075841000000004],[-74.971062,40.07373099999998],[-74.972445,40.07223500000003],[-74.980838,40.066102000000015],[-74.980437,40.06030399999998],[-74.985186,40.05710599999996],[-74.983194,40.054222999999986],[-74.97973500000002,40.053547],[-74.974784,40.049316000000005],[-74.97664,40.04740800000001],[-74.981167,40.04552799999997],[-74.998759,40.030280999999995],[-75.014864,40.019895000000005],[-75.020415,40.01770500000001],[-75.03867,40.01427000000003],[-75.048024,40.00972000000003],[-75.05266400000001,40.00600699999998],[-75.05928500000002,40.013387],[-75.070581,40.01053299999998],[-75.066752,40.016661],[-75.05360400000002,40.023615],[-75.052702,40.02259200000004],[-75.049304,40.02435099999998],[-75.050202,40.025379999999984],[-75.044901,40.028123],[-75.044495,40.02758399999998],[-75.043408,40.028148],[-75.043815,40.028690999999974],[-75.040741,40.03027599999998],[-75.044671,40.034770999999985],[-75.04086000000001,40.036757000000044],[-75.049027,40.041412000000015],[-75.0518,40.038476000000024],[-75.057281,40.04151499999999],[-75.054287,40.044447999999996],[-75.096733,40.068988999999995]]]}},{"type":"Feature","properties":{"district":"4","population":267157,"landAreaSqMi":45.0,"topMunicipalities":[{"name":"Philadelphia","classCode":"first_class_city","populationShare":0.5332987482431816},{"name":"Abington","classCode":"first_class_township","populationShare":0.21884413199089417},{"name":"Cheltenham","classCode":"first_class_township","populationShare":0.14234727068379166},{"name":"Springfield","classCode":"first_class_township","populationShare":0.07810402982166234},{"name":"Jenkintown","classCode":"borough","populationShare":0.017622628793270693}],"topCounties":[{"name":"Philadelphia","geoid":"42101","populationShare":0.5332987482431816},{"name":"Montgomery","geoid":"42091","populationShare":0.4667012517568184}],"classShares":{"borough":0.027388439864137994,"first_class_city":0.5332987482431816,"first_class_township":0.43931281189268045}},"geometry":{"type":"Polygon","coordinates":[[[-75.256094,40.06712299999997],[-75.196295,40.127838000000004],[-75.170513,40.11177899999999],[-75.170178,40.11238300000004],[-75.171439,40.11303199999998],[-75.171088,40.11412199999996],[-75.167003,40.11818800000002],[-75.164634,40.118134000000005],[-75.161595,40.12073400000003],[-75.151095,40.13161999999997],[-75.151667,40.13193900000005],[-75.14984,40.133667],[-75.150422,40.134070999999985],[-75.132968,40.15086400000005],[-75.058342,40.10589199999995],[-75.077805,40.08576999999997],[-75.081189,40.08411600000001],[-75.096733,40.068988999999995],[-75.087425,40.063599],[-75.094056,40.05677099999997],[-75.106531,40.04938000000002],[-75.109406,40.04584000000004],[-75.139427,40.063358000000036],[-75.146705,40.03012700000001],[-75.15931500000002,40.02340999999997],[-75.160731,40.02159300000002],[-75.169189,40.02620999999997],[-75.165491,40.030242],[-75.174724,40.035819999999966],[-75.183544,40.02726500000001],[-75.20663200000001,40.04741700000005],[-75.209832,40.04703399999993],[-75.214124,40.049661000000015],[-75.217333,40.05290200000002],[-75.218394,40.05663399999999],[-75.223597,40.06382699999998],[-75.223451,40.064639999999976],[-75.220607,40.066105],[-75.220506,40.067221999999994],[-75.22557599999999,40.07157200000001],[-75.222987,40.074399],[-75.22645600000001,40.08077800000001],[-75.23113,40.08286499999998],[-75.227902,40.08438900000001],[-75.2305,40.08602200000003],[-75.252209,40.065278],[-75.256094,40.06712299999997]]]}},{"type":"Feature","properties":{"district":"25","population":266835,"landAreaSqMi":5405.8,"topMunicipalities":[{"name":"State College","classCode":"borough","populationShare":0.1524124240788245},{"name":"St. Marys","classCode":"third_class_city","populationShare":0.047265128045492495},{"name":"College","classCode":"second_class_township","populationShare":0.04061499464850033},{"name":"Benner","classCode":"second_class_township","populationShare":0.032784280062001896},{"name":"Lock Haven","classCode":"third_class_city","populationShare":0.03142763747141612}],"topCounties":[{"name":"Centre","geoid":"42027","populationShare":0.4150284568863808},{"name":"McKean","geoid":"42083","populationShare":0.15046365571665687},{"name":"Clinton","geoid":"42035","populationShare":0.14131193967740127},{"name":"Elk","geoid":"42047","populationShare":0.1150635288915918},{"name":"Jefferson","geoid":"42065","populationShare":0.10036531828309021}],"classShares":{"borough":0.3490806281361789,"second_class_township":0.5432274340652742,"third_class_city":0.10769193779854679}},"geometry":{"type":"Polygon","coordinates":[[[-79.215201,41.048933],[-79.214494,41.078774999999986],[-79.21132,41.078736999999975],[-79.211252,41.080669],[-79.208878,41.33186100000004],[-79.206523,41.33132800000001],[-79.202506,41.32679000000002],[-79.197518,41.325902],[-79.194596,41.324212000000024],[-79.191952,41.32427400000002],[-79.188497,41.32628],[-79.186045,41.328821],[-79.18659000000001,41.33795199999999],[-79.184934,41.338942999999986],[-79.180248,41.33930800000001],[-79.17526,41.33624800000001],[-79.176006,41.32839599999998],[-79.174843,41.325835999999974],[-79.173034,41.325339000000014],[-79.16945,41.32749800000002],[-79.166814,41.33069700000002],[-79.169213,41.34052900000001],[-79.168207,41.342960999999995],[-79.166118,41.343994000000016],[-79.162325,41.343067999999995],[-79.160531,41.341699000000034],[-79.160008,41.339590999999984],[-79.162562,41.33599000000001],[-79.163067,41.333104999999996],[-79.16155,41.33104000000003],[-79.157596,41.32875400000003],[-79.154733,41.32864999999997],[-79.14823300000002,41.331657000000035],[-79.140269,41.341010000000004],[-79.138159,41.341781999999995],[-79.133087,41.339634999999944],[-79.123416,41.330561],[-79.117118,41.327720000000014],[-79.114899,41.32556399999996],[-79.111898,41.325015999999984],[-79.10615300000002,41.32643899999997],[-79.104484,41.331309000000026],[-79.107231,41.33640699999995],[-79.104977,41.34152600000003],[-79.099659,41.342587],[-79.09509600000001,41.340658000000005],[-79.095183,41.37205900000002],[-79.093588,41.42328599999996],[-79.065154,41.423193999999974],[-79.06352,41.45320699999999],[-78.976658,41.451760999999976],[-78.976657,41.43696299999998],[-78.958957,41.43706099999998],[-78.959128,41.50011500000001],[-78.957418,41.579222000000016],[-78.955489,41.640215000000055],[-78.954669,41.640244],[-78.954022,41.68587599999998],[-78.948612,41.830481000000006],[-78.921408,41.83091900000003],[-78.921544,41.84088200000001],[-78.915642,41.840896000000015],[-78.916004,41.86181199999999],[-78.917057,41.861820999999985],[-78.9155,41.95294800000001],[-78.918481,41.95293999999999],[-78.91889600000002,41.99811900000003],[-78.857359,41.99770499999999],[-78.759236,41.99820299999997],[-78.622797,41.999975999999975],[-78.27927400000002,41.99909899999999],[-78.121515,42.00038899999999],[-77.904408,41.998219000000034],[-77.610027,41.99936799999998],[-77.597282,41.44105599999999],[-77.584671,41.441301000000045],[-77.580623,41.43578999999998],[-77.57520900000002,41.420497999999995],[-77.57024,41.41469199999999],[-77.564166,41.41244600000002],[-77.549758,41.39491500000002],[-77.542051,41.38181600000003],[-77.539992,41.368026999999984],[-77.537438,41.36480299999998],[-77.526663,41.35856300000005],[-77.51702600000002,41.35598000000003],[-77.499931,41.353953000000004],[-77.486274,41.345786999999994],[-77.476272,41.33852500000004],[-77.47461,41.335317999999994],[-77.474962,41.32524699999996],[-77.471294,41.313309999999966],[-77.466365,41.309184999999985],[-77.455601,41.30399700000003],[-77.452615,41.299464],[-77.450664,41.294119000000016],[-77.445158,41.28776200000002],[-77.441655,41.285943],[-77.434549,41.28462900000002],[-77.429878,41.28263000000001],[-77.424945,41.27310300000001],[-77.42119600000001,41.27103900000004],[-77.415885,41.26998000000003],[-77.411117,41.26660299999997],[-77.406006,41.26162799999999],[-77.404292,41.25799600000001],[-77.399043,41.25305300000003],[-77.378827,41.23882200000003],[-77.37494700000002,41.236808999999965],[-77.370088,41.23268],[-77.367541,41.23236899999997],[-77.362729,41.23357999999997],[-77.358047,41.23059700000001],[-77.352749,41.23000200000001],[-77.349627,41.228873],[-77.349397,41.22428399999997],[-77.348514,41.22325],[-77.35135600000001,41.220175999999974],[-77.334303,41.220476],[-77.331063,41.219428],[-77.329924,41.21957899999998],[-77.329517,41.220668999999965],[-77.328503,41.21925600000003],[-77.32576,41.219697999999994],[-77.323411,41.21863800000002],[-77.320891,41.21893199999999],[-77.306364,41.208077000000024],[-77.29901,41.200967],[-77.292404,41.197146999999994],[-77.29058,41.19509999999998],[-77.293651,41.19106899999998],[-77.292256,41.18530399999997],[-77.28830600000002,41.18298999999999],[-77.283285,41.18267300000004],[-77.277411,41.18053899999996],[-77.275589,41.17910499999999],[-77.27245,41.17544300000006],[-77.272018,41.17253400000003],[-77.262231,41.16240899999993],[-77.164278,41.06870800000002],[-77.144111,41.06883999999995],[-77.143712,41.045116000000014],[-77.143804,41.042801000000004],[-77.204027,40.99271000000003],[-77.279236,40.909710000000004],[-77.36418,40.84693700000002],[-77.36775,40.84689600000004],[-77.375252,40.845155000000005],[-77.407336,40.83526300000003],[-77.429604,40.827541000000004],[-77.511096,40.793953999999985],[-77.593355,40.76124699999996],[-77.652574,40.74492100000001],[-77.661988,40.737741999999976],[-77.683848,40.728719999999996],[-77.710548,40.71456399999998],[-77.718677,40.72737200000004],[-77.768549,40.71946599999999],[-77.824903,40.74353400000002],[-77.831415,40.74112200000002],[-77.855235,40.77183399999995],[-77.862898,40.76842700000004],[-77.870132,40.77565299999999],[-77.868303,40.77670299999993],[-77.872441,40.78097800000001],[-77.874035,40.78011699999997],[-77.874836,40.780957000000065],[-77.87395,40.78146399999999],[-77.874587,40.782206999999964],[-77.873602,40.78224300000002],[-77.86948,40.78569400000002],[-77.87262,40.78813399999996],[-77.874645,40.78741699999997],[-77.876828,40.78815100000003],[-77.882921,40.79413199999999],[-77.882877,40.796777999999996],[-77.885701,40.79731700000002],[-77.885246,40.79871200000001],[-77.88630100000002,40.79922999999999],[-77.881944,40.801199999999994],[-77.882004,40.79949800000001],[-77.876865,40.80183300000004],[-77.87607,40.804554999999986],[-77.875329,40.804351],[-77.874231,40.80578999999999],[-77.882286,40.81504400000001],[-77.881959,40.81567100000001],[-77.882975,40.815833999999995],[-77.8719,40.823631999999975],[-77.87226,40.824099000000004],[-77.870647,40.825323000000004],[-77.86978,40.82513800000004],[-77.851722,40.83809899999998],[-77.897714,40.87528699999999],[-77.928986,40.89507399999997],[-77.961626,40.90007700000001],[-77.975454,40.915812000000045],[-77.96408900000002,40.923599],[-77.985906,40.940322000000016],[-78.060411,41.00418299999998],[-78.056673,41.00403099999998],[-78.05558,41.00553700000005],[-78.055956,41.008273000000045],[-78.060347,41.01241000000004],[-78.062002,41.01327099999999],[-78.06741200000002,41.01277100000004],[-78.069383,41.01349500000003],[-78.0697,41.01616499999998],[-78.067889,41.019484],[-78.069475,41.02035899999999],[-78.072127,41.02033599999995],[-78.075599,41.02218499999995],[-78.074304,41.02385600000001],[-78.070747,41.02459699999999],[-78.071255,41.02658199999996],[-78.073308,41.02704999999996],[-78.077308,41.02660100000001],[-78.080312,41.03065500000006],[-78.078302,41.03406399999999],[-78.07468900000002,41.034296999999945],[-78.06984800000001,41.032585000000005],[-78.06613,41.035593],[-78.06074,41.03606899999997],[-78.057434,41.037205000000036],[-78.057258,41.039350999999996],[-78.062621,41.043360000000014],[-78.06408,41.04591299999999],[-78.059697,41.050389],[-78.0596,41.05177299999997],[-78.062363,41.05322999999999],[-78.068203,41.04995899999998],[-78.071396,41.04991799999997],[-78.072849,41.05192200000006],[-78.073367,41.057409],[-78.076091,41.05986399999999],[-78.085629,41.05726999999997],[-78.08895,41.05725300000003],[-78.09036,41.058171],[-78.090545,41.05990399999998],[-78.088795,41.06342700000003],[-78.085098,41.068113999999966],[-78.092192,41.070413999999985],[-78.095092,41.07063700000007],[-78.097184,41.07234899999999],[-78.093733,41.075832999999975],[-78.092671,41.07956200000001],[-78.10053100000002,41.09011399999999],[-78.107614,41.10551000000001],[-78.111695,41.11106099999997],[-78.11225,41.113639999999954],[-78.108702,41.11764500000003],[-78.103273,41.121201999999975],[-78.100345,41.12178300000002],[-78.09540000000001,41.12036999999998],[-78.093165,41.11598899999995],[-78.091412,41.11553999999998],[-78.089202,41.11603800000006],[-78.086883,41.118261000000004],[-78.08593,41.12445900000002],[-78.082989,41.12630500000001],[-78.077672,41.12516699999998],[-78.073732,41.12205499999998],[-78.070417,41.12187799999996],[-78.068659,41.124308000000006],[-78.070432,41.128980999999996],[-78.06974500000001,41.131273],[-78.066996,41.13242599999997],[-78.05884400000001,41.13090900000004],[-78.056026,41.13199499999999],[-78.054836,41.134176999999966],[-78.054206,41.14266499999999],[-78.052733,41.14531699999997],[-78.04344,41.146508],[-78.039738,41.152579],[-78.03817100000002,41.15360299999999],[-78.061007,41.174538999999974],[-78.093381,41.21693100000001],[-78.236817,41.230474999999956],[-78.531948,41.24645600000002],[-78.64666600000001,41.25377799999995],[-78.647947,41.21746000000002],[-78.710248,41.20185899999994],[-78.766377,41.202759000000036],[-78.804532,41.132186000000004],[-78.804199,41.04015600000003],[-78.94388,41.04026300000005],[-78.944829,41.070968],[-79.001538,41.07054000000002],[-79.00123,41.05055400000007],[-79.010208,41.05056800000004],[-79.055225,41.050866000000006],[-79.055456,41.05548300000002],[-79.078762,41.05601299999998],[-79.086094,41.07208900000001],[-79.118703,41.07162199999999],[-79.118732,41.04777699999998],[-79.125545,41.03955400000003],[-79.125562,41.027305],[-79.133895,41.02479400000002],[-79.137149,41.02620199999999],[-79.140156,41.02935199999997],[-79.14451,41.026476999999964],[-79.143914,41.025029999999994],[-79.145551,41.02325599999996],[-79.150991,41.02172199999996],[-79.153584,41.02272100000002],[-79.152756,41.024447000000016],[-79.155863,41.02816799999997],[-79.15780400000001,41.02903900000001],[-79.158428,41.03073899999996],[-79.161378,41.03044400000003],[-79.163849,41.03111000000001],[-79.166991,41.03039900000001],[-79.167824,41.031715999999946],[-79.16885500000001,41.03185699999995],[-79.168194,41.03341599999996],[-79.168874,41.03459400000003],[-79.173372,41.03691100000002],[-79.177119,41.03383300000002],[-79.184426,41.03284799999998],[-79.18691200000002,41.034209],[-79.18960000000001,41.03379500000004],[-79.19301700000001,41.03672900000006],[-79.196469,41.03752099999996],[-79.201786,41.040161999999974],[-79.207469,41.03882300000002],[-79.210509,41.040481000000035],[-79.210197,41.04909099999997],[-79.215201,41.048933]]]}},{"type":"Feature","properties":{"district":"27","population":260713,"landAreaSqMi":1662.0,"topMunicipalities":[{"name":"Bloomsburg","classCode":"town","populationShare":0.04950271884487525},{"name":"Berwick","classCode":"borough","populationShare":0.039472530577453195},{"name":"Coal","classCode":"first_class_township","populationShare":0.037781015079964425},{"name":"Butler","classCode":"second_class_township","populationShare":0.037182655856362955},{"name":"Sunbury","classCode":"third_class_city","populationShare":0.03698703841787788}],"topCounties":[{"name":"Northumberland","geoid":"42097","populationShare":0.34875520773053464},{"name":"Columbia","geoid":"42037","populationShare":0.24952730314995802},{"name":"Luzerne","geoid":"42079","populationShare":0.18005608186355357},{"name":"Snyder","geoid":"42109","populationShare":0.152316943131012},{"name":"Montour","geoid":"42093","populationShare":0.06934446412494177}],"classShares":{"borough":0.23215187184922303,"first_class_township":0.037781015079964425,"second_class_township":0.617149823432328,"third_class_city":0.06341457079360935,"town":0.04950271884487525}},"geometry":{"type":"Polygon","coordinates":[[[-77.356628,40.80733400000001],[-77.321639,40.81710199999998],[-77.129574,40.85379399999998],[-77.074058,40.86833300000005],[-77.052027,40.869386999999975],[-77.048437,40.86658399999996],[-77.044755,40.86584800000001],[-77.042657,40.86342900000005],[-77.038472,40.86288000000004],[-77.036801,40.86477200000001],[-77.031864,40.86411399999999],[-77.024901,40.85748899999997],[-77.019873,40.85792899999999],[-77.015473,40.860924],[-77.014989,40.863692],[-77.012426,40.86627500000001],[-77.011309,40.86876799999997],[-77.004828,40.87212900000002],[-77.000016,40.872571999999984],[-76.996578,40.872036],[-76.995357,40.87272000000006],[-76.995077,40.874454999999976],[-76.99366,40.875139],[-76.973163,40.877131999999996],[-76.970916,40.87854700000002],[-76.970009,40.880928000000026],[-76.946864,40.885825000000025],[-76.942073,40.88803200000006],[-76.935043,40.88715300000002],[-76.927551,40.887368],[-76.919235,40.885190000000044],[-76.912335,40.884540000000065],[-76.90465700000001,40.885041999999984],[-76.894662,40.88708400000002],[-76.890804,40.888718999999966],[-76.87736,40.884398999999995],[-76.858319,40.88927000000001],[-76.851964,40.88867900000005],[-76.849866,40.886428],[-76.840793,40.88695300000002],[-76.836731,40.88801900000001],[-76.834517,40.889621],[-76.82944,40.88757300000002],[-76.824902,40.887892000000015],[-76.80845700000002,40.87866499999997],[-76.802117,40.879415],[-76.799277,40.87856500000002],[-76.800242,40.88199400000002],[-76.80399400000002,40.88487399999998],[-76.810258,40.88711299999999],[-76.822679,40.88969900000002],[-76.824587,40.89071799999997],[-76.854106,40.915426000000046],[-76.861047,40.92585099999996],[-76.8685,40.940171000000014],[-76.872711,40.944802],[-76.875604,40.94985700000004],[-76.877511,40.95530400000001],[-76.877144,40.959488999999984],[-76.882249,40.968762999999996],[-76.881829,40.97319400000004],[-76.875587,40.98458200000004],[-76.868476,40.995196999999955],[-76.866912,41.010548999999976],[-76.864722,41.02035199999996],[-76.861249,41.028489000000015],[-76.861316,41.03796200000001],[-76.857156,41.04538100000002],[-76.85616800000001,41.05008299999999],[-76.857576,41.055465999999996],[-76.857,41.06660099999999],[-76.858335,41.07307799999999],[-76.8645,41.079871999999966],[-76.87149,41.08169100000004],[-76.884383,41.09375300000006],[-76.88958,41.100638000000025],[-76.892204,41.11024300000003],[-76.895295,41.117417000000025],[-76.895705,41.12381700000004],[-76.897919,41.13298000000002],[-76.89762300000001,41.13552799999999],[-76.888145,41.153806999999986],[-76.884155,41.15734599999998],[-76.870261,41.16005499999999],[-76.856916,41.16364100000006],[-76.82816800000002,41.16577999999995],[-76.790807,41.17573199999998],[-76.729997,41.17188099999998],[-76.678776,41.154171999999996],[-76.592607,41.15776500000001],[-76.521652,41.21426],[-76.499652,41.23385600000003],[-76.477825,41.250884999999975],[-76.407934,41.30841799999998],[-76.310261,41.310198],[-76.320194,41.21582399999996],[-76.319236,41.208092],[-76.317953,41.20545299999999],[-76.223084,41.236276999999966],[-76.178649,41.160675999999974],[-76.157415,41.15513199999997],[-76.15129,41.15992000000002],[-76.140136,41.16034499999997],[-76.135133,41.165007000000024],[-76.125785,41.17122700000004],[-76.108102,41.17756500000003],[-76.090647,41.14850999999999],[-76.055849,41.15501100000004],[-76.043866,41.15968699999998],[-76.039257,41.15299000000002],[-76.008492,41.16522500000001],[-75.98721700000002,41.16726800000001],[-75.982279,41.166613000000055],[-75.95288300000001,41.17255799999996],[-75.886281,41.18367100000001],[-75.872118,41.181648999999986],[-75.850395,41.18849500000004],[-75.84847300000001,41.15182099999998],[-75.812076,41.15149699999997],[-75.812507,41.14142199999993],[-75.83583,41.14178600000002],[-75.836567,41.12488100000001],[-75.855557,41.125174],[-75.85534000000001,41.118976],[-75.900492,41.097584000000026],[-75.927785,41.088479000000035],[-75.911617,41.03177199999997],[-75.904749,41.01131799999997],[-75.935193,41.010650999999974],[-75.934817,40.99889400000003],[-75.9447,40.998686000000035],[-75.944864,41.00242399999999],[-75.952978,41.002252000000034],[-75.951439,41.004236],[-75.954546,41.00414700000002],[-75.953171,41.00512],[-75.96206100000002,41.00486500000002],[-75.992015,40.99802300000004],[-76.011673,40.994587999999965],[-76.013165,40.99068299999995],[-76.021996,40.98819999999999],[-76.01609100000002,40.98175500000001],[-76.038117,40.97808900000001],[-76.036699,40.973064999999956],[-76.118527,40.95989899999997],[-76.107975,40.92319799999997],[-76.207827,40.94973999999998],[-76.24966100000002,40.915792],[-76.284611,40.88358799999999],[-76.30717,40.80180900000001],[-76.565402,40.707848],[-76.600068,40.69706399999996],[-76.639325,40.68222100000003],[-76.694565,40.66288599999999],[-76.696318,40.663646000000035],[-76.700249,40.66334100000001],[-76.701817,40.656412999999944],[-76.702866,40.655495999999985],[-76.704998,40.655755999999954],[-76.713574,40.659594999999996],[-76.719176,40.65778999999996],[-76.72203,40.65340099999998],[-76.728007,40.653331],[-76.734046,40.65489999999998],[-76.744744,40.65470799999999],[-76.749698,40.653150000000025],[-76.752508,40.650275],[-76.756232,40.648087999999994],[-76.770203,40.64687400000002],[-76.776332,40.645503999999995],[-76.778281,40.64598599999994],[-76.785853,40.641731999999976],[-76.79255,40.640589000000006],[-76.794554,40.64066199999999],[-76.794558,40.641727000000024],[-76.796665,40.64362299999996],[-76.798185,40.64475200000004],[-76.80131200000001,40.64551000000003],[-76.801888,40.646885999999995],[-76.803382,40.64722299999999],[-76.805656,40.646384000000005],[-76.809521,40.64272400000001],[-76.810149,40.634845999999975],[-76.81114,40.63381700000001],[-76.821059,40.63334500000004],[-76.82511900000002,40.63450200000003],[-76.827405,40.633946000000044],[-76.833162,40.627601999999975],[-76.840104,40.62543900000001],[-76.854599,40.625719999999994],[-76.864357,40.62756099999998],[-76.869049,40.62422900000005],[-76.869632,40.61804499999998],[-76.872283,40.61638799999999],[-76.879155,40.61673699999999],[-76.883426,40.61796800000001],[-76.88682200000001,40.617708],[-76.89025400000001,40.616279000000034],[-76.8914,40.61496399999994],[-76.88943800000001,40.61238900000001],[-76.89077,40.61009500000001],[-76.898869,40.610452000000016],[-76.90334200000001,40.611892000000005],[-76.92066,40.61001299999996],[-76.920932,40.60844199999998],[-76.91778,40.60484600000001],[-76.918672,40.60346599999997],[-76.920427,40.604030999999985],[-76.92599,40.609169000000044],[-76.936962,40.612841],[-76.94914800000001,40.62816699999999],[-76.941565,40.63592400000004],[-76.939534,40.63908299999999],[-76.940656,40.64617500000002],[-76.944828,40.65020899999994],[-76.958641,40.64710999999998],[-76.961112,40.645745999999946],[-76.96546100000002,40.64721199999996],[-76.967829,40.64475200000004],[-76.967495,40.641254999999994],[-76.97482300000001,40.642809000000014],[-76.975901,40.642243],[-76.976749,40.645435],[-76.983865,40.64374],[-76.986631,40.644024999999985],[-76.98804400000002,40.643590999999994],[-76.99728900000001,40.635710999999965],[-76.998943,40.63778900000006],[-77.003363,40.63887900000006],[-77.006054,40.642615000000035],[-77.004091,40.645939000000006],[-77.008117,40.651275000000005],[-77.00883000000002,40.65563699999997],[-77.007234,40.656033],[-77.007357,40.656823000000045],[-77.008418,40.65991199999999],[-77.009809,40.660312999999995],[-77.010445,40.66160900000002],[-77.014065,40.662108000000025],[-77.01641100000002,40.65994500000003],[-77.018241,40.659494000000045],[-77.021644,40.66004299999998],[-77.022514,40.660885999999984],[-77.024944,40.65892399999998],[-77.025753,40.656063000000024],[-77.02950100000001,40.655561999999996],[-77.031016,40.656325],[-77.033219,40.659534],[-77.034409,40.65992799999999],[-77.0324,40.664875000000045],[-77.035368,40.668334999999985],[-77.036282,40.670967],[-77.035046,40.67236199999998],[-77.036362,40.67485199999997],[-77.035479,40.676822],[-77.038978,40.67994999999996],[-77.041368,40.67913700000004],[-77.045769,40.675637],[-77.047275,40.67636900000004],[-77.053049,40.67519200000001],[-77.054382,40.67599699999999],[-77.056742,40.67596],[-77.056988,40.676652000000004],[-77.059248,40.67726600000001],[-77.06072,40.67993199999999],[-77.064442,40.678208000000005],[-77.068284,40.67985300000001],[-77.07259,40.679224000000005],[-77.073973,40.67837300000002],[-77.077728,40.67903299999997],[-77.082909,40.67739899999998],[-77.087952,40.67837700000001],[-77.089733,40.67709899999997],[-77.093607,40.676121],[-77.097653,40.67871699999998],[-77.09745,40.68208200000002],[-77.100436,40.68633199999999],[-77.100211,40.68795199999998],[-77.101736,40.68907000000001],[-77.105325,40.689442999999976],[-77.109597,40.691577999999986],[-77.115092,40.68891300000006],[-77.12518100000001,40.68575799999997],[-77.133154,40.684833000000005],[-77.137507,40.68347400000005],[-77.139844,40.683584],[-77.14400000000002,40.68159600000003],[-77.149089,40.68053800000003],[-77.150751,40.67707999999997],[-77.171323,40.67905800000006],[-77.354097,40.70166699999998],[-77.356628,40.80733400000001]]]}},{"type":"Feature","properties":{"district":"11","population":263381,"landAreaSqMi":203.3,"topMunicipalities":[{"name":"Reading","classCode":"third_class_city","populationShare":0.3600715313557159},{"name":"Spring","classCode":"second_class_township","populationShare":0.1080146252007549},{"name":"Exeter","classCode":"second_class_township","populationShare":0.0967723563962474},{"name":"Muhlenberg","classCode":"first_class_township","populationShare":0.08326720606270019},{"name":"Cumru","classCode":"first_class_township","populationShare":0.059328501296600736}],"topCounties":[{"name":"Berks","geoid":"42011","populationShare":1.0}],"classShares":{"borough":0.18726483687130077,"first_class_township":0.14259570735930094,"second_class_township":0.31006792441368247,"third_class_city":0.3600715313557159}},"geometry":{"type":"Polygon","coordinates":[[[-76.091658,40.27772500000002],[-76.084093,40.28005800000002],[-76.081311,40.283085000000064],[-76.076774,40.28533799999998],[-76.068927,40.295373999999974],[-76.055576,40.303958000000016],[-76.055065,40.30728100000001],[-76.04587800000002,40.30916499999996],[-76.042804,40.31412399999999],[-76.043211,40.315204000000016],[-76.042453,40.31772400000005],[-76.041437,40.317992],[-76.041108,40.322058000000006],[-76.037195,40.324105999999965],[-76.034651,40.326529999999984],[-76.031285,40.32743599999998],[-76.030274,40.328426999999984],[-76.029005,40.330974999999995],[-76.023402,40.33719800000003],[-76.023451,40.339594999999996],[-76.021779,40.34219700000002],[-76.018159,40.34217899999996],[-76.014934,40.34306699999999],[-76.013433,40.346641999999996],[-76.010794,40.34744000000001],[-76.007964,40.34712099999999],[-76.006297,40.34826800000003],[-76.006761,40.350562999999966],[-76.005913,40.351096],[-76.001562,40.35017699999999],[-76.002381,40.353283999999995],[-76.003743,40.35332299999999],[-76.003835,40.35569599999999],[-76.001248,40.35653600000004],[-75.996181,40.35666],[-75.995189,40.35920000000004],[-75.995858,40.360393000000016],[-75.99311,40.36219699999999],[-75.993231,40.364635000000035],[-75.994733,40.36632799999997],[-75.992826,40.368516000000014],[-75.991563,40.368800000000036],[-75.983871,40.366936],[-75.980732,40.367734000000006],[-75.977656,40.369834000000004],[-75.976123,40.36987300000001],[-75.97447400000001,40.36402699999996],[-75.971119,40.36235100000001],[-75.969214,40.36418399999995],[-75.968079,40.36407599999996],[-75.967523,40.362344000000036],[-75.964452,40.36016000000002],[-75.966832,40.35715000000001],[-75.960708,40.35458299999999],[-75.94137200000002,40.36437000000001],[-75.943591,40.36558100000002],[-75.951092,40.36694099999997],[-75.953878,40.368751999999986],[-75.955833,40.371214],[-75.956153,40.37290600000002],[-75.950975,40.38032099999997],[-75.95269,40.38335000000006],[-75.961337,40.38870099999997],[-75.969897,40.391037000000004],[-75.973672,40.39479300000005],[-75.97350900000002,40.39613100000001],[-75.964864,40.401239000000004],[-75.967252,40.40283999999998],[-75.970442,40.403315],[-75.97306600000002,40.40244599999999],[-75.975091,40.40392399999996],[-75.970648,40.41125900000001],[-75.968,40.41166199999999],[-75.962221,40.40801099999999],[-75.955369,40.41002299999998],[-75.945589,40.40986699999999],[-75.93935,40.412736000000024],[-75.932228,40.414438000000025],[-75.883217,40.431551999999975],[-75.878199,40.431751000000006],[-75.860482,40.436374],[-75.849942,40.44494600000001],[-75.852319,40.44648000000003],[-75.8401,40.45707900000002],[-75.892855,40.49436000000001],[-75.88911200000001,40.49947199999995],[-75.884428,40.502600999999984],[-75.884306,40.504706999999996],[-75.882454,40.50683999999997],[-75.884278,40.50938699999999],[-75.882122,40.51258899999999],[-75.883205,40.51625600000001],[-75.878094,40.52213899999999],[-75.876087,40.523362],[-75.874647,40.52583800000001],[-75.873189,40.52611499999996],[-75.872106,40.52528400000003],[-75.866393,40.52445399999997],[-75.862855,40.52495299999997],[-75.861058,40.52319599999997],[-75.857742,40.524097],[-75.858757,40.53219799999997],[-75.855947,40.53398200000001],[-75.85130000000001,40.53167899999999],[-75.848791,40.533381],[-75.847304,40.533009000000014],[-75.844412,40.536184999999996],[-75.845652,40.538627999999974],[-75.843105,40.53924700000003],[-75.833402,40.53568899999996],[-75.828518,40.536502999999996],[-75.82560100000002,40.53603000000003],[-75.824045,40.532980999999985],[-75.811318,40.51911499999997],[-75.739442,40.579939999999965],[-75.674921,40.53896999999999],[-75.681609,40.52842500000002],[-75.692715,40.52642799999997],[-75.69981600000001,40.51848299999999],[-75.710793,40.508014000000024],[-75.711831,40.507784999999984],[-75.711629,40.50720700000003],[-75.731438,40.487998000000026],[-75.742793,40.47542100000005],[-75.74906,40.470464000000035],[-75.794189,40.45417300000002],[-75.772609,40.44140800000001],[-75.796825,40.417846],[-75.759326,40.40965700000004],[-75.739531,40.40456500000002],[-75.738895,40.39714099999994],[-75.721112,40.392669999999995],[-75.744964,40.321194000000006],[-75.77685299999999,40.32699200000003],[-75.777271,40.325625],[-75.780037,40.326259999999955],[-75.78462700000001,40.30887200000002],[-75.786243,40.306361],[-75.790651,40.29306900000003],[-75.795628,40.27093500000001],[-75.80483100000001,40.27050199999996],[-75.810238,40.26771399999998],[-75.814401,40.26813799999995],[-75.826241,40.274536999999974],[-75.832651,40.27580299999995],[-75.840403,40.27587200000006],[-75.843608,40.276840999999955],[-75.845851,40.278374000000014],[-75.84872,40.282769],[-75.859795,40.28734199999999],[-75.87176,40.289517999999944],[-75.878648,40.28978699999998],[-75.888363,40.294182000000006],[-75.891128,40.297044],[-75.895996,40.28396],[-75.94387,40.244671000000004],[-75.950627,40.24490900000005],[-75.961034,40.24644699999996],[-75.975217,40.24903700000003],[-75.985511,40.25207700000005],[-75.997808,40.256295000000016],[-76.023485,40.271488],[-76.033159,40.25338799999998],[-76.043993,40.247196],[-76.091658,40.27772500000002]]]}},{"type":"Feature","properties":{"district":"22","population":251186,"landAreaSqMi":281.9,"topMunicipalities":[{"name":"Scranton","classCode":"second_class_a_city","populationShare":0.3028594281852902},{"name":"Wilkes-Barre","classCode":"third_class_city","populationShare":0.17603301175262173},{"name":"Dunmore","classCode":"borough","populationShare":0.05622530305046197},{"name":"Plains","classCode":"first_class_township","populationShare":0.03922195607541964},{"name":"South Abington","classCode":"second_class_township","populationShare":0.037951980031158655}],"topCounties":[{"name":"Lackawanna","geoid":"42069","populationShare":0.623988198273757},{"name":"Luzerne","geoid":"42079","populationShare":0.37601180172624304}],"classShares":{"borough":0.29857909307146113,"first_class_township":0.03922195607541964,"second_class_a_city":0.3028594281852902,"second_class_township":0.15297836826574046,"third_class_city":0.20636115440208852}},"geometry":{"type":"Polygon","coordinates":[[[-75.928919,41.24153600000002],[-75.92571500000001,41.24149900000002],[-75.922489,41.24273700000003],[-75.916898,41.24783600000002],[-75.913195,41.24965799999997],[-75.90809700000001,41.24975299999999],[-75.90187,41.24790600000002],[-75.89675,41.25174600000004],[-75.894579,41.250316000000026],[-75.892716,41.25166199999997],[-75.893681,41.252637000000036],[-75.89033,41.254503999999976],[-75.886643,41.250774000000014],[-75.879177,41.25661099999999],[-75.878059,41.255582],[-75.87118400000001,41.261225999999986],[-75.865409,41.268607999999986],[-75.86570700000001,41.27090099999999],[-75.870433,41.27948900000002],[-75.869897,41.283368999999986],[-75.866299,41.28591799999999],[-75.849319,41.29424000000004],[-75.85839,41.299660999999986],[-75.859425,41.299313999999995],[-75.861446,41.30139299999998],[-75.85274,41.308163999999984],[-75.831762,41.317695000000036],[-75.822311,41.308612999999944],[-75.807666,41.31621199999999],[-75.804221,41.319023000000044],[-75.81023,41.324842000000004],[-75.80687,41.330014999999975],[-75.805063,41.337742999999996],[-75.800702,41.340386],[-75.794144,41.337439],[-75.795738,41.343979],[-75.80064,41.35027399999997],[-75.80615000000002,41.35547100000001],[-75.807414,41.35823899999997],[-75.803142,41.36636699999995],[-75.79643800000001,41.373134999999984],[-75.795061,41.37644300000007],[-75.795291,41.37815199999995],[-75.797686,41.381534999999985],[-75.80127,41.38351899999997],[-75.80655,41.38518300000002],[-75.819575,41.38751800000003],[-75.830135,41.394414],[-75.832631,41.39993399999999],[-75.831223,41.41780600000001],[-75.832887,41.424397999999975],[-75.834512,41.42696500000004],[-75.771626,41.50579299999996],[-75.80323,41.52422699999998],[-75.787503,41.543531000000016],[-75.769297,41.56846599999998],[-75.77429000000001,41.57404800000005],[-75.72857600000002,41.63563399999995],[-75.721697,41.63457800000002],[-75.718774,41.63611300000005],[-75.718608,41.637868999999974],[-75.720661,41.63941000000001],[-75.71988700000001,41.642262999999936],[-75.531276,41.641658999999954],[-75.570982,41.544944000000015],[-75.570421,41.54459900000002],[-75.584483,41.527342999999966],[-75.585318,41.523357999999995],[-75.605249,41.507844],[-75.6061,41.50839899999998],[-75.615799,41.49987200000004],[-75.63207,41.48744500000001],[-75.606611,41.47071999999999],[-75.607541,41.468169],[-75.604506,41.46730199999998],[-75.608703,41.464160000000014],[-75.61076800000001,41.46349000000002],[-75.614216,41.46367000000003],[-75.550339,41.42143400000002],[-75.582241,41.39407700000003],[-75.624872,41.392720999999966],[-75.633933,41.38237999999998],[-75.637154,41.38346799999997],[-75.65204300000002,41.36614000000002],[-75.60443900000001,41.342561999999994],[-75.639367,41.341558000000006],[-75.685631,41.338835000000024],[-75.688606,41.339445999999995],[-75.687841,41.317836000000014],[-75.694959,41.31757700000002],[-75.69412000000001,41.30410999999996],[-75.690824,41.304334999999995],[-75.689661,41.28778500000003],[-75.67934400000001,41.28796000000004],[-75.679304,41.264300999999996],[-75.652273,41.25738299999998],[-75.779014,41.25348399999999],[-75.850424,41.19746100000005],[-75.928919,41.24153600000002]]]}},{"type":"Feature","properties":{"district":"31","population":262764,"landAreaSqMi":334.1,"topMunicipalities":[{"name":"York","classCode":"third_class_city","populationShare":0.17060936810217545},{"name":"Upper Allen","classCode":"first_class_township","populationShare":0.08911038041740867},{"name":"Dover","classCode":"second_class_township","populationShare":0.0872684233761093},{"name":"Lower Allen","classCode":"first_class_township","populationShare":0.07740786409097129},{"name":"Manchester","classCode":"second_class_township","populationShare":0.07438233547974613}],"topCounties":[{"name":"York","geoid":"42133","populationShare":0.7440669193649055},{"name":"Cumberland","geoid":"42041","populationShare":0.2559330806350945}],"classShares":{"borough":0.15318308444079107,"first_class_township":0.16651824450837996,"second_class_township":0.5096893029486536,"third_class_city":0.17060936810217545}},"geometry":{"type":"Polygon","coordinates":[[[-77.137273,40.07005399999999],[-77.05987100000002,40.125326999999956],[-77.031754,40.14652600000003],[-77.028784,40.14779700000001],[-77.025909,40.147388000000014],[-77.022749,40.14581400000001],[-77.021249,40.14770899999999],[-77.019675,40.148309000000005],[-77.012767,40.148415000000014],[-77.014259,40.15604400000002],[-77.01646000000001,40.161170000000006],[-77.019277,40.18142299999999],[-77.021356,40.18222099999998],[-77.018767,40.186111000000054],[-77.02169700000002,40.20169500000001],[-77.019572,40.202078],[-77.019712,40.20298399999997],[-77.022499,40.20912299999999],[-77.030743,40.20867899999998],[-77.032245,40.210764],[-77.031229,40.21654099999995],[-77.027604,40.216974999999955],[-77.027236,40.21435599999996],[-77.025995,40.21366400000001],[-77.025954,40.215723999999994],[-77.013673,40.21917300000001],[-77.01374,40.22099699999999],[-77.011917,40.22389599999998],[-77.00770600000001,40.22430300000001],[-77.005354,40.221099000000024],[-77.000901,40.22220900000002],[-76.999849,40.21992200000004],[-77.001586,40.21937399999999],[-76.999519,40.21592400000001],[-76.99823,40.21643799999999],[-76.997104,40.21441399999999],[-76.993638,40.21562400000002],[-76.96499000000001,40.220929000000034],[-76.96524800000002,40.222729000000044],[-76.94868,40.226265999999974],[-76.946913,40.224693999999964],[-76.93573,40.226767],[-76.936465,40.22889099999999],[-76.918077,40.232806],[-76.907115,40.23832900000001],[-76.916289,40.24605599999999],[-76.91509,40.24684700000003],[-76.91671,40.250417],[-76.90863,40.25192799999998],[-76.902901,40.255116],[-76.896914,40.25087499999997],[-76.892239,40.24885199999998],[-76.890684,40.25011200000004],[-76.878994,40.24408599999999],[-76.866473,40.23115700000003],[-76.859378,40.22647800000002],[-76.839468,40.221614999999986],[-76.833342,40.21646600000003],[-76.828859,40.20501999999995],[-76.824696,40.202318999999974],[-76.819019,40.20096399999996],[-76.800585,40.200110999999985],[-76.795384,40.197340000000004],[-76.787668,40.19155],[-76.774014,40.184090999999995],[-76.762986,40.17893599999998],[-76.752683,40.17580300000001],[-76.750844,40.173372000000036],[-76.749312,40.16853099999997],[-76.748219,40.15466800000004],[-76.74579,40.14579300000001],[-76.744608,40.133024999999975],[-76.743106,40.13033500000004],[-76.737236,40.12524500000002],[-76.733496,40.12312200000002],[-76.72228,40.12053900000001],[-76.710932,40.11384299999998],[-76.706802,40.10968299999997],[-76.697187,40.10249200000003],[-76.689881,40.095070000000035],[-76.680428,40.08319199999999],[-76.676042,40.075987000000026],[-76.675504,40.07359599999998],[-76.670997,40.06877399999999],[-76.66499,40.06399499999997],[-76.65372200000002,40.05981300000002],[-76.644508,40.05806900000003],[-76.644265,40.05663400000003],[-76.645266,40.05392199999999],[-76.648289,40.05206499999997],[-76.656376,40.05227199999999],[-76.659384,40.05113600000001],[-76.659448,40.04945599999999],[-76.655256,40.04563100000002],[-76.654985,40.043007999999986],[-76.66039300000001,40.043599],[-76.663449,40.043199],[-76.668652,40.02980899999998],[-76.671503,40.02763000000005],[-76.675588,40.02755899999994],[-76.679795,40.02375399999997],[-76.681874,40.02441799999998],[-76.68378,40.023935000000016],[-76.685152,40.01874599999999],[-76.692022,40.01941599999998],[-76.693964,40.01803200000001],[-76.695921,40.01790600000003],[-76.708177,40.020276],[-76.715231,40.01671700000003],[-76.714944,40.014010000000034],[-76.711281,40.01311499999998],[-76.708844,40.00882799999998],[-76.708522,40.00648299999998],[-76.710398,40.00219999999996],[-76.712686,39.99963299999999],[-76.718789,39.99751699999998],[-76.722087,39.997668000000004],[-76.723869,39.996402000000025],[-76.722757,39.985742999999985],[-76.72447,39.98097099999995],[-76.728443,39.98187499999998],[-76.731476,39.98130400000002],[-76.732114,39.982846],[-76.735811,39.98257599999999],[-76.73599,39.981715999999984],[-76.736612,39.98238399999997],[-76.737656,39.982032000000004],[-76.737681,39.98041899999999],[-76.739717,39.98027500000002],[-76.736386,39.97903200000001],[-76.734999,39.97924599999999],[-76.734019,39.97565700000001],[-76.73260400000001,39.975877],[-76.731935,39.972678000000045],[-76.732811,39.97262999999998],[-76.732823,39.971919],[-76.731814,39.97182200000001],[-76.73085,39.968558999999985],[-76.730766,39.971542],[-76.727527,39.97386500000002],[-76.726281,39.974062],[-76.72568,39.97101099999997],[-76.724079,39.968806999999984],[-76.716612,39.97276000000001],[-76.706793,39.975578],[-76.70625400000002,39.97869299999996],[-76.703388,39.97840499999999],[-76.70339400000002,39.97619999999999],[-76.701851,39.976479999999974],[-76.70076500000002,39.972246],[-76.70306300000001,39.97198399999998],[-76.699954,39.967434000000004],[-76.699448,39.961824000000036],[-76.707316,39.96144399999998],[-76.70686200000002,39.95819800000001],[-76.704749,39.95487799999999],[-76.704045,39.955008000000035],[-76.703847,39.95127499999999],[-76.70190700000002,39.95136899999995],[-76.70179900000001,39.949162999999984],[-76.703797,39.948502000000005],[-76.705348,39.950096000000016],[-76.70669600000001,39.949482000000025],[-76.706064,39.94995400000003],[-76.707252,39.95089900000001],[-76.71165,39.95308599999999],[-76.712401,39.95278499999999],[-76.708749,39.94917099999997],[-76.714413,39.94732599999999],[-76.716835,39.94724799999996],[-76.715814,39.943411000000026],[-76.716784,39.942755999999996],[-76.718256,39.945704],[-76.719551,39.94491700000001],[-76.72189700000001,39.94941599999999],[-76.730951,39.94790800000003],[-76.736841,39.95336599999999],[-76.745655,39.94999899999998],[-76.746182,39.948560000000015],[-76.744326,39.947084000000004],[-76.745209,39.94541900000002],[-76.756834,39.94609300000004],[-76.758676,39.944390999999996],[-76.756532,39.94037599999996],[-76.759158,39.93869699999999],[-76.75942300000001,39.93761000000003],[-76.755438,39.934609999999985],[-76.753958,39.930331999999964],[-76.75177499999998,39.928810000000006],[-76.750265,39.92871600000004],[-76.751631,39.92315499999996],[-76.754392,39.92234900000005],[-76.75574,39.92267300000004],[-76.762482,39.91880500000003],[-76.766111,39.92018499999998],[-76.76906300000002,39.91991100000001],[-76.772188,39.91751800000001],[-76.779405,39.915506],[-76.780647,39.912667],[-76.78412,39.91178399999997],[-76.785297,39.91247000000004],[-76.786878,39.916737],[-76.790806,39.920669999999994],[-76.793801,39.92215300000005],[-76.79835,39.92233399999999],[-76.799428,39.91861699999998],[-76.802117,39.916167999999956],[-76.802637,39.91412000000001],[-76.802231,39.913274999999985],[-76.800063,39.91283500000001],[-76.796756,39.909144999999995],[-76.797241,39.90659200000004],[-76.800842,39.903111],[-76.807922,39.901223000000044],[-76.812164,39.90449499999998],[-76.814217,39.902134],[-76.812941,39.89903699999997],[-76.813169,39.89670400000001],[-76.81536400000002,39.89517200000002],[-76.818009,39.894650000000034],[-76.823983,39.89615400000002],[-76.824404,39.897416999999955],[-76.827163,39.898224000000006],[-76.829059,39.89748799999999],[-76.82951500000001,39.89837200000001],[-76.831754,39.897904999999994],[-76.83454,39.91015600000005],[-76.835729,39.91611699999998],[-76.835579,39.92857900000002],[-76.829847,39.93943199999997],[-76.828556,39.94351299999996],[-76.833332,39.944973000000026],[-76.8345,39.94473199999997],[-76.834714,39.945398999999995],[-76.843366,39.94626099999996],[-76.871471,39.948490000000014],[-76.889944,39.949003999999995],[-76.890971,39.95008500000002],[-76.903253,39.954272999999986],[-76.932688,39.96698400000001],[-76.936892,39.962380999999965],[-76.961123,39.96278900000001],[-76.958853,39.95948599999999],[-76.944961,39.954849],[-76.943969,39.952284999999954],[-76.944946,39.950604999999975],[-76.948705,39.948891],[-76.949825,39.94924799999998],[-76.952937,39.953189999999985],[-76.957189,39.95307899999998],[-76.958878,39.948241000000046],[-76.964049,39.94487700000004],[-76.96351,39.94181399999996],[-76.96459,39.94064400000001],[-76.964187,39.93708099999998],[-76.964785,39.935551999999994],[-76.966202,39.93519199999999],[-76.993154,39.97391200000001],[-77.01864799999998,40.013946999999995],[-77.026238,40.018378000000006],[-77.033211,40.018724000000006],[-77.04069,40.02132000000001],[-77.056376,40.02348400000003],[-77.0615,40.02660800000005],[-77.068485,40.02887200000001],[-77.070232,40.03007799999999],[-77.072754,40.03438599999996],[-77.07842,40.03763699999998],[-77.08109600000002,40.043644999999984],[-77.092103,40.053713],[-77.103843,40.05769199999995],[-77.106818,40.060031],[-77.111899,40.06138899999998],[-77.125099,40.066878],[-77.127631,40.06861599999998],[-77.137273,40.07005399999999]]]}},{"type":"Feature","properties":{"district":"16","population":269460,"landAreaSqMi":548.6,"topMunicipalities":[{"name":"Lower Macungie","classCode":"first_class_township","populationShare":0.12047038511740128},{"name":"Upper Macungie","classCode":"second_class_township","populationShare":0.1005713584092656},{"name":"Upper Saucon","classCode":"second_class_township","populationShare":0.0636754010179401},{"name":"Hilltown","classCode":"second_class_township","populationShare":0.061582329204551645},{"name":"North Whitehall","classCode":"second_class_township","populationShare":0.05827200995358985}],"topCounties":[{"name":"Lehigh","geoid":"42077","populationShare":0.6004607953379513},{"name":"Bucks","geoid":"42017","populationShare":0.3995392046620486}],"classShares":{"borough":0.16278457805402283,"first_class_township":0.17692358107250797,"second_class_township":0.6284559453305776,"third_class_city":0.03183589554289156}},"geometry":{"type":"Polygon","coordinates":[[[-75.891349,40.67731800000003],[-75.854809,40.69319200000002],[-75.844663,40.693000999999995],[-75.807789,40.70749200000005],[-75.796518,40.71703400000001],[-75.779682,40.72502200000003],[-75.77769,40.72953399999997],[-75.770292,40.729938000000054],[-75.765947,40.73092600000002],[-75.757761,40.735442000000006],[-75.744863,40.740309],[-75.743585,40.74346199999996],[-75.739309,40.74415500000002],[-75.734112,40.74878899999999],[-75.732208,40.75164399999995],[-75.7286,40.753915000000006],[-75.702418,40.76224000000002],[-75.702365,40.76325900000004],[-75.694621,40.770186],[-75.67683,40.77490600000001],[-75.609068,40.78752299999996],[-75.605459,40.78078300000003],[-75.604795,40.77771900000003],[-75.604665,40.775776999999955],[-75.60659,40.773006999999986],[-75.606659,40.77131899999998],[-75.60287,40.76595599999995],[-75.603569,40.756804999999986],[-75.601926,40.750094999999995],[-75.596702,40.74359900000003],[-75.592558,40.73612700000001],[-75.590206,40.734463],[-75.587902,40.73388699999995],[-75.577118,40.735223],[-75.573084,40.73438400000001],[-75.570634,40.732470000000006],[-75.567801,40.725927000000006],[-75.561298,40.72183800000003],[-75.556437,40.720790000000015],[-75.547934,40.72318099999997],[-75.543596,40.72566200000004],[-75.541806,40.727918000000024],[-75.540555,40.735619],[-75.539626,40.73668600000002],[-75.535761,40.73771000000003],[-75.530149,40.73634300000001],[-75.526236,40.732703],[-75.525528,40.72009499999999],[-75.52255600000001,40.713486999999986],[-75.515628,40.70219599999996],[-75.547495,40.69102600000004],[-75.535337,40.661250999999965],[-75.515306,40.63920499999998],[-75.515004,40.63620300000004],[-75.523722,40.63433599999998],[-75.526355,40.634836000000035],[-75.526248,40.633629999999926],[-75.528254,40.63286300000004],[-75.530963,40.633393000000034],[-75.532198,40.634620999999974],[-75.53506,40.63428600000003],[-75.537005,40.63366899999999],[-75.537137,40.632621999999984],[-75.540056,40.63110599999995],[-75.536331,40.625597999999975],[-75.536014,40.61935000000002],[-75.531741,40.60973199999998],[-75.574696,40.594812999999995],[-75.569667,40.59136100000004],[-75.550201,40.586314999999985],[-75.54096,40.583174999999976],[-75.531688,40.585490999999976],[-75.52547900000002,40.589243],[-75.523934,40.587633999999966],[-75.481739,40.599472999999975],[-75.479735,40.59531899999999],[-75.482603,40.590949],[-75.491989,40.588858999999985],[-75.495793,40.58709300000001],[-75.496774,40.58754099999999],[-75.501189,40.58427600000002],[-75.511286,40.582519000000026],[-75.530304,40.565393],[-75.499957,40.54585599999998],[-75.499469,40.546323],[-75.497406,40.54523299999998],[-75.499162,40.54576400000002],[-75.501129,40.54389300000005],[-75.506216,40.54347300000001],[-75.508787,40.540524999999995],[-75.510119,40.54124900000003],[-75.513039,40.539880000000004],[-75.517103,40.542061999999966],[-75.518629,40.540354999999984],[-75.520099,40.540460999999986],[-75.518788,40.53709999999998],[-75.515541,40.53531100000002],[-75.51449200000002,40.53608200000004],[-75.515094,40.537110999999996],[-75.510593,40.53783500000002],[-75.50713200000001,40.535980000000016],[-75.51004000000002,40.53268199999998],[-75.509419,40.53214099999997],[-75.511919,40.53248500000002],[-75.512517,40.53171899999996],[-75.514272,40.532520999999996],[-75.516884,40.529704],[-75.512866,40.527403999999954],[-75.51578100000002,40.52401299999999],[-75.513576,40.52169299999997],[-75.516432,40.51938899999994],[-75.51297900000002,40.51876399999996],[-75.511712,40.519735999999995],[-75.510041,40.517670000000045],[-75.50440100000002,40.516658],[-75.495505,40.524190000000026],[-75.487896,40.52942100000001],[-75.485131,40.52776899999999],[-75.484283,40.528729999999996],[-75.480144,40.528938],[-75.484494,40.531028999999975],[-75.481745,40.534223999999966],[-75.475574,40.53011899999998],[-75.473954,40.53521799999996],[-75.468611,40.53700899999998],[-75.448809,40.562051999999994],[-75.42789400000001,40.56942300000003],[-75.417273,40.573932000000006],[-75.407705,40.57989599999997],[-75.40382200000002,40.58078700000005],[-75.33304800000002,40.536767],[-75.293528,40.56197799999999],[-75.258151,40.582009],[-75.196803,40.60858000000003],[-75.192291,40.60267600000002],[-75.191443,40.595492000000014],[-75.18926800000001,40.58991900000002],[-75.190035,40.58712199999997],[-75.19415,40.58284300000003],[-75.195496,40.578627000000004],[-75.194105,40.576078999999986],[-75.184907,40.568308],[-75.172877,40.56442299999994],[-75.162314,40.56419300000001],[-75.158296,40.56517699999999],[-75.14842,40.57202099999998],[-75.140172,40.57537000000002],[-75.134995,40.57566199999997],[-75.116394,40.573064000000045],[-75.09982700000002,40.56739799999998],[-75.078047,40.547876],[-75.06842500000002,40.54198000000002],[-75.06705600000001,40.53844299999999],[-75.065102,40.52641299999998],[-75.065685,40.521677000000025],[-75.064842,40.50350300000001],[-75.0633,40.49972799999997],[-75.062576,40.49407399999999],[-75.06266400000001,40.48043899999999],[-75.064795,40.476475000000015],[-75.067715,40.47366899999999],[-75.067016,40.46530799999999],[-75.070678,40.456793999999974],[-75.066149,40.44600299999999],[-75.060694,40.42133300000002],[-75.06665,40.42310500000001],[-75.071989,40.42731399999997],[-75.07582800000002,40.434292999999954],[-75.080016,40.43546100000001],[-75.081734,40.439987000000016],[-75.083486,40.44191899999999],[-75.087394,40.44100299999999],[-75.091064,40.43736200000003],[-75.092293,40.43758899999997],[-75.095833,40.440662],[-75.09875300000002,40.44053400000001],[-75.099178,40.439254999999996],[-75.094718,40.436777],[-75.094464,40.435389999999956],[-75.095551,40.43447799999996],[-75.099218,40.43632199999996],[-75.101329,40.43648699999997],[-75.10700200000001,40.43489399999998],[-75.108952,40.432124000000016],[-75.116552,40.433726999999976],[-75.135164,40.41465099999999],[-75.134624,40.412657999999986],[-75.135892,40.41231499999996],[-75.14063400000002,40.407234999999964],[-75.150006,40.40004699999999],[-75.149313,40.39828199999998],[-75.154704,40.393082],[-75.155265,40.39357300000001],[-75.156981,40.392331000000006],[-75.160064,40.388972000000045],[-75.162106,40.38996999999997],[-75.188177,40.364271999999964],[-75.188832,40.36334699999998],[-75.181369,40.359385999999986],[-75.183367,40.35823699999995],[-75.232295,40.311463],[-75.23639500000002,40.31366599999999],[-75.26432,40.28683599999998],[-75.511689,40.43559000000001],[-75.811959,40.62509299999994],[-75.891349,40.67731800000003]]]}},{"type":"Feature","properties":{"district":"32","population":252117,"landAreaSqMi":2879.0,"topMunicipalities":[{"name":"North Union","classCode":"second_class_township","populationShare":0.04636736118548128},{"name":"Somerset","classCode":"second_class_township","populationShare":0.04616904056449976},{"name":"South Union","classCode":"second_class_township","populationShare":0.04241284800310964},{"name":"Uniontown","classCode":"third_class_city","populationShare":0.0389462035483526},{"name":"Connellsville","classCode":"third_class_city","populationShare":0.02742377546932575}],"topCounties":[{"name":"Fayette","geoid":"42051","populationShare":0.5036034856832344},{"name":"Somerset","geoid":"42111","populationShare":0.29055954180003724},{"name":"Bedford","geoid":"42009","populationShare":0.18841648916971093},{"name":"Westmoreland","geoid":"42129","populationShare":0.017420483347017453}],"classShares":{"borough":0.21480899740993267,"second_class_township":0.7188210235723889,"third_class_city":0.06636997901767835}},"geometry":{"type":"Polygon","coordinates":[[[-80.010735,39.971145999999976],[-80.009583,39.976346],[-80.005855,39.98020200000001],[-79.999839,39.982874000000024],[-79.993374,39.98397799999995],[-79.991374,39.985545999999964],[-79.990782,39.988090000000014],[-79.99430200000002,39.99720899999999],[-79.995726,40.00509699999999],[-79.993566,40.009128999999994],[-79.988232,40.01190600000001],[-79.985167,40.013100999999956],[-79.974622,40.013860000000015],[-79.96935,40.013116999999966],[-79.963198,40.007967000000015],[-79.95902,40.000026],[-79.95462,39.995274000000016],[-79.951004,39.994154000000016],[-79.946732,39.99425000000001],[-79.938331,39.997177999999984],[-79.934523,39.99962599999994],[-79.929786,40.011745000000005],[-79.924844,40.01612399999996],[-79.91432,40.02103700000003],[-79.909962,40.022025999999975],[-79.889954,40.02246200000002],[-79.885246,40.024635000000046],[-79.879992,40.02828199999999],[-79.876216,40.033753999999995],[-79.877048,40.03682600000004],[-79.888057,40.04324100000005],[-79.890873,40.04588099999999],[-79.891913,40.04820100000001],[-79.890441,40.051208999999965],[-79.879897,40.059177000000034],[-79.878969,40.06178499999999],[-79.879401,40.064408999999976],[-79.881193,40.066520999999995],[-79.885113,40.06855299999995],[-79.898489,40.071273000000005],[-79.90153000000001,40.07359300000002],[-79.901434,40.076729],[-79.89730500000002,40.079528999999965],[-79.891705,40.08036099999996],[-79.880473,40.078889000000004],[-79.870248,40.07517699999998],[-79.862456,40.07565700000002],[-79.850071,40.07930500000003],[-79.845911,40.08122499999998],[-79.84106300000002,40.085768999999935],[-79.838999,40.09060100000001],[-79.850088,40.11396000000001],[-79.85384800000001,40.11675999999996],[-79.860056,40.11883999999995],[-79.877864,40.126959000000014],[-79.875296,40.129529999999974],[-79.870405,40.129195000000024],[-79.86937,40.12813999999999],[-79.86722,40.12776499999996],[-79.856544,40.12852300000003],[-79.853603,40.12753100000003],[-79.84975,40.128613000000016],[-79.847831,40.127976000000025],[-79.84470800000001,40.128296],[-79.843775,40.12743300000004],[-79.842184,40.128432000000004],[-79.839219,40.12756700000003],[-79.839409,40.128251],[-79.81611300000002,40.12837499999999],[-79.81659400000001,40.132791],[-79.81004,40.13248000000001],[-79.806743,40.13118400000002],[-79.805804,40.12752800000003],[-79.803817,40.128761],[-79.791728,40.128629999999994],[-79.789231,40.12801499999999],[-79.78882100000001,40.12860899999999],[-79.784371,40.128499999999995],[-79.783645,40.127709000000046],[-79.78203,40.12846],[-79.746056,40.12845699999999],[-79.74117400000002,40.12627100000001],[-79.734596,40.12090400000002],[-79.7276,40.12060799999999],[-79.726019,40.12268400000001],[-79.72438,40.12312299999999],[-79.718499,40.116921000000005],[-79.722298,40.11502500000005],[-79.722865,40.113179],[-79.721709,40.11277499999999],[-79.718147,40.11343300000001],[-79.715465,40.11109000000001],[-79.712148,40.110259],[-79.711267,40.10865800000003],[-79.708123,40.107704],[-79.705095,40.10770699999999],[-79.702095,40.110414],[-79.69865,40.10961900000006],[-79.695123,40.110753],[-79.691655,40.11309000000004],[-79.685624,40.11382299999995],[-79.684634,40.11311399999999],[-79.68379400000002,40.10862000000001],[-79.677068,40.106943000000065],[-79.675717,40.10571500000002],[-79.671089,40.10619599999996],[-79.667579,40.10454199999997],[-79.666207,40.102152],[-79.666667,40.100363999999985],[-79.668602,40.09884699999997],[-79.668118,40.09701000000002],[-79.666256,40.097593000000046],[-79.66419,40.096991999999986],[-79.663347,40.094637],[-79.661656,40.094483000000054],[-79.660384,40.09706200000004],[-79.65824500000001,40.097087000000016],[-79.654346,40.09378600000001],[-79.654793,40.09080100000006],[-79.654083,40.089293999999995],[-79.648122,40.08764299999995],[-79.644581,40.089461999999955],[-79.641098,40.08831700000001],[-79.640986,40.086925],[-79.644143,40.08469399999999],[-79.642371,40.083627999999976],[-79.638511,40.082867999999976],[-79.634497,40.086524999999966],[-79.630465,40.08679399999996],[-79.626998,40.088423999999996],[-79.625654,40.08987800000001],[-79.625853,40.09193299999996],[-79.621958,40.09453299999996],[-79.620727,40.09271000000001],[-79.616751,40.091604],[-79.614664,40.09128299999997],[-79.612732,40.09346800000002],[-79.603674,40.090839],[-79.602353,40.08781500000003],[-79.603092,40.08603299999999],[-79.600442,40.084308000000014],[-79.602294,40.082997999999975],[-79.593021,40.082054999999976],[-79.591952,40.08513699999998],[-79.593442,40.090554999999966],[-79.59260200000001,40.09200499999999],[-79.597359,40.09194899999998],[-79.59759,40.09663699999996],[-79.599333,40.09663299999996],[-79.599346,40.10199399999999],[-79.601002,40.102033],[-79.600833,40.10372800000002],[-79.604081,40.10375599999996],[-79.60622,40.106984999999995],[-79.604182,40.10801699999998],[-79.602126,40.10884699999998],[-79.601944,40.107454999999995],[-79.599748,40.10612199999999],[-79.599799,40.107579000000015],[-79.594271,40.10880299999999],[-79.59426,40.10930699999999],[-79.590131,40.10880100000001],[-79.59296200000001,40.11054500000002],[-79.586025,40.111415999999984],[-79.585667,40.10998099999998],[-79.584122,40.109956999999994],[-79.584072,40.10910699999999],[-79.57758,40.10898899999999],[-79.574686,40.109544000000035],[-79.575956,40.11260599999997],[-79.574419,40.112787000000026],[-79.572908,40.11130299999996],[-79.571366,40.111373000000015],[-79.573527,40.10986900000008],[-79.572172,40.106932000000036],[-79.573442,40.106884],[-79.573356,40.10418899999995],[-79.571755,40.10529600000005],[-79.56579,40.10609999999997],[-79.562857,40.10501399999998],[-79.560602,40.10521600000001],[-79.560933,40.106846000000004],[-79.559031,40.111349999999995],[-79.55675600000001,40.11278500000002],[-79.55315,40.11257800000001],[-79.548751,40.11032499999998],[-79.546623,40.111992000000015],[-79.542037,40.11192099999998],[-79.540312,40.114129000000005],[-79.541564,40.11793299999995],[-79.541135,40.120715999999994],[-79.538309,40.12429299999998],[-79.535437,40.12600399999999],[-79.534943,40.12828599999999],[-79.530665,40.12809299999999],[-79.527362,40.122961000000046],[-79.517864,40.131378],[-79.517954,40.133146999999994],[-79.51473000000001,40.13438899999997],[-79.51384200000001,40.135692999999996],[-79.511245,40.13597999999996],[-79.50440100000002,40.140941],[-79.496424,40.141784],[-79.494011,40.140874],[-79.489718,40.141034000000005],[-79.488625,40.14192099999999],[-79.48852,40.14121999999998],[-79.48524,40.142440000000036],[-79.483136,40.14404300000001],[-79.473736,40.143928],[-79.473183,40.14565200000002],[-79.471093,40.145341999999964],[-79.471419,40.143986999999974],[-79.461522,40.144098],[-79.461225,40.14134900000001],[-79.452247,40.135688],[-79.45019,40.13541000000001],[-79.450247,40.13468699999998],[-79.447478,40.133232999999976],[-79.44744,40.12604999999999],[-79.44186,40.11922999999998],[-79.43792,40.116040000000055],[-79.423074,40.110977000000005],[-79.41513,40.104490000000006],[-79.40439,40.10221000000002],[-79.40193,40.10282999999999],[-79.397,40.094559999999966],[-79.393288,40.090608999999944],[-79.37307,40.081549999999986],[-79.367393,40.080167999999986],[-79.360442,40.075971],[-79.35552800000002,40.07428899999999],[-79.35124100000002,40.067868999999995],[-79.34177,40.04317000000003],[-79.33,40.040789999999966],[-79.3248,40.04057],[-79.31655,40.04371000000002],[-79.312674,40.044382],[-79.293385,40.04034699999995],[-79.289249,40.041513999999985],[-79.285602,40.045072999999974],[-79.285661,40.047080999999956],[-79.28431,40.04824599999992],[-79.278101,40.050479],[-79.278766,40.05553700000003],[-79.271351,40.064238],[-79.267245,40.06586800000003],[-79.267739,40.07426800000001],[-79.264387,40.07866800000001],[-79.258921,40.07979400000002],[-79.256137,40.08833999999998],[-79.246786,40.09370999999999],[-79.243013,40.092269999999964],[-79.24059300000002,40.092335000000055],[-79.240087,40.09470799999998],[-79.23746,40.096230999999996],[-79.234,40.096214999999994],[-79.226672,40.098249999999965],[-79.22262,40.10417099999997],[-79.220864,40.112737000000045],[-79.217166,40.11457499999997],[-79.214483,40.11754799999997],[-79.210155,40.11887000000003],[-79.20295,40.11492600000001],[-79.202191,40.11763999999999],[-79.19713,40.11870400000001],[-79.196198,40.11463500000002],[-79.192161,40.11026699999995],[-79.190086,40.10950999999997],[-79.187025,40.10954999999999],[-79.183619,40.11068600000001],[-79.180358,40.11639900000001],[-79.174249,40.12060400000001],[-79.172304,40.126111],[-79.168611,40.12763600000001],[-79.167626,40.12878300000002],[-79.165825,40.138690999999994],[-79.163407,40.14061000000002],[-79.162202,40.142770000000006],[-79.163231,40.14587000000001],[-79.162316,40.14946600000001],[-79.162754,40.15406199999998],[-79.160494,40.156884000000026],[-79.161263,40.16086899999997],[-79.149768,40.16037299999998],[-79.140025,40.16389900000003],[-79.141386,40.170372999999934],[-79.141169,40.173994000000015],[-79.143306,40.179888999999996],[-79.140379,40.180088000000005],[-79.134393,40.178721999999944],[-79.131193,40.179934999999965],[-79.128186,40.182872999999994],[-79.126744,40.18328100000003],[-79.125963,40.18499899999998],[-79.127711,40.18735000000001],[-79.125783,40.19124499999999],[-79.123739,40.19301799999999],[-79.126157,40.200391],[-79.122795,40.20142299999999],[-79.121942,40.203138000000045],[-79.116239,40.20375300000002],[-79.1146,40.20503899999996],[-79.114076,40.21062800000005],[-79.10985,40.211721999999966],[-79.106981,40.214306],[-79.106957,40.215789],[-79.109072,40.21832399999998],[-79.105547,40.21701100000002],[-79.103182,40.217909000000006],[-79.103534,40.220141999999996],[-79.100286,40.22234400000002],[-79.101038,40.223619],[-79.104638,40.224480999999976],[-79.099344,40.22526800000002],[-79.098342,40.227345000000014],[-79.100153,40.231149],[-79.102446,40.23216499999999],[-79.095914,40.232630000000036],[-79.09503,40.23363300000001],[-79.094758,40.236872999999996],[-79.092012,40.239066999999984],[-79.091694,40.24033200000003],[-79.086343,40.242390999999955],[-79.086734,40.245342],[-79.084473,40.24661900000004],[-79.082472,40.250074],[-79.079894,40.250797000000006],[-79.078059,40.252559999999974],[-79.07808400000002,40.254840000000016],[-79.07957,40.25792799999999],[-79.075796,40.26132799999996],[-79.075827,40.26248400000001],[-79.073699,40.264810999999966],[-79.073659,40.266579],[-79.067963,40.272470999999996],[-79.059378,40.27576699999999],[-79.057682,40.27752000000003],[-79.056646,40.27860400000003],[-79.056053,40.284861000000035],[-78.981767,40.28543900000004],[-78.927109,40.284732999999996],[-78.927453,40.28190599999997],[-78.924794,40.27848800000002],[-78.903374,40.27516999999995],[-78.89623,40.27158800000003],[-78.894403,40.26848900000003],[-78.89718,40.26353400000005],[-78.894019,40.261061999999995],[-78.891056,40.249996],[-78.884669,40.244574999999976],[-78.880801,40.245139],[-78.879844,40.247227],[-78.869029,40.24903999999998],[-78.86445100000002,40.244411000000014],[-78.86118000000002,40.24552100000001],[-78.860063,40.242899],[-78.858807,40.24252599999997],[-78.856087,40.24328099999999],[-78.853169,40.245723],[-78.851167,40.24598799999999],[-78.847958,40.244928999999985],[-78.825773,40.244506000000044],[-78.658305,40.243235],[-78.643816,40.25913999999998],[-78.651743,40.281524000000026],[-78.642707,40.28307100000001],[-78.636404,40.30550600000003],[-78.62522100000001,40.314301999999955],[-78.618889,40.32647100000002],[-78.529696,40.29287000000002],[-78.5057,40.287308000000046],[-78.457272,40.250659999999975],[-78.447895,40.244394999999955],[-78.442794,40.259608000000014],[-78.442002,40.27894600000004],[-78.436161,40.29426399999999],[-78.434288,40.30230100000001],[-78.3931,40.28420200000003],[-78.323922,40.25730999999997],[-78.30671,40.24813900000006],[-78.288764,40.24210699999999],[-78.284954,40.25294000000001],[-78.27406,40.26670399999998],[-78.272024,40.27152600000003],[-78.270803,40.27228299999998],[-78.270963,40.27361400000002],[-78.26590700000001,40.281333],[-78.259854,40.294581],[-78.25730500000002,40.29788299999998],[-78.236302,40.224559000000006],[-78.134718,40.16533500000001],[-78.158287,40.12220700000003],[-78.188559,40.10172100000001],[-78.206894,40.086265000000004],[-78.20498,40.08563299999997],[-78.203888,40.08307900000003],[-78.203733,40.07923600000002],[-78.20508,40.07283999999997],[-78.203733,40.06988600000001],[-78.198754,40.067254],[-78.190739,40.06653599999997],[-78.187493,40.06455899999996],[-78.185302,40.060377999999986],[-78.181488,40.058715000000035],[-78.184326,40.05015100000005],[-78.187896,40.047053999999996],[-78.19931000000001,40.04592799999996],[-78.20447900000002,40.04149099999998],[-78.205726,40.03451400000005],[-78.202632,40.02839999999994],[-78.204069,40.01748899999996],[-78.20101,40.01298799999998],[-78.204638,40.01072900000001],[-78.219811,39.99328800000001],[-78.225497,39.983807],[-78.235199,39.96369899999995],[-78.239894,39.949505999999964],[-78.244102,39.945300999999965],[-78.250001,39.93599800000004],[-78.267502,39.903500999999984],[-78.271598,39.890498999999984],[-78.276901,39.88069899999998],[-78.290602,39.84349899999997],[-78.299003,39.82550000000003],[-78.317992,39.79924799999998],[-78.322242,39.79469600000001],[-78.328979,39.781065999999996],[-78.335581,39.774129000000045],[-78.343823,39.761609999999955],[-78.346818,39.75798600000002],[-78.350104,39.75588299999999],[-78.355489,39.750425],[-78.356956,39.74785199999998],[-78.36344,39.74168100000004],[-78.374697,39.72768799999999],[-78.380599,39.72259900000001],[-78.53759700000002,39.72247199999997],[-79.548465,39.720777999999996],[-79.583866,39.72127700000005],[-79.66737,39.72077699999996],[-79.916263,39.72077400000002],[-79.906174,39.73339400000003],[-79.903919,39.73780899999999],[-79.903379,39.74297799999998],[-79.90717900000001,39.747477999999994],[-79.913079,39.75167699999996],[-79.92248000000001,39.753477000000025],[-79.92748,39.75537800000002],[-79.93078,39.75787700000001],[-79.93468,39.76467700000001],[-79.932978,39.77120300000002],[-79.934411,39.78127699999998],[-79.932475,39.78488099999998],[-79.930584,39.785875000000004],[-79.920083,39.78667600000001],[-79.913978,39.78797700000002],[-79.909478,39.791077000000044],[-79.908577,39.793477000000024],[-79.910177,39.79957700000003],[-79.920643,39.81341500000004],[-79.921716,39.831323999999995],[-79.924376,39.83817599999999],[-79.928177,39.83987599999994],[-79.935877,39.841376000000004],[-79.937477,39.842476000000026],[-79.938577,39.84487599999996],[-79.938377,39.846176000000014],[-79.936108,39.84813599999992],[-79.930376,39.85097600000002],[-79.92465,39.85505600000001],[-79.924777,39.85878300000003],[-79.930276,39.86617600000002],[-79.930276,39.869275999999985],[-79.927675,39.871976000000004],[-79.917311,39.87623599999998],[-79.915358,39.87961199999999],[-79.91627,39.88346800000001],[-79.923358,39.89327500000001],[-79.92843,39.902283],[-79.92940600000001,39.905675],[-79.928734,39.90996299999999],[-79.923325,39.91773899999994],[-79.923069,39.920986999999975],[-79.925597,39.92479499999997],[-79.932413,39.930730999999966],[-79.943757,39.94401099999998],[-79.952125,39.950569999999956],[-79.957246,39.95327400000003],[-79.965134,39.95514599999998],[-79.971838,39.95538599999997],[-79.978639,39.95409000000004],[-79.99068700000001,39.94976999999997],[-79.995072,39.949514000000015],[-79.998816,39.950889999999994],[-80.006272,39.95564199999998],[-80.009344,39.95879400000001],[-80.010368,39.962282000000016],[-80.010735,39.971145999999976]]]}},{"type":"Feature","properties":{"district":"18","population":266514,"landAreaSqMi":245.5,"topMunicipalities":[{"name":"Bethlehem","classCode":"third_class_city","populationShare":0.21473168388902636},{"name":"Easton","classCode":"third_class_city","populationShare":0.10910871473918819},{"name":"Bethlehem","classCode":"first_class_township","populationShare":0.09760087650179737},{"name":"Palmer","classCode":"second_class_township","populationShare":0.08376670643943666},{"name":"Bethlehem","classCode":"third_class_city","populationShare":0.07444261839903352}],"topCounties":[{"name":"Northampton","geoid":"42095","populationShare":0.9255573816009665},{"name":"Lehigh","geoid":"42077","populationShare":0.07444261839903352}],"classShares":{"borough":0.15835190646645203,"first_class_township":0.09760087650179737,"second_class_township":0.34576420000450253,"third_class_city":0.39828301702724805}},"geometry":{"type":"Polygon","coordinates":[[[-75.43125600000002,40.64421499999998],[-75.430258,40.649260000000055],[-75.428831,40.65098100000004],[-75.430028,40.651102999999985],[-75.428835,40.654968],[-75.425936,40.65519500000001],[-75.42605000000002,40.65586400000003],[-75.422704,40.656983000000025],[-75.423061,40.657989000000036],[-75.420288,40.658683999999965],[-75.419067,40.65834199999999],[-75.406783,40.64630599999999],[-75.392891,40.63441499999995],[-75.387464,40.63312199999999],[-75.39258,40.63937300000003],[-75.395938,40.63956899999998],[-75.396869,40.644551000000014],[-75.387272,40.645920999999994],[-75.385195,40.64739999999998],[-75.38164400000001,40.647324],[-75.37966,40.64807999999999],[-75.381673,40.65159099999999],[-75.381595,40.65363900000001],[-75.379697,40.65711999999999],[-75.381368,40.66087999999996],[-75.375613,40.666257000000016],[-75.37283000000001,40.66627099999999],[-75.383432,40.73797800000003],[-75.346016,40.74218899999999],[-75.346503,40.74500900000003],[-75.33863400000001,40.74898799999997],[-75.339102,40.75288000000001],[-75.276117,40.75849800000003],[-75.279254,40.77516399999999],[-75.316135,40.85657799999996],[-75.300594,40.85956299999998],[-75.284039,40.86603999999997],[-75.27353000000001,40.873150000000024],[-75.267224,40.88247300000001],[-75.232502,40.899759000000024],[-75.24113,40.90943800000002],[-75.22182100000002,40.91958099999999],[-75.217802,40.92810200000005],[-75.195536,40.936337],[-75.187531,40.937131000000015],[-75.178073,40.94032000000001],[-75.17683600000001,40.94552300000001],[-75.169463,40.94801499999998],[-75.152935,40.94931100000004],[-75.14513,40.95158400000001],[-75.129232,40.95892999999991],[-75.120232,40.96870200000002],[-75.119542,40.96605999999997],[-75.12081,40.962883999999974],[-75.117767,40.95301299999995],[-75.111689,40.94812700000004],[-75.106148,40.939669999999964],[-75.104809,40.935246999999954],[-75.095528,40.924147999999995],[-75.079295,40.913880000000006],[-75.07609,40.907038999999976],[-75.075345,40.894165999999984],[-75.073925,40.892177000000025],[-75.06544,40.885675],[-75.05865500000002,40.877654000000035],[-75.053664,40.87365999999998],[-75.051508,40.87022399999998],[-75.051029,40.86566199999999],[-75.051778,40.86382600000003],[-75.058462,40.860705999999986],[-75.063802,40.85559300000003],[-75.064314,40.853930999999996],[-75.063252,40.850191999999964],[-75.064328,40.84833800000001],[-75.066008,40.847593999999994],[-75.07083,40.847392000000006],[-75.076684,40.849875000000026],[-75.090962,40.84918699999999],[-75.095784,40.847081999999986],[-75.097586,40.84304200000001],[-75.097006,40.839336],[-75.085517,40.83008499999999],[-75.083822,40.82780499999996],[-75.083929,40.824470999999996],[-75.090518,40.81591299999999],[-75.096686,40.81189399999998],[-75.100214,40.80766400000001],[-75.10080000000002,40.799797000000034],[-75.108505,40.791094000000044],[-75.111194,40.78991300000001],[-75.116854,40.78934800000001],[-75.12308800000001,40.78674599999997],[-75.131465,40.775949999999995],[-75.1344,40.773769999999985],[-75.139106,40.77360600000001],[-75.149378,40.77478600000005],[-75.16364800000001,40.778386000000005],[-75.169523,40.778473],[-75.171587,40.77774499999999],[-75.17562,40.77292299999995],[-75.17747700000001,40.764224999999996],[-75.17904,40.76189699999994],[-75.183037,40.759344000000006],[-75.19179599999998,40.75582999999998],[-75.196535,40.75163099999999],[-75.196677,40.74812900000002],[-75.195349,40.74547299999997],[-75.18578000000001,40.73726600000001],[-75.18208400000002,40.731522],[-75.1825,40.729922],[-75.186052,40.725682],[-75.18574800000002,40.721553999999976],[-75.18674,40.719489999999965],[-75.19442000000001,40.71401800000001],[-75.203921,40.69149800000001],[-75.200922,40.685501],[-75.196921,40.68129700000005],[-75.19058,40.67937899999998],[-75.184516,40.679971000000016],[-75.180564,40.679362999999974],[-75.177587,40.67773100000001],[-75.176803,40.67571499999998],[-75.177491,40.67259499999998],[-75.182752,40.665973999999984],[-75.19085200000002,40.661938],[-75.19574400000002,40.656212000000004],[-75.197978,40.654739],[-75.19786,40.65204999999998],[-75.200452,40.64921899999998],[-75.200468,40.64689900000005],[-75.195351,40.64304399999999],[-75.190691,40.63589100000005],[-75.188579,40.624627999999994],[-75.189283,40.621491999999996],[-75.190688,40.619957],[-75.197891,40.61933199999999],[-75.200708,40.61835599999998],[-75.201812,40.61718799999999],[-75.201348,40.61462799999999],[-75.196803,40.60858000000003],[-75.258151,40.582009],[-75.293528,40.56197799999999],[-75.33304800000002,40.536767],[-75.40441200000001,40.58115400000001],[-75.391275,40.59655099999999],[-75.388559,40.61442299999995],[-75.406584,40.61219599999998],[-75.41152,40.61644299999998],[-75.415242,40.61692499999998],[-75.419638,40.61609700000004],[-75.422054,40.63433299999999],[-75.425685,40.63812199999998],[-75.426516,40.64262700000001],[-75.43125600000002,40.64421499999998]]]}},{"type":"Feature","properties":{"district":"34","population":270373,"landAreaSqMi":1314.4,"topMunicipalities":[{"name":"Hampden","classCode":"first_class_township","populationShare":0.12428016111076134},{"name":"Carlisle","classCode":"borough","populationShare":0.07890950649658068},{"name":"East Pennsboro","classCode":"first_class_township","populationShare":0.07775184652313659},{"name":"Silver Spring","classCode":"second_class_township","populationShare":0.0745821513242816},{"name":"South Middleton","classCode":"second_class_township","populationShare":0.06067913586045953}],"topCounties":[{"name":"Cumberland","geoid":"42041","populationShare":0.7292592085748204},{"name":"Perry","geoid":"42099","populationShare":0.17009094843050168},{"name":"Dauphin","geoid":"42043","populationShare":0.10064984299467779}],"classShares":{"borough":0.21829102758041688,"first_class_township":0.20203200763389795,"second_class_township":0.5796769647856851}},"geometry":{"type":"Polygon","coordinates":[[[-77.671761,40.28982500000004],[-77.654299,40.307446000000034],[-77.639749,40.31983199999999],[-77.616493,40.336459999999995],[-77.613659,40.337672999999995],[-77.606696,40.343236000000005],[-77.603669,40.34410899999998],[-77.599418,40.34815699999998],[-77.582794,40.35704099999997],[-77.565665,40.367363],[-77.542941,40.375080999999966],[-77.532265,40.376005999999975],[-77.540141,40.39922100000002],[-77.515921,40.412378000000004],[-77.509022,40.41514399999999],[-77.500643,40.42033600000001],[-77.47838000000002,40.43201100000005],[-77.445888,40.44715999999998],[-77.436537,40.45055399999999],[-77.429027,40.454468000000006],[-77.413433,40.46058899999999],[-77.390609,40.47097899999997],[-77.306162,40.51015099999997],[-77.289592,40.51845699999999],[-77.28147,40.51974800000001],[-77.276699,40.52276600000004],[-77.231696,40.53848400000003],[-77.198462,40.55228699999997],[-77.18295,40.556696000000024],[-77.173779,40.557501000000045],[-77.167561,40.559508999999935],[-77.18293000000001,40.58213999999997],[-77.177679,40.58295000000001],[-77.165863,40.586388999999976],[-77.151569,40.58725999999996],[-77.143478,40.58900299999995],[-77.120255,40.59127799999995],[-77.11892300000001,40.592649999999985],[-77.110571,40.59325899999998],[-77.10679,40.592790000000015],[-77.103314,40.595905],[-77.10215,40.59611999999997],[-77.095996,40.596275999999996],[-77.09508900000002,40.596929],[-77.087292,40.598051999999974],[-77.078467,40.597671000000005],[-77.069991,40.59846399999996],[-77.058657,40.601135000000056],[-77.047269,40.60252299999998],[-77.041954,40.60422300000004],[-77.032974,40.60344600000005],[-77.023304,40.604260000000004],[-76.999701,40.61094100000001],[-76.986575,40.61661800000003],[-76.956077,40.627938000000015],[-76.94914800000001,40.62816699999999],[-76.936962,40.612841],[-76.92599,40.609169000000044],[-76.920427,40.604030999999985],[-76.918672,40.60346599999997],[-76.91778,40.60484600000001],[-76.920932,40.60844199999998],[-76.92066,40.61001299999996],[-76.90334200000001,40.611892000000005],[-76.898869,40.610452000000016],[-76.89077,40.61009500000001],[-76.88943800000001,40.61238900000001],[-76.8914,40.61496399999994],[-76.89025400000001,40.616279000000034],[-76.88682200000001,40.617708],[-76.883426,40.61796800000001],[-76.879155,40.61673699999999],[-76.872283,40.61638799999999],[-76.869632,40.61804499999998],[-76.869049,40.62422900000005],[-76.864357,40.62756099999998],[-76.854599,40.625719999999994],[-76.840104,40.62543900000001],[-76.833162,40.627601999999975],[-76.827405,40.633946000000044],[-76.82511900000002,40.63450200000003],[-76.821059,40.63334500000004],[-76.81114,40.63381700000001],[-76.810149,40.634845999999975],[-76.809521,40.64272400000001],[-76.804867,40.64683899999995],[-76.802492,40.647279999999995],[-76.80131200000001,40.64551000000003],[-76.798185,40.64475200000004],[-76.794558,40.641727000000024],[-76.794501,40.64063199999998],[-76.790388,40.640784],[-76.785853,40.641731999999976],[-76.778281,40.64598599999994],[-76.776332,40.645503999999995],[-76.770203,40.64687400000002],[-76.756232,40.648087999999994],[-76.752508,40.650275],[-76.749698,40.653150000000025],[-76.745249,40.65461999999999],[-76.734046,40.65489999999998],[-76.728007,40.653331],[-76.72203,40.65340099999998],[-76.719176,40.65778999999996],[-76.713574,40.659594999999996],[-76.703924,40.655369999999984],[-76.702002,40.65608000000002],[-76.701624,40.65808200000003],[-76.698173,40.65607600000001],[-76.535414,40.555156999999966],[-76.683086,40.471799999999995],[-76.718559,40.45551100000001],[-76.734599,40.450058],[-76.76824,40.43679600000004],[-76.78057,40.45957300000002],[-76.794085,40.45423900000001],[-76.798743,40.453303],[-76.808216,40.44909200000003],[-76.813018,40.44806900000004],[-76.82798,40.442118999999984],[-76.836133,40.440130000000046],[-76.860602,40.430938000000026],[-76.953253,40.40475299999997],[-76.984542,40.396548999999986],[-77.003361,40.390186000000035],[-77.027007,40.38089200000001],[-77.021977,40.374219999999966],[-77.020799,40.36623000000003],[-77.019178,40.36478499999998],[-77.013028,40.362142999999975],[-77.008191,40.35844899999999],[-76.99437,40.356451],[-76.981996,40.35732000000001],[-76.970625,40.356304999999956],[-76.96115,40.35803300000002],[-76.939761,40.357725999999985],[-76.934597,40.356599000000024],[-76.93267200000001,40.35531800000004],[-76.928521,40.34798499999998],[-76.926533,40.341432999999995],[-76.91727000000002,40.33271500000001],[-76.912032,40.32510800000002],[-76.91180000000001,40.32263399999997],[-76.913485,40.31754800000003],[-76.922975,40.30095600000004],[-76.924468,40.29222499999998],[-76.924152,40.28916600000005],[-76.920159,40.283010000000004],[-76.91604,40.27989599999999],[-76.913583,40.27297999999995],[-76.913752,40.271129],[-76.910442,40.26699399999998],[-76.898515,40.255269],[-76.890684,40.25011200000004],[-76.892239,40.24885199999998],[-76.896914,40.25087499999997],[-76.902901,40.255116],[-76.90863,40.25192799999998],[-76.91671,40.250417],[-76.91509,40.24684700000003],[-76.916289,40.24605599999999],[-76.907115,40.23832900000001],[-76.918077,40.232806],[-76.936465,40.22889099999999],[-76.93573,40.226767],[-76.946913,40.224693999999964],[-76.94868,40.226265999999974],[-76.96524800000002,40.222729000000044],[-76.96499000000001,40.220929000000034],[-76.993638,40.21562400000002],[-76.997104,40.21441399999999],[-76.99823,40.21643799999999],[-76.999519,40.21592400000001],[-77.001586,40.21937399999999],[-76.999849,40.21992200000004],[-77.000901,40.22220900000002],[-77.005354,40.221099000000024],[-77.00770600000001,40.22430300000001],[-77.011917,40.22389599999998],[-77.01374,40.22099699999999],[-77.013673,40.21917300000001],[-77.025954,40.215723999999994],[-77.025995,40.21366400000001],[-77.027236,40.21435599999996],[-77.027604,40.216974999999955],[-77.031229,40.21654099999995],[-77.032245,40.210764],[-77.030743,40.20867899999998],[-77.022499,40.20912299999999],[-77.019712,40.20298399999997],[-77.019572,40.202078],[-77.02169700000002,40.20169500000001],[-77.018767,40.186111000000054],[-77.021356,40.18222099999998],[-77.019277,40.18142299999999],[-77.01646000000001,40.161170000000006],[-77.014259,40.15604400000002],[-77.012767,40.148415000000014],[-77.019675,40.148309000000005],[-77.021249,40.14770899999999],[-77.022749,40.14581400000001],[-77.025909,40.147388000000014],[-77.028784,40.14779700000001],[-77.031962,40.14639300000001],[-77.05987100000002,40.125326999999956],[-77.155585,40.056707999999965],[-77.165635,40.04850900000001],[-77.18563,40.02950099999999],[-77.229249,40.025045999999975],[-77.40360600000001,39.99447799999998],[-77.471085,39.94407700000001],[-77.454109,39.97243199999998],[-77.461654,39.976830999999976],[-77.465783,39.984436000000024],[-77.470972,39.98684500000004],[-77.47439200000001,39.991936999999965],[-77.47831300000001,39.99164099999996],[-77.480021,39.99231199999999],[-77.484331,39.995584],[-77.489232,40.001333000000024],[-77.495403,40.00514499999999],[-77.499626,40.01013300000004],[-77.500114,40.01344599999994],[-77.50920800000002,40.024933999999995],[-77.50782,40.02896800000003],[-77.512472,40.033767999999995],[-77.515114,40.034570000000045],[-77.519367,40.03934000000002],[-77.51914700000002,40.04244500000004],[-77.517171,40.04444599999998],[-77.518514,40.045624999999994],[-77.521992,40.04658200000001],[-77.526271,40.04568000000002],[-77.527805,40.04729199999998],[-77.532505,40.048738999999976],[-77.530495,40.05923199999999],[-77.531794,40.06010100000003],[-77.531572,40.061184999999995],[-77.53297400000001,40.062831],[-77.533351,40.06592299999999],[-77.532265,40.06716900000003],[-77.535652,40.070659000000035],[-77.541965,40.06987499999999],[-77.53990200000001,40.07408999999995],[-77.540516,40.07488500000002],[-77.542315,40.07488500000002],[-77.540285,40.07676500000002],[-77.541307,40.07746699999998],[-77.545039,40.077601000000016],[-77.545732,40.07830300000003],[-77.542007,40.07917099999999],[-77.540987,40.08056599999999],[-77.543666,40.08224299999997],[-77.542448,40.083844000000006],[-77.546925,40.08631199999998],[-77.543084,40.087195],[-77.54301200000002,40.08967099999999],[-77.54514100000002,40.09048999999998],[-77.548097,40.09013000000003],[-77.550126,40.09103499999996],[-77.550847,40.09321500000004],[-77.553883,40.095882999999986],[-77.559311,40.093933999999955],[-77.56047900000002,40.09430199999999],[-77.561588,40.09833500000002],[-77.557914,40.10309699999998],[-77.561016,40.10835800000001],[-77.562621,40.11416799999999],[-77.56255,40.11831499999998],[-77.562871,40.11928600000004],[-77.564466,40.11979099999999],[-77.564638,40.12173399999997],[-77.566497,40.12293599999997],[-77.568601,40.12607700000002],[-77.575623,40.12828299999998],[-77.58220300000002,40.134331],[-77.590077,40.133819000000024],[-77.592838,40.135245000000026],[-77.592239,40.13910899999999],[-77.593256,40.142293],[-77.595974,40.143576000000024],[-77.599016,40.14715999999998],[-77.60147,40.147860999999956],[-77.604218,40.15145000000003],[-77.608642,40.15313299999997],[-77.61017400000001,40.15769899999999],[-77.612918,40.16123400000003],[-77.613737,40.16386200000004],[-77.614303,40.16685799999998],[-77.61364200000001,40.17016100000004],[-77.616385,40.17247999999995],[-77.623052,40.18324799999996],[-77.627552,40.188664999999986],[-77.605022,40.20551299999998],[-77.60488800000002,40.22492199999996],[-77.60271700000001,40.22819999999999],[-77.606612,40.22971899999999],[-77.609171,40.23275300000005],[-77.612967,40.23323599999999],[-77.618075,40.231545000000054],[-77.639893,40.217677999999964],[-77.642831,40.21813999999999],[-77.643394,40.223165000000044],[-77.64532500000001,40.222493999999976],[-77.645884,40.22381000000005],[-77.647642,40.22247699999999],[-77.64995100000002,40.22628299999995],[-77.649971,40.23016299999998],[-77.645402,40.238927999999994],[-77.64999,40.24795700000003],[-77.645128,40.25375400000001],[-77.64509,40.25514300000001],[-77.648164,40.25722699999998],[-77.65276,40.25753],[-77.665494,40.25204899999998],[-77.667711,40.252000999999986],[-77.671155,40.257568999999954],[-77.670921,40.25862200000003],[-77.656416,40.27039299999996],[-77.65987100000001,40.27480499999996],[-77.665195,40.279471000000036],[-77.66419500000002,40.280478999999964],[-77.671761,40.28982500000004]]]}},{"type":"Feature","properties":{"district":"26","population":254095,"landAreaSqMi":53.2,"topMunicipalities":[{"name":"Upper Darby","classCode":"first_class_township","populationShare":0.3352683051614554},{"name":"Ridley","classCode":"first_class_township","populationShare":0.12130108817568216},{"name":"Springfield","classCode":"first_class_township","populationShare":0.0981994923158662},{"name":"Marple","classCode":"first_class_township","populationShare":0.09496448178830745},{"name":"Newtown","classCode":"second_class_township","populationShare":0.05943052795214405}],"topCounties":[{"name":"Delaware","geoid":"42045","populationShare":1.0}],"classShares":{"borough":0.24833231665322014,"first_class_township":0.6497333674413112,"second_class_township":0.10193431590546857}},"geometry":{"type":"Polygon","coordinates":[[[-75.453743,39.99360699999997],[-75.404394,40.02743399999995],[-75.37409,39.99018100000001],[-75.369943,39.99462800000001],[-75.36323,39.99787400000003],[-75.357487,39.995543000000005],[-75.350661,39.99713299999997],[-75.351537,39.99429799999999],[-75.348071,39.992236000000005],[-75.343616,39.99148400000002],[-75.343312,39.989278],[-75.338723,39.985192000000005],[-75.337535,39.98181600000006],[-75.336006,39.98055899999996],[-75.33676,39.979116000000026],[-75.33616,39.976009000000005],[-75.33854400000001,39.972623],[-75.336599,39.97006100000004],[-75.333487,39.96840299999999],[-75.333944,39.96592399999997],[-75.332736,39.95844999999999],[-75.335473,39.955467999999996],[-75.331717,39.95222799999994],[-75.280294,39.97499599999999],[-75.278609,39.97226299999998],[-75.27754000000002,39.971127000000024],[-75.276524,39.97122399999999],[-75.275266,39.969364],[-75.270598,39.96865999999998],[-75.269919,39.96738000000005],[-75.265388,39.965224000000006],[-75.260491,39.96631299999999],[-75.258797,39.96557099999999],[-75.257858,39.96359399999999],[-75.25414,39.965403999999985],[-75.250133,39.96506700000002],[-75.247778,39.96387599999998],[-75.247975,39.96099699999999],[-75.250883,39.95902400000001],[-75.248926,39.95662800000002],[-75.251646,39.95174699999996],[-75.251442,39.94913900000004],[-75.247208,39.94390400000003],[-75.27326,39.93153399999998],[-75.271791,39.92820099999997],[-75.272253,39.926758000000014],[-75.270738,39.92516400000003],[-75.292732,39.91526699999997],[-75.294782,39.91643499999999],[-75.304892,39.91182000000003],[-75.306737,39.911585999999986],[-75.30522200000001,39.91003500000004],[-75.30532700000002,39.90756899999998],[-75.29975800000001,39.90481400000001],[-75.2945,39.907038000000064],[-75.292948,39.905709000000016],[-75.288257,39.90788100000001],[-75.28764100000001,39.907126000000034],[-75.286565,39.90762099999999],[-75.279521,39.899419999999985],[-75.28509500000001,39.89555600000003],[-75.284543,39.89339599999997],[-75.285955,39.89160000000001],[-75.28808,39.891400000000004],[-75.28907,39.890586999999975],[-75.289617,39.88873700000001],[-75.292493,39.89262700000001],[-75.296031,39.893430000000045],[-75.299488,39.89528100000001],[-75.301164,39.897707999999945],[-75.302202,39.89808600000004],[-75.30649300000002,39.89614900000003],[-75.300294,39.88803],[-75.30357,39.884342000000025],[-75.298319,39.876792000000016],[-75.301152,39.87735899999999],[-75.304602,39.876446],[-75.30706,39.87388700000001],[-75.313796,39.869641],[-75.314266,39.868323000000025],[-75.31318,39.86493000000001],[-75.316531,39.850012],[-75.318531,39.849913],[-75.32065,39.85782199999998],[-75.324896,39.86389799999999],[-75.328947,39.865305000000035],[-75.334542,39.864317999999976],[-75.337643,39.864841999999975],[-75.340692,39.866871000000025],[-75.34860100000002,39.86302000000003],[-75.348969,39.86481799999998],[-75.351658,39.86683299999994],[-75.351367,39.868095],[-75.356727,39.869829999999965],[-75.356501,39.87213599999995],[-75.35041300000002,39.88124600000002],[-75.350794,39.883523000000004],[-75.354831,39.88378100000005],[-75.355252,39.88612300000002],[-75.357773,39.88724100000002],[-75.356327,39.890443999999974],[-75.358856,39.89304899999997],[-75.35637200000001,39.89496099999999],[-75.355317,39.89869100000002],[-75.35719200000001,39.89922600000002],[-75.35691,39.901254],[-75.36042,39.901334],[-75.361887,39.90227500000002],[-75.361307,39.903268000000025],[-75.358214,39.90453900000005],[-75.357642,39.90701799999999],[-75.359698,39.90867900000003],[-75.357776,39.91035200000004],[-75.360028,39.91242500000002],[-75.357988,39.91348599999997],[-75.36008700000001,39.915924000000025],[-75.359868,39.91858199999998],[-75.363878,39.91952999999998],[-75.360441,39.92205299999998],[-75.360992,39.924365],[-75.362582,39.923480000000005],[-75.363859,39.92123499999998],[-75.36562,39.922242999999966],[-75.36380200000002,39.923632999999995],[-75.364702,39.92510499999997],[-75.366822,39.92605400000005],[-75.364871,39.93025299999998],[-75.381105,39.918986999999966],[-75.378087,39.912663000000016],[-75.379844,39.91290899999996],[-75.383231,39.911963],[-75.382931,39.91328500000004],[-75.384634,39.91352299999996],[-75.392044,39.900976000000036],[-75.391775,39.90237999999998],[-75.39335900000002,39.903275],[-75.393483,39.90444599999994],[-75.397805,39.90638700000003],[-75.397078,39.90911899999996],[-75.399146,39.912612],[-75.402731,39.91503299999997],[-75.402752,39.91612100000002],[-75.404266,39.91692000000003],[-75.405738,39.91927],[-75.409311,39.92002300000008],[-75.40962600000002,39.92367099999999],[-75.408289,39.92511800000002],[-75.40912,39.927142],[-75.411827,39.92969999999998],[-75.41144100000001,39.93357599999998],[-75.414847,39.93554600000001],[-75.415152,39.93757199999998],[-75.418621,39.94021699999998],[-75.417286,39.94206899999997],[-75.417471,39.943599999999996],[-75.418706,39.944632000000006],[-75.419759,39.944403000000015],[-75.421407,39.94597299999999],[-75.424848,39.947092000000005],[-75.428307,39.94727199999996],[-75.431835,39.95050899999995],[-75.423949,39.962514999999975],[-75.428771,39.966972000000034],[-75.429175,39.97006500000002],[-75.430574,39.97152800000003],[-75.43456300000001,39.971299999999964],[-75.435541,39.972234999999976],[-75.43538400000001,39.975113999999984],[-75.438392,39.979825999999996],[-75.437742,39.981605000000016],[-75.436164,39.98249499999999],[-75.43561,39.98562700000001],[-75.435758,39.989162000000015],[-75.43846200000002,39.991124],[-75.437863,39.99263599999998],[-75.436847,39.992968000000026],[-75.438381,39.99379100000001],[-75.440463,39.99294799999999],[-75.440915,39.99184300000004],[-75.443731,39.993976999999994],[-75.448897,39.994046999999945],[-75.450948,39.993133],[-75.45189,39.993827999999986],[-75.453743,39.99360699999997]]]}},{"type":"Feature","properties":{"district":"33","population":261809,"landAreaSqMi":1290.9,"topMunicipalities":[{"name":"Chambersburg","classCode":"borough","populationShare":0.08422552318675063},{"name":"Greene","classCode":"second_class_township","populationShare":0.07050941717053281},{"name":"Antrim","classCode":"second_class_township","populationShare":0.060658724489990844},{"name":"Washington","classCode":"second_class_township","populationShare":0.057522850627747604},{"name":"Guilford","classCode":"second_class_township","populationShare":0.056273848492603355}],"topCounties":[{"name":"Franklin","geoid":"42055","populationShare":0.5982452856853657},{"name":"Adams","geoid":"42001","populationShare":0.4017547143146342}],"classShares":{"borough":0.27795071979954844,"second_class_township":0.7220492802004517}},"geometry":{"type":"Polygon","coordinates":[[[-78.099033,39.722413000000024],[-78.069297,39.74829800000003],[-78.063003,39.75979900000003],[-78.0531,39.77030099999998],[-78.0372,39.78999999999997],[-78.036499,39.79199899999997],[-78.028503,39.799899999999994],[-78.017898,39.80829999999999],[-78.0027,39.826599],[-78.0,39.83188199999998],[-77.995437,39.83801600000002],[-77.99277500000001,39.84372699999998],[-77.982612,39.857852000000015],[-77.976493,39.87046000000004],[-77.975135,39.871787999999995],[-77.969009,39.888789999999965],[-77.967018,39.892967],[-77.965257,39.89427200000004],[-77.964675,39.89988700000001],[-77.961661,39.90346300000004],[-77.958814,39.91192899999998],[-77.956479,39.914906],[-77.954247,39.922778],[-77.956168,39.92609099999999],[-77.95551100000002,39.928861],[-77.95317100000001,39.93163300000003],[-77.947273,39.934940000000005],[-77.943092,39.94228700000003],[-77.937789,39.948943999999976],[-77.936553,39.961123999999984],[-77.935027,39.96239400000002],[-77.93384500000002,39.96541499999999],[-77.932411,39.97239300000002],[-77.929985,39.97378899999999],[-77.929985,39.97497899999999],[-77.926589,39.97919000000004],[-77.92486500000001,39.98432899999999],[-77.921508,39.988246000000004],[-77.919792,39.99265200000001],[-77.921236,39.998285],[-77.919502,40.00341700000003],[-77.914329,40.01030300000004],[-77.905632,40.018725999999965],[-77.904105,40.023571000000004],[-77.9001,40.02793800000003],[-77.893592,40.033091999999975],[-77.883793,40.048307999999984],[-77.876655,40.054661],[-77.873773,40.05584100000003],[-77.867991,40.06022500000001],[-77.862272,40.06223800000001],[-77.859356,40.06520699999998],[-77.827993,40.116764000000025],[-77.815866,40.13244200000002],[-77.80517700000001,40.15300599999994],[-77.796386,40.166813999999995],[-77.768325,40.204128999999995],[-77.73763200000002,40.237405000000024],[-77.724197,40.25012400000002],[-77.713476,40.25651199999998],[-77.708389,40.26134799999998],[-77.698954,40.26577500000002],[-77.680159,40.28062299999996],[-77.67181,40.289885],[-77.66419500000002,40.280478999999964],[-77.665195,40.279471000000036],[-77.664275,40.278226999999966],[-77.65987100000001,40.27480499999996],[-77.656416,40.27039299999996],[-77.670921,40.25862200000003],[-77.671155,40.257568999999954],[-77.667711,40.252000999999986],[-77.665494,40.25204899999998],[-77.65276,40.25753],[-77.648164,40.25722699999998],[-77.64509,40.25514300000001],[-77.645128,40.25375400000001],[-77.64999,40.24795700000003],[-77.645402,40.238927999999994],[-77.648878,40.23331899999998],[-77.650156,40.22753799999999],[-77.647642,40.22247699999999],[-77.645884,40.22381000000005],[-77.64532500000001,40.222493999999976],[-77.643394,40.223165000000044],[-77.642831,40.21813999999999],[-77.639893,40.217677999999964],[-77.616167,40.23261600000001],[-77.612967,40.23323599999999],[-77.609171,40.23275300000005],[-77.606612,40.22971899999999],[-77.60271700000001,40.22819999999999],[-77.60488800000002,40.22492199999996],[-77.605022,40.20551299999998],[-77.627552,40.188664999999986],[-77.623052,40.18324799999996],[-77.616385,40.17247999999995],[-77.61364200000001,40.17016100000004],[-77.614303,40.16685799999998],[-77.613737,40.16386200000004],[-77.612918,40.16123400000003],[-77.61017400000001,40.15769899999999],[-77.608642,40.15313299999997],[-77.604218,40.15145000000003],[-77.60147,40.147860999999956],[-77.599016,40.14715999999998],[-77.595974,40.143576000000024],[-77.593256,40.142293],[-77.592239,40.13910899999999],[-77.592838,40.135245000000026],[-77.590077,40.133819000000024],[-77.58220300000002,40.134331],[-77.575623,40.12828299999998],[-77.568601,40.12607700000002],[-77.566497,40.12293599999997],[-77.564638,40.12173399999997],[-77.564466,40.11979099999999],[-77.562871,40.11928600000004],[-77.56255,40.11831499999998],[-77.562621,40.11416799999999],[-77.561016,40.10835800000001],[-77.557914,40.10309699999998],[-77.561588,40.09833500000002],[-77.56047900000002,40.09430199999999],[-77.559311,40.093933999999955],[-77.553883,40.095882999999986],[-77.550847,40.09321500000004],[-77.550126,40.09103499999996],[-77.548097,40.09013000000003],[-77.54514100000002,40.09048999999998],[-77.54301200000002,40.08967099999999],[-77.543084,40.087195],[-77.546925,40.08631199999998],[-77.542448,40.083844000000006],[-77.543666,40.08224299999997],[-77.540987,40.08056599999999],[-77.542007,40.07917099999999],[-77.545732,40.07830300000003],[-77.545039,40.077601000000016],[-77.541307,40.07746699999998],[-77.540285,40.07676500000002],[-77.542315,40.07488500000002],[-77.540516,40.07488500000002],[-77.53990200000001,40.07408999999995],[-77.541965,40.06987499999999],[-77.535652,40.070659000000035],[-77.532265,40.06716900000003],[-77.533351,40.06592299999999],[-77.53297400000001,40.062831],[-77.531572,40.061184999999995],[-77.531794,40.06010100000003],[-77.530495,40.05923199999999],[-77.532505,40.048738999999976],[-77.527805,40.04729199999998],[-77.526271,40.04568000000002],[-77.521992,40.04658200000001],[-77.518514,40.045624999999994],[-77.517171,40.04444599999998],[-77.51914700000002,40.04244500000004],[-77.519367,40.03934000000002],[-77.515114,40.034570000000045],[-77.512472,40.033767999999995],[-77.50782,40.02896800000003],[-77.50920800000002,40.024933999999995],[-77.500114,40.01344599999994],[-77.499626,40.01013300000004],[-77.495403,40.00514499999999],[-77.489232,40.001333000000024],[-77.484331,39.995584],[-77.480021,39.99231199999999],[-77.47831300000001,39.99164099999996],[-77.47439200000001,39.991936999999965],[-77.470972,39.98684500000004],[-77.465783,39.984436000000024],[-77.461654,39.976830999999976],[-77.454109,39.97243199999998],[-77.471085,39.94407700000001],[-77.40360600000001,39.99447799999998],[-77.229249,40.025045999999975],[-77.18563,40.02950099999999],[-77.16207100000001,40.05169700000003],[-77.137425,40.06994500000003],[-77.127631,40.06861599999998],[-77.125099,40.066878],[-77.111899,40.06138899999998],[-77.106818,40.060031],[-77.103843,40.05769199999995],[-77.092103,40.053713],[-77.08109600000002,40.043644999999984],[-77.07842,40.03763699999998],[-77.072754,40.03438599999996],[-77.070232,40.03007799999999],[-77.068485,40.02887200000001],[-77.0615,40.02660800000005],[-77.056376,40.02348400000003],[-77.04069,40.02132000000001],[-77.033211,40.018724000000006],[-77.026238,40.018378000000006],[-77.01864799999998,40.013946999999995],[-76.993154,39.97391200000001],[-76.966202,39.93519199999999],[-76.967681,39.93546699999999],[-76.969691,39.93733300000001],[-76.972603,39.934137999999955],[-76.971036,39.93115099999997],[-76.972069,39.92907500000001],[-76.971086,39.92776000000006],[-76.972336,39.92573400000004],[-76.971754,39.92449100000006],[-76.96993400000001,39.92373699999997],[-76.97024300000001,39.92136199999999],[-76.964937,39.92203899999999],[-76.968512,39.91837199999997],[-76.967301,39.917687000000015],[-76.966983,39.916183],[-76.968022,39.91513000000004],[-76.971122,39.914936999999995],[-76.972839,39.91386100000002],[-76.972546,39.91172899999999],[-76.973557,39.910331000000006],[-76.976904,39.90750900000003],[-76.981602,39.905309],[-76.980136,39.90385100000001],[-76.983972,39.90184699999998],[-76.984116,39.899564],[-76.982373,39.89864000000006],[-76.982037,39.897441],[-76.983959,39.89357400000001],[-76.981986,39.892152999999965],[-76.980131,39.88655499999999],[-76.977457,39.885481],[-76.978298,39.881912],[-76.973983,39.87436500000001],[-76.972536,39.87291399999999],[-76.96362,39.87401700000002],[-76.962238,39.864835000000014],[-76.954932,39.856850000000044],[-76.96484,39.850772000000035],[-76.974083,39.84966000000001],[-76.978543,39.84772699999994],[-76.983043,39.841353000000026],[-76.990663,39.83434800000001],[-76.997296,39.83158599999998],[-76.999679,39.831279999999985],[-76.99931800000002,39.72010599999999],[-77.50681,39.71987000000004],[-78.099033,39.722413000000024]]]}},{"type":"Feature","properties":{"district":"20","population":272123,"landAreaSqMi":2626.8,"topMunicipalities":[{"name":"Kingston","classCode":"borough","populationShare":0.04899618873545657},{"name":"Dingman","classCode":"second_class_township","populationShare":0.046769256284118675},{"name":"Hanover","classCode":"first_class_township","populationShare":0.04207285418377268},{"name":"Lehman","classCode":"second_class_township","populationShare":0.04032732132175047},{"name":"Nanticoke","classCode":"third_class_city","populationShare":0.0389896919285377}],"topCounties":[{"name":"Luzerne","geoid":"42079","populationShare":0.4634378974384808},{"name":"Pike","geoid":"42103","populationShare":0.21935284645677133},{"name":"Susquehanna","geoid":"42115","populationShare":0.1409251362646082},{"name":"Wyoming","geoid":"42131","populationShare":0.09582056710995486},{"name":"Wayne","geoid":"42127","populationShare":0.0804635527301849}],"classShares":{"borough":0.28833689156325726,"first_class_township":0.05846248905665471,"second_class_township":0.6142109274515504,"third_class_city":0.0389896919285377}},"geometry":{"type":"Polygon","coordinates":[[[-76.320194,41.21582399999996],[-76.310848,41.30894900000002],[-76.228131,41.51113700000002],[-76.22386600000002,41.52454400000002],[-76.208748,41.59175699999999],[-76.197998,41.647823],[-76.115172,41.65182500000002],[-76.12151100000001,41.733202000000006],[-76.124618,41.766915000000054],[-76.125899,41.770613999999995],[-76.125649,41.78086300000001],[-76.145519,41.99884200000002],[-75.95370900000002,41.998987],[-75.764683,41.997855999999956],[-75.35964500000001,41.99955399999998],[-75.351095,41.996262999999985],[-75.344796,41.99472199999999],[-75.340816,41.99261000000003],[-75.337516,41.986821999999954],[-75.337674,41.98387000000004],[-75.34199,41.97500599999998],[-75.34159100000001,41.97221600000002],[-75.338143,41.970417999999995],[-75.336271,41.970901],[-75.327969,41.96794299999999],[-75.325891,41.964767999999985],[-75.319638,41.96031200000003],[-75.31793,41.953871000000014],[-75.310941,41.949102999999994],[-75.306611,41.949131000000015],[-75.301326,41.948105000000055],[-75.301148,41.95338600000001],[-75.297518,41.95468500000004],[-75.293316,41.954346999999956],[-75.291466,41.95244400000003],[-75.291623,41.94664700000002],[-75.28951,41.94320400000006],[-75.28852500000002,41.94245800000002],[-75.2846,41.94193499999996],[-75.278763,41.93871300000004],[-75.278641,41.93626400000005],[-75.276948,41.932886000000046],[-75.27663300000002,41.922236000000005],[-75.269248,41.91068799999998],[-75.267276,41.90609000000002],[-75.267773,41.901970999999996],[-75.272973,41.89656600000002],[-75.271685,41.88844700000001],[-75.270755,41.88684299999998],[-75.263098,41.885041000000044],[-75.260623,41.883783000000015],[-75.259583,41.88232399999998],[-75.257459,41.87609300000001],[-75.263209,41.87170000000001],[-75.26429500000002,41.869522999999965],[-75.26159,41.86494000000001],[-75.25831600000001,41.862273999999985],[-75.25000100000001,41.86221699999995],[-75.244038,41.866511999999965],[-75.241147,41.86725200000002],[-75.231612,41.85945899999999],[-75.22448,41.85758999999999],[-75.223166,41.857915999999996],[-75.219576,41.861187999999984],[-75.215024,41.867349999999995],[-75.209569,41.86931899999996],[-75.204637,41.86992799999997],[-75.198647,41.86906100000001],[-75.19541,41.86783900000002],[-75.191447,41.865140999999994],[-75.189137,41.86166800000001],[-75.185358,41.860062999999975],[-75.181704,41.86307800000004],[-75.17803200000002,41.87091000000001],[-75.175827,41.872574000000064],[-75.17246,41.87228299999998],[-75.170141,41.871349999999985],[-75.168424,41.869334999999985],[-75.168326,41.85870000000001],[-75.16522700000002,41.85279299999998],[-75.162879,41.85055500000005],[-75.157655,41.848692000000014],[-75.15468,41.84845500000005],[-75.145602,41.851461999999984],[-75.14056100000002,41.85222000000002],[-75.130991,41.84526099999997],[-75.126919,41.84505999999998],[-75.120117,41.84621700000001],[-75.116595,41.845448999999974],[-75.113405,41.84214],[-75.113145,41.83616500000003],[-75.115068,41.82754600000002],[-75.113019,41.822619],[-75.100565,41.818926999999995],[-75.096343,41.81524100000001],[-75.08988,41.81170100000003],[-75.085525,41.81171199999996],[-75.078769,41.81520999999998],[-75.07476,41.81529399999997],[-75.072248,41.81413100000004],[-75.071509,41.81130399999997],[-75.072343,41.80664400000001],[-75.075652,41.79955500000007],[-75.078471,41.797297000000015],[-75.080622,41.796698000000035],[-75.083669,41.796626000000046],[-75.088497,41.797706999999946],[-75.092883,41.79645699999998],[-75.101726,41.787504000000006],[-75.104711,41.774383999999976],[-75.101895,41.76960900000002],[-75.094633,41.768364000000005],[-75.087182,41.76939199999998],[-75.079156,41.771607],[-75.07461,41.771270000000015],[-75.072464,41.76854800000001],[-75.064758,41.766686999999976],[-75.061237,41.76478999999998],[-75.052969,41.75179300000001],[-75.052653,41.743921999999976],[-75.05483,41.734896],[-75.05367500000001,41.727346],[-75.05183100000002,41.71992099999999],[-75.049719,41.715909000000025],[-75.04968700000002,41.71337199999997],[-75.050959,41.711799999999975],[-75.05235900000001,41.71148399999999],[-75.05920300000001,41.71281000000001],[-75.066222,41.71275999999999],[-75.067828,41.711789999999986],[-75.068957,41.709327],[-75.067068,41.705144999999995],[-75.058723,41.698468999999996],[-75.052627,41.68811000000003],[-75.051252,41.680017999999976],[-75.058418,41.67489999999998],[-75.059516,41.67225500000001],[-75.057533,41.66884400000004],[-75.053996,41.66807400000002],[-75.049464,41.660276999999994],[-75.049192,41.65005499999999],[-75.047708,41.64585099999994],[-75.049497,41.64156199999996],[-75.048617,41.63301300000001],[-75.04361000000002,41.62332199999998],[-75.044181,41.61806300000002],[-75.045323,41.61615000000004],[-75.04674500000002,41.615621],[-75.05302000000002,41.618514999999945],[-75.059731,41.617556000000015],[-75.061565,41.61580000000003],[-75.059728,41.61041500000001],[-75.063698,41.60927100000003],[-75.069721,41.61011400000003],[-75.074475,41.608125],[-75.074678,41.60652699999999],[-75.067714,41.60024899999995],[-75.060012,41.59081300000003],[-75.052934,41.58789400000001],[-75.04724600000002,41.58368199999998],[-75.043904,41.57470200000005],[-75.04049,41.569687999999935],[-75.033592,41.56523799999999],[-75.02805500000001,41.56433900000001],[-75.018804,41.552435999999965],[-75.016128,41.54659199999999],[-75.015976,41.544205],[-75.017503,41.54264200000005],[-75.022226,41.54175599999999],[-75.0247,41.540130999999974],[-75.024543,41.534593000000044],[-75.023217,41.533171],[-75.016797,41.53219499999999],[-75.01113900000001,41.529317999999996],[-75.003212,41.523481000000004],[-75.000749,41.51859700000001],[-75.003668,41.51180799999998],[-75.003578,41.50827700000004],[-75.000255,41.50737499999996],[-74.993795,41.508886],[-74.988004,41.508879000000015],[-74.985907,41.50815699999999],[-74.98424,41.506509000000015],[-74.98227,41.49868500000005],[-74.985645,41.48586500000001],[-74.982821,41.480508],[-74.966984,41.47703699999997],[-74.95823,41.47658099999996],[-74.955375,41.477177],[-74.94808,41.480624999999996],[-74.94604100000001,41.48308699999997],[-74.94286900000002,41.48364699999997],[-74.93312500000002,41.48257699999997],[-74.924092,41.477138000000025],[-74.917966,41.47717299999997],[-74.913035,41.47601699999997],[-74.909181,41.47243600000003],[-74.907939,41.463849000000025],[-74.906553,41.46087600000001],[-74.894768,41.45814500000001],[-74.890169,41.45555799999999],[-74.88915600000001,41.45107199999997],[-74.894855,41.44619099999998],[-74.896399,41.442179],[-74.89566,41.439688000000025],[-74.892625,41.43861700000003],[-74.88901,41.43816500000003],[-74.878303,41.43999999999996],[-74.863142,41.44438700000001],[-74.857653,41.44415600000004],[-74.853909,41.44314599999999],[-74.847869,41.439619000000036],[-74.837477,41.43189699999998],[-74.832032,41.43039099999998],[-74.826341,41.431646000000015],[-74.822584,41.43701400000001],[-74.817995,41.44050499999995],[-74.811505,41.44305500000004],[-74.808242,41.442920000000015],[-74.805158,41.441852999999995],[-74.801132,41.438303000000026],[-74.79925599999999,41.430806000000054],[-74.795091,41.423712999999985],[-74.793115,41.42235599999999],[-74.789097,41.42140900000002],[-74.772707,41.42634200000003],[-74.762401,41.423328000000005],[-74.75858700000002,41.423287000000016],[-74.754471,41.424953000000016],[-74.750936,41.427856999999996],[-74.744776,41.430375999999995],[-74.741456,41.431154000000035],[-74.73873200000001,41.430780999999996],[-74.735131,41.426799999999965],[-74.73466400000001,41.422992999999984],[-74.73818100000001,41.41426800000001],[-74.741069,41.41127800000004],[-74.741763,41.40695399999996],[-74.736812,41.399319000000034],[-74.734571,41.39740199999999],[-74.72902800000001,41.395331000000006],[-74.720126,41.394656999999995],[-74.716358,41.39301999999996],[-74.712521,41.38875899999999],[-74.708475,41.37919699999997],[-74.70301300000001,41.37504700000001],[-74.693798,41.36986499999999],[-74.690528,41.36635000000002],[-74.689683,41.363645999999996],[-74.689952,41.361492999999996],[-74.698478,41.35533700000009],[-74.708493,41.35279599999997],[-74.720923,41.34738399999996],[-74.72837300000002,41.34586599999999],[-74.747813,41.346582999999974],[-74.755097,41.345871999999986],[-74.760327,41.340328000000014],[-74.763008,41.331957000000045],[-74.767282,41.32774400000004],[-74.773471,41.32452000000001],[-74.78413900000001,41.32428500000001],[-74.791584,41.323019],[-74.795572,41.32034199999998],[-74.796107,41.31836800000001],[-74.791999,41.31344199999998],[-74.792171,41.310841000000025],[-74.807428,41.30281200000005],[-74.812033,41.29815800000003],[-74.815606,41.29607299999998],[-74.822477,41.293595000000025],[-74.830027,41.28744100000001],[-74.83309300000002,41.282608999999994],[-74.838361,41.27729399999998],[-74.8406,41.27158499999999],[-74.84608400000002,41.26341900000002],[-74.846451,41.262010999999994],[-74.84491,41.25759399999998],[-74.847093,41.252841],[-74.849123,41.251226999999986],[-74.856358,41.24974899999999],[-74.861117,41.24364499999997],[-74.86214,41.23778899999998],[-74.866574,41.232071000000005],[-74.867634,41.228619999999985],[-74.866333,41.225821000000025],[-74.860136,41.22164100000005],[-74.859473,41.21877299999999],[-74.874793,41.197238999999996],[-74.878198,41.190469000000014],[-74.87902500000001,41.186510999999975],[-74.882638,41.18038000000001],[-74.889988,41.173217],[-74.89994300000001,41.16630999999996],[-74.905256,41.155668000000006],[-74.91670800000001,41.144833000000006],[-74.920379,41.14228699999999],[-74.924469,41.13753000000004],[-74.93196,41.13340800000003],[-74.944498,41.12997400000002],[-74.947316,41.127223000000015],[-74.947245,41.12400299999999],[-74.949094,41.12256300000002],[-74.963959,41.11433000000005],[-74.97359,41.11318599999994],[-74.979985,41.11050700000006],[-74.982282,41.108059000000004],[-74.991718,41.092283999999985],[-74.993214,41.09376800000001],[-74.995496,41.09349599999995],[-74.996402,41.09298799999997],[-74.997137,41.08985500000005],[-74.99962,41.08937200000003],[-75.003177,41.09177299999995],[-75.006838,41.08851399999998],[-75.011782,41.08800499999999],[-75.01277,41.08659400000006],[-75.012602,41.08380100000002],[-75.020452,41.08478699999999],[-75.025001,41.083516999999986],[-75.025836,41.08059499999999],[-75.027957,41.07986799999999],[-75.02892200000001,41.080694000000015],[-75.029099,41.08285199999999],[-75.032593,41.08526700000003],[-75.033433,41.08732400000001],[-75.039216,41.08879699999998],[-75.076811,41.141121999999996],[-75.156507,41.150341000000004],[-75.129721,41.252100999999975],[-75.359184,41.23920599999997],[-75.345828,41.24783899999997],[-75.344034,41.25168799999998],[-75.342194,41.252693],[-75.341637,41.255281999999994],[-75.344507,41.25612999999999],[-75.344816,41.25815500000004],[-75.347978,41.25801100000002],[-75.350138,41.26012099999997],[-75.347291,41.26346299999999],[-75.347245,41.266030000000015],[-75.343912,41.267841999999966],[-75.339433,41.26753999999996],[-75.335501,41.26899199999999],[-75.334205,41.270305000000036],[-75.331724,41.275189999999995],[-75.333644,41.27944700000007],[-75.330079,41.282925000000006],[-75.32975600000002,41.285576000000006],[-75.324607,41.288876999999985],[-75.32565,41.292756000000026],[-75.327749,41.29464200000002],[-75.32776200000002,41.298889999999936],[-75.32630900000001,41.299664999999976],[-75.325214,41.29877499999998],[-75.322281,41.299882000000046],[-75.31396600000001,41.31060799999998],[-75.313805,41.31332700000001],[-75.316267,41.31597700000002],[-75.315983,41.31904100000003],[-75.312109,41.32103299999993],[-75.312483,41.324320000000014],[-75.310404,41.32689299999996],[-75.311348,41.328694999999996],[-75.311203,41.331574],[-75.317552,41.33466500000003],[-75.318568,41.336727000000025],[-75.32245,41.34003999999998],[-75.325956,41.340674999999926],[-75.328735,41.33624800000001],[-75.330882,41.33491199999999],[-75.335066,41.33642599999995],[-75.342769,41.33601200000001],[-75.343243,41.33724199999999],[-75.344294,41.33743],[-75.344356,41.341028],[-75.340239,41.343974],[-75.33662700000001,41.34512999999998],[-75.337811,41.34668199999997],[-75.338784,41.34634000000005],[-75.339045,41.34736299999999],[-75.337762,41.34855700000001],[-75.338908,41.35063700000006],[-75.342082,41.351934],[-75.34174,41.35499799999999],[-75.343295,41.35517300000002],[-75.346414,41.35728100000002],[-75.348729,41.36176100000002],[-75.34817300000002,41.364248],[-75.351312,41.363720999999984],[-75.349687,41.365692999999965],[-75.35054,41.36795099999998],[-75.34886700000001,41.368847999999964],[-75.34822,41.37078700000001],[-75.345028,41.371118],[-75.33932700000001,41.375698000000035],[-75.336851,41.37627400000007],[-75.335255,41.37545900000003],[-75.33067,41.36959299999996],[-75.325746,41.36769999999999],[-75.323657,41.36604500000003],[-75.320915,41.367629999999956],[-75.314292,41.368606000000014],[-75.309067,41.374679000000015],[-75.30606,41.37422299999999],[-75.298342,41.367401999999984],[-75.30019,41.484231],[-75.247818,41.50387200000002],[-75.186849,41.531749999999974],[-75.194056,41.54499199999996],[-75.229425,41.565730999999985],[-75.241684,41.598021999999965],[-75.26152,41.59534800000004],[-75.262006,41.59612400000001],[-75.262025,41.59527800000003],[-75.317672,41.588131000000004],[-75.32092000000002,41.60084899999995],[-75.351002,41.59906999999999],[-75.459762,41.595044000000016],[-75.462411,41.64158700000004],[-75.71988700000001,41.642262999999936],[-75.720661,41.63941000000001],[-75.718608,41.637868999999974],[-75.718774,41.63611300000005],[-75.721697,41.63457800000002],[-75.72857600000002,41.63563399999995],[-75.77429000000001,41.57404800000005],[-75.769297,41.56846599999998],[-75.787503,41.543531000000016],[-75.80323,41.52422699999998],[-75.771626,41.50579299999996],[-75.834512,41.42696500000004],[-75.832887,41.424397999999975],[-75.831223,41.41780600000001],[-75.832631,41.39993399999999],[-75.830135,41.394414],[-75.819575,41.38751800000003],[-75.80655,41.38518300000002],[-75.80127,41.38351899999997],[-75.797686,41.381534999999985],[-75.795291,41.37815199999995],[-75.795061,41.37644300000007],[-75.79643800000001,41.373134999999984],[-75.803142,41.36636699999995],[-75.807414,41.35823899999997],[-75.80615000000002,41.35547100000001],[-75.80064,41.35027399999997],[-75.795738,41.343979],[-75.794144,41.337439],[-75.800702,41.340386],[-75.805063,41.337742999999996],[-75.80687,41.330014999999975],[-75.81023,41.324842000000004],[-75.804221,41.319023000000044],[-75.807666,41.31621199999999],[-75.822311,41.308612999999944],[-75.831762,41.317695000000036],[-75.85274,41.308163999999984],[-75.861446,41.30139299999998],[-75.859425,41.299313999999995],[-75.85839,41.299660999999986],[-75.849319,41.29424000000004],[-75.866299,41.28591799999999],[-75.869897,41.283368999999986],[-75.870433,41.27948900000002],[-75.86570700000001,41.27090099999999],[-75.865409,41.268607999999986],[-75.87118400000001,41.261225999999986],[-75.878059,41.255582],[-75.879177,41.25661099999999],[-75.886643,41.250774000000014],[-75.89033,41.254503999999976],[-75.893681,41.252637000000036],[-75.892716,41.25166199999997],[-75.894579,41.250316000000026],[-75.89675,41.25174600000004],[-75.90187,41.24790600000002],[-75.90809700000001,41.24975299999999],[-75.913195,41.24965799999997],[-75.916898,41.24783600000002],[-75.922489,41.24273700000003],[-75.92571500000001,41.24149900000002],[-75.929095,41.241483999999964],[-75.850424,41.19746100000005],[-75.850395,41.18849500000004],[-75.872118,41.181648999999986],[-75.886281,41.18367100000001],[-75.95288300000001,41.17255799999996],[-75.982279,41.166613000000055],[-75.98721700000002,41.16726800000001],[-76.008492,41.16522500000001],[-76.039257,41.15299000000002],[-76.043866,41.15968699999998],[-76.055849,41.15501100000004],[-76.090647,41.14850999999999],[-76.108102,41.17756500000003],[-76.125785,41.17122700000004],[-76.135133,41.165007000000024],[-76.140136,41.16034499999997],[-76.15129,41.15992000000002],[-76.157415,41.15513199999997],[-76.178649,41.160675999999974],[-76.223084,41.236276999999966],[-76.317953,41.20545299999999],[-76.319236,41.208092],[-76.320194,41.21582399999996]]]}},{"type":"Feature","properties":{"district":"23","population":263038,"landAreaSqMi":4276.1,"topMunicipalities":[{"name":"Williamsport","classCode":"third_class_city","populationShare":0.10503805533801207},{"name":"Loyalsock","classCode":"second_class_township","populationShare":0.043693306670518996},{"name":"East Buffalo","classCode":"second_class_township","populationShare":0.02820885195294977},{"name":"South Williamsport","classCode":"borough","populationShare":0.02363156654171639},{"name":"Sayre","classCode":"borough","populationShare":0.0206966293843475}],"topCounties":[{"name":"Lycoming","geoid":"42081","populationShare":0.43176271109117315},{"name":"Bradford","geoid":"42015","populationShare":0.22799367391783693},{"name":"Union","geoid":"42119","populationShare":0.16183973418289366},{"name":"Tioga","geoid":"42117","populationShare":0.15616754993575074},{"name":"Sullivan","geoid":"42113","populationShare":0.022236330872345444}],"classShares":{"borough":0.25362114979584693,"second_class_township":0.6413407948661409,"third_class_city":0.10503805533801207}},"geometry":{"type":"Polygon","coordinates":[[[-77.610027,41.99936799999998],[-77.475769,42.00014900000001],[-77.161419,41.999604999999995],[-76.828977,42.002018],[-76.41807700000001,41.998594999999966],[-76.304101,41.99831799999997],[-76.145519,41.99884200000002],[-76.125649,41.78086300000001],[-76.125899,41.770613999999995],[-76.124618,41.766915000000054],[-76.12151100000001,41.733202000000006],[-76.115172,41.65182500000002],[-76.197998,41.647823],[-76.208748,41.59175699999999],[-76.22386600000002,41.52454400000002],[-76.228131,41.51113700000002],[-76.310261,41.310198],[-76.407934,41.30841799999998],[-76.477825,41.250884999999975],[-76.499652,41.23385600000003],[-76.521652,41.21426],[-76.592607,41.15776500000001],[-76.678776,41.154171999999996],[-76.729997,41.17188099999998],[-76.790807,41.17573199999998],[-76.82816800000002,41.16577999999995],[-76.856916,41.16364100000006],[-76.870261,41.16005499999999],[-76.884155,41.15734599999998],[-76.889338,41.15198799999999],[-76.89625,41.13896100000004],[-76.897917,41.133421],[-76.895705,41.12381700000004],[-76.895806,41.11956000000006],[-76.892204,41.11024300000003],[-76.891204,41.104689],[-76.88958,41.100638000000025],[-76.88348300000001,41.09273399999999],[-76.879629,41.089911],[-76.87149,41.08169100000004],[-76.8645,41.079871999999966],[-76.858335,41.07307799999999],[-76.857,41.06660099999999],[-76.857576,41.055465999999996],[-76.85616800000001,41.05008299999999],[-76.857156,41.04538100000002],[-76.861316,41.03796200000001],[-76.861249,41.028489000000015],[-76.864722,41.02035199999996],[-76.866912,41.010548999999976],[-76.868476,40.995196999999955],[-76.875587,40.98458200000004],[-76.881829,40.97319400000004],[-76.882249,40.968762999999996],[-76.877144,40.959488999999984],[-76.877511,40.95530400000001],[-76.875604,40.94985700000004],[-76.872711,40.944802],[-76.8685,40.940171000000014],[-76.861047,40.92585099999996],[-76.854106,40.915426000000046],[-76.824587,40.89071799999997],[-76.822679,40.88969900000002],[-76.810258,40.88711299999999],[-76.80399400000002,40.88487399999998],[-76.800242,40.88199400000002],[-76.799277,40.87856500000002],[-76.802117,40.879415],[-76.80845700000002,40.87866499999997],[-76.824902,40.887892000000015],[-76.82944,40.88757300000002],[-76.834517,40.889621],[-76.836731,40.88801900000001],[-76.840793,40.88695300000002],[-76.849866,40.886428],[-76.851964,40.88867900000005],[-76.858319,40.88927000000001],[-76.87736,40.884398999999995],[-76.890804,40.888718999999966],[-76.894662,40.88708400000002],[-76.90465700000001,40.885041999999984],[-76.912335,40.884540000000065],[-76.919235,40.885190000000044],[-76.927551,40.887368],[-76.935043,40.88715300000002],[-76.942073,40.88803200000006],[-76.946864,40.885825000000025],[-76.970009,40.880928000000026],[-76.970916,40.87854700000002],[-76.973163,40.877131999999996],[-76.99366,40.875139],[-76.995077,40.874454999999976],[-76.995357,40.87272000000006],[-76.996578,40.872036],[-77.000016,40.872571999999984],[-77.004828,40.87212900000002],[-77.011309,40.86876799999997],[-77.012426,40.86627500000001],[-77.014989,40.863692],[-77.015473,40.860924],[-77.019873,40.85792899999999],[-77.024901,40.85748899999997],[-77.031864,40.86411399999999],[-77.036801,40.86477200000001],[-77.038472,40.86288000000004],[-77.042657,40.86342900000005],[-77.044755,40.86584800000001],[-77.048437,40.86658399999996],[-77.052027,40.869386999999975],[-77.074058,40.86833300000005],[-77.129574,40.85379399999998],[-77.321639,40.81710199999998],[-77.356628,40.80733400000001],[-77.357113,40.84448399999997],[-77.36418,40.84693700000002],[-77.279236,40.909710000000004],[-77.204027,40.99271000000003],[-77.143804,41.042801000000004],[-77.144111,41.06883999999995],[-77.164278,41.06870800000002],[-77.262231,41.16240899999993],[-77.272018,41.17253400000003],[-77.27245,41.17544300000006],[-77.275589,41.17910499999999],[-77.277411,41.18053899999996],[-77.283285,41.18267300000004],[-77.28830600000002,41.18298999999999],[-77.292256,41.18530399999997],[-77.293651,41.19106899999998],[-77.29058,41.19509999999998],[-77.291378,41.19627999999997],[-77.29901,41.200967],[-77.306364,41.208077000000024],[-77.320891,41.21893199999999],[-77.323411,41.21863800000002],[-77.32576,41.219697999999994],[-77.328503,41.21925600000003],[-77.329517,41.220668999999965],[-77.329924,41.21957899999998],[-77.331063,41.219428],[-77.334303,41.220476],[-77.35135600000001,41.220175999999974],[-77.348514,41.22325],[-77.349397,41.22428399999997],[-77.349627,41.228873],[-77.352749,41.23000200000001],[-77.358047,41.23059700000001],[-77.362729,41.23357999999997],[-77.367541,41.23236899999997],[-77.370088,41.23268],[-77.37494700000002,41.236808999999965],[-77.378827,41.23882200000003],[-77.399043,41.25305300000003],[-77.404292,41.25799600000001],[-77.406006,41.26162799999999],[-77.411117,41.26660299999997],[-77.415885,41.26998000000003],[-77.42119600000001,41.27103900000004],[-77.424945,41.27310300000001],[-77.429878,41.28263000000001],[-77.434549,41.28462900000002],[-77.442091,41.28609099999999],[-77.445361,41.287925999999985],[-77.450664,41.294119000000016],[-77.452615,41.299464],[-77.455601,41.30399700000003],[-77.466867,41.30948300000001],[-77.471599,41.313698],[-77.474962,41.32524699999996],[-77.47461,41.335317999999994],[-77.475809,41.33811900000001],[-77.486274,41.345786999999994],[-77.499931,41.353953000000004],[-77.51702600000002,41.35598000000003],[-77.526663,41.35856300000005],[-77.537438,41.36480299999998],[-77.539992,41.368026999999984],[-77.542051,41.38181600000003],[-77.549758,41.39491500000002],[-77.564166,41.41244600000002],[-77.57024,41.41469199999999],[-77.57520900000002,41.420497999999995],[-77.580623,41.43578999999998],[-77.584671,41.441301000000045],[-77.597282,41.44105599999999],[-77.610027,41.99936799999998]]]}},{"type":"Feature","properties":{"district":"21","population":257465,"landAreaSqMi":3313.2,"topMunicipalities":[{"name":"Butler","classCode":"first_class_township","populationShare":0.06607500048550291},{"name":"Butler","classCode":"third_class_city","populationShare":0.05168081098401726},{"name":"Oil City","classCode":"third_class_city","populationShare":0.036964247567630545},{"name":"Warren","classCode":"third_class_city","populationShare":0.036016545938282914},{"name":"Buffalo","classCode":"second_class_township","populationShare":0.03102946031499428}],"topCounties":[{"name":"Butler","geoid":"42019","populationShare":0.4514283494843959},{"name":"Venango","geoid":"42121","populationShare":0.1945740197696774},{"name":"Warren","geoid":"42123","populationShare":0.14826869671605855},{"name":"Clarion","geoid":"42031","populationShare":0.1448624084827064},{"name":"Erie","geoid":"42049","populationShare":0.03451342900976831}],"classShares":{"borough":0.13644573048763906,"first_class_township":0.06607500048550291,"second_class_township":0.6254791913463966,"third_class_city":0.1720000776804614}},"geometry":{"type":"Polygon","coordinates":[[[-80.166472,41.00092800000002],[-80.098294,41.071054],[-80.096861,41.06980400000005],[-80.074422,41.09229200000002],[-80.047064,41.12064],[-79.999779,41.17186100000002],[-79.999814,41.490033999999994],[-79.99873000000001,41.49009200000003],[-79.998696,41.501031999999974],[-79.981779,41.500156000000004],[-79.981536,41.512886999999985],[-79.965875,41.512841000000066],[-79.958146,41.513534999999976],[-79.959188,41.525439999999975],[-79.942227,41.525347999999994],[-79.943296,41.53783699999997],[-79.92334,41.537595999999986],[-79.925369,41.550208000000005],[-79.909471,41.550149],[-79.90860600000002,41.56217399999998],[-79.892757,41.56216800000004],[-79.892732,41.57413800000002],[-79.870031,41.574255000000036],[-79.873015,41.58126800000003],[-79.850054,41.58705599999998],[-79.849609,41.59776400000001],[-79.829722,41.601953],[-79.82911100000001,41.62207000000001],[-79.768345,41.620955000000016],[-79.768357,41.61771099999996],[-79.613173,41.61686799999999],[-79.612071,41.850328000000005],[-79.680353,41.85152399999999],[-79.761307,41.85091300000002],[-79.76198,41.950110999999985],[-79.758022,41.950304999999986],[-79.761153,41.998809000000016],[-79.510993,41.998364000000024],[-79.256394,41.998835],[-79.158413,41.99967],[-78.91889600000002,41.99811900000003],[-78.918481,41.95293999999999],[-78.9155,41.95294800000001],[-78.917057,41.861820999999985],[-78.916004,41.86181199999999],[-78.915642,41.840896000000015],[-78.921544,41.84088200000001],[-78.921408,41.83091900000003],[-78.948612,41.830481000000006],[-78.954022,41.68587599999998],[-78.954669,41.640244],[-78.955489,41.640215000000055],[-78.957418,41.579222000000016],[-78.959128,41.50011500000001],[-78.958957,41.43706099999998],[-78.976657,41.43696299999998],[-78.976658,41.451760999999976],[-79.06352,41.45320699999999],[-79.065154,41.423193999999974],[-79.093588,41.42328599999996],[-79.095183,41.37205900000002],[-79.09509600000001,41.340658000000005],[-79.099659,41.342587],[-79.104977,41.34152600000003],[-79.107231,41.33640699999995],[-79.104484,41.331309000000026],[-79.10615300000002,41.32643899999997],[-79.111898,41.325015999999984],[-79.114899,41.32556399999996],[-79.117118,41.327720000000014],[-79.123416,41.330561],[-79.133087,41.339634999999944],[-79.138159,41.341781999999995],[-79.140269,41.341010000000004],[-79.14823300000002,41.331657000000035],[-79.154733,41.32864999999997],[-79.157596,41.32875400000003],[-79.16155,41.33104000000003],[-79.163067,41.333104999999996],[-79.162562,41.33599000000001],[-79.160008,41.339590999999984],[-79.160531,41.341699000000034],[-79.162325,41.343067999999995],[-79.166118,41.343994000000016],[-79.168207,41.342960999999995],[-79.169213,41.34052900000001],[-79.166814,41.33069700000002],[-79.16945,41.32749800000002],[-79.173034,41.325339000000014],[-79.174843,41.325835999999974],[-79.176006,41.32839599999998],[-79.17526,41.33624800000001],[-79.180248,41.33930800000001],[-79.184934,41.338942999999986],[-79.18659000000001,41.33795199999999],[-79.186045,41.328821],[-79.188497,41.32628],[-79.191952,41.32427400000002],[-79.194596,41.324212000000024],[-79.197518,41.325902],[-79.202506,41.32679000000002],[-79.206523,41.33132800000001],[-79.208878,41.33186100000004],[-79.211252,41.080669],[-79.21132,41.078736999999975],[-79.214494,41.078774999999986],[-79.215214,41.05051499999997],[-79.21973300000002,41.04837299999997],[-79.230423,41.045851000000056],[-79.236479,41.04203100000004],[-79.242287,41.035227000000006],[-79.246438,41.03472300000003],[-79.250345,41.032543000000004],[-79.26065600000001,41.029344999999985],[-79.26757,41.020224999999996],[-79.273985,41.017615000000006],[-79.28300600000001,41.00964500000005],[-79.286746,41.00940600000003],[-79.292724,41.010475],[-79.295316,41.01169999999998],[-79.298988,41.01160099999997],[-79.302571,41.01353100000001],[-79.317023,41.00252500000002],[-79.33040200000002,41.00022400000001],[-79.333869,40.99903299999998],[-79.336006,41.00007099999999],[-79.337069,41.00237099999999],[-79.339357,41.00239399999999],[-79.346325,40.99768500000002],[-79.34906400000001,40.997958999999994],[-79.352196,40.99966600000002],[-79.356341,40.99979600000001],[-79.360808,41.00370799999998],[-79.364144,41.00269200000001],[-79.36597100000002,41.000800000000005],[-79.367584,40.99543799999998],[-79.371477,40.988496000000005],[-79.371566,40.98256099999998],[-79.369387,40.97529300000002],[-79.371616,40.973117999999985],[-79.372172,40.97019700000005],[-79.376059,40.96837700000003],[-79.379086,40.968406000000016],[-79.381512,40.96952100000001],[-79.382217,40.97533599999999],[-79.380974,40.979881],[-79.374611,40.98438200000001],[-79.377455,40.985644000000015],[-79.384048,40.985109999999956],[-79.386684,40.98748799999996],[-79.38487,40.99009000000001],[-79.377711,40.99092600000002],[-79.377093,40.992595],[-79.378091,40.99434699999997],[-79.379663,40.99510000000003],[-79.383786,40.995206000000024],[-79.390367,40.99340300000002],[-79.394714,40.994749999999996],[-79.396265,40.993493000000015],[-79.398174,40.98926899999998],[-79.401272,40.98792199999999],[-79.40395,40.98825],[-79.40609100000002,40.990609999999975],[-79.404283,40.995663999999984],[-79.404653,40.997788999999976],[-79.406592,40.998572],[-79.412474,40.997913999999994],[-79.414691,40.999438999999974],[-79.414309,41.00195599999996],[-79.409644,41.006064],[-79.410153,41.00732600000001],[-79.412319,41.008471000000014],[-79.415911,41.00548499999998],[-79.420275,41.00397800000001],[-79.421238,41.00267599999996],[-79.420864,40.999034000000016],[-79.422851,40.99282500000001],[-79.424845,40.98865799999996],[-79.428635,40.985474],[-79.44187900000001,40.98736299999998],[-79.444748,40.986440999999985],[-79.448552,40.98278400000002],[-79.45102200000001,40.98173],[-79.460803,40.98228299999994],[-79.46223,40.98311200000004],[-79.46215100000002,40.984967000000005],[-79.455892,40.98817500000001],[-79.455508,40.98989899999995],[-79.456335,40.99095299999996],[-79.463203,40.989958000000065],[-79.470987,40.993964],[-79.476256,40.99494],[-79.481726,40.99406999999999],[-79.487894,40.99558299999999],[-79.494785,40.98618099999998],[-79.492778,40.980887999999986],[-79.493658,40.977901],[-79.501453,40.97658500000003],[-79.505148,40.976848000000004],[-79.507405,40.984044999999995],[-79.514012,40.98680899999998],[-79.51676,40.98627399999997],[-79.517836,40.98396500000004],[-79.517391,40.98253499999999],[-79.514764,40.98025100000004],[-79.515232,40.97783900000002],[-79.522428,40.97495799999998],[-79.528614,40.978413000000025],[-79.535822,40.98006299999995],[-79.540035,40.98451399999999],[-79.54199,40.98447899999999],[-79.54533100000002,40.98224800000005],[-79.54967,40.981657999999996],[-79.552624,40.979779999999955],[-79.554906,40.98252100000002],[-79.56010800000001,40.984849000000025],[-79.56373,40.985613],[-79.570353,40.98563999999999],[-79.574323,40.98468499999999],[-79.581096,40.98041800000003],[-79.590091,40.969945],[-79.595248,40.96858800000004],[-79.601217,40.96928399999997],[-79.611266,40.97267899999995],[-79.618352,40.97414200000001],[-79.622759,40.976374],[-79.624494,40.97999199999999],[-79.62349100000002,40.98455999999998],[-79.61906700000002,40.98895999999995],[-79.610427,40.993224000000055],[-79.604818,40.99459300000002],[-79.597013,40.994388],[-79.58822900000001,40.99153999999999],[-79.584896,40.99155699999998],[-79.581578,40.994040000000005],[-79.58177400000001,40.997981999999965],[-79.58628,41.00216800000002],[-79.590164,41.00402800000002],[-79.595393,41.005091999999976],[-79.606708,41.005181],[-79.609458,41.007218],[-79.609012,41.01264200000003],[-79.602697,41.02065299999994],[-79.599529,41.02943199999997],[-79.598987,41.03380700000003],[-79.60118000000001,41.036874000000005],[-79.605394,41.036933],[-79.610618,41.034089999999985],[-79.613667,41.033348999999966],[-79.61936500000002,41.03334799999998],[-79.636814,41.03793399999997],[-79.649789,41.04447299999999],[-79.662629,41.04738199999999],[-79.666205,41.04974900000007],[-79.667196,41.055321000000035],[-79.666579,41.057148999999995],[-79.657223,41.064002000000016],[-79.655713,41.06618499999997],[-79.655527,41.068429000000016],[-79.65905100000002,41.07347799999993],[-79.663962,41.07742600000001],[-79.675289,41.08365999999997],[-79.679365,41.09132099999998],[-79.68134,41.10658900000002],[-79.679375,41.11478299999995],[-79.67989,41.12348500000004],[-79.678773,41.13335100000004],[-79.679633,41.13711799999997],[-79.686719,41.14507699999999],[-79.686151,41.14881000000002],[-79.680244,41.15574099999993],[-79.679585,41.15952999999999],[-79.68136,41.16278299999994],[-79.68933200000001,41.169470999999994],[-79.688778,41.13342900000002],[-79.690272,41.10325199999996],[-79.689925,40.95704100000001],[-79.692803,40.79340500000003],[-79.692878,40.66961100000006],[-79.732744,40.66923999999999],[-79.780651,40.67122799999996],[-79.818729,40.67170800000001],[-79.829433,40.67114200000002],[-79.851556,40.67228799999996],[-79.877128,40.67243499999994],[-79.87624300000002,40.74355199999997],[-79.967724,40.74482299999996],[-79.968117,40.780470999999984],[-79.97008,40.81636599999995],[-79.999542,40.816787000000026],[-80.006335,40.81357100000001],[-80.009449,40.810793],[-80.011036,40.810996999999986],[-80.012332,40.80936399999993],[-80.01495600000001,40.80934399999998],[-80.020549,40.807762],[-80.024951,40.80774100000002],[-80.024972,40.813548000000054],[-80.029453,40.81347799999999],[-80.028525,40.817015999999974],[-80.06306500000001,40.81725999999997],[-80.068087,40.88498900000004],[-80.160246,40.88690600000002],[-80.166472,41.00092800000002]]]}},{"type":"Feature","properties":{"district":"30","population":249736,"landAreaSqMi":2639.6,"topMunicipalities":[{"name":"Altoona","classCode":"third_class_city","populationShare":0.17421597206650224},{"name":"Logan","classCode":"second_class_township","populationShare":0.04946423423134832},{"name":"Lewistown","classCode":"borough","populationShare":0.034055963097030476},{"name":"Frankstown","classCode":"second_class_township","populationShare":0.029671332927571542},{"name":"Derry","classCode":"second_class_township","populationShare":0.028970592946151123}],"topCounties":[{"name":"Blair","geoid":"42013","populationShare":0.48793125540570853},{"name":"Mifflin","geoid":"42087","populationShare":0.18449082230835756},{"name":"Huntingdon","geoid":"42061","populationShare":0.17556139283082936},{"name":"Juniata","geoid":"42067","populationShare":0.09377502642790785},{"name":"Fulton","geoid":"42057","populationShare":0.058241503027196724}],"classShares":{"borough":0.19324406573341452,"second_class_township":0.6325399622000832,"third_class_city":0.17421597206650224}},"geometry":{"type":"Polygon","coordinates":[[[-78.618638,40.32678700000004],[-78.61594100000002,40.33013099999993],[-78.608878,40.34348999999998],[-78.602236,40.35362899999998],[-78.561466,40.36967],[-78.552889,40.434783000000024],[-78.557721,40.441563000000016],[-78.548463,40.46185400000001],[-78.544358,40.465544999999985],[-78.542538,40.46838800000003],[-78.540491,40.47499800000002],[-78.541073,40.47782799999997],[-78.544363,40.482906],[-78.544715,40.486681999999995],[-78.541323,40.497559999999986],[-78.539819,40.50629299999998],[-78.530384,40.51914400000001],[-78.522663,40.52325800000001],[-78.51821100000001,40.52880199999998],[-78.511851,40.531438999999956],[-78.497561,40.539162999999974],[-78.493917,40.540397999999996],[-78.486124,40.54083799999999],[-78.479051,40.54730700000006],[-78.45385,40.58124900000001],[-78.449344,40.590297999999954],[-78.441208,40.59723900000001],[-78.446323,40.62416400000005],[-78.441013,40.63159800000002],[-78.440167,40.63876099999999],[-78.442091,40.64135700000002],[-78.438762,40.645724999999985],[-78.432457,40.647756000000044],[-78.428465,40.64673999999997],[-78.42367300000001,40.647535999999945],[-78.421471,40.64661499999996],[-78.41927,40.64676099999996],[-78.416558,40.645174999999995],[-78.408504,40.644333000000024],[-78.348389,40.72343000000002],[-78.360619,40.733181000000016],[-78.340008,40.73353499999999],[-78.131834,40.74301700000005],[-78.116208,40.739378],[-78.050456,40.721381999999984],[-77.94425,40.69155699999999],[-77.89431,40.71619099999997],[-77.85922,40.73081899999998],[-77.824903,40.74353400000002],[-77.768549,40.71946599999999],[-77.718677,40.72737200000004],[-77.710548,40.71456399999998],[-77.683848,40.728719999999996],[-77.661988,40.737741999999976],[-77.652574,40.74492100000001],[-77.593355,40.76124699999996],[-77.511096,40.793953999999985],[-77.429604,40.827541000000004],[-77.407336,40.83526300000003],[-77.375252,40.845155000000005],[-77.36775,40.84689600000004],[-77.36418,40.84693700000002],[-77.357113,40.84448399999997],[-77.354097,40.70166699999998],[-77.171323,40.67905800000006],[-77.150751,40.67707999999997],[-77.149089,40.68053800000003],[-77.14400000000002,40.68159600000003],[-77.139844,40.683584],[-77.137507,40.68347400000005],[-77.133154,40.684833000000005],[-77.12518100000001,40.68575799999997],[-77.115092,40.68891300000006],[-77.109597,40.691577999999986],[-77.105325,40.689442999999976],[-77.101736,40.68907000000001],[-77.100211,40.68795199999998],[-77.100436,40.68633199999999],[-77.09745,40.68208200000002],[-77.097653,40.67871699999998],[-77.093607,40.676121],[-77.089733,40.67709899999997],[-77.087952,40.67837700000001],[-77.082909,40.67739899999998],[-77.077728,40.67903299999997],[-77.073973,40.67837300000002],[-77.07259,40.679224000000005],[-77.068284,40.67985300000001],[-77.064442,40.678208000000005],[-77.06072,40.67993199999999],[-77.059248,40.67726600000001],[-77.056988,40.676652000000004],[-77.056742,40.67596],[-77.054382,40.67599699999999],[-77.053049,40.67519200000001],[-77.047275,40.67636900000004],[-77.045769,40.675637],[-77.041368,40.67913700000004],[-77.039271,40.67996600000001],[-77.037844,40.679544000000035],[-77.035479,40.676822],[-77.036375,40.67517400000005],[-77.03521,40.67355400000002],[-77.035212,40.671712000000014],[-77.036282,40.670967],[-77.035442,40.66851600000001],[-77.0324,40.664875000000045],[-77.034409,40.65992799999999],[-77.02950100000001,40.655561999999996],[-77.025753,40.656063000000024],[-77.024944,40.65892399999998],[-77.022514,40.660885999999984],[-77.021644,40.66004299999998],[-77.018241,40.659494000000045],[-77.01641100000002,40.65994500000003],[-77.014065,40.662108000000025],[-77.010445,40.66160900000002],[-77.009809,40.660312999999995],[-77.008418,40.65991199999999],[-77.007357,40.656823000000045],[-77.007234,40.656033],[-77.00883000000002,40.65563699999997],[-77.008117,40.651275000000005],[-77.004091,40.645939000000006],[-77.006054,40.642615000000035],[-77.003363,40.63887900000006],[-76.998943,40.63778900000006],[-76.99728900000001,40.635710999999965],[-76.98804400000002,40.643590999999994],[-76.986631,40.644024999999985],[-76.983865,40.64374],[-76.976749,40.645435],[-76.975901,40.642243],[-76.97482300000001,40.642809000000014],[-76.967495,40.641254999999994],[-76.967829,40.64475200000004],[-76.96546100000002,40.64721199999996],[-76.961112,40.645745999999946],[-76.958641,40.64710999999998],[-76.945221,40.65033299999997],[-76.940656,40.64617500000002],[-76.939465,40.64108399999999],[-76.939883,40.63814200000001],[-76.94914800000001,40.62816699999999],[-76.956077,40.627938000000015],[-76.986575,40.61661800000003],[-76.999701,40.61094100000001],[-77.023304,40.604260000000004],[-77.032974,40.60344600000005],[-77.041954,40.60422300000004],[-77.047269,40.60252299999998],[-77.058657,40.601135000000056],[-77.069991,40.59846399999996],[-77.078467,40.597671000000005],[-77.087292,40.598051999999974],[-77.09508900000002,40.596929],[-77.095996,40.596275999999996],[-77.10152600000002,40.59622799999997],[-77.103314,40.595905],[-77.10679,40.592790000000015],[-77.110571,40.59325899999998],[-77.11892300000001,40.592649999999985],[-77.120255,40.59127799999995],[-77.143478,40.58900299999995],[-77.151569,40.58725999999996],[-77.159135,40.58656699999998],[-77.16345300000002,40.58690700000001],[-77.177679,40.58295000000001],[-77.182789,40.58221099999998],[-77.167561,40.559508999999935],[-77.173779,40.557501000000045],[-77.18295,40.556696000000024],[-77.198462,40.55228699999997],[-77.231696,40.53848400000003],[-77.276699,40.52276600000004],[-77.28147,40.51974800000001],[-77.289592,40.51845699999999],[-77.306162,40.51015099999997],[-77.390609,40.47097899999997],[-77.413433,40.46058899999999],[-77.429027,40.454468000000006],[-77.436537,40.45055399999999],[-77.445888,40.44715999999998],[-77.47838000000002,40.43201100000005],[-77.500643,40.42033600000001],[-77.509022,40.41514399999999],[-77.515921,40.412378000000004],[-77.540141,40.39922100000002],[-77.532265,40.376005999999975],[-77.542941,40.375080999999966],[-77.565665,40.367363],[-77.582794,40.35704099999997],[-77.599418,40.34815699999998],[-77.603669,40.34410899999998],[-77.606696,40.343236000000005],[-77.613659,40.337672999999995],[-77.616493,40.336459999999995],[-77.623707,40.33072900000001],[-77.62715600000001,40.32902799999999],[-77.639749,40.31983199999999],[-77.65314600000002,40.308506000000015],[-77.668642,40.29340100000002],[-77.67663000000002,40.28390999999999],[-77.68461200000002,40.27674399999998],[-77.698954,40.26577500000002],[-77.708389,40.26134799999998],[-77.713476,40.25651199999998],[-77.724197,40.25012400000002],[-77.73763200000002,40.237405000000024],[-77.768325,40.204128999999995],[-77.796386,40.166813999999995],[-77.80517700000001,40.15300599999994],[-77.815866,40.13244200000002],[-77.827993,40.116764000000025],[-77.859356,40.06520699999998],[-77.862272,40.06223800000001],[-77.867991,40.06022500000001],[-77.873773,40.05584100000003],[-77.876655,40.054661],[-77.883793,40.048307999999984],[-77.893592,40.033091999999975],[-77.9001,40.02793800000003],[-77.904105,40.023571000000004],[-77.905632,40.018725999999965],[-77.914329,40.01030300000004],[-77.919502,40.00341700000003],[-77.921236,39.998285],[-77.919792,39.99265200000001],[-77.921508,39.988246000000004],[-77.92486500000001,39.98432899999999],[-77.926589,39.97919000000004],[-77.929985,39.97497899999999],[-77.929985,39.97378899999999],[-77.932411,39.97239300000002],[-77.93384500000002,39.96541499999999],[-77.935027,39.96239400000002],[-77.936553,39.961123999999984],[-77.937789,39.948943999999976],[-77.943092,39.94228700000003],[-77.947273,39.934940000000005],[-77.95317100000001,39.93163300000003],[-77.95551100000002,39.928861],[-77.956168,39.92609099999999],[-77.954247,39.922778],[-77.956479,39.914906],[-77.958814,39.91192899999998],[-77.961661,39.90346300000004],[-77.964675,39.89988700000001],[-77.965257,39.89427200000004],[-77.967018,39.892967],[-77.969009,39.888789999999965],[-77.975135,39.871787999999995],[-77.976493,39.87046000000004],[-77.982612,39.857852000000015],[-77.99277500000001,39.84372699999998],[-77.995437,39.83801600000002],[-78.0,39.83188199999998],[-78.0027,39.826599],[-78.017898,39.80829999999999],[-78.028503,39.799899999999994],[-78.036499,39.79199899999997],[-78.0372,39.78999999999997],[-78.0531,39.77030099999998],[-78.063003,39.75979900000003],[-78.069297,39.74829800000003],[-78.099403,39.72209900000002],[-78.315139,39.72287700000003],[-78.345942,39.722003000000015],[-78.353497,39.72258299999998],[-78.380599,39.72259900000001],[-78.374697,39.72768799999999],[-78.36344,39.74168100000004],[-78.356956,39.74785199999998],[-78.355489,39.750425],[-78.350104,39.75588299999999],[-78.346818,39.75798600000002],[-78.343823,39.761609999999955],[-78.335581,39.774129000000045],[-78.328979,39.781065999999996],[-78.322242,39.79469600000001],[-78.317992,39.79924799999998],[-78.299003,39.82550000000003],[-78.290602,39.84349899999997],[-78.276901,39.88069899999998],[-78.271598,39.890498999999984],[-78.267502,39.903500999999984],[-78.250001,39.93599800000004],[-78.244102,39.945300999999965],[-78.239894,39.949505999999964],[-78.235199,39.96369899999995],[-78.225497,39.983807],[-78.219811,39.99328800000001],[-78.204638,40.01072900000001],[-78.20101,40.01298799999998],[-78.204069,40.01748899999996],[-78.202632,40.02839999999994],[-78.205726,40.03451400000005],[-78.20447900000002,40.04149099999998],[-78.19931000000001,40.04592799999996],[-78.187896,40.047053999999996],[-78.184326,40.05015100000005],[-78.181488,40.058715000000035],[-78.185302,40.060377999999986],[-78.187493,40.06455899999996],[-78.190739,40.06653599999997],[-78.198754,40.067254],[-78.203733,40.06988600000001],[-78.20508,40.07283999999997],[-78.203733,40.07923600000002],[-78.203888,40.08307900000003],[-78.20498,40.08563299999997],[-78.206894,40.086265000000004],[-78.188559,40.10172100000001],[-78.158287,40.12220700000003],[-78.134718,40.16533500000001],[-78.236302,40.224559000000006],[-78.25730500000002,40.29788299999998],[-78.259854,40.294581],[-78.26590700000001,40.281333],[-78.270963,40.27361400000002],[-78.270803,40.27228299999998],[-78.272024,40.27152600000003],[-78.27406,40.26670399999998],[-78.284954,40.25294000000001],[-78.288764,40.24210699999999],[-78.30671,40.24813900000006],[-78.323922,40.25730999999997],[-78.3931,40.28420200000003],[-78.434288,40.30230100000001],[-78.436161,40.29426399999999],[-78.442002,40.27894600000004],[-78.442794,40.259608000000014],[-78.447895,40.244394999999955],[-78.457272,40.250659999999975],[-78.5057,40.287308000000046],[-78.529696,40.29287000000002],[-78.573071,40.308858000000015],[-78.618638,40.32678700000004]]]}},{"type":"Feature","properties":{"district":"24","population":266071,"landAreaSqMi":347.2,"topMunicipalities":[{"name":"Pottstown","classCode":"borough","populationShare":0.08791638322101983},{"name":"Limerick","classCode":"second_class_township","populationShare":0.07786643414727645},{"name":"Towamencin","classCode":"second_class_township","populationShare":0.06757594777333865},{"name":"Upper Gwynedd","classCode":"first_class_township","populationShare":0.0643136606394534},{"name":"Lower Salford","classCode":"second_class_township","populationShare":0.060130566653261726}],"topCounties":[{"name":"Montgomery","geoid":"42091","populationShare":0.7990198105017081},{"name":"Berks","geoid":"42011","populationShare":0.2009801894982918}],"classShares":{"borough":0.21071443336553008,"first_class_township":0.16673744977844265,"second_class_township":0.6225481168560272}},"geometry":{"type":"Polygon","coordinates":[[[-75.796825,40.417846],[-75.772609,40.44140800000001],[-75.794189,40.45417300000002],[-75.74906,40.470464000000035],[-75.742793,40.47542100000005],[-75.731438,40.487998000000026],[-75.711629,40.50720700000003],[-75.711831,40.507784999999984],[-75.710793,40.508014000000024],[-75.69981600000001,40.51848299999999],[-75.692715,40.52642799999997],[-75.681609,40.52842500000002],[-75.674921,40.53896999999999],[-75.511689,40.43559000000001],[-75.45202,40.39931399999996],[-75.425667,40.38442999999996],[-75.402254,40.36961999999996],[-75.413007,40.363288],[-75.413547,40.357706999999984],[-75.431589,40.33920200000002],[-75.443192,40.331334999999996],[-75.43587,40.32435799999998],[-75.43529400000001,40.31953799999998],[-75.429211,40.31600499999999],[-75.429527,40.314676999999996],[-75.41786,40.31034400000001],[-75.417919,40.30878700000001],[-75.405475,40.30153199999999],[-75.386629,40.29169000000001],[-75.385645,40.29269199999998],[-75.355673,40.27458699999998],[-75.350374,40.279936999999975],[-75.338395,40.27252099999995],[-75.336964,40.27363099999999],[-75.297319,40.24964999999999],[-75.303337,40.24342799999997],[-75.29007400000002,40.235166999999954],[-75.291932,40.233233000000006],[-75.280618,40.22650499999997],[-75.27963300000002,40.223004],[-75.277991,40.22345399999998],[-75.27151,40.23055700000001],[-75.269392,40.23052199999999],[-75.267427,40.23185399999997],[-75.245484,40.21866700000001],[-75.279318,40.185718999999956],[-75.328098,40.21264699999999],[-75.355792,40.229202],[-75.369645,40.216694000000025],[-75.410683,40.17609799999998],[-75.44979,40.20014400000001],[-75.450249,40.19542200000001],[-75.447367,40.18191900000001],[-75.44816000000002,40.17786800000001],[-75.450156,40.173987000000004],[-75.451322,40.17328400000003],[-75.459014,40.17784399999999],[-75.460435,40.176481999999965],[-75.495999,40.19745699999995],[-75.490835,40.20251400000001],[-75.48544,40.204123999999965],[-75.485905,40.204589000000034],[-75.47027300000002,40.212835999999996],[-75.490078,40.22454400000002],[-75.53004300000002,40.18463400000002],[-75.532801,40.186404999999986],[-75.526708,40.191449000000006],[-75.531987,40.19518799999999],[-75.53555200000001,40.19171000000001],[-75.53874100000002,40.193792999999985],[-75.539728,40.192959999999964],[-75.54089000000002,40.19377800000001],[-75.545029,40.190132999999996],[-75.548405,40.18896499999997],[-75.549174,40.18954199999999],[-75.55621100000002,40.205700999999934],[-75.558111,40.20829000000003],[-75.561125,40.20981499999997],[-75.563995,40.20934499999996],[-75.56496700000001,40.20753600000001],[-75.562235,40.20056199999999],[-75.563525,40.19678499999999],[-75.567015,40.19427999999998],[-75.569146,40.193985],[-75.572463,40.194879],[-75.575693,40.19705699999998],[-75.57869,40.20000300000001],[-75.581759,40.207512],[-75.58775700000001,40.214449],[-75.594747,40.230373000000036],[-75.59607,40.235867000000034],[-75.598337,40.23738000000003],[-75.603221,40.23806999999999],[-75.607258,40.235817999999995],[-75.607468,40.232773],[-75.60370300000001,40.229549],[-75.603173,40.227006000000046],[-75.606629,40.224309],[-75.61237300000002,40.222997000000014],[-75.616038,40.224658000000005],[-75.619056,40.229620000000004],[-75.6209,40.23069900000001],[-75.625998,40.23198599999999],[-75.634769,40.235871000000024],[-75.640254,40.237054000000036],[-75.650887,40.24201999999999],[-75.657179,40.241295000000044],[-75.664911,40.245065],[-75.671624,40.24443399999999],[-75.676934,40.24216300000002],[-75.685578,40.236574999999995],[-75.69017100000002,40.23645100000003],[-75.69596900000002,40.24132499999999],[-75.70055,40.24354399999994],[-75.712215,40.247225],[-75.724993,40.24963199999998],[-75.73249800000002,40.25589900000001],[-75.734652,40.25987000000001],[-75.736527,40.261123],[-75.74690300000002,40.259773000000024],[-75.757357,40.26045999999999],[-75.768349,40.258486000000005],[-75.771808,40.25846899999996],[-75.775089,40.260514000000015],[-75.777134,40.263374999999975],[-75.785364,40.26997700000003],[-75.795478,40.271699999999996],[-75.790651,40.29306900000003],[-75.786243,40.306361],[-75.78462700000001,40.30887200000002],[-75.780037,40.326259999999955],[-75.777271,40.325625],[-75.77685299999999,40.32699200000003],[-75.744964,40.321194000000006],[-75.721112,40.392669999999995],[-75.738895,40.39714099999994],[-75.739531,40.40456500000002],[-75.759326,40.40965700000004],[-75.796825,40.417846]]]}},{"type":"Feature","properties":{"district":"48","population":270218,"landAreaSqMi":871.4,"topMunicipalities":[{"name":"Lebanon","classCode":"third_class_city","populationShare":0.09843903810997033},{"name":"North Lebanon","classCode":"second_class_township","populationShare":0.04467874086848394},{"name":"East Cocalico","classCode":"second_class_township","populationShare":0.04023048057494324},{"name":"South Lebanon","classCode":"second_class_township","populationShare":0.03872428927754627},{"name":"Jackson","classCode":"second_class_township","populationShare":0.03438705045555813}],"topCounties":[{"name":"Lebanon","geoid":"42075","populationShare":0.5313931714393564},{"name":"Berks","geoid":"42011","populationShare":0.32410868261921855},{"name":"Lancaster","geoid":"42071","populationShare":0.14449814594142515}],"classShares":{"borough":0.16359013833275357,"first_class_township":0.02138643613674886,"second_class_township":0.7165843874205273,"third_class_city":0.09843903810997033}},"geometry":{"type":"Polygon","coordinates":[[[-76.67804,40.474717000000055],[-76.535414,40.555156999999966],[-76.440181,40.49595199999999],[-76.4186,40.495615000000015],[-76.405874,40.498729000000004],[-76.384348,40.50573899999995],[-76.376927,40.506332999999955],[-76.369222,40.50959700000003],[-76.3524,40.51115699999998],[-76.338228,40.515536000000054],[-76.330435,40.51591000000001],[-76.322544,40.51415999999999],[-76.314579,40.51591000000005],[-76.30232600000001,40.514657999999976],[-76.282109,40.51613699999998],[-76.272152,40.517586000000016],[-76.262998,40.51669700000002],[-76.256043,40.517062000000024],[-76.234321,40.522074000000046],[-76.23112300000001,40.52421599999999],[-76.218074,40.52901699999998],[-76.21037400000002,40.529374000000004],[-76.196634,40.531264999999976],[-76.191978,40.53372099999999],[-76.185638,40.53555499999999],[-76.171624,40.53494700000002],[-76.163599,40.539988999999984],[-76.160137,40.54044999999996],[-76.15509600000001,40.54522899999999],[-76.14427,40.549474000000004],[-76.137604,40.55112900000002],[-76.134745,40.553481999999995],[-76.13203400000002,40.554414000000016],[-76.124663,40.555889],[-76.121664,40.55740600000002],[-76.105865,40.562198],[-76.07944000000002,40.566098000000025],[-76.065339,40.579677999999966],[-76.058024,40.57962899999997],[-76.057337,40.57597599999998],[-76.054947,40.57426699999996],[-76.053014,40.57416900000004],[-76.04948,40.57654099999997],[-76.047225,40.579891],[-76.04725100000002,40.58267599999996],[-76.045004,40.58379300000002],[-76.04252400000001,40.58395099999999],[-76.039509,40.58309400000003],[-76.036241,40.57880499999999],[-76.033843,40.577259000000005],[-76.031535,40.576996000000015],[-76.026509,40.57859499999998],[-76.02481,40.577761999999936],[-76.021828,40.57412899999999],[-76.018562,40.57382600000001],[-76.01708,40.57445500000001],[-76.016274,40.576640999999995],[-76.012226,40.57771299999999],[-75.993212,40.63971200000001],[-75.891473,40.677270000000036],[-75.811959,40.62509299999994],[-75.739442,40.579939999999965],[-75.811318,40.51911499999997],[-75.824045,40.532980999999985],[-75.82560100000002,40.53603000000003],[-75.828518,40.536502999999996],[-75.833402,40.53568899999996],[-75.843105,40.53924700000003],[-75.845652,40.538627999999974],[-75.844412,40.536184999999996],[-75.847304,40.533009000000014],[-75.848791,40.533381],[-75.85130000000001,40.53167899999999],[-75.855947,40.53398200000001],[-75.858757,40.53219799999997],[-75.857742,40.524097],[-75.861058,40.52319599999997],[-75.862855,40.52495299999997],[-75.866393,40.52445399999997],[-75.872106,40.52528400000003],[-75.873189,40.52611499999996],[-75.874647,40.52583800000001],[-75.876087,40.523362],[-75.878094,40.52213899999999],[-75.883205,40.51625600000001],[-75.882122,40.51258899999999],[-75.884278,40.50938699999999],[-75.882454,40.50683999999997],[-75.884306,40.504706999999996],[-75.884428,40.502600999999984],[-75.88911200000001,40.49947199999995],[-75.892855,40.49436000000001],[-75.8401,40.45707900000002],[-75.852319,40.44648000000003],[-75.849942,40.44494600000001],[-75.860482,40.436374],[-75.878199,40.431751000000006],[-75.883217,40.431551999999975],[-75.932228,40.414438000000025],[-75.93935,40.412736000000024],[-75.945589,40.40986699999999],[-75.955369,40.41002299999998],[-75.962221,40.40801099999999],[-75.968,40.41166199999999],[-75.970648,40.41125900000001],[-75.975091,40.40392399999996],[-75.97306600000002,40.40244599999999],[-75.970442,40.403315],[-75.967252,40.40283999999998],[-75.964864,40.401239000000004],[-75.97350900000002,40.39613100000001],[-75.973672,40.39479300000005],[-75.969897,40.391037000000004],[-75.961337,40.38870099999997],[-75.95269,40.38335000000006],[-75.950975,40.38032099999997],[-75.956153,40.37290600000002],[-75.955833,40.371214],[-75.953878,40.368751999999986],[-75.951092,40.36694099999997],[-75.943591,40.36558100000002],[-75.94137200000002,40.36437000000001],[-75.960708,40.35458299999999],[-75.966832,40.35715000000001],[-75.964452,40.36016000000002],[-75.967523,40.362344000000036],[-75.968079,40.36407599999996],[-75.969214,40.36418399999995],[-75.971119,40.36235100000001],[-75.97447400000001,40.36402699999996],[-75.976123,40.36987300000001],[-75.977656,40.369834000000004],[-75.980732,40.367734000000006],[-75.983871,40.366936],[-75.991563,40.368800000000036],[-75.992826,40.368516000000014],[-75.994733,40.36632799999997],[-75.993231,40.364635000000035],[-75.99311,40.36219699999999],[-75.995858,40.360393000000016],[-75.995189,40.35920000000004],[-75.996181,40.35666],[-76.001248,40.35653600000004],[-76.003835,40.35569599999999],[-76.003743,40.35332299999999],[-76.002381,40.353283999999995],[-76.001562,40.35017699999999],[-76.005913,40.351096],[-76.006761,40.350562999999966],[-76.006297,40.34826800000003],[-76.007964,40.34712099999999],[-76.010794,40.34744000000001],[-76.013433,40.346641999999996],[-76.014934,40.34306699999999],[-76.018159,40.34217899999996],[-76.021779,40.34219700000002],[-76.023451,40.339594999999996],[-76.023402,40.33719800000003],[-76.029005,40.330974999999995],[-76.030274,40.328426999999984],[-76.031285,40.32743599999998],[-76.034651,40.326529999999984],[-76.037195,40.324105999999965],[-76.041108,40.322058000000006],[-76.041437,40.317992],[-76.042453,40.31772400000005],[-76.043211,40.315204000000016],[-76.042804,40.31412399999999],[-76.04587800000002,40.30916499999996],[-76.055065,40.30728100000001],[-76.055576,40.303958000000016],[-76.068927,40.295373999999974],[-76.076774,40.28533799999998],[-76.081311,40.283085000000064],[-76.084093,40.28005800000002],[-76.091764,40.27769200000001],[-75.941804,40.181588000000005],[-75.944085,40.17440100000003],[-75.946269,40.17395200000003],[-75.94820000000001,40.175863000000014],[-75.951465,40.17598799999997],[-75.954285,40.175363],[-75.95468700000002,40.17438799999999],[-75.957393,40.17403199999999],[-75.958854,40.17600700000001],[-75.960251,40.17644600000001],[-75.962116,40.17571299999997],[-75.963217,40.17623700000001],[-75.97152,40.17414099999999],[-75.972175,40.17025900000002],[-75.976665,40.16743200000001],[-75.978471,40.16790099999999],[-75.983393,40.16738800000002],[-75.986368,40.16875599999998],[-75.993133,40.16912100000001],[-75.99439800000002,40.16999099999998],[-75.99796000000002,40.169676999999936],[-76.001525,40.171598999999986],[-76.00812,40.16699600000002],[-76.011096,40.16813999999999],[-76.015761,40.16675899999999],[-76.017938,40.168382999999984],[-76.021164,40.16508600000001],[-76.02226400000002,40.16558599999999],[-76.026413,40.164107000000016],[-76.032578,40.16576099999999],[-76.034005,40.16733999999998],[-76.040262,40.16865299999998],[-76.03898000000001,40.169931000000005],[-76.04052,40.170548999999994],[-76.04045400000001,40.171581999999994],[-76.04215,40.17325399999996],[-76.044712,40.173797000000015],[-76.045441,40.173193999999974],[-76.050312,40.175736],[-76.05414200000001,40.17349499999999],[-76.05499100000002,40.174659000000005],[-76.06423300000002,40.17975499999997],[-76.067766,40.17984399999998],[-76.074565,40.175842999999965],[-76.076038,40.176044999999995],[-76.079653,40.174287999999954],[-76.084667,40.176989],[-76.086955,40.17711300000002],[-76.094008,40.16634300000002],[-76.104986,40.17233900000003],[-76.106235,40.169608999999994],[-76.11059100000001,40.175052999999984],[-76.117463,40.17733099999998],[-76.120783,40.18003399999999],[-76.122693,40.180634000000055],[-76.123833,40.182918],[-76.131134,40.18734499999998],[-76.133118,40.18781200000002],[-76.134048,40.18963500000002],[-76.135353,40.189935999999946],[-76.135353,40.190873000000025],[-76.142272,40.191431000000016],[-76.145739,40.19484100000001],[-76.15140100000002,40.195951],[-76.16292,40.209535],[-76.166134,40.211504000000005],[-76.209923,40.20210100000002],[-76.21188100000002,40.20072799999994],[-76.211205,40.200314],[-76.225775,40.188459999999964],[-76.243217,40.18740100000004],[-76.257052,40.182014],[-76.26071400000001,40.182125999999954],[-76.262029,40.18280500000003],[-76.265049,40.18253199999998],[-76.266142,40.18362999999996],[-76.26375400000002,40.18552400000001],[-76.263713,40.18798099999998],[-76.267339,40.18853900000003],[-76.266743,40.19312099999996],[-76.263567,40.19521500000001],[-76.259923,40.203624],[-76.260211,40.206717],[-76.255912,40.21569199999999],[-76.257518,40.218229999999984],[-76.257599,40.22009999999999],[-76.265509,40.22405299999997],[-76.266449,40.22583999999998],[-76.269582,40.22723000000002],[-76.27552,40.226859000000054],[-76.277633,40.228879000000006],[-76.277295,40.23046699999998],[-76.279331,40.232578000000004],[-76.278923,40.23332500000001],[-76.28042,40.234298000000024],[-76.28259400000002,40.24189200000002],[-76.281467,40.24495300000004],[-76.282094,40.24961400000004],[-76.281263,40.24975100000001],[-76.280736,40.25151600000001],[-76.28107600000001,40.25796700000003],[-76.280227,40.260121999999996],[-76.279115,40.26067800000002],[-76.278719,40.263898],[-76.28395,40.26436899999997],[-76.307578,40.255066000000014],[-76.435427,40.23821699999997],[-76.569417,40.195549],[-76.67804,40.474717000000055]]]}},{"type":"Feature","properties":{"district":"1","population":295640,"landAreaSqMi":22.1,"topMunicipalities":[{"name":"Philadelphia","classCode":"first_class_city","populationShare":1.0}],"topCounties":[{"name":"Philadelphia","geoid":"42101","populationShare":1.0}],"classShares":{"first_class_city":1.0}},"geometry":{"type":"Polygon","coordinates":[[[-75.265147,39.887317000000046],[-75.264276,39.888401],[-75.262306,39.88853699999999],[-75.261743,39.891774000000005],[-75.258962,39.89252199999998],[-75.25674100000002,39.89472600000003],[-75.257362,39.89584399999997],[-75.255095,39.89866600000002],[-75.25561,39.899576],[-75.251288,39.90440299999996],[-75.247308,39.902281999999964],[-75.240147,39.90415100000001],[-75.238941,39.90077499999998],[-75.237836,39.902041000000025],[-75.23855,39.904399],[-75.235164,39.90645300000003],[-75.232496,39.905479],[-75.225226,39.914718999999984],[-75.221513,39.91397299999997],[-75.21454,39.91066100000002],[-75.206841,39.91118599999997],[-75.2017,39.91983400000001],[-75.190392,39.92166400000001],[-75.18968,39.92026999999998],[-75.19044,39.916054],[-75.189295,39.91456200000001],[-75.17228300000001,39.912282000000005],[-75.16681600000001,39.937869000000006],[-75.187445,39.94036400000001],[-75.18901,39.93942400000004],[-75.193872,39.94210000000002],[-75.19149500000002,39.94315300000001],[-75.18872,39.94610799999996],[-75.183288,39.949511999999984],[-75.180909,39.95298199999996],[-75.179126,39.95800399999998],[-75.183323,39.96437399999999],[-75.177625,39.96472500000004],[-75.166227,39.96311199999999],[-75.165349,39.96714900000001],[-75.160395,39.96706400000001],[-75.161384,39.962474],[-75.148181,39.96141800000005],[-75.144169,39.983091999999935],[-75.132881,39.98163099999997],[-75.130898,39.99088999999996],[-75.12549100000001,39.98983600000001],[-75.124722,39.99025699999997],[-75.112332,39.97984200000001],[-75.10975600000002,39.98119399999999],[-75.110481,39.982008999999955],[-75.109463,39.982540000000014],[-75.108387,39.98109899999998],[-75.10495100000001,39.982901000000005],[-75.105801,39.98386200000002],[-75.103366,39.98512900000001],[-75.094015,39.97433800000001],[-75.106755,39.97096699999997],[-75.127775,39.96152200000003],[-75.13108,39.95890900000004],[-75.134878,39.95207600000001],[-75.136288,39.94658800000001],[-75.135912,39.932444999999966],[-75.135178,39.92869799999997],[-75.13035,39.917404000000005],[-75.129275,39.90748099999998],[-75.131368,39.900443],[-75.135568,39.891775999999986],[-75.141117,39.885930000000016],[-75.146164,39.884103999999965],[-75.159972,39.883192],[-75.17504500000001,39.881017999999976],[-75.187035,39.88063499999999],[-75.200649,39.87439999999997],[-75.211975,39.86746399999999],[-75.21603900000001,39.87111500000002],[-75.215722,39.87608699999998],[-75.219735,39.875473000000056],[-75.234122,39.87718099999999],[-75.23637,39.87618699999997],[-75.24047,39.87238099999993],[-75.246734,39.87506800000001],[-75.248431,39.87648499999998],[-75.252257,39.87593699999999],[-75.262528,39.876560999999974],[-75.265112,39.88165699999998],[-75.261886,39.883068999999956],[-75.264408,39.88432000000007],[-75.262617,39.88580500000002],[-75.264549,39.886226],[-75.265147,39.887317000000046]]]}},{"type":"Feature","properties":{"district":"2","population":191069,"landAreaSqMi":16.4,"topMunicipalities":[{"name":"Philadelphia","classCode":"first_class_city","populationShare":1.0}],"topCounties":[{"name":"Philadelphia","geoid":"42101","populationShare":1.0}],"classShares":{"first_class_city":1.0}},"geometry":{"type":"Polygon","coordinates":[[[-75.144169,39.983091999999935],[-75.139876,40.002845000000036],[-75.137669,40.003644999999985],[-75.134194,40.019619000000034],[-75.125023,40.01843500000001],[-75.12598800000002,40.01386199999996],[-75.112161,40.01208500000003],[-75.11136,40.015866999999986],[-75.107599,40.01648900000002],[-75.107158,40.018214000000036],[-75.10374300000001,40.019524000000025],[-75.103153,40.02110700000002],[-75.104255,40.02333799999998],[-75.106903,40.02336599999998],[-75.109089,40.02218099999992],[-75.110717,40.02241899999999],[-75.111352,40.025446000000024],[-75.112628,40.026055000000035],[-75.11285,40.02733500000003],[-75.102535,40.029837000000036],[-75.09203,40.040214],[-75.101105,40.04503799999998],[-75.098017,40.04709600000003],[-75.100394,40.04869099999999],[-75.099389,40.04976799999998],[-75.102413,40.05179199999998],[-75.094056,40.05677099999997],[-75.087425,40.063599],[-75.054287,40.044447999999996],[-75.057281,40.04151499999999],[-75.0518,40.038476000000024],[-75.049027,40.041412000000015],[-75.04086000000001,40.036757000000044],[-75.044671,40.034770999999985],[-75.040741,40.03027599999998],[-75.043815,40.028690999999974],[-75.043408,40.028148],[-75.044495,40.02758399999998],[-75.044901,40.028123],[-75.050202,40.025379999999984],[-75.049304,40.02435099999998],[-75.052702,40.02259200000004],[-75.05360400000002,40.023615],[-75.066752,40.016661],[-75.06807,40.01499199999999],[-75.070581,40.01053299999998],[-75.05928500000002,40.013387],[-75.05266400000001,40.00600699999998],[-75.062614,39.98815599999998],[-75.065774,39.98477899999998],[-75.07323100000002,39.97955900000001],[-75.08121800000002,39.976672999999984],[-75.094015,39.97433800000001],[-75.103366,39.98512900000001],[-75.105801,39.98386200000002],[-75.10495100000001,39.982901000000005],[-75.108387,39.98109899999998],[-75.109463,39.982540000000014],[-75.110481,39.982008999999955],[-75.10975600000002,39.98119399999999],[-75.112332,39.97984200000001],[-75.124722,39.99025699999997],[-75.12549100000001,39.98983600000001],[-75.130898,39.99088999999996],[-75.132881,39.98163099999997],[-75.144169,39.983091999999935]]]}},{"type":"Feature","properties":{"district":"7","population":303597,"landAreaSqMi":39.6,"topMunicipalities":[{"name":"Philadelphia","classCode":"first_class_city","populationShare":0.9043632594565963},{"name":"Whitemarsh","classCode":"second_class_township","populationShare":0.06521809756360918},{"name":"Conshohocken","classCode":"borough","populationShare":0.03041864297979448}],"topCounties":[{"name":"Philadelphia","geoid":"42101","populationShare":0.9043632594565963},{"name":"Montgomery","geoid":"42091","populationShare":0.09563674054340365}],"classShares":{"borough":0.03041864297979448,"first_class_city":0.9043632594565963,"second_class_township":0.06521809756360918}},"geometry":{"type":"Polygon","coordinates":[[[-75.316395,40.075868000000014],[-75.305068,40.08746699999998],[-75.297373,40.08290300000001],[-75.233397,40.150590999999984],[-75.196295,40.127838000000004],[-75.256094,40.06712299999997],[-75.252209,40.065278],[-75.2305,40.08602200000003],[-75.227902,40.08438900000001],[-75.23113,40.08286499999998],[-75.22645600000001,40.08077800000001],[-75.222987,40.074399],[-75.22557599999999,40.07157200000001],[-75.220506,40.067221999999994],[-75.220607,40.066105],[-75.223451,40.064639999999976],[-75.223597,40.06382699999998],[-75.218394,40.05663399999999],[-75.217333,40.05290200000002],[-75.214124,40.049661000000015],[-75.209832,40.04703399999993],[-75.20663200000001,40.04741700000005],[-75.183544,40.02726500000001],[-75.174724,40.035819999999966],[-75.165491,40.030242],[-75.174963,40.01989100000001],[-75.170096,40.01572300000003],[-75.166871,40.00990100000001],[-75.172209,40.007898],[-75.168943,40.00366000000005],[-75.171744,39.98992399999998],[-75.174665,39.988426999999994],[-75.18671300000001,39.99021500000001],[-75.189882,39.977933000000014],[-75.189268,39.975826000000005],[-75.193724,39.97528500000002],[-75.191012,39.97003400000001],[-75.184976,39.966129],[-75.17993699999998,39.96002800000002],[-75.179126,39.95800399999998],[-75.180909,39.95298199999996],[-75.191779,39.954329],[-75.191943,39.95356699999997],[-75.194623,39.95390200000005],[-75.195322,39.950781000000006],[-75.199204,39.95125699999998],[-75.198884,39.952494],[-75.202828,39.952969999999986],[-75.20258900000002,39.95411199999999],[-75.206433,39.954588000000044],[-75.206274,39.95534699999999],[-75.2086,39.95563600000003],[-75.208761,39.95487999999999],[-75.211677,39.95523999999999],[-75.212393,39.951811],[-75.214373,39.95205300000001],[-75.214691,39.95054199999998],[-75.21867600000002,39.95103200000003],[-75.218833,39.95027299999998],[-75.220776,39.950513000000015],[-75.220616,39.95127499999999],[-75.226539,39.95199999999998],[-75.226224,39.95352800000005],[-75.23215300000001,39.954261999999986],[-75.230801,39.96072200000001],[-75.247688,39.962817],[-75.247903,39.96397899999999],[-75.251603,39.96535599999996],[-75.25414,39.965403999999985],[-75.257858,39.96359399999999],[-75.258797,39.96557099999999],[-75.260491,39.96631299999999],[-75.265388,39.965224000000006],[-75.269919,39.96738000000005],[-75.270598,39.96865999999998],[-75.275197,39.969325000000026],[-75.276524,39.97122399999999],[-75.277656,39.97120900000003],[-75.280266,39.97496400000003],[-75.26368700000002,39.98265799999999],[-75.256119,39.98730099999997],[-75.210619,40.00865200000001],[-75.205978,40.011722999999996],[-75.21221900000002,40.015460999999995],[-75.218888,40.02149300000008],[-75.231987,40.027994999999954],[-75.24524000000001,40.03736300000001],[-75.249039,40.041848000000044],[-75.25962100000001,40.04923799999994],[-75.27514,40.065218],[-75.277786,40.069168000000026],[-75.282605,40.07301299999997],[-75.28757100000001,40.072503],[-75.301036,40.06904100000003],[-75.306264,40.069016000000005],[-75.309584,40.070442000000014],[-75.315655,40.074622999999995],[-75.316395,40.075868000000014]]]}},{"type":"Feature","properties":{"district":"8","population":189490,"landAreaSqMi":24.3,"topMunicipalities":[{"name":"Philadelphia","classCode":"first_class_city","populationShare":0.6512277331133743},{"name":"Yeadon","classCode":"borough","populationShare":0.06380797831600099},{"name":"Darby","classCode":"borough","populationShare":0.056277254218992226},{"name":"Darby","classCode":"first_class_township","populationShare":0.048435168719233965},{"name":"Collingdale","classCode":"borough","populationShare":0.04676753815535534}],"topCounties":[{"name":"Philadelphia","geoid":"42101","populationShare":0.6512277331133743},{"name":"Delaware","geoid":"42045","populationShare":0.34877226688662577}],"classShares":{"borough":0.279386169880689,"first_class_city":0.6512277331133743,"first_class_township":0.06938609700593679}},"geometry":{"type":"Polygon","coordinates":[[[-75.316531,39.850012],[-75.31318,39.86493000000001],[-75.314266,39.868323000000025],[-75.313796,39.869641],[-75.30706,39.87388700000001],[-75.304602,39.876446],[-75.301152,39.87735899999999],[-75.298319,39.876792000000016],[-75.30357,39.884342000000025],[-75.300294,39.88803],[-75.30649300000002,39.89614900000003],[-75.302202,39.89808600000004],[-75.301164,39.897707999999945],[-75.299488,39.89528100000001],[-75.296031,39.893430000000045],[-75.292493,39.89262700000001],[-75.289617,39.88873700000001],[-75.28907,39.890586999999975],[-75.28808,39.891400000000004],[-75.285955,39.89160000000001],[-75.284543,39.89339599999997],[-75.28509500000001,39.89555600000003],[-75.279521,39.899419999999985],[-75.286565,39.90762099999999],[-75.28764100000001,39.907126000000034],[-75.288257,39.90788100000001],[-75.292948,39.905709000000016],[-75.2945,39.907038000000064],[-75.29975800000001,39.90481400000001],[-75.30532700000002,39.90756899999998],[-75.30522200000001,39.91003500000004],[-75.306737,39.911585999999986],[-75.304892,39.91182000000003],[-75.294782,39.91643499999999],[-75.292732,39.91526699999997],[-75.270738,39.92516400000003],[-75.272253,39.926758000000014],[-75.271791,39.92820099999997],[-75.27326,39.93153399999998],[-75.247208,39.94390400000003],[-75.251442,39.94913900000004],[-75.251646,39.95174699999996],[-75.248926,39.95662800000002],[-75.250883,39.95902400000001],[-75.248459,39.960333000000006],[-75.247688,39.962817],[-75.230801,39.96072200000001],[-75.23215300000001,39.954261999999986],[-75.226224,39.95352800000005],[-75.226539,39.95199999999998],[-75.220616,39.95127499999999],[-75.220776,39.950513000000015],[-75.218833,39.95027299999998],[-75.21867600000002,39.95103200000003],[-75.214691,39.95054199999998],[-75.214373,39.95205300000001],[-75.212393,39.951811],[-75.211677,39.95523999999999],[-75.208761,39.95487999999999],[-75.2086,39.95563600000003],[-75.206274,39.95534699999999],[-75.206433,39.954588000000044],[-75.20258900000002,39.95411199999999],[-75.202828,39.952969999999986],[-75.198884,39.952494],[-75.199204,39.95125699999998],[-75.195322,39.950781000000006],[-75.194623,39.95390200000005],[-75.191943,39.95356699999997],[-75.191779,39.954329],[-75.180909,39.95298199999996],[-75.183288,39.949511999999984],[-75.18872,39.94610799999996],[-75.19149500000002,39.94315300000001],[-75.193872,39.94210000000002],[-75.18901,39.93942400000004],[-75.187445,39.94036400000001],[-75.16681600000001,39.937869000000006],[-75.17228300000001,39.912282000000005],[-75.189295,39.91456200000001],[-75.19044,39.916054],[-75.18968,39.92026999999998],[-75.190392,39.92166400000001],[-75.2017,39.91983400000001],[-75.206841,39.91118599999997],[-75.21454,39.91066100000002],[-75.221513,39.91397299999997],[-75.225226,39.914718999999984],[-75.232496,39.905479],[-75.235164,39.90645300000003],[-75.23855,39.904399],[-75.237836,39.902041000000025],[-75.238941,39.90077499999998],[-75.240147,39.90415100000001],[-75.247308,39.902281999999964],[-75.251288,39.90440299999996],[-75.25561,39.899576],[-75.255095,39.89866600000002],[-75.257362,39.89584399999997],[-75.25674100000002,39.89472600000003],[-75.258962,39.89252199999998],[-75.261743,39.891774000000005],[-75.262306,39.88853699999999],[-75.264276,39.888401],[-75.26511300000001,39.88752399999998],[-75.264549,39.886226],[-75.262617,39.88580500000002],[-75.264408,39.88432000000007],[-75.261886,39.883068999999956],[-75.265112,39.88165699999998],[-75.262528,39.876560999999974],[-75.252257,39.87593699999999],[-75.248431,39.87648499999998],[-75.246734,39.87506800000001],[-75.24047,39.87238099999993],[-75.23637,39.87618699999997],[-75.234122,39.87718099999999],[-75.219735,39.875473000000056],[-75.215722,39.87608699999998],[-75.21603900000001,39.87111500000002],[-75.211463,39.86700399999996],[-75.221371,39.86154299999999],[-75.232849,39.85728100000003],[-75.246149,39.85398200000002],[-75.272202,39.84907599999999],[-75.293376,39.84878199999994],[-75.309674,39.85017800000003],[-75.316531,39.850012]]]}},{"type":"Feature","properties":{"district":"19","population":255607,"landAreaSqMi":325.9,"topMunicipalities":[{"name":"Tredyffrin","classCode":"second_class_township","populationShare":0.12449580801777725},{"name":"West Goshen","classCode":"second_class_township","populationShare":0.09108123016975278},{"name":"West Whiteland","classCode":"second_class_township","populationShare":0.0780534179423881},{"name":"West Chester","classCode":"borough","populationShare":0.07525224270070854},{"name":"East Goshen","classCode":"second_class_township","populationShare":0.07195421095666385}],"topCounties":[{"name":"Chester","geoid":"42029","populationShare":1.0}],"classShares":{"borough":0.1517133724819743,"second_class_township":0.7961636418407946,"third_class_city":0.05212298567723103}},"geometry":{"type":"Polygon","coordinates":[[[-76.136672,39.725267999999986],[-76.134045,39.727171000000006],[-76.128262,39.727656999999994],[-76.124967,39.72681100000005],[-76.122495,39.723495999999976],[-76.11909600000001,39.723505],[-76.118226,39.72541200000003],[-76.120477,39.730486],[-76.11978,39.73212199999998],[-76.120651,39.73512800000001],[-76.119218,39.73655600000001],[-76.113616,39.73712499999999],[-76.108565,39.73483599999999],[-76.111186,39.72834699999999],[-76.105835,39.72408800000001],[-76.102014,39.72412599999998],[-76.100919,39.72651600000003],[-76.095818,39.729873],[-76.092531,39.73399800000003],[-76.096188,39.73723600000001],[-76.09971600000002,39.73802599999997],[-76.101953,39.73953200000002],[-76.100336,39.745721999999994],[-76.098608,39.74548600000003],[-76.096877,39.74311099999999],[-76.094035,39.74273300000001],[-76.086775,39.74578899999998],[-76.084661,39.74777099999998],[-76.082599,39.75304999999998],[-76.085794,39.75588999999999],[-76.081852,39.76135099999999],[-76.076461,39.761813],[-76.069461,39.75984400000004],[-76.066685,39.759969],[-76.062459,39.764845000000015],[-76.064923,39.77028300000003],[-76.064564,39.77118900000006],[-76.060524,39.77501099999997],[-76.058397,39.77986099999997],[-76.055646,39.78016300000003],[-76.050529,39.78279299999998],[-76.048525,39.78924],[-76.04348900000001,39.791369000000024],[-76.045127,39.793163],[-76.04138,39.79662799999997],[-76.041365,39.797195999999936],[-76.043507,39.797852000000056],[-76.04573800000001,39.80098900000002],[-76.049764,39.80268800000005],[-76.048756,39.80380300000001],[-76.046624,39.80396199999995],[-76.040223,39.80112099999999],[-76.039023,39.80122199999998],[-76.035249,39.80773799999997],[-76.035216,39.811835],[-76.034438,39.812517000000014],[-76.031185,39.812071999999986],[-76.02962000000001,39.81273000000003],[-76.03107100000001,39.81476600000001],[-76.03138500000001,39.81828700000001],[-76.037319,39.824526000000034],[-76.037636,39.826917],[-76.033764,39.82627500000002],[-76.030232,39.823973000000024],[-76.027034,39.82415299999998],[-76.023784,39.82713400000001],[-76.022826,39.83079999999999],[-76.017575,39.83056400000004],[-76.016543,39.831262],[-76.017783,39.834876000000044],[-76.01711,39.835805999999984],[-76.018138,39.83665600000004],[-76.017734,39.83798499999999],[-76.01996500000001,39.84002900000001],[-76.018775,39.84051400000002],[-76.0195,39.843942999999996],[-76.020728,39.844658999999965],[-76.02082500000002,39.849135],[-76.021227,39.84957399999999],[-76.022236,39.848603999999995],[-76.022863,39.84890100000001],[-76.022223,39.85076100000001],[-76.01882500000002,39.85407999999998],[-76.01641300000001,39.85395599999996],[-76.014678,39.852845999999985],[-76.011783,39.85319499999997],[-76.008575,39.85196499999999],[-76.007576,39.852348999999975],[-76.006743,39.85382199999999],[-76.007653,39.85715900000001],[-76.006176,39.861594000000046],[-76.006822,39.86239799999996],[-76.005856,39.86683500000005],[-76.004442,39.868870000000065],[-76.004379,39.872562000000016],[-76.002432,39.87435299999997],[-76.000604,39.874856000000015],[-75.997802,39.87380699999996],[-75.997123,39.87301999999998],[-75.99828,39.872925],[-75.998373,39.872027],[-75.991575,39.86869900000003],[-75.990398,39.871041000000005],[-75.987526,39.87232500000003],[-75.986715,39.87453399999996],[-75.98841500000002,39.87827999999999],[-75.992383,39.88227999999999],[-75.990599,39.88448400000001],[-75.991583,39.88555500000004],[-75.991316,39.88749399999995],[-75.986736,39.892925000000005],[-75.987836,39.89481999999997],[-75.988578,39.89465900000002],[-75.993329,39.89899600000001],[-75.994613,39.89818999999999],[-75.995133,39.89891599999999],[-75.99448500000001,39.90236799999997],[-75.995989,39.903786],[-75.997516,39.90989100000001],[-75.995318,39.911525999999974],[-75.996103,39.914552000000036],[-75.994896,39.91658500000003],[-75.99713200000001,39.92206199999998],[-75.995827,39.92459500000003],[-75.997303,39.927009000000005],[-75.997165,39.92867099999999],[-75.993426,39.926739999999995],[-75.991517,39.926725999999974],[-75.99175600000001,39.928841999999975],[-75.986957,39.929942999999966],[-75.984766,39.932133999999955],[-75.982577,39.929675000000046],[-75.981588,39.92953800000002],[-75.981119,39.93402899999999],[-75.985056,39.93787100000005],[-75.90765,39.953582000000054],[-75.904792,39.95521700000001],[-75.878584,39.961550000000024],[-75.879238,39.966481],[-75.87817,39.97141400000003],[-75.878425,39.986366000000025],[-75.873441,39.994231000000006],[-75.825047,40.00521100000001],[-75.81450000000001,40.00440799999999],[-75.810015,39.99551700000005],[-75.806737,39.99159000000001],[-75.806372,39.98863800000004],[-75.798744,39.98798200000004],[-75.797714,39.98115700000001],[-75.785058,39.98398199999999],[-75.749806,39.98680599999999],[-75.750125,39.99056199999998],[-75.728083,39.992547],[-75.715345,39.99542200000003],[-75.715524,39.99696900000001],[-75.723702,39.996787000000005],[-75.724024,39.999126000000004],[-75.727044,39.99876800000005],[-75.727146,39.99997799999999],[-75.7269,40.00099400000004],[-75.724453,40.00230800000001],[-75.724555,40.003101000000015],[-75.719098,40.00346199999996],[-75.716557,40.00431899999998],[-75.71720500000002,40.00960699999997],[-75.719432,40.01045999999997],[-75.718468,40.01240800000003],[-75.705834,40.013371000000014],[-75.70431499999998,40.014728999999996],[-75.704261,40.016045],[-75.706347,40.01711199999997],[-75.70718,40.01850899999997],[-75.706058,40.02392],[-75.707805,40.028345999999935],[-75.673653,40.031918000000054],[-75.631102,40.04492099999997],[-75.627369,40.044884000000025],[-75.628132,40.04586800000004],[-75.60131,40.05431599999998],[-75.588757,40.037263000000024],[-75.588331,40.03650600000001],[-75.589387,40.03611500000001],[-75.575232,40.016386000000026],[-75.506964,40.045444000000025],[-75.530434,40.07490600000002],[-75.456763,40.09384599999999],[-75.456255,40.087754999999994],[-75.440721,40.094322],[-75.437864,40.089573],[-75.420124,40.09720100000004],[-75.392632,40.060974],[-75.366687,40.07235499999998],[-75.36104200000001,40.065515000000005],[-75.414991,40.04178700000005],[-75.404338,40.027363999999984],[-75.453771,39.993588999999986],[-75.45189,39.993827999999986],[-75.450948,39.993133],[-75.448897,39.994046999999945],[-75.443731,39.993976999999994],[-75.440915,39.99184300000004],[-75.440327,39.99304900000001],[-75.437692,39.99389400000002],[-75.436826,39.99288699999996],[-75.437863,39.99263599999998],[-75.438433,39.99096600000002],[-75.435704,39.989057],[-75.43581600000002,39.985059000000014],[-75.502135,39.95436700000001],[-75.516347,39.97274400000005],[-75.61007600000002,39.92962399999997],[-75.614641,39.92372],[-75.633391,39.91491799999998],[-75.633869,39.91684699999998],[-75.638081,39.917038],[-75.644756,39.91948099999995],[-75.649975,39.92304599999998],[-75.653497,39.92421800000003],[-75.660056,39.92481199999999],[-75.667857,39.93443500000002],[-75.669028,39.93387099999997],[-75.673182,39.93424600000002],[-75.674756,39.93337600000002],[-75.676873,39.934757999999995],[-75.679583,39.934236999999975],[-75.679236,39.92994499999999],[-75.68027900000001,39.92813200000003],[-75.681993,39.92648500000001],[-75.684227,39.925794999999965],[-75.684567,39.92446100000004],[-75.686801,39.923118000000024],[-75.690496,39.92326500000001],[-75.688301,39.92139099999999],[-75.689918,39.920517000000025],[-75.698098,39.897509],[-75.770416,39.91212900000001],[-75.773932,39.91158000000002],[-75.771443,39.887822000000014],[-75.760406,39.88890400000002],[-75.757786,39.87018499999996],[-75.76066800000001,39.86991199999998],[-75.758745,39.85137600000001],[-75.780467,39.84926999999997],[-75.78115500000001,39.85533699999998],[-75.78349400000002,39.85514299999997],[-75.785846,39.87169499999998],[-75.789273,39.87219700000003],[-75.849008,39.866505999999966],[-75.848035,39.85911],[-75.853512,39.858688000000015],[-75.840963,39.78522499999998],[-75.869444,39.740502999999954],[-75.86763800000001,39.740213000000004],[-75.865583,39.73659399999999],[-75.863339,39.73751699999998],[-75.863997,39.740224000000026],[-75.862902,39.74099000000003],[-75.8556,39.73865600000001],[-75.854555,39.736959999999996],[-75.855625,39.73538800000002],[-75.854597,39.732864000000006],[-75.84825599999999,39.73066800000004],[-75.849103,39.72704599999996],[-75.846864,39.72536700000002],[-75.844586,39.72562099999997],[-75.841065,39.723538999999974],[-75.841862,39.72197000000001],[-76.135484,39.72114700000004],[-76.136672,39.725267999999986]]]}}]}